original_index,PROTEIN,∆∆G_(kcal/mol),delta_hydrophobicity,delta_charge,delta_weight,WT_A,WT_C,WT_D,WT_E,WT_F,WT_G,WT_H,WT_I,WT_K,WT_L,WT_M,WT_N,WT_P,WT_Q,WT_R,WT_S,WT_T,WT_V,WT_W,WT_Y,MUT_A,MUT_C,MUT_D,MUT_E,MUT_F,MUT_G,MUT_H,MUT_I,MUT_K,MUT_L,MUT_M,MUT_N,MUT_P,MUT_Q,MUT_R,MUT_S,MUT_T,MUT_V,MUT_W,MUT_Y,model,split_strategy,set,y_true,y_pred,residual
2084,Acidic fibroblast growth factor,0.39,1.27,0,26.03,False,False,False,False,False,False,True,False,False,False,False,False,False,False,False,False,False,False,False,False,False,False,False,False,False,False,False,False,False,False,False,False,False,False,False,False,False,False,False,True,XGBoost,Per-Mutation,train,0.39,-0.36990094,-0.7599009418487549
2467,Acidic fibroblast growth factor,-0.62,-1.02,0,-16.060000000000002,False,True,False,False,False,False,False,False,False,False,False,False,False,False,False,False,False,False,False,False,False,False,False,False,False,False,False,False,False,False,False,False,False,False,False,True,False,False,False,False,XGBoost,Per-Mutation,train,-0.62,-0.32490572,0.29509427666664123
2182,Acidic fibroblast growth factor,0.4,1.27,0,26.03,False,False,False,False,False,False,True,False,False,False,False,False,False,False,False,False,False,False,False,False,False,False,False,False,False,False,False,False,False,False,False,False,False,False,False,False,False,False,False,True,XGBoost,Per-Mutation,train,0.4,-0.36990094,-0.7699009418487549
2185,Acidic fibroblast growth factor,-0.26,-1.02,0,-16.060000000000002,False,True,False,False,False,False,False,False,False,False,False,False,False,False,False,False,False,False,False,False,False,False,False,False,False,False,False,False,False,False,False,False,False,False,False,True,False,False,False,False,XGBoost,Per-Mutation,train,-0.26,-0.32490572,-0.06490572333335876
2184,Acidic fibroblast growth factor,-0.08,0.9000000000000001,0,14.019999999999982,False,False,False,False,False,False,False,False,False,False,False,False,False,False,False,False,False,True,False,False,False,False,False,False,False,False,False,True,False,False,False,False,False,False,False,False,False,False,False,False,XGBoost,Per-Mutation,train,-0.08,-0.43408838,-0.35408837914466856
2087,Acidic fibroblast growth factor,0.33,-0.14000000000000012,0,16.0,False,False,False,False,True,False,False,False,False,False,False,False,False,False,False,False,False,False,False,False,False,False,False,False,False,False,False,False,False,False,False,False,False,False,False,False,False,False,False,True,XGBoost,Per-Mutation,train,0.33,-0.5485627,-0.8785627055168153
2181,Acidic fibroblast growth factor,0.31,0.49,0,34.02000000000001,False,False,False,False,False,False,False,False,False,True,False,False,False,False,False,False,False,False,False,False,False,False,False,False,True,False,False,False,False,False,False,False,False,False,False,False,False,False,False,False,XGBoost,Per-Mutation,train,0.31,-0.73356587,-1.0435658669471741
2458,Adenylate kinase,-2.15,0.5599999999999999,0,36.03999999999999,False,False,False,False,False,False,False,False,False,False,False,False,False,False,False,False,True,False,False,False,False,False,False,False,False,False,True,False,False,False,False,False,False,False,False,False,False,False,False,False,XGBoost,Per-Mutation,train,-2.15,-0.8130305,1.336969518661499
2460,Adenylate kinase,-1.91,-0.20000000000000018,0,34.02000000000001,False,False,False,False,False,False,False,True,False,False,False,False,False,False,False,False,False,False,False,False,False,False,False,False,True,False,False,False,False,False,False,False,False,False,False,False,False,False,False,False,XGBoost,Per-Mutation,train,-1.91,-1.0296929,0.8803071117401122
2262,Adrenodoxin,-0.01,0.14000000000000012,0,-16.0,False,False,False,False,False,False,False,False,False,False,False,False,False,False,False,False,False,False,False,True,False,False,False,False,True,False,False,False,False,False,False,False,False,False,False,False,False,False,False,False,XGBoost,Per-Mutation,train,-0.01,-0.50370145,-0.49370144844055175
2255,Adrenodoxin,-1.66,-0.61,0,-9.009999999999991,False,False,False,False,False,False,True,False,False,False,False,False,False,False,False,False,False,False,False,False,False,False,False,False,False,False,False,False,False,False,False,False,False,True,False,False,False,False,False,False,XGBoost,Per-Mutation,train,-1.66,-0.7187729,0.9412271118164062
2259,Adrenodoxin,-1.31,0.5599999999999999,0,-30.03,False,False,False,False,False,False,False,False,False,False,False,False,False,False,False,False,True,False,False,False,True,False,False,False,False,False,False,False,False,False,False,False,False,False,False,False,False,False,False,False,XGBoost,Per-Mutation,train,-1.31,-0.63186336,0.6781366443634034
2257,Adrenodoxin,-1.16,-0.010000000000000009,1,19.039999999999992,False,False,False,False,False,False,True,False,False,False,False,False,False,False,False,False,False,False,False,False,False,False,False,False,False,False,False,False,False,False,False,False,False,False,True,False,False,False,False,False,XGBoost,Per-Mutation,train,-1.16,-0.52318096,0.6368190383911132
2258,Adrenodoxin,0.05,0.0,0,-14.030000000000001,False,False,False,False,False,False,False,False,False,False,False,False,False,False,False,False,True,False,False,False,False,False,False,False,False,False,False,False,False,False,False,False,False,False,False,True,False,False,False,False,XGBoost,Per-Mutation,train,0.05,-0.4887634,-0.5387633919715882
2260,Adrenodoxin,-0.33,-1.8299999999999998,0,-76.1,False,False,False,False,False,False,False,False,False,False,False,False,False,False,False,False,False,False,False,True,False,False,False,False,False,False,False,False,False,False,False,False,False,False,False,True,False,False,False,False,XGBoost,Per-Mutation,train,-0.33,-0.77050465,-0.4405046534538269
51,Alpha-lactalbumin,-1.17,-0.77,0,-23.05000000000001,False,False,False,False,False,False,False,False,False,False,False,False,False,False,False,False,False,False,True,False,False,False,False,False,False,False,False,False,False,False,False,False,False,False,False,False,False,False,False,True,XGBoost,Per-Mutation,train,-1.17,-0.8093315,0.3606685233116149
58,Alpha-lactalbumin,-0.6,-1.15,-1,-0.03999999999999204,False,False,False,False,False,False,False,False,True,False,False,False,False,False,False,False,False,False,False,False,False,False,False,False,False,False,False,False,False,False,False,False,False,True,False,False,False,False,False,False,XGBoost,Per-Mutation,train,-0.6,-0.43050775,0.16949225068092344
53,Alpha-lactalbumin,-1.05,-0.5599999999999999,0,16.0,True,False,False,False,False,False,False,False,False,False,False,False,False,False,False,False,False,False,False,False,False,False,False,False,False,False,False,False,False,False,False,False,False,False,False,True,False,False,False,False,XGBoost,Per-Mutation,train,-1.05,-0.7964651,0.2535349011421204
67,Alpha-lactalbumin,-2.44,-0.77,0,-23.05000000000001,False,False,False,False,False,False,False,False,False,False,False,False,False,False,False,False,False,False,True,False,False,False,False,False,False,False,False,False,False,False,False,False,False,False,False,False,False,False,False,True,XGBoost,Per-Mutation,train,-2.44,-0.8093315,1.630668523311615
62,Alpha-lactalbumin,-1.15,-1.25,0,-42.08000000000001,False,False,False,False,False,False,False,False,False,False,False,False,False,False,False,False,False,True,False,False,False,False,False,False,False,True,False,False,False,False,False,False,False,False,False,False,False,False,False,False,XGBoost,Per-Mutation,train,-1.15,-0.6046099,0.5453900933265685
63,Alpha-lactalbumin,-0.41,0.61,0,-57.06,False,False,False,False,False,False,False,False,False,False,False,False,False,True,False,False,False,False,False,False,True,False,False,False,False,False,False,False,False,False,False,False,False,False,False,False,False,False,False,False,XGBoost,Per-Mutation,train,-0.41,-0.5436812,-0.13368120431900027
46,Alpha-lactalbumin,-2.13,0.0,0,-66.07,False,False,False,False,False,False,True,False,False,False,False,False,False,False,False,False,False,False,False,False,True,False,False,False,False,False,False,False,False,False,False,False,False,False,False,False,False,False,False,False,XGBoost,Per-Mutation,train,-2.13,-0.58484423,1.54515576839447
56,Alpha-lactalbumin,-1.72,2.04,0,49.08000000000001,False,False,False,False,False,False,True,False,False,False,False,False,False,False,False,False,False,False,False,False,False,False,False,False,False,False,False,False,False,False,False,False,False,False,False,False,False,False,True,False,XGBoost,Per-Mutation,train,-1.72,-0.9059598,0.8140402150154114
49,Alpha-lactalbumin,-0.19,-1.06,-1,15.960000000000008,False,False,False,False,False,False,False,False,False,True,False,False,False,False,False,False,False,False,False,False,False,False,False,True,False,False,False,False,False,False,False,False,False,False,False,False,False,False,False,False,XGBoost,Per-Mutation,train,-0.19,-0.3867059,-0.1967059051990509
55,Alpha-lactalbumin,-0.79,0.0,0,-66.07,False,False,False,False,False,False,True,False,False,False,False,False,False,False,False,False,False,False,False,False,True,False,False,False,False,False,False,False,False,False,False,False,False,False,False,False,False,False,False,False,XGBoost,Per-Mutation,train,-0.79,-0.58484423,0.20515576839447025
65,Alpha-lactalbumin,-0.22,0.07000000000000006,0,-66.06,False,False,False,False,False,False,False,False,False,False,False,False,False,False,False,False,False,False,False,True,False,False,False,False,False,False,False,False,False,False,False,False,True,False,False,False,False,False,False,False,XGBoost,Per-Mutation,train,-0.22,-0.55487317,-0.33487316846847537
52,Alpha-lactalbumin,-0.6,-2.04,0,-49.08000000000001,False,False,False,False,False,False,False,False,False,False,False,False,False,False,False,False,False,False,True,False,False,False,False,False,False,False,True,False,False,False,False,False,False,False,False,False,False,False,False,False,XGBoost,Per-Mutation,train,-0.6,-0.7698877,-0.16988768577575686
54,Alpha-lactalbumin,-0.19,1.27,0,26.03,False,False,False,False,False,False,True,False,False,False,False,False,False,False,False,False,False,False,False,False,False,False,False,False,False,False,False,False,False,False,False,False,False,False,False,False,False,False,False,True,XGBoost,Per-Mutation,train,-0.19,-0.36990094,-0.17990094184875488
2392,Alpha-spectrin,0.98,-0.39,1,-58.03,False,False,True,False,False,False,False,False,False,False,False,False,False,False,False,False,False,False,False,False,False,False,False,False,False,True,False,False,False,False,False,False,False,False,False,False,False,False,False,False,XGBoost,Per-Mutation,train,0.98,-0.52165234,-1.501652340888977
2393,Alpha-spectrin,0.69,-0.39,1,-58.03,False,False,True,False,False,False,False,False,False,False,False,False,False,False,False,False,False,False,False,False,False,False,False,False,False,True,False,False,False,False,False,False,False,False,False,False,False,False,False,False,XGBoost,Per-Mutation,train,0.69,-0.52165234,-1.211652340888977
1943,Apoflavodoxin,-0.18,0.5599999999999999,0,-16.0,False,False,False,False,False,False,False,False,False,False,False,False,False,False,False,True,False,False,False,False,True,False,False,False,False,False,False,False,False,False,False,False,False,False,False,False,False,False,False,False,XGBoost,Per-Mutation,train,-0.18,-0.51680404,-0.336804039478302
1953,Apoflavodoxin,-0.03,0.14999999999999997,1,-44.00999999999999,False,False,True,False,False,False,False,False,False,False,False,False,False,False,False,False,False,False,False,False,True,False,False,False,False,False,False,False,False,False,False,False,False,False,False,False,False,False,False,False,XGBoost,Per-Mutation,train,-0.03,-0.58367467,-0.553674669265747
1939,Apoflavodoxin,-0.47,-0.54,0,-14.02000000000001,True,False,False,False,False,False,False,False,False,False,False,False,False,False,False,False,False,False,False,False,False,False,False,False,False,True,False,False,False,False,False,False,False,False,False,False,False,False,False,False,XGBoost,Per-Mutation,train,-0.47,-0.55128694,-0.08128693580627444
1922,Apoflavodoxin,-1.4,0.6799999999999999,2,-0.9399999999999977,False,False,False,True,False,False,False,False,False,False,False,False,False,False,False,False,False,False,False,False,False,False,False,False,False,False,False,False,True,False,False,False,False,False,False,False,False,False,False,False,XGBoost,Per-Mutation,train,-1.4,-0.51163095,0.8883690476417541
1914,Apoflavodoxin,0.24,0.6799999999999999,2,-0.9399999999999977,False,False,False,True,False,False,False,False,False,False,False,False,False,False,False,False,False,False,False,False,False,False,False,False,False,False,False,False,True,False,False,False,False,False,False,False,False,False,False,False,XGBoost,Per-Mutation,train,0.24,-0.51163095,-0.7516309523582458
1923,Apoflavodoxin,-0.73,0.69,2,13.090000000000003,False,False,True,False,False,False,False,False,False,False,False,False,False,False,False,False,False,False,False,False,False,False,False,False,False,False,False,False,True,False,False,False,False,False,False,False,False,False,False,False,XGBoost,Per-Mutation,train,-0.73,-0.51163095,0.21836904764175413
1905,Apoflavodoxin,0.21,0.69,2,13.090000000000003,False,False,True,False,False,False,False,False,False,False,False,False,False,False,False,False,False,False,False,False,False,False,False,False,False,False,False,False,True,False,False,False,False,False,False,False,False,False,False,False,XGBoost,Per-Mutation,train,0.21,-0.51163095,-0.7216309523582458
1906,Apoflavodoxin,-1.06,0.6799999999999999,2,-0.9399999999999977,False,False,False,True,False,False,False,False,False,False,False,False,False,False,False,False,False,False,False,False,False,False,False,False,False,False,False,False,True,False,False,False,False,False,False,False,False,False,False,False,XGBoost,Per-Mutation,train,-1.06,-0.51163095,0.5483690476417542
1892,Apoflavodoxin,-0.46,0.6799999999999999,2,-0.9399999999999977,False,False,False,True,False,False,False,False,False,False,False,False,False,False,False,False,False,False,False,False,False,False,False,False,False,False,False,False,True,False,False,False,False,False,False,False,False,False,False,False,XGBoost,Per-Mutation,train,-0.46,-0.51163095,-0.05163095235824583
1894,Apoflavodoxin,-0.13,0.6799999999999999,2,-0.9399999999999977,False,False,False,True,False,False,False,False,False,False,False,False,False,False,False,False,False,False,False,False,False,False,False,False,False,False,False,False,True,False,False,False,False,False,False,False,False,False,False,False,XGBoost,Per-Mutation,train,-0.13,-0.51163095,-0.38163095235824585
1896,Apoflavodoxin,-0.58,0.69,2,13.090000000000003,False,False,True,False,False,False,False,False,False,False,False,False,False,False,False,False,False,False,False,False,False,False,False,False,False,False,False,False,True,False,False,False,False,False,False,False,False,False,False,False,XGBoost,Per-Mutation,train,-0.58,-0.51163095,0.06836904764175411
1901,Apoflavodoxin,-0.11,0.69,2,13.090000000000003,False,False,True,False,False,False,False,False,False,False,False,False,False,False,False,False,False,False,False,False,False,False,False,False,False,False,False,False,True,False,False,False,False,False,False,False,False,False,False,False,XGBoost,Per-Mutation,train,-0.11,-0.51163095,-0.40163095235824586
1915,Apoflavodoxin,-0.4,0.6799999999999999,2,-0.9399999999999977,False,False,False,True,False,False,False,False,False,False,False,False,False,False,False,False,False,False,False,False,False,False,False,False,False,False,False,False,True,False,False,False,False,False,False,False,False,False,False,False,XGBoost,Per-Mutation,train,-0.4,-0.51163095,-0.11163095235824583
2005,Apoflavodoxin,0.27,0.6799999999999999,2,-0.9399999999999977,False,False,False,True,False,False,False,False,False,False,False,False,False,False,False,False,False,False,False,False,False,False,False,False,False,False,False,False,True,False,False,False,False,False,False,False,False,False,False,False,XGBoost,Per-Mutation,train,0.27,-0.51163095,-0.7816309523582459
1910,Apoflavodoxin,-1.5,0.6799999999999999,2,-0.9399999999999977,False,False,False,True,False,False,False,False,False,False,False,False,False,False,False,False,False,False,False,False,False,False,False,False,False,False,False,False,True,False,False,False,False,False,False,False,False,False,False,False,XGBoost,Per-Mutation,train,-1.5,-0.51163095,0.9883690476417542
1956,Apoflavodoxin,0.13,0.5599999999999999,0,-16.0,False,False,False,False,False,False,False,False,False,False,False,False,False,False,False,True,False,False,False,False,True,False,False,False,False,False,False,False,False,False,False,False,False,False,False,False,False,False,False,False,XGBoost,Per-Mutation,train,0.13,-0.51680404,-0.646804039478302
1920,Apoflavodoxin,-0.95,0.6799999999999999,2,-0.9399999999999977,False,False,False,True,False,False,False,False,False,False,False,False,False,False,False,False,False,False,False,False,False,False,False,False,False,False,False,False,True,False,False,False,False,False,False,False,False,False,False,False,XGBoost,Per-Mutation,train,-0.95,-0.51163095,0.4383690476417541
2007,Apoflavodoxin,0.17,-2.1500000000000004,0,-56.099999999999994,False,False,False,False,False,False,False,True,False,False,False,False,False,False,False,False,False,False,False,False,False,False,False,False,False,True,False,False,False,False,False,False,False,False,False,False,False,False,False,False,XGBoost,Per-Mutation,train,0.17,-3.3420959,-3.5120958518981933
1890,Apoflavodoxin,0.14,0.6799999999999999,2,-0.9399999999999977,False,False,False,True,False,False,False,False,False,False,False,False,False,False,False,False,False,False,False,False,False,False,False,False,False,False,False,False,True,False,False,False,False,False,False,False,False,False,False,False,XGBoost,Per-Mutation,train,0.14,-0.51163095,-0.6516309523582459
2017,Apoflavodoxin,0.22,0.07,0,-71.08000000000001,False,False,False,False,False,False,False,False,False,False,False,False,False,True,False,False,False,False,False,False,False,False,False,False,False,True,False,False,False,False,False,False,False,False,False,False,False,False,False,False,XGBoost,Per-Mutation,train,0.22,-0.6108053,-0.8308052730560302
1962,Apoflavodoxin,-1.32,-0.7100000000000001,0,-28.060000000000002,False,False,False,False,False,False,False,False,False,False,False,False,False,False,False,False,False,True,False,False,True,False,False,False,False,False,False,False,False,False,False,False,False,False,False,False,False,False,False,False,XGBoost,Per-Mutation,train,-1.32,-0.8003121,0.5196878981590272
1934,Apoflavodoxin,-0.46,-0.7100000000000001,0,-28.060000000000002,False,False,False,False,False,False,False,False,False,False,False,False,False,False,False,False,False,True,False,False,True,False,False,False,False,False,False,False,False,False,False,False,False,False,False,False,False,False,False,False,XGBoost,Per-Mutation,train,-0.46,-0.8003121,-0.3403121018409729
1925,Apoflavodoxin,-0.12,0.69,2,13.090000000000003,False,False,True,False,False,False,False,False,False,False,False,False,False,False,False,False,False,False,False,False,False,False,False,False,False,False,False,False,True,False,False,False,False,False,False,False,False,False,False,False,XGBoost,Per-Mutation,train,-0.12,-0.51163095,-0.39163095235824585
1933,Apoflavodoxin,-0.67,-1.6100000000000003,0,-42.079999999999984,False,False,False,False,False,False,False,True,False,False,False,False,False,False,False,False,False,False,False,False,True,False,False,False,False,False,False,False,False,False,False,False,False,False,False,False,False,False,False,False,XGBoost,Per-Mutation,train,-0.67,-1.7924399,-1.1224399375915528
2009,Apoflavodoxin,0.02,-0.92,0,-42.079999999999984,False,False,False,False,False,False,False,False,False,True,False,False,False,False,False,False,False,False,False,False,True,False,False,False,False,False,False,False,False,False,False,False,False,False,False,False,False,False,False,False,XGBoost,Per-Mutation,train,0.02,-0.43434086,-0.45434086441993715
1963,Apoflavodoxin,0.11,0.0,0,-14.030000000000001,False,False,False,False,False,False,False,False,False,False,False,False,False,False,False,False,True,False,False,False,False,False,False,False,False,False,False,False,False,False,False,False,False,False,False,True,False,False,False,False,XGBoost,Per-Mutation,train,0.11,-0.4887634,-0.5987633919715881
2011,Apoflavodoxin,0.33,0.6799999999999999,2,-0.9399999999999977,False,False,False,True,False,False,False,False,False,False,False,False,False,False,False,False,False,False,False,False,False,False,False,False,False,False,False,False,True,False,False,False,False,False,False,False,False,False,False,False,XGBoost,Per-Mutation,train,0.33,-0.51163095,-0.8416309523582459
1903,Apoflavodoxin,-1.14,0.69,2,13.090000000000003,False,False,True,False,False,False,False,False,False,False,False,False,False,False,False,False,False,False,False,False,False,False,False,False,False,False,False,False,True,False,False,False,False,False,False,False,False,False,False,False,XGBoost,Per-Mutation,train,-1.14,-0.51163095,0.628369047641754
1927,Apoflavodoxin,-1.52,0.6799999999999999,2,-0.9399999999999977,False,False,False,True,False,False,False,False,False,False,False,False,False,False,False,False,False,False,False,False,False,False,False,False,False,False,False,False,True,False,False,False,False,False,False,False,False,False,False,False,XGBoost,Per-Mutation,train,-1.52,-0.51163095,1.0083690476417542
1937,Apoflavodoxin,-0.18,-0.9000000000000001,0,-14.019999999999982,False,False,False,False,False,False,False,True,False,False,False,False,False,False,False,False,False,False,False,False,False,False,False,False,False,False,False,False,False,False,False,False,False,False,False,False,False,True,False,False,XGBoost,Per-Mutation,train,-0.18,-0.7839516,-0.6039515805244446
1918,Apoflavodoxin,-0.71,0.69,2,13.090000000000003,False,False,True,False,False,False,False,False,False,False,False,False,False,False,False,False,False,False,False,False,False,False,False,False,False,False,False,False,True,False,False,False,False,False,False,False,False,False,False,False,XGBoost,Per-Mutation,train,-0.71,-0.51163095,0.19836904764175411
1893,Apoflavodoxin,0.2,0.69,2,13.090000000000003,False,False,True,False,False,False,False,False,False,False,False,False,False,False,False,False,False,False,False,False,False,False,False,False,False,False,False,False,True,False,False,False,False,False,False,False,False,False,False,False,XGBoost,Per-Mutation,train,0.2,-0.51163095,-0.7116309523582458
1895,Apoflavodoxin,-0.01,0.69,2,13.090000000000003,False,False,True,False,False,False,False,False,False,False,False,False,False,False,False,False,False,False,False,False,False,False,False,False,False,False,False,False,True,False,False,False,False,False,False,False,False,False,False,False,XGBoost,Per-Mutation,train,-0.01,-0.51163095,-0.5016309523582458
1947,Apoflavodoxin,-0.15,-0.92,0,-42.079999999999984,False,False,False,False,False,False,False,False,False,True,False,False,False,False,False,False,False,False,False,False,True,False,False,False,False,False,False,False,False,False,False,False,False,False,False,False,False,False,False,False,XGBoost,Per-Mutation,train,-0.15,-0.43434086,-0.2843408644199371
1945,Apoflavodoxin,0.65,0.0,0,-14.030000000000001,False,False,False,False,False,False,False,False,False,False,False,False,False,False,False,False,True,False,False,False,False,False,False,False,False,False,False,False,False,False,False,False,False,False,False,True,False,False,False,False,XGBoost,Per-Mutation,train,0.65,-0.4887634,-1.138763391971588
1942,Apoflavodoxin,-0.38,-0.9000000000000001,0,-14.019999999999982,False,False,False,False,False,False,False,True,False,False,False,False,False,False,False,False,False,False,False,False,False,False,False,False,False,False,False,False,False,False,False,False,False,False,False,False,False,True,False,False,XGBoost,Per-Mutation,train,-0.38,-0.7839516,-0.4039515805244446
1965,Apoflavodoxin,-0.11,-0.92,0,-42.079999999999984,False,False,False,False,False,False,False,False,False,True,False,False,False,False,False,False,False,False,False,False,True,False,False,False,False,False,False,False,False,False,False,False,False,False,False,False,False,False,False,False,XGBoost,Per-Mutation,train,-0.11,-0.43434086,-0.32434086441993715
1902,Apoflavodoxin,-1.38,0.6799999999999999,2,-0.9399999999999977,False,False,False,True,False,False,False,False,False,False,False,False,False,False,False,False,False,False,False,False,False,False,False,False,False,False,False,False,True,False,False,False,False,False,False,False,False,False,False,False,XGBoost,Per-Mutation,train,-1.38,-0.51163095,0.868369047641754
2014,Apoflavodoxin,0.43,0.61,0,-57.06,False,False,False,False,False,False,False,False,False,False,False,False,False,True,False,False,False,False,False,False,True,False,False,False,False,False,False,False,False,False,False,False,False,False,False,False,False,False,False,False,XGBoost,Per-Mutation,train,0.43,-0.5436812,-0.9736812043190002
1952,Apoflavodoxin,-0.99,-0.7100000000000001,0,-28.060000000000002,False,False,False,False,False,False,False,False,False,False,False,False,False,False,False,False,False,True,False,False,True,False,False,False,False,False,False,False,False,False,False,False,False,False,False,False,False,False,False,False,XGBoost,Per-Mutation,train,-0.99,-0.8003121,0.1896878981590271
1909,Apoflavodoxin,0.09,0.69,2,13.090000000000003,False,False,True,False,False,False,False,False,False,False,False,False,False,False,False,False,False,False,False,False,False,False,False,False,False,False,False,False,True,False,False,False,False,False,False,False,False,False,False,False,XGBoost,Per-Mutation,train,0.09,-0.51163095,-0.6016309523582458
2006,Apoflavodoxin,-0.02,-1.6100000000000003,0,-42.079999999999984,False,False,False,False,False,False,False,True,False,False,False,False,False,False,False,False,False,False,False,False,True,False,False,False,False,False,False,False,False,False,False,False,False,False,False,False,False,False,False,False,XGBoost,Per-Mutation,train,-0.02,-1.7924399,-1.7724399375915527
1958,Apoflavodoxin,-0.24,0.55,0,-43.03,False,False,False,False,False,False,False,False,False,False,False,True,False,False,False,False,False,False,False,False,True,False,False,False,False,False,False,False,False,False,False,False,False,False,False,False,False,False,False,False,XGBoost,Per-Mutation,train,-0.24,-0.8053831,-0.5653830862045288
1897,Apoflavodoxin,0.01,0.69,2,13.090000000000003,False,False,True,False,False,False,False,False,False,False,False,False,False,False,False,False,False,False,False,False,False,False,False,False,False,False,False,False,True,False,False,False,False,False,False,False,False,False,False,False,XGBoost,Per-Mutation,train,0.01,-0.51163095,-0.5216309523582459
1908,Apoflavodoxin,-0.24,0.6799999999999999,2,-0.9399999999999977,False,False,False,True,False,False,False,False,False,False,False,False,False,False,False,False,False,False,False,False,False,False,False,False,False,False,False,False,True,False,False,False,False,False,False,False,False,False,False,False,XGBoost,Per-Mutation,train,-0.24,-0.51163095,-0.27163095235824586
1941,Apoflavodoxin,0.85,0.61,0,-57.06,False,False,False,False,False,False,False,False,False,False,False,False,False,True,False,False,False,False,False,False,True,False,False,False,False,False,False,False,False,False,False,False,False,False,False,False,False,False,False,False,XGBoost,Per-Mutation,train,0.85,-0.5436812,-1.3936812043190003
1966,Apoflavodoxin,-1.6,-0.9000000000000001,0,-14.019999999999982,False,False,False,False,False,False,False,True,False,False,False,False,False,False,False,False,False,False,False,False,False,False,False,False,False,False,False,False,False,False,False,False,False,False,False,False,False,True,False,False,XGBoost,Per-Mutation,train,-1.6,-0.7839516,0.8160484194755555
1949,Apoflavodoxin,-0.73,-0.7100000000000001,0,-28.060000000000002,False,False,False,False,False,False,False,False,False,False,False,False,False,False,False,False,False,True,False,False,True,False,False,False,False,False,False,False,False,False,False,False,False,False,False,False,False,False,False,False,XGBoost,Per-Mutation,train,-0.73,-0.8003121,-0.07031210184097292
1928,Apoflavodoxin,-1.47,0.6799999999999999,2,-0.9399999999999977,False,False,False,True,False,False,False,False,False,False,False,False,False,False,False,False,False,False,False,False,False,False,False,False,False,False,False,False,True,False,False,False,False,False,False,False,False,False,False,False,XGBoost,Per-Mutation,train,-1.47,-0.51163095,0.9583690476417541
1898,Apoflavodoxin,-1.2,0.6799999999999999,2,-0.9399999999999977,False,False,False,True,False,False,False,False,False,False,False,False,False,False,False,False,False,False,False,False,False,False,False,False,False,False,False,False,True,False,False,False,False,False,False,False,False,False,False,False,XGBoost,Per-Mutation,train,-1.2,-0.51163095,0.6883690476417541
1904,Apoflavodoxin,0.03,0.69,2,13.090000000000003,False,False,True,False,False,False,False,False,False,False,False,False,False,False,False,False,False,False,False,False,False,False,False,False,False,False,False,False,True,False,False,False,False,False,False,False,False,False,False,False,XGBoost,Per-Mutation,train,0.03,-0.51163095,-0.5416309523582459
1938,Apoflavodoxin,-0.11,0.5599999999999999,0,-16.0,False,False,False,False,False,False,False,False,False,False,False,False,False,False,False,True,False,False,False,False,True,False,False,False,False,False,False,False,False,False,False,False,False,False,False,False,False,False,False,False,XGBoost,Per-Mutation,train,-0.11,-0.51680404,-0.406804039478302
1917,Apoflavodoxin,-0.25,0.69,2,13.090000000000003,False,False,True,False,False,False,False,False,False,False,False,False,False,False,False,False,False,False,False,False,False,False,False,False,False,False,False,False,True,False,False,False,False,False,False,False,False,False,False,False,XGBoost,Per-Mutation,train,-0.25,-0.51163095,-0.26163095235824585
1313,Beta lactamase,-0.7,0.14000000000000012,0,-16.0,False,False,False,False,False,False,False,False,False,False,False,False,False,False,False,False,False,False,False,True,False,False,False,False,True,False,False,False,False,False,False,False,False,False,False,False,False,False,False,False,XGBoost,Per-Mutation,train,-0.7,-0.50370145,0.1962985515594482
69,Beta-lactamase TEM,-3.5,-1.13,0,-30.090000000000003,False,False,False,False,False,False,False,False,False,False,True,False,False,False,False,False,False,False,False,False,False,False,False,False,False,False,False,False,False,False,False,False,False,False,False,False,True,False,False,False,XGBoost,Per-Mutation,train,-3.5,-1.401212,2.098788022994995
70,Beta-lactamase TEM,0.4,0.6799999999999999,2,-0.9399999999999977,False,False,False,True,False,False,False,False,False,False,False,False,False,False,False,False,False,False,False,False,False,False,False,False,False,False,False,False,True,False,False,False,False,False,False,False,False,False,False,False,XGBoost,Per-Mutation,train,0.4,-0.51163095,-0.9116309523582459
2514,Catabolite activator protein,-0.26,0.5599999999999999,0,-16.0,False,False,False,False,False,False,False,False,False,False,False,False,False,False,False,True,False,False,False,False,True,False,False,False,False,False,False,False,False,False,False,False,False,False,False,False,False,False,False,False,XGBoost,Per-Mutation,train,-0.26,-0.51680404,-0.256804039478302
2520,Chitinase,-0.65,1.88,0,40.06,False,False,False,False,False,True,False,False,False,False,False,False,False,False,False,False,False,False,False,False,False,False,False,False,False,False,False,False,False,False,False,False,True,False,False,False,False,False,False,False,XGBoost,Per-Mutation,train,-0.65,-0.52993906,0.12006094455718996
2518,Chitinase,0.5,1.88,0,40.06,False,False,False,False,False,True,False,False,False,False,False,False,False,False,False,False,False,False,False,False,False,False,False,False,False,False,False,False,False,False,False,False,True,False,False,False,False,False,False,False,XGBoost,Per-Mutation,train,0.5,-0.52993906,-1.02993905544281
2365,Chymotrypsin inhibitor,-3.89,-1.6100000000000003,0,-42.079999999999984,False,False,False,False,False,False,False,True,False,False,False,False,False,False,False,False,False,False,False,False,True,False,False,False,False,False,False,False,False,False,False,False,False,False,False,False,False,False,False,False,XGBoost,Per-Mutation,train,-3.89,-1.7924399,2.0975600624084474
1842,Chymotrypsin inhibitor,-0.63,-0.7100000000000001,0,-28.060000000000002,False,False,False,False,False,False,False,False,False,False,False,False,False,False,False,False,False,True,False,False,True,False,False,False,False,False,False,False,False,False,False,False,False,False,False,False,False,False,False,False,XGBoost,Per-Mutation,train,-0.63,-0.8003121,-0.1703121018409729
2368,Chymotrypsin inhibitor,-2.17,-0.7100000000000001,0,-28.060000000000002,False,False,False,False,False,False,False,False,False,False,False,False,False,False,False,False,False,True,False,False,True,False,False,False,False,False,False,False,False,False,False,False,False,False,False,False,False,False,False,False,XGBoost,Per-Mutation,train,-2.17,-0.8003121,1.369687898159027
1845,Chymotrypsin inhibitor,-0.5,-0.20999999999999996,0,-14.019999999999982,False,False,False,False,False,False,False,False,False,True,False,False,False,False,False,False,False,False,False,False,False,False,False,False,False,False,False,False,False,False,False,False,False,False,False,False,False,True,False,False,XGBoost,Per-Mutation,train,-0.5,-0.5724408,-0.07244080305099487
1833,Chymotrypsin inhibitor,-2.68,-0.92,0,-42.079999999999984,False,False,False,False,False,False,False,False,False,True,False,False,False,False,False,False,False,False,False,False,True,False,False,False,False,False,False,False,False,False,False,False,False,False,False,False,False,False,False,False,XGBoost,Per-Mutation,train,-2.68,-0.43434086,2.245659135580063
2492,Chymotrypsin inhibitor,0.84,0.020000000000000004,0,-30.02000000000001,False,False,False,False,False,False,False,False,False,False,False,False,False,False,False,True,False,False,False,False,False,False,False,False,False,True,False,False,False,False,False,False,False,False,False,False,False,False,False,False,XGBoost,Per-Mutation,train,0.84,-0.5882037,-1.428203728199005
2363,Chymotrypsin inhibitor,-1.16,-0.9000000000000001,0,-14.019999999999982,False,False,False,False,False,False,False,True,False,False,False,False,False,False,False,False,False,False,False,False,False,False,False,False,False,False,False,False,False,False,False,False,False,False,False,False,False,True,False,False,XGBoost,Per-Mutation,train,-1.16,-0.7839516,0.37604841947555534
2362,Chymotrypsin inhibitor,-1.2,-0.9000000000000001,0,-14.019999999999982,False,False,False,False,False,False,False,True,False,False,False,False,False,False,False,False,False,False,False,False,False,False,False,False,False,False,False,False,False,False,False,False,False,False,False,False,False,True,False,False,XGBoost,Per-Mutation,train,-1.2,-0.7839516,0.4160484194755554
2371,Chymotrypsin inhibitor,-4.34,-1.6100000000000003,0,-42.079999999999984,False,False,False,False,False,False,False,True,False,False,False,False,False,False,False,False,False,False,False,False,True,False,False,False,False,False,False,False,False,False,False,False,False,False,False,False,False,False,False,False,XGBoost,Per-Mutation,train,-4.34,-1.7924399,2.547560062408447
1841,Chymotrypsin inhibitor,-0.85,0.5599999999999999,0,-30.03,False,False,False,False,False,False,False,False,False,False,False,False,False,False,False,False,True,False,False,False,True,False,False,False,False,False,False,False,False,False,False,False,False,False,False,False,False,False,False,False,XGBoost,Per-Mutation,train,-0.85,-0.63186336,0.2181366443634033
2370,Chymotrypsin inhibitor,-4.23,-1.6100000000000003,0,-42.079999999999984,False,False,False,False,False,False,False,True,False,False,False,False,False,False,False,False,False,False,False,False,True,False,False,False,False,False,False,False,False,False,False,False,False,False,False,False,False,False,False,False,XGBoost,Per-Mutation,train,-4.23,-1.7924399,2.4375600624084477
2361,Chymotrypsin inhibitor,-0.46,-0.7100000000000001,0,-28.060000000000002,False,False,False,False,False,False,False,False,False,False,False,False,False,False,False,False,False,True,False,False,True,False,False,False,False,False,False,False,False,False,False,False,False,False,False,False,False,False,False,False,XGBoost,Per-Mutation,train,-0.46,-0.8003121,-0.3403121018409729
1837,Chymotrypsin inhibitor,-2.12,-1.6100000000000003,0,-42.079999999999984,False,False,False,False,False,False,False,True,False,False,False,False,False,False,False,False,False,False,False,False,True,False,False,False,False,False,False,False,False,False,False,False,False,False,False,False,False,False,False,False,XGBoost,Per-Mutation,train,-2.12,-1.7924399,0.32756006240844737
2366,Chymotrypsin inhibitor,-4.91,-0.7100000000000001,0,-28.060000000000002,False,False,False,False,False,False,False,False,False,False,False,False,False,False,False,False,False,True,False,False,True,False,False,False,False,False,False,False,False,False,False,False,False,False,False,False,False,False,False,False,XGBoost,Per-Mutation,train,-4.91,-0.8003121,4.109687898159027
1838,Chymotrypsin inhibitor,0.08,-0.9000000000000001,0,-14.019999999999982,False,False,False,False,False,False,False,True,False,False,False,False,False,False,False,False,False,False,False,False,False,False,False,False,False,False,False,False,False,False,False,False,False,False,False,False,False,True,False,False,XGBoost,Per-Mutation,train,0.08,-0.7839516,-0.8639515805244445
1834,Chymotrypsin inhibitor,-0.48,-0.7100000000000001,0,-28.060000000000002,False,False,False,False,False,False,False,False,False,False,False,False,False,False,False,False,False,True,False,False,True,False,False,False,False,False,False,False,False,False,False,False,False,False,False,False,False,False,False,False,XGBoost,Per-Mutation,train,-0.48,-0.8003121,-0.3203121018409729
1836,Chymotrypsin inhibitor,-1.11,-0.9000000000000001,0,-14.019999999999982,False,False,False,False,False,False,False,True,False,False,False,False,False,False,False,False,False,False,False,False,False,False,False,False,False,False,False,False,False,False,False,False,False,False,False,False,False,True,False,False,XGBoost,Per-Mutation,train,-1.11,-0.7839516,0.3260484194755555
1844,Chymotrypsin inhibitor,-2.37,-0.92,0,-42.079999999999984,False,False,False,False,False,False,False,False,False,True,False,False,False,False,False,False,False,False,False,False,True,False,False,False,False,False,False,False,False,False,False,False,False,False,False,False,False,False,False,False,XGBoost,Per-Mutation,train,-2.37,-0.43434086,1.935659135580063
1831,Chymotrypsin inhibitor,-0.97,-1.0799999999999998,-1,-71.12,False,False,False,False,False,False,False,False,True,False,False,False,False,False,False,False,False,False,False,False,False,False,False,False,False,True,False,False,False,False,False,False,False,False,False,False,False,False,False,False,XGBoost,Per-Mutation,train,-0.97,-0.6519511,0.31804892539978025
1843,Chymotrypsin inhibitor,-1.03,-1.27,0,1.9699999999999989,False,False,False,False,False,False,False,False,False,False,False,False,False,False,False,False,False,True,False,False,False,False,False,False,False,False,False,False,False,False,False,False,False,False,False,False,True,False,False,False,XGBoost,Per-Mutation,train,-1.03,-0.9285958,0.10140421867370608
359,Chymotrypsin inhibitor-2,0.82,0.14,1,-58.03999999999999,False,False,False,True,False,False,False,False,False,False,False,False,False,False,False,False,False,False,False,False,True,False,False,False,False,False,False,False,False,False,False,False,False,False,False,False,False,False,False,False,XGBoost,Per-Mutation,train,0.82,-0.48368108,-1.3036810827255247
8,Class A sortase SrtA,2.0076504,0.14000000000000012,0,-32.06,False,False,False,False,False,False,False,False,False,False,True,False,False,False,False,False,False,False,False,False,False,False,False,False,False,False,False,False,False,False,False,False,False,False,False,False,False,True,False,False,XGBoost,Per-Mutation,train,2.0076504,-0.5252066,-2.5328570254615785
2415,Cytochrome b5,0.33,0.13999999999999996,2,41.099999999999994,False,False,True,False,False,False,False,False,False,False,False,False,False,False,False,False,False,False,False,False,False,False,False,False,False,False,False,False,False,False,False,False,False,False,True,False,False,False,False,False,XGBoost,Per-Mutation,train,0.33,-0.8497437,-1.1797437238693238
2414,Cytochrome b5,-0.65,-1.3399999999999999,0,-26.039999999999992,False,False,False,False,False,False,False,False,False,False,False,False,True,False,False,False,False,False,False,False,True,False,False,False,False,False,False,False,False,False,False,False,False,False,False,False,False,False,False,False,XGBoost,Per-Mutation,train,-0.65,-1.3424789,-0.69247887134552
2254,Cytochrome c,3.14,2.16,0,-0.950000000000017,False,False,False,False,False,False,False,False,False,False,False,True,False,False,False,False,False,False,False,False,False,False,False,False,False,False,False,True,False,False,False,False,False,False,False,False,False,False,False,False,XGBoost,Per-Mutation,train,3.14,1.9735342,-1.1664657735824586
142,Disks large homolog 4,-1.44,-0.39,1,-58.03,False,False,True,False,False,False,False,False,False,False,False,False,False,False,False,False,False,False,False,False,False,False,False,False,False,True,False,False,False,False,False,False,False,False,False,False,False,False,False,False,XGBoost,Per-Mutation,train,-1.44,-0.52165234,0.9183476591110229
2445,Disulfide bond formation protein D,1.0,1.27,0,-1.9699999999999989,False,False,False,False,False,False,False,False,False,False,False,False,False,False,False,False,True,False,False,False,False,False,False,False,False,False,False,False,False,False,False,False,False,False,False,False,False,True,False,False,XGBoost,Per-Mutation,train,1.0,-0.6647214,-1.664721429347992
2093,Fibroblast growth factor-1,-1.46,-0.20999999999999996,0,-14.019999999999982,False,False,False,False,False,False,False,False,False,True,False,False,False,False,False,False,False,False,False,False,False,False,False,False,False,False,False,False,False,False,False,False,False,False,False,False,False,True,False,False,XGBoost,Per-Mutation,train,-1.46,-0.5724408,0.8875591969490051
18,Fibroblast growth factor-1,-0.29,0.6299999999999999,0,39.05000000000001,False,False,False,False,True,False,False,False,False,False,False,False,False,False,False,False,False,False,False,False,False,False,False,False,False,False,False,False,False,False,False,False,False,False,False,False,False,False,True,False,XGBoost,Per-Mutation,train,-0.29,-0.7014947,-0.41149469375610354
2092,Fibroblast growth factor-1,0.69,0.41999999999999993,0,-16.039999999999992,False,False,False,False,False,False,False,False,False,True,False,False,False,False,False,False,False,False,False,False,False,False,False,False,False,False,False,False,False,False,False,False,True,False,False,False,False,False,False,False,XGBoost,Per-Mutation,train,0.69,-0.5248586,-1.2148585939407348
1974,Flavodoxin,0.52,0.9000000000000001,0,14.019999999999982,False,False,False,False,False,False,False,False,False,False,False,False,False,False,False,False,False,True,False,False,False,False,False,False,False,False,False,True,False,False,False,False,False,False,False,False,False,False,False,False,XGBoost,Per-Mutation,train,0.52,-0.43408838,-0.9540883791446686
1973,Flavodoxin,-0.01,0.9000000000000001,0,14.019999999999982,False,False,False,False,False,False,False,False,False,False,False,False,False,False,False,False,False,True,False,False,False,False,False,False,False,False,False,True,False,False,False,False,False,False,False,False,False,False,False,False,XGBoost,Per-Mutation,train,-0.01,-0.43408838,-0.42408837914466857
1975,Flavodoxin,0.09,0.20999999999999996,0,14.019999999999982,False,False,False,False,False,False,False,False,False,False,False,False,False,False,False,False,False,True,False,False,False,False,False,False,False,False,False,False,False,True,False,False,False,False,False,False,False,False,False,False,XGBoost,Per-Mutation,train,0.09,-0.64883596,-0.7388359570503235
1980,Flavodoxin,-0.69,0.7100000000000001,0,28.060000000000002,True,False,False,False,False,False,False,False,False,False,False,False,False,False,False,False,False,False,False,False,False,False,False,False,False,False,False,False,False,False,False,False,False,False,False,False,False,True,False,False,XGBoost,Per-Mutation,train,-0.69,-0.6800545,0.009945514202117867
1970,Flavodoxin,0.03,0.9000000000000001,0,14.019999999999982,False,False,False,False,False,False,False,False,False,False,False,False,False,False,False,False,False,True,False,False,False,False,False,False,False,False,False,True,False,False,False,False,False,False,False,False,False,False,False,False,XGBoost,Per-Mutation,train,0.03,-0.43408838,-0.4640883791446686
1981,Flavodoxin,-0.53,0.92,0,42.079999999999984,True,False,False,False,False,False,False,False,False,False,False,False,False,False,False,False,False,False,False,False,False,False,False,False,False,False,False,False,False,True,False,False,False,False,False,False,False,False,False,False,XGBoost,Per-Mutation,train,-0.53,-0.6474544,-0.11745438098907468
1977,Flavodoxin,-0.09,0.54,0,14.02000000000001,False,False,False,False,False,True,False,False,False,False,False,False,False,False,False,False,False,False,False,False,True,False,False,False,False,False,False,False,False,False,False,False,False,False,False,False,False,False,False,False,XGBoost,Per-Mutation,train,-0.09,-0.5743348,-0.4843348002433777
1971,Flavodoxin,0.44,0.9000000000000001,0,14.019999999999982,False,False,False,False,False,False,False,False,False,False,False,False,False,False,False,False,False,True,False,False,False,False,False,False,False,False,False,True,False,False,False,False,False,False,False,False,False,False,False,False,XGBoost,Per-Mutation,train,0.44,-0.43408838,-0.8740883791446685
472,Glutamate dehydrogenase,-0.17,0.14,1,-58.03999999999999,False,False,False,True,False,False,False,False,False,False,False,False,False,False,False,False,False,False,False,False,True,False,False,False,False,False,False,False,False,False,False,False,False,False,False,False,False,False,False,False,XGBoost,Per-Mutation,train,-0.17,-0.48368108,-0.31368108272552486
100,Guanyl-specific ribonuclease T1 (RNase T1) (EC 4.6.1.24),-3.6,1.27,0,-1.9699999999999989,False,False,False,False,False,False,False,False,False,False,False,False,False,False,False,False,True,False,False,False,False,False,False,False,False,False,False,False,False,False,False,False,False,False,False,False,False,True,False,False,XGBoost,Per-Mutation,train,-3.6,-0.6647214,2.935278570652008
101,Guanyl-specific ribonuclease T1 (RNase T1) (EC 4.6.1.24),-0.7,0.5599999999999999,0,-30.03,False,False,False,False,False,False,False,False,False,False,False,False,False,False,False,False,True,False,False,False,True,False,False,False,False,False,False,False,False,False,False,False,False,False,False,False,False,False,False,False,XGBoost,Per-Mutation,train,-0.7,-0.63186336,0.06813664436340328
969,Guanyl-specific ribonuclease T1n,-3.2,-1.3399999999999999,0,-26.039999999999992,False,False,False,False,False,False,False,False,False,False,False,False,True,False,False,False,False,False,False,False,True,False,False,False,False,False,False,False,False,False,False,False,False,False,False,False,False,False,False,False,XGBoost,Per-Mutation,train,-3.2,-1.3424789,1.8575211286544802
967,Guanyl-specific ribonuclease T1n,-2.7,-1.3399999999999999,0,-26.039999999999992,False,False,False,False,False,False,False,False,False,False,False,False,True,False,False,False,False,False,False,False,True,False,False,False,False,False,False,False,False,False,False,False,False,False,False,False,False,False,False,False,XGBoost,Per-Mutation,train,-2.7,-1.3424789,1.3575211286544802
1773,HU DNA-binding protein,0.52,-0.9000000000000001,0,-14.019999999999982,False,False,False,False,False,False,False,True,False,False,False,False,False,False,False,False,False,False,False,False,False,False,False,False,False,False,False,False,False,False,False,False,False,False,False,False,False,True,False,False,XGBoost,Per-Mutation,train,0.52,-0.7839516,-1.3039515805244446
2508,High mobility group protein,-1.5,0.5599999999999999,0,50.06999999999999,False,False,False,False,False,False,False,False,False,False,False,False,False,False,False,True,False,False,False,False,False,False,False,False,False,False,True,False,False,False,False,False,False,False,False,False,False,False,False,False,XGBoost,Per-Mutation,train,-1.5,-0.9734183,0.5265817046165466
2512,High mobility group protein,-1.23,-1.6100000000000003,0,23.99000000000001,False,False,False,False,False,False,False,True,False,False,False,False,False,False,False,False,False,False,False,False,False,False,False,False,False,False,True,False,False,False,False,False,False,False,False,False,False,False,False,False,XGBoost,Per-Mutation,train,-1.23,-1.2197025,0.01029751777648924
2510,High mobility group protein,0.47,0.54,0,80.09,False,False,False,False,False,True,False,False,False,False,False,False,False,False,False,False,False,False,False,False,False,False,False,False,False,False,True,False,False,False,False,False,False,False,False,False,False,False,False,False,XGBoost,Per-Mutation,train,0.47,-0.8242531,-1.2942530822753906
2291,Iso-1 cytochrome c,2.25,1.1199999999999999,0,17.090000000000003,False,False,False,False,False,False,False,False,False,False,False,True,False,False,False,False,False,False,False,False,False,False,False,False,False,False,False,False,False,False,True,False,False,False,False,False,False,False,False,False,XGBoost,Per-Mutation,train,2.25,0.92418844,-1.3258115649223328
1618,Iso-1 cytochrome c,0.5,-1.02,0,-2.030000000000001,False,True,False,False,False,False,False,False,False,False,False,False,False,False,False,False,False,False,False,False,False,False,False,False,False,False,False,False,False,False,False,False,False,False,False,False,True,False,False,False,XGBoost,Per-Mutation,train,0.5,1.7107092,1.2107092142105103
2456,Iso-1 cytochrome c,-2.8,-0.92,0,-42.079999999999984,False,False,False,False,False,False,False,False,False,True,False,False,False,False,False,False,False,False,False,False,True,False,False,False,False,False,False,False,False,False,False,False,False,False,False,False,False,False,False,False,XGBoost,Per-Mutation,train,-2.8,-0.43434086,2.3656591355800627
2455,Iso-1 cytochrome c,-0.7,-0.14000000000000012,0,16.0,False,False,False,False,True,False,False,False,False,False,False,False,False,False,False,False,False,False,False,False,False,False,False,False,False,False,False,False,False,False,False,False,False,False,False,False,False,False,False,True,XGBoost,Per-Mutation,train,-0.7,-0.5485627,0.15143729448318477
2290,Iso-1 cytochrome c,2.44,1.26,0,-14.969999999999999,False,False,False,False,False,False,False,False,False,False,False,True,False,False,False,False,False,False,False,False,False,False,False,False,False,False,False,False,False,False,False,False,False,False,False,False,False,True,False,False,XGBoost,Per-Mutation,train,2.44,0.9206944,-1.519305589199066
964,Iso-1 cytochrome c,0.8,-1.02,0,-2.030000000000001,False,True,False,False,False,False,False,False,False,False,False,False,False,False,False,False,False,False,False,False,False,False,False,False,False,False,False,False,False,False,False,False,False,False,False,False,True,False,False,False,XGBoost,Per-Mutation,train,0.8,1.7107092,0.9107092142105102
2448,Iso-1 cytochrome c,-1.6,1.5,-1,58.05000000000001,False,False,False,False,False,False,False,False,True,False,False,False,False,False,False,False,False,False,False,False,False,False,False,False,False,False,False,False,False,False,False,False,False,False,False,False,False,False,True,False,XGBoost,Per-Mutation,train,-1.6,-1.0266267,0.573373293876648
2449,Iso-1 cytochrome c,0.1,0.17000000000000015,-1,-29.039999999999992,False,False,False,False,False,False,False,False,True,False,False,False,False,False,False,False,False,False,False,False,False,False,False,False,False,False,False,False,False,False,False,False,False,False,False,False,False,True,False,False,XGBoost,Per-Mutation,train,0.1,-0.61548007,-0.7154800653457641
1619,Iso-1 cytochrome c,5.3,-1.02,0,-2.030000000000001,False,True,False,False,False,False,False,False,False,False,False,False,False,False,False,False,False,False,False,False,False,False,False,False,False,False,False,False,False,False,False,False,False,False,False,False,True,False,False,False,XGBoost,Per-Mutation,train,5.3,1.7107092,-3.5892907857894896
2287,Iso-1 cytochrome c,0.98,-0.009999999999999995,0,-13.0,False,False,False,False,False,False,False,False,False,False,False,True,False,False,False,False,False,False,False,False,False,False,False,False,False,False,False,False,False,False,False,False,False,False,False,False,True,False,False,False,XGBoost,Per-Mutation,train,0.98,0.13150795,-0.8484920519590378
2280,Iso-1 cytochrome c,-1.29,-0.009999999999999995,0,-27.03,False,False,False,False,False,False,False,False,False,False,False,True,False,False,False,False,False,False,False,False,False,False,False,False,False,False,False,False,False,False,False,False,False,False,False,True,False,False,False,False,XGBoost,Per-Mutation,train,-1.29,-0.35416678,0.9358332240581513
2283,Iso-1 cytochrome c,-1.27,0.55,0,23.039999999999992,False,False,False,False,False,False,False,False,False,False,False,True,False,False,False,False,False,False,False,False,False,False,False,False,False,False,True,False,False,False,False,False,False,False,False,False,False,False,False,False,XGBoost,Per-Mutation,train,-1.27,-0.8003907,0.4696092796325684
2295,Iso-1 cytochrome c,3.14,2.16,0,-0.950000000000017,False,False,False,False,False,False,False,False,False,False,False,True,False,False,False,False,False,False,False,False,False,False,False,False,False,False,False,True,False,False,False,False,False,False,False,False,False,False,False,False,XGBoost,Per-Mutation,train,3.14,1.9735342,-1.1664657735824586
2282,Iso-1 cytochrome c,0.74,-0.009999999999999995,0,-27.03,False,False,False,False,False,False,False,False,False,False,False,True,False,False,False,False,False,False,False,False,False,False,False,False,False,False,False,False,False,False,False,False,False,False,False,True,False,False,False,False,XGBoost,Per-Mutation,train,0.74,-0.35416678,-1.0941667759418487
1847,Iso-1 cytochrome c,4.3,2.16,0,-0.950000000000017,False,False,False,False,False,False,False,False,False,False,False,True,False,False,False,False,False,False,False,False,False,False,False,False,False,False,False,True,False,False,False,False,False,False,False,False,False,False,False,False,XGBoost,Per-Mutation,train,4.3,1.9735342,-2.3264657735824583
2292,Iso-1 cytochrome c,2.91,1.1199999999999999,0,17.090000000000003,False,False,False,False,False,False,False,False,False,False,False,True,False,False,False,False,False,False,False,False,False,False,False,False,False,False,False,False,False,False,True,False,False,False,False,False,False,False,False,False,XGBoost,Per-Mutation,train,2.91,0.92418844,-1.985811564922333
2279,Iso-1 cytochrome c,-0.08,-0.06,0,14.030000000000001,False,False,False,False,False,False,False,False,False,False,False,True,False,False,False,False,False,False,False,False,False,False,False,False,False,False,False,False,False,False,False,False,False,True,False,False,False,False,False,False,XGBoost,Per-Mutation,train,-0.08,-0.010198634,0.06980136588215828
2450,Iso-1 cytochrome c,-0.4,1.0700000000000003,-1,-15.02000000000001,False,False,False,False,False,False,False,False,True,False,False,False,False,False,False,False,False,False,False,False,False,False,False,False,False,False,False,True,False,False,False,False,False,False,False,False,False,False,False,False,XGBoost,Per-Mutation,train,-0.4,-0.39406618,0.0059338152408600076
965,Iso-1 cytochrome c,5.7,-1.02,0,-2.030000000000001,False,True,False,False,False,False,False,False,False,False,False,False,False,False,False,False,False,False,False,False,False,False,False,False,False,False,False,False,False,False,False,False,False,False,False,False,True,False,False,False,XGBoost,Per-Mutation,train,5.7,1.7107092,-3.98929078578949
1607,Lambda repressor,-0.02,1.88,0,35.03999999999999,False,False,False,False,False,False,False,False,False,False,False,False,False,True,False,False,False,False,False,False,False,False,False,False,False,False,False,False,False,False,False,False,False,False,False,False,False,False,False,True,XGBoost,Per-Mutation,train,-0.02,-0.52993906,-0.50993905544281
1605,Lambda repressor,0.43,-1.15,-1,-0.03999999999999204,False,False,False,False,False,False,False,False,True,False,False,False,False,False,False,False,False,False,False,False,False,False,False,False,False,False,False,False,False,False,False,False,False,True,False,False,False,False,False,False,XGBoost,Per-Mutation,train,0.43,-0.43050775,-0.8605077493190765
1351,Lambda repressor,0.68,-0.020000000000000004,0,30.02000000000001,False,False,False,False,False,True,False,False,False,False,False,False,False,False,False,False,False,False,False,False,False,False,False,False,False,False,False,False,False,False,False,False,False,False,False,True,False,False,False,False,XGBoost,Per-Mutation,train,0.68,-0.6169157,-1.2969157028198244
1352,Lambda repressor,0.79,-0.010000000000000009,0,57.05000000000001,False,False,False,False,False,True,False,False,False,False,False,False,False,False,False,False,False,False,False,False,False,False,False,False,False,False,False,False,False,False,False,True,False,False,False,False,False,False,False,False,XGBoost,Per-Mutation,train,0.79,-0.98551434,-1.7755143427848816
1608,Lambda repressor,-1.22,0.7100000000000001,0,28.060000000000002,True,False,False,False,False,False,False,False,False,False,False,False,False,False,False,False,False,False,False,False,False,False,False,False,False,False,False,False,False,False,False,False,False,False,False,False,False,True,False,False,XGBoost,Per-Mutation,train,-1.22,-0.6800545,0.5399455142021179
1350,Lambda repressor,0.87,0.54,0,14.02000000000001,False,False,False,False,False,True,False,False,False,False,False,False,False,False,False,False,False,False,False,False,True,False,False,False,False,False,False,False,False,False,False,False,False,False,False,False,False,False,False,False,XGBoost,Per-Mutation,train,0.87,-0.5743348,-1.4443348002433778
1610,Lambda repressor,-2.99,-0.5599999999999999,0,30.03,True,False,False,False,False,False,False,False,False,False,False,False,False,False,False,False,False,False,False,False,False,False,False,False,False,False,False,False,False,False,False,False,False,False,False,False,True,False,False,False,XGBoost,Per-Mutation,train,-2.99,-1.7388394,1.2511606121063235
10,Major prion protein,-2.1,0.5599999999999999,0,-30.03,False,False,False,False,False,False,False,False,False,False,False,False,False,False,False,False,True,False,False,False,True,False,False,False,False,False,False,False,False,False,False,False,False,False,False,False,False,False,False,False,XGBoost,Per-Mutation,train,-2.1,-0.63186336,1.4681366443634034
153,Myelin P2 protein,-5.17,-2.1700000000000004,0,-12.049999999999983,False,False,False,False,False,False,False,True,False,False,False,False,False,False,False,False,False,False,False,False,False,False,False,False,False,False,False,False,False,False,False,False,False,False,False,False,True,False,False,False,XGBoost,Per-Mutation,train,-5.17,-2.762095,2.4079050254821777
152,Myelin P2 protein,-1.51,1.9,0,-3.990000000000009,False,False,False,False,False,False,False,False,False,False,False,False,False,False,False,False,True,False,False,False,False,False,False,False,False,False,False,False,False,False,False,False,True,False,False,False,False,False,False,False,XGBoost,Per-Mutation,train,-1.51,-0.42299294,1.0870070552825928
1336,Parvalbumin,0.72,-1.02,0,-16.060000000000002,False,True,False,False,False,False,False,False,False,False,False,False,False,False,False,False,False,False,False,False,False,False,False,False,False,False,False,False,False,False,False,False,False,False,False,True,False,False,False,False,XGBoost,Per-Mutation,train,0.72,-0.32490572,-1.0449057233333587
1501,Peripheral subunit binding protein domain,-0.9,-0.54,0,-14.02000000000001,True,False,False,False,False,False,False,False,False,False,False,False,False,False,False,False,False,False,False,False,False,False,False,False,False,True,False,False,False,False,False,False,False,False,False,False,False,False,False,False,XGBoost,Per-Mutation,train,-0.9,-0.55128694,0.3487130641937256
30,Peripheral subunit-binding domain,0.58,-0.54,0,-14.02000000000001,True,False,False,False,False,False,False,False,False,False,False,False,False,False,False,False,False,False,False,False,False,False,False,False,False,True,False,False,False,False,False,False,False,False,False,False,False,False,False,False,XGBoost,Per-Mutation,train,0.58,-0.55128694,-1.1312869358062745
37,Peripheral subunit-binding domain,1.63,0.0,0,-14.030000000000001,False,False,False,False,False,False,False,False,False,False,False,False,False,False,False,False,True,False,False,False,False,False,False,False,False,False,False,False,False,False,False,False,False,False,False,True,False,False,False,False,XGBoost,Per-Mutation,train,1.63,-0.4887634,-2.118763391971588
42,Peripheral subunit-binding domain,0.57,-0.92,0,-42.079999999999984,False,False,False,False,False,False,False,False,False,True,False,False,False,False,False,False,False,False,False,False,True,False,False,False,False,False,False,False,False,False,False,False,False,False,False,False,False,False,False,False,XGBoost,Per-Mutation,train,0.57,-0.43434086,-1.004340864419937
27,Peripheral subunit-binding domain,3.5,-0.92,0,-42.079999999999984,False,False,False,False,False,False,False,False,False,True,False,False,False,False,False,False,False,False,False,False,True,False,False,False,False,False,False,False,False,False,False,False,False,False,False,False,False,False,False,False,XGBoost,Per-Mutation,train,3.5,-0.43434086,-3.934340864419937
28,Peripheral subunit-binding domain,1.02,-0.54,0,-14.02000000000001,True,False,False,False,False,False,False,False,False,False,False,False,False,False,False,False,False,False,False,False,False,False,False,False,False,True,False,False,False,False,False,False,False,False,False,False,False,False,False,False,XGBoost,Per-Mutation,train,1.02,-0.55128694,-1.5712869358062744
26,Peripheral subunit-binding domain,1.67,-0.92,0,-42.079999999999984,False,False,False,False,False,False,False,False,False,True,False,False,False,False,False,False,False,False,False,False,True,False,False,False,False,False,False,False,False,False,False,False,False,False,False,False,False,False,False,False,XGBoost,Per-Mutation,train,1.67,-0.43434086,-2.104340864419937
20,Peripheral subunit-binding domain,0.94,-0.92,0,-42.079999999999984,False,False,False,False,False,False,False,False,False,True,False,False,False,False,False,False,False,False,False,False,True,False,False,False,False,False,False,False,False,False,False,False,False,False,False,False,False,False,False,False,XGBoost,Per-Mutation,train,0.94,-0.43434086,-1.374340864419937
38,Peripheral subunit-binding domain,3.1,-0.4,1,-0.9799999999999898,False,False,True,False,False,False,False,False,False,False,False,False,False,False,False,False,False,False,False,False,False,False,False,False,False,False,False,False,False,False,False,True,False,False,False,False,False,False,False,False,XGBoost,Per-Mutation,train,3.1,-0.46697804,-3.566978043317795
44,Peripheral subunit-binding domain,1.18,-0.92,0,-42.079999999999984,False,False,False,False,False,False,False,False,False,True,False,False,False,False,False,False,False,False,False,False,True,False,False,False,False,False,False,False,False,False,False,False,False,False,False,False,False,False,False,False,XGBoost,Per-Mutation,train,1.18,-0.43434086,-1.614340864419937
34,Peripheral subunit-binding domain,1.36,0.5599999999999999,0,-30.03,False,False,False,False,False,False,False,False,False,False,False,False,False,False,False,False,True,False,False,False,True,False,False,False,False,False,False,False,False,False,False,False,False,False,False,False,False,False,False,False,XGBoost,Per-Mutation,train,1.36,-0.63186336,-1.9918633556365968
39,Peripheral subunit-binding domain,2.02,-0.7100000000000001,0,-28.060000000000002,False,False,False,False,False,False,False,False,False,False,False,False,False,False,False,False,False,True,False,False,True,False,False,False,False,False,False,False,False,False,False,False,False,False,False,False,False,False,False,False,XGBoost,Per-Mutation,train,2.02,-0.8003121,-2.820312101840973
19,Peripheral subunit-binding domain,0.04,-0.54,0,-14.02000000000001,True,False,False,False,False,False,False,False,False,False,False,False,False,False,False,False,False,False,False,False,False,False,False,False,False,True,False,False,False,False,False,False,False,False,False,False,False,False,False,False,XGBoost,Per-Mutation,train,0.04,-0.55128694,-0.5912869358062744
35,Peripheral subunit-binding domain,0.84,-1.25,0,-42.08000000000001,False,False,False,False,False,False,False,False,False,False,False,False,False,False,False,False,False,True,False,False,False,False,False,False,False,True,False,False,False,False,False,False,False,False,False,False,False,False,False,False,XGBoost,Per-Mutation,train,0.84,-0.6046099,-1.4446099066734313
40,Peripheral subunit-binding domain,-0.06,0.0,0,-66.07,False,False,False,False,False,False,True,False,False,False,False,False,False,False,False,False,False,False,False,False,True,False,False,False,False,False,False,False,False,False,False,False,False,False,False,False,False,False,False,False,XGBoost,Per-Mutation,train,-0.06,-0.58484423,-0.5248442316055297
43,Peripheral subunit-binding domain,0.07,-0.54,0,-14.02000000000001,True,False,False,False,False,False,False,False,False,False,False,False,False,False,False,False,False,False,False,False,False,False,False,False,False,True,False,False,False,False,False,False,False,False,False,False,False,False,False,False,XGBoost,Per-Mutation,train,0.07,-0.55128694,-0.6212869358062745
1658,Plasminogen activator inhibitor 1,-1.2,-0.13,-2,-27.069999999999993,False,False,False,False,False,False,False,False,False,False,False,False,False,False,True,False,False,False,False,False,False,False,False,True,False,False,False,False,False,False,False,False,False,False,False,False,False,False,False,False,XGBoost,Per-Mutation,train,-1.2,-0.9964212,0.20357878208160396
814,Plasminogen activator kringle-2 domain,0.3,0.9000000000000001,0,14.019999999999982,False,False,False,False,False,False,False,False,False,False,False,False,False,False,False,False,False,True,False,False,False,False,False,False,False,False,False,True,False,False,False,False,False,False,False,False,False,False,False,False,XGBoost,Per-Mutation,train,0.3,-0.43408838,-0.7340883791446686
817,Plasminogen activator kringle-2 domain,-2.0,-0.7100000000000001,0,-28.060000000000002,False,False,False,False,False,False,False,False,False,False,False,False,False,False,False,False,False,True,False,False,True,False,False,False,False,False,False,False,False,False,False,False,False,False,False,False,False,False,False,False,XGBoost,Per-Mutation,train,-2.0,-0.8003121,1.199687898159027
815,Plasminogen activator kringle-2 domain,-1.0,-1.27,0,1.9699999999999989,False,False,False,False,False,False,False,False,False,False,False,False,False,False,False,False,False,True,False,False,False,False,False,False,False,False,False,False,False,False,False,False,False,False,False,False,True,False,False,False,XGBoost,Per-Mutation,train,-1.0,-0.9285958,0.07140421867370605
2406,Ribonuclease,-2.5,-0.53,-1,-99.13,False,False,False,False,False,False,False,False,False,False,False,False,False,False,True,False,False,False,False,False,False,False,False,False,False,True,False,False,False,False,False,False,False,False,False,False,False,False,False,False,XGBoost,Per-Mutation,train,-2.5,-2.5880256,-0.08802556991577148
2345,Ribonuclease,-1.17,-0.9000000000000001,0,-14.019999999999982,False,False,False,False,False,False,False,True,False,False,False,False,False,False,False,False,False,False,False,False,False,False,False,False,False,False,False,False,False,False,False,False,False,False,False,False,False,True,False,False,XGBoost,Per-Mutation,train,-1.17,-0.7839516,0.38604841947555535
1792,Ribonuclease,-3.9,-1.6100000000000003,0,-42.079999999999984,False,False,False,False,False,False,False,True,False,False,False,False,False,False,False,False,False,False,False,False,True,False,False,False,False,False,False,False,False,False,False,False,False,False,False,False,False,False,False,False,XGBoost,Per-Mutation,train,-3.9,-1.7924399,2.107560062408447
2454,Ribonuclease,-5.0,-0.4,1,-0.9799999999999898,False,False,True,False,False,False,False,False,False,False,False,False,False,False,False,False,False,False,False,False,False,False,False,False,False,False,False,False,False,False,False,True,False,False,False,False,False,False,False,False,XGBoost,Per-Mutation,train,-5.0,-0.46697804,4.533021956682205
2346,Ribonuclease,-1.86,-0.9000000000000001,0,-14.019999999999982,False,False,False,False,False,False,False,True,False,False,False,False,False,False,False,False,False,False,False,False,False,False,False,False,False,False,False,False,False,False,False,False,False,False,False,False,False,True,False,False,XGBoost,Per-Mutation,train,-1.86,-0.7839516,1.0760484194755555
1320,Ribonuclease,-3.4,0.54,0,14.02000000000001,False,False,False,False,False,True,False,False,False,False,False,False,False,False,False,False,False,False,False,False,True,False,False,False,False,False,False,False,False,False,False,False,False,False,False,False,False,False,False,False,XGBoost,Per-Mutation,train,-3.4,-0.5743348,2.8256651997566222
2410,Ribonuclease,-4.7,-1.46,0,-56.099999999999994,False,False,False,False,False,False,False,False,False,True,False,False,False,False,False,False,False,False,False,False,False,False,False,False,False,True,False,False,False,False,False,False,False,False,False,False,False,False,False,False,XGBoost,Per-Mutation,train,-4.7,-3.4910746,1.2089254379272463
2451,Ribonuclease,-3.3,0.14999999999999997,1,-44.00999999999999,False,False,True,False,False,False,False,False,False,False,False,False,False,False,False,False,False,False,False,False,True,False,False,False,False,False,False,False,False,False,False,False,False,False,False,False,False,False,False,False,XGBoost,Per-Mutation,train,-3.3,-0.58367467,2.7163253307342528
2400,Ribonuclease,1.1,0.14999999999999997,1,-44.00999999999999,False,False,True,False,False,False,False,False,False,False,False,False,False,False,False,False,False,False,False,False,True,False,False,False,False,False,False,False,False,False,False,False,False,False,False,False,False,False,False,False,XGBoost,Per-Mutation,train,1.1,-0.58367467,-1.6836746692657472
2351,Ribonuclease,-2.86,0.58,-1,-24.98999999999998,False,False,False,False,False,False,False,False,False,False,False,False,False,False,True,False,False,False,False,False,False,False,False,False,False,False,False,False,False,False,True,False,False,False,False,False,False,False,False,False,XGBoost,Per-Mutation,train,-2.86,-2.0277362,0.8322638130187987
2354,Ribonuclease,-0.27,0.72,1,16.110000000000014,False,False,True,False,False,False,False,False,False,False,False,False,False,False,False,False,False,False,False,False,False,False,False,False,False,False,False,False,False,False,True,False,False,False,False,False,False,False,False,False,XGBoost,Per-Mutation,train,-0.27,-0.6728734,-0.4028733777999878
2399,Ribonuclease,-1.2,-0.39,1,-58.03,False,False,True,False,False,False,False,False,False,False,False,False,False,False,False,False,False,False,False,False,False,False,False,False,False,True,False,False,False,False,False,False,False,False,False,False,False,False,False,False,XGBoost,Per-Mutation,train,-1.2,-0.52165234,0.6783476591110229
1789,Ribonuclease,-0.9,-0.9000000000000001,0,-14.019999999999982,False,False,False,False,False,False,False,True,False,False,False,False,False,False,False,False,False,False,False,False,False,False,False,False,False,False,False,False,False,False,False,False,False,False,False,False,False,True,False,False,XGBoost,Per-Mutation,train,-0.9,-0.7839516,0.11604841947555544
1791,Ribonuclease,-3.2,-1.6100000000000003,0,-42.079999999999984,False,False,False,False,False,False,False,True,False,False,False,False,False,False,False,False,False,False,False,False,True,False,False,False,False,False,False,False,False,False,False,False,False,False,False,False,False,False,False,False,XGBoost,Per-Mutation,train,-3.2,-1.7924399,1.4075600624084474
2413,Ribonuclease,-2.8,0.020000000000000004,0,-44.05000000000001,False,False,False,False,False,False,False,False,False,False,False,False,False,False,False,False,True,False,False,False,False,False,False,False,False,True,False,False,False,False,False,False,False,False,False,False,False,False,False,False,XGBoost,Per-Mutation,train,-2.8,-0.6632344,2.1367655873298643
2342,Ribonuclease,-1.16,0.5599999999999999,0,-16.0,False,False,False,False,False,False,False,False,False,False,False,False,False,False,False,True,False,False,False,False,True,False,False,False,False,False,False,False,False,False,False,False,False,False,False,False,False,False,False,False,XGBoost,Per-Mutation,train,-1.16,-0.51680404,0.6431959605216979
2344,Ribonuclease,-1.18,-0.9000000000000001,0,-14.019999999999982,False,False,False,False,False,False,False,True,False,False,False,False,False,False,False,False,False,False,False,False,False,False,False,False,False,False,False,False,False,False,False,False,False,False,False,False,False,True,False,False,XGBoost,Per-Mutation,train,-1.18,-0.7839516,0.39604841947555536
2411,Ribonuclease,-5.7,-2.1500000000000004,0,-56.099999999999994,False,False,False,False,False,False,False,True,False,False,False,False,False,False,False,False,False,False,False,False,False,False,False,False,False,True,False,False,False,False,False,False,False,False,False,False,False,False,False,False,XGBoost,Per-Mutation,train,-5.7,-3.3420959,2.357904148101807
2409,Ribonuclease,-7.0,-1.46,0,-56.099999999999994,False,False,False,False,False,False,False,False,False,True,False,False,False,False,False,False,False,False,False,False,False,False,False,False,False,True,False,False,False,False,False,False,False,False,False,False,False,False,False,False,XGBoost,Per-Mutation,train,-7.0,-3.4910746,3.508925437927246
2402,Ribonuclease,-1.6,0.07,0,-71.08000000000001,False,False,False,False,False,False,False,False,False,False,False,False,False,True,False,False,False,False,False,False,False,False,False,False,False,True,False,False,False,False,False,False,False,False,False,False,False,False,False,False,XGBoost,Per-Mutation,train,-1.6,-0.6108053,0.9891947269439698
2412,Ribonuclease,-6.6,-1.8099999999999998,0,-106.12,False,False,False,False,False,False,False,False,False,False,False,False,False,False,False,False,False,False,False,True,False,False,False,False,False,True,False,False,False,False,False,False,False,False,False,False,False,False,False,False,XGBoost,Per-Mutation,train,-6.6,-4.202566,2.3974338531494137
2408,Ribonuclease,-7.4,-2.1500000000000004,0,-56.099999999999994,False,False,False,False,False,False,False,True,False,False,False,False,False,False,False,False,False,False,False,False,False,False,False,False,False,True,False,False,False,False,False,False,False,False,False,False,False,False,False,False,XGBoost,Per-Mutation,train,-7.4,-3.3420959,4.057904148101807
2347,Ribonuclease,0.2,0.5499999999999999,1,55.079999999999984,False,False,False,False,False,False,False,False,False,False,False,False,False,False,False,False,True,False,False,False,False,False,False,False,False,False,False,False,False,False,False,False,False,False,True,False,False,False,False,False,XGBoost,Per-Mutation,train,0.2,-0.92414707,-1.124147069454193
1790,Ribonuclease,-1.1,-0.9000000000000001,0,-14.019999999999982,False,False,False,False,False,False,False,True,False,False,False,False,False,False,False,False,False,False,False,False,False,False,False,False,False,False,False,False,False,False,False,False,False,False,False,False,False,True,False,False,XGBoost,Per-Mutation,train,-1.1,-0.7839516,0.3160484194755555
2341,Ribonuclease,-1.38,0.5599999999999999,0,-16.0,False,False,False,False,False,False,False,False,False,False,False,False,False,False,False,True,False,False,False,False,True,False,False,False,False,False,False,False,False,False,False,False,False,False,False,False,False,False,False,False,XGBoost,Per-Mutation,train,-1.38,-0.51680404,0.8631959605216979
2343,Ribonuclease,-1.47,-0.9000000000000001,0,-14.019999999999982,False,False,False,False,False,False,False,True,False,False,False,False,False,False,False,False,False,False,False,False,False,False,False,False,False,False,False,False,False,False,False,False,False,False,False,False,False,True,False,False,XGBoost,Per-Mutation,train,-1.47,-0.7839516,0.6860484194755554
114,Ribonuclease MC1,-1.04,0.54,0,14.02000000000001,False,False,False,False,False,True,False,False,False,False,False,False,False,False,False,False,False,False,False,False,True,False,False,False,False,False,False,False,False,False,False,False,False,False,False,False,False,False,False,False,XGBoost,Per-Mutation,train,-1.04,-0.5743348,0.46566519975662235
109,Ribonuclease MC1,-6.69,-1.27,0,-92.1,False,False,False,False,False,False,False,False,False,False,False,False,False,False,False,False,False,False,False,True,True,False,False,False,False,False,False,False,False,False,False,False,False,False,False,False,False,False,False,False,XGBoost,Per-Mutation,train,-6.69,-3.7341995,2.955800476074219
113,Ribonuclease MC1,-0.83,-1.3399999999999999,0,-26.039999999999992,False,False,False,False,False,False,False,False,False,False,False,False,True,False,False,False,False,False,False,False,True,False,False,False,False,False,False,False,False,False,False,False,False,False,False,False,False,False,False,False,XGBoost,Per-Mutation,train,-0.83,-1.3424789,-0.5124788713455201
117,Ribonuclease MC1,-0.08,0.54,0,14.02000000000001,False,False,False,False,False,True,False,False,False,False,False,False,False,False,False,False,False,False,False,False,True,False,False,False,False,False,False,False,False,False,False,False,False,False,False,False,False,False,False,False,XGBoost,Per-Mutation,train,-0.08,-0.5743348,-0.49433480024337767
2326,Ribonuclease Sa3,-0.7,0.14000000000000012,0,-16.0,False,False,False,False,False,False,False,False,False,False,False,False,False,False,False,False,False,False,False,True,False,False,False,False,True,False,False,False,False,False,False,False,False,False,False,False,False,False,False,False,XGBoost,Per-Mutation,train,-0.7,-0.50370145,0.1962985515594482
2322,Ribonuclease Sa3,-0.6,0.14000000000000012,0,-16.0,False,False,False,False,False,False,False,False,False,False,False,False,False,False,False,False,False,False,False,True,False,False,False,False,True,False,False,False,False,False,False,False,False,False,False,False,False,False,False,False,XGBoost,Per-Mutation,train,-0.6,-0.50370145,0.09629855155944822
2323,Ribonuclease Sa3,0.5,0.14000000000000012,0,-16.0,False,False,False,False,False,False,False,False,False,False,False,False,False,False,False,False,False,False,False,True,False,False,False,False,True,False,False,False,False,False,False,False,False,False,False,False,False,False,False,False,XGBoost,Per-Mutation,train,0.5,-0.50370145,-1.0037014484405518
2329,Ribonuclease Sa3,0.0,0.14000000000000012,0,-16.0,False,False,False,False,False,False,False,False,False,False,False,False,False,False,False,False,False,False,False,True,False,False,False,False,True,False,False,False,False,False,False,False,False,False,False,False,False,False,False,False,XGBoost,Per-Mutation,train,0.0,-0.50370145,-0.5037014484405518
1643,Ribonuclease T1,-2.91,0.55,0,-43.03,False,False,False,False,False,False,False,False,False,False,False,True,False,False,False,False,False,False,False,False,True,False,False,False,False,False,False,False,False,False,False,False,False,False,False,False,False,False,False,False,XGBoost,Per-Mutation,train,-2.91,-0.8053831,2.1046169137954713
810,Soluble cytochrome b562,3.83,-1.6100000000000003,0,-42.079999999999984,False,False,False,False,False,False,False,True,False,False,False,False,False,False,False,False,False,False,False,False,True,False,False,False,False,False,False,False,False,False,False,False,False,False,False,False,False,False,False,False,XGBoost,Per-Mutation,train,3.83,-1.7924399,-5.622439937591553
1803,Staphylococcal nuclease,-2.6,-0.5599999999999999,0,16.0,True,False,False,False,False,False,False,False,False,False,False,False,False,False,False,False,False,False,False,False,False,False,False,False,False,False,False,False,False,False,False,False,False,False,False,True,False,False,False,False,XGBoost,Per-Mutation,train,-2.6,-0.7964651,1.8035349011421205
1613,Staphylococcal nuclease,0.8,0.20999999999999996,0,14.019999999999982,False,False,False,False,False,False,False,False,False,False,False,False,False,False,False,False,False,True,False,False,False,False,False,False,False,False,False,False,False,True,False,False,False,False,False,False,False,False,False,False,XGBoost,Per-Mutation,train,0.8,-0.64883596,-1.4488359570503235
2505,Staphylococcal nuclease,-0.6,-0.6299999999999999,0,-39.05000000000001,False,False,False,False,False,False,False,False,False,False,False,False,False,False,False,False,False,False,True,False,False,False,False,False,True,False,False,False,False,False,False,False,False,False,False,False,False,False,False,False,XGBoost,Per-Mutation,train,-0.6,-0.72769517,-0.12769516706466677
1801,Staphylococcal nuclease,-1.2,-0.020000000000000004,0,30.02000000000001,False,False,False,False,False,True,False,False,False,False,False,False,False,False,False,False,False,False,False,False,False,False,False,False,False,False,False,False,False,False,False,False,False,False,False,True,False,False,False,False,XGBoost,Per-Mutation,train,-1.2,-0.6169157,0.5830842971801757
2102,Staphylococcal nuclease,-0.12,0.5599999999999999,0,-16.0,False,False,False,False,False,False,False,False,False,False,False,False,False,False,False,True,False,False,False,False,True,False,False,False,False,False,False,False,False,False,False,False,False,False,False,False,False,False,False,False,XGBoost,Per-Mutation,train,-0.12,-0.51680404,-0.396804039478302
1616,Staphylococcal nuclease,-2.5,-0.5599999999999999,0,16.0,True,False,False,False,False,False,False,False,False,False,False,False,False,False,False,False,False,False,False,False,False,False,False,False,False,False,False,False,False,False,False,False,False,False,False,True,False,False,False,False,XGBoost,Per-Mutation,train,-2.5,-0.7964651,1.7035349011421204
1802,Staphylococcal nuclease,0.6,1.25,0,42.08000000000001,False,False,False,False,False,True,False,False,False,False,False,False,False,False,False,False,False,False,False,False,False,False,False,False,False,False,False,False,False,False,False,False,False,False,False,False,False,True,False,False,XGBoost,Per-Mutation,train,0.6,-0.56866556,-1.1686655640602113
2098,Staphylococcal nuclease,0.7,0.92,0,-23.99000000000001,False,False,False,False,False,False,True,False,False,False,False,False,False,False,False,False,False,False,False,False,False,False,False,False,False,False,False,False,False,True,False,False,False,False,False,False,False,False,False,False,XGBoost,Per-Mutation,train,0.7,-0.5739047,-1.2739046931266784
2096,Staphylococcal nuclease,0.0,1.27,0,26.03,False,False,False,False,False,False,True,False,False,False,False,False,False,False,False,False,False,False,False,False,False,False,False,False,False,False,False,False,False,False,False,False,False,False,False,False,False,False,False,True,XGBoost,Per-Mutation,train,0.0,-0.36990094,-0.3699009418487549
1614,Staphylococcal nuclease,-1.3,-0.020000000000000004,0,30.02000000000001,False,False,False,False,False,True,False,False,False,False,False,False,False,False,False,False,False,False,False,False,False,False,False,False,False,False,False,False,False,False,False,False,False,False,False,True,False,False,False,False,XGBoost,Per-Mutation,train,-1.3,-0.6169157,0.6830842971801758
2097,Staphylococcal nuclease,-0.2,-1.0400000000000003,0,18.04000000000002,False,False,False,False,False,False,False,True,False,False,False,False,False,False,False,False,False,False,False,False,False,False,False,False,False,False,False,False,False,False,True,False,False,False,False,False,False,False,False,False,XGBoost,Per-Mutation,train,-0.2,-0.42028812,-0.22028811573982238
2504,Staphylococcal nuclease,-0.4,-2.04,0,-49.08000000000001,False,False,False,False,False,False,False,False,False,False,False,False,False,False,False,False,False,False,True,False,False,False,False,False,False,False,True,False,False,False,False,False,False,False,False,False,False,False,False,False,XGBoost,Per-Mutation,train,-0.4,-0.7698877,-0.3698876857757568
2517,Subtilisin BPN',-1.0,-0.6799999999999999,-2,0.9399999999999977,False,False,False,False,False,False,False,False,True,False,False,False,False,False,False,False,False,False,False,False,False,False,False,True,False,False,False,False,False,False,False,False,False,False,False,False,False,False,False,False,XGBoost,Per-Mutation,train,-1.0,-0.6121658,0.38783419132232666
1359,Subtilisin inhibitor,1.27,-0.030000000000000027,1,-3.0200000000000102,False,False,False,False,False,False,False,False,False,False,True,False,False,False,False,False,False,False,False,False,False,False,False,False,False,False,False,False,True,False,False,False,False,False,False,False,False,False,False,False,XGBoost,Per-Mutation,train,1.27,-0.3506061,-1.6206061136722565
1376,Subtilisin inhibitor,1.25,-0.72,-1,-16.110000000000014,False,False,False,False,False,False,False,False,False,False,True,False,False,False,False,False,False,False,False,False,False,False,True,False,False,False,False,False,False,False,False,False,False,False,False,False,False,False,False,False,XGBoost,Per-Mutation,train,1.25,-0.12029293,-1.3702929317951202
307,Subtilisin inhibitor,-0.29,0.3500000000000001,0,-18.04000000000002,False,False,False,False,False,False,False,False,False,False,True,False,False,False,False,False,False,False,False,False,False,False,False,False,False,False,False,False,False,True,False,False,False,False,False,False,False,False,False,False,XGBoost,Per-Mutation,train,-0.29,-0.48709083,-0.19709082603454592
281,Subtilisin inhibitor,-5.69,0.7,0,48.03999999999999,False,False,False,False,False,False,False,False,False,False,False,False,False,False,False,False,False,True,False,False,False,False,False,False,True,False,False,False,False,False,False,False,False,False,False,False,False,False,False,False,XGBoost,Per-Mutation,train,-5.69,-2.2930267,3.3969733142852787
1373,Subtilisin inhibitor,-0.25,0.3500000000000001,0,-18.04000000000002,False,False,False,False,False,False,False,False,False,False,True,False,False,False,False,False,False,False,False,False,False,False,False,False,False,False,False,False,False,True,False,False,False,False,False,False,False,False,False,False,XGBoost,Per-Mutation,train,-0.25,-0.48709083,-0.2370908260345459
1374,Subtilisin inhibitor,-0.94,1.0400000000000003,0,-18.04000000000002,False,False,False,False,False,False,False,False,False,False,True,False,False,False,False,False,False,False,False,False,False,False,False,False,False,False,False,True,False,False,False,False,False,False,False,False,False,False,False,False,XGBoost,Per-Mutation,train,-0.94,-0.6798877,0.2601122879981994
1364,Subtilisin inhibitor,-0.46,0.14000000000000012,0,-32.06,False,False,False,False,False,False,False,False,False,False,True,False,False,False,False,False,False,False,False,False,False,False,False,False,False,False,False,False,False,False,False,False,False,False,False,False,False,True,False,False,XGBoost,Per-Mutation,train,-0.46,-0.5252066,-0.06520662546157835
1367,Subtilisin inhibitor,0.35,-0.030000000000000027,1,-3.0200000000000102,False,False,False,False,False,False,False,False,False,False,True,False,False,False,False,False,False,False,False,False,False,False,False,False,False,False,False,False,True,False,False,False,False,False,False,False,False,False,False,False,XGBoost,Per-Mutation,train,0.35,-0.3506061,-0.7006061136722564
304,Subtilisin inhibitor,-2.8,-0.57,0,-60.120000000000005,False,False,False,False,False,False,False,False,False,False,True,False,False,False,False,False,False,False,False,False,True,False,False,False,False,False,False,False,False,False,False,False,False,False,False,False,False,False,False,False,XGBoost,Per-Mutation,train,-2.8,-0.6335084,2.166491615772247
1358,Subtilisin inhibitor,0.77,0.3500000000000001,0,-18.04000000000002,False,False,False,False,False,False,False,False,False,False,True,False,False,False,False,False,False,False,False,False,False,False,False,False,False,False,False,False,False,True,False,False,False,False,False,False,False,False,False,False,XGBoost,Per-Mutation,train,0.77,-0.48709083,-1.257090826034546
278,Subtilisin inhibitor,-1.84,0.14000000000000012,0,-32.06,False,False,False,False,False,False,False,False,False,False,True,False,False,False,False,False,False,False,False,False,False,False,False,False,False,False,False,False,False,False,False,False,False,False,False,False,False,True,False,False,XGBoost,Per-Mutation,train,-1.84,-0.5252066,1.3147933745384217
1370,Subtilisin inhibitor,-0.06,-1.1099999999999999,0,-74.14000000000001,False,False,False,False,False,False,False,False,False,False,True,False,False,False,False,False,False,False,False,False,False,False,False,False,False,True,False,False,False,False,False,False,False,False,False,False,False,False,False,False,XGBoost,Per-Mutation,train,-0.06,-0.57468694,-0.5146869444847106
1365,Subtilisin inhibitor,-0.13,0.3500000000000001,0,-18.04000000000002,False,False,False,False,False,False,False,False,False,False,True,False,False,False,False,False,False,False,False,False,False,False,False,False,False,False,False,False,False,True,False,False,False,False,False,False,False,False,False,False,XGBoost,Per-Mutation,train,-0.13,-0.48709083,-0.3570908260345459
1355,Subtilisin inhibitor,-1.35,-0.57,0,-60.120000000000005,False,False,False,False,False,False,False,False,False,False,True,False,False,False,False,False,False,False,False,False,True,False,False,False,False,False,False,False,False,False,False,False,False,False,False,False,False,False,False,False,XGBoost,Per-Mutation,train,-1.35,-0.6335084,0.7164916157722474
287,Subtilisin inhibitor,-2.52,0.20999999999999996,0,14.019999999999982,False,False,False,False,False,False,False,False,False,False,False,False,False,False,False,False,False,True,False,False,False,False,False,False,False,False,False,False,False,True,False,False,False,False,False,False,False,False,False,False,XGBoost,Per-Mutation,train,-2.52,-0.64883596,1.8711640429496765
1368,Subtilisin inhibitor,1.6,-0.72,-1,-16.110000000000014,False,False,False,False,False,False,False,False,False,False,True,False,False,False,False,False,False,False,False,False,False,False,True,False,False,False,False,False,False,False,False,False,False,False,False,False,False,False,False,False,XGBoost,Per-Mutation,train,1.6,-0.12029293,-1.7202929317951203
284,Subtilisin inhibitor,-5.92,-0.14000000000000012,0,32.06,False,False,False,False,False,False,False,False,False,False,False,False,False,False,False,False,False,True,False,False,False,False,False,False,False,False,False,False,False,False,True,False,False,False,False,False,False,False,False,False,XGBoost,Per-Mutation,train,-5.92,-2.1921122,3.72788779258728
283,Subtilisin inhibitor,-2.21,0.20999999999999996,0,14.019999999999982,False,False,False,False,False,False,False,False,False,False,False,False,False,False,False,False,False,True,False,False,False,False,False,False,False,False,False,False,False,True,False,False,False,False,False,False,False,False,False,False,XGBoost,Per-Mutation,train,-2.21,-0.64883596,1.5611640429496765
1377,Subtilisin inhibitor,0.56,-0.71,-1,-2.0800000000000125,False,False,False,False,False,False,False,False,False,False,True,False,False,False,False,False,False,False,False,False,False,False,False,True,False,False,False,False,False,False,False,False,False,False,False,False,False,False,False,False,XGBoost,Per-Mutation,train,0.56,-0.450065,-1.0100649869441987
1379,Subtilisin inhibitor,0.13,-0.57,0,-60.120000000000005,False,False,False,False,False,False,False,False,False,False,True,False,False,False,False,False,False,False,False,False,True,False,False,False,False,False,False,False,False,False,False,False,False,False,False,False,False,False,False,False,XGBoost,Per-Mutation,train,0.13,-0.6335084,-0.7635083842277527
1372,Subtilisin inhibitor,-0.66,0.14000000000000012,0,-32.06,False,False,False,False,False,False,False,False,False,False,True,False,False,False,False,False,False,False,False,False,False,False,False,False,False,False,False,False,False,False,False,False,False,False,False,False,False,True,False,False,XGBoost,Per-Mutation,train,-0.66,-0.5252066,0.13479337453842166
306,Subtilisin inhibitor,-2.29,1.0400000000000003,0,-18.04000000000002,False,False,False,False,False,False,False,False,False,False,True,False,False,False,False,False,False,False,False,False,False,False,False,False,False,False,False,True,False,False,False,False,False,False,False,False,False,False,False,False,XGBoost,Per-Mutation,train,-2.29,-0.6798877,1.6101122879981995
1361,Subtilisin inhibitor,0.35,-0.71,-1,-2.0800000000000125,False,False,False,False,False,False,False,False,False,False,True,False,False,False,False,False,False,False,False,False,False,False,False,True,False,False,False,False,False,False,False,False,False,False,False,False,False,False,False,False,XGBoost,Per-Mutation,train,0.35,-0.450065,-0.8000649869441986
1363,Subtilisin inhibitor,0.54,-0.57,0,-60.120000000000005,False,False,False,False,False,False,False,False,False,False,True,False,False,False,False,False,False,False,False,False,True,False,False,False,False,False,False,False,False,False,False,False,False,False,False,False,False,False,False,False,XGBoost,Per-Mutation,train,0.54,-0.6335084,-1.1735083842277527
1371,Subtilisin inhibitor,0.55,-0.57,0,-60.120000000000005,False,False,False,False,False,False,False,False,False,False,True,False,False,False,False,False,False,False,False,False,True,False,False,False,False,False,False,False,False,False,False,False,False,False,False,False,False,False,False,False,XGBoost,Per-Mutation,train,0.55,-0.6335084,-1.1835083842277527
1357,Subtilisin inhibitor,-2.01,1.0400000000000003,0,-18.04000000000002,False,False,False,False,False,False,False,False,False,False,True,False,False,False,False,False,False,False,False,False,False,False,False,False,False,False,False,True,False,False,False,False,False,False,False,False,False,False,False,False,XGBoost,Per-Mutation,train,-2.01,-0.6798877,1.3301122879981992
1677,TEM beta-lactamase,0.26,0.010000000000000009,-1,-19.039999999999992,False,False,False,False,False,False,False,False,False,False,False,False,False,False,True,False,False,False,False,False,False,False,False,False,False,False,True,False,False,False,False,False,False,False,False,False,False,False,False,False,XGBoost,Per-Mutation,train,0.26,-1.0597328,-1.3197327947616577
1681,TEM beta-lactamase,-2.06,0.010000000000000009,-1,-19.039999999999992,False,False,False,False,False,False,False,False,False,False,False,False,False,False,True,False,False,False,False,False,False,False,False,False,False,False,True,False,False,False,False,False,False,False,False,False,False,False,False,False,XGBoost,Per-Mutation,train,-2.06,-1.0597328,1.0002672052383423
1651,TEM beta-lactamase,0.58,0.5599999999999999,0,-16.0,False,False,False,False,False,False,False,False,False,False,False,False,False,False,False,True,False,False,False,False,True,False,False,False,False,False,False,False,False,False,False,False,False,False,False,False,False,False,False,False,XGBoost,Per-Mutation,train,0.58,-0.51680404,-1.096804039478302
1650,TEM beta-lactamase,-0.61,-0.5499999999999999,-1,-69.10999999999999,False,False,False,False,False,False,False,False,False,False,False,False,False,False,True,False,False,False,False,False,False,False,False,False,False,False,False,False,False,False,False,False,False,False,False,True,False,False,False,False,XGBoost,Per-Mutation,train,-0.61,-6.2363887,-5.6263886833190915
1648,TEM beta-lactamase,-1.25,-0.020000000000000004,0,30.02000000000001,False,False,False,False,False,True,False,False,False,False,False,False,False,False,False,False,False,False,False,False,False,False,False,False,False,False,False,False,False,False,False,False,False,False,False,True,False,False,False,False,XGBoost,Per-Mutation,train,-1.25,-0.6169157,0.6330842971801758
1682,TEM beta-lactamase,-2.0,0.010000000000000009,-1,-19.039999999999992,False,False,False,False,False,False,False,False,False,False,False,False,False,False,True,False,False,False,False,False,False,False,False,False,False,False,True,False,False,False,False,False,False,False,False,False,False,False,False,False,XGBoost,Per-Mutation,train,-2.0,-1.0597328,0.9402672052383423
270,Tailspike protein,-2.3,0.8500000000000001,1,-29.97999999999999,False,False,False,True,False,False,False,False,False,False,False,False,False,False,False,False,False,False,False,False,False,False,False,False,False,False,False,False,False,False,False,False,False,False,False,False,False,True,False,False,XGBoost,Per-Mutation,train,-2.3,-0.592521,1.7074789881706236
269,Tailspike protein,-4.0,0.53,1,99.13,False,False,False,False,False,True,False,False,False,False,False,False,False,False,False,False,False,False,False,False,False,False,False,False,False,False,False,False,False,False,False,False,False,False,True,False,False,False,False,False,XGBoost,Per-Mutation,train,-4.0,-1.8146604,2.185339570045471
273,Tailspike protein,-17.4,-0.5499999999999999,-1,-69.10999999999999,False,False,False,False,False,False,False,False,False,False,False,False,False,False,True,False,False,False,False,False,False,False,False,False,False,False,False,False,False,False,False,False,False,False,False,True,False,False,False,False,XGBoost,Per-Mutation,train,-17.4,-6.2363887,11.163611316680907
271,Tailspike protein,-10.3,0.5499999999999999,0,-28.00999999999999,False,False,False,False,False,False,False,False,False,False,False,False,False,False,True,False,False,False,False,False,False,False,False,False,False,False,False,False,True,False,False,False,False,False,False,False,False,False,False,False,XGBoost,Per-Mutation,train,-10.3,-5.980535,4.3194649696350105
2496,Thermonuclease,0.6,-0.45999999999999996,0,-10.019999999999982,False,False,False,False,False,False,False,False,False,True,False,False,False,False,False,False,False,False,False,False,False,True,False,False,False,False,False,False,False,False,False,False,False,False,False,False,False,False,False,False,XGBoost,Per-Mutation,train,0.6,-0.60747725,-1.2074772477149964
2495,Thermonuclease,-2.9,-0.45999999999999996,0,-10.019999999999982,False,False,False,False,False,False,False,False,False,True,False,False,False,False,False,False,False,False,False,False,False,True,False,False,False,False,False,False,False,False,False,False,False,False,False,False,False,False,False,False,XGBoost,Per-Mutation,train,-2.9,-0.60747725,2.2925227522850036
1314,Tryptophan synthase alpha-subunit,-0.04,-1.3399999999999999,0,-26.039999999999992,False,False,False,False,False,False,False,False,False,False,False,False,True,False,False,False,False,False,False,False,True,False,False,False,False,False,False,False,False,False,False,False,False,False,False,False,False,False,False,False,XGBoost,Per-Mutation,train,-0.04,-1.3424789,-1.30247887134552
0,Villin-1,1.73,-0.4,1,-0.9799999999999898,False,False,True,False,False,False,False,False,False,False,False,False,False,False,False,False,False,False,False,False,False,False,False,False,False,False,False,False,False,False,False,True,False,False,False,False,False,False,False,False,XGBoost,Per-Mutation,train,1.73,-0.46697804,-2.196978043317795
156,Villin-1,-0.5,-0.7100000000000001,0,-28.060000000000002,False,False,False,False,False,False,False,False,False,False,False,False,False,False,False,False,False,True,False,False,True,False,False,False,False,False,False,False,False,False,False,False,False,False,False,False,False,False,False,False,XGBoost,Per-Mutation,train,-0.5,-0.8003121,-0.3003121018409729
155,Villin-1,-2.3,-1.4100000000000001,0,-76.1,False,False,False,False,True,False,False,False,False,False,False,False,False,False,False,False,False,False,False,False,True,False,False,False,False,False,False,False,False,False,False,False,False,False,False,False,False,False,False,False,XGBoost,Per-Mutation,train,-2.3,-1.7677047,0.5322952747344969
157,Villin-1,-1.8,-1.4100000000000001,0,-76.1,False,False,False,False,True,False,False,False,False,False,False,False,False,False,False,False,False,False,False,False,True,False,False,False,False,False,False,False,False,False,False,False,False,False,False,False,False,False,False,False,XGBoost,Per-Mutation,train,-1.8,-1.7677047,0.032295274734497115
87,Villin-1,-0.8,0.5599999999999999,0,-16.0,False,False,False,False,False,False,False,False,False,False,False,False,False,False,False,True,False,False,False,False,True,False,False,False,False,False,False,False,False,False,False,False,False,False,False,False,False,False,False,False,XGBoost,Per-Mutation,train,-0.8,-0.51680404,0.28319596052169804
6,Villin-1,-0.88,-0.4,1,-0.9799999999999898,False,False,True,False,False,False,False,False,False,False,False,False,False,False,False,False,False,False,False,False,False,False,False,False,False,False,False,False,False,False,False,True,False,False,False,False,False,False,False,False,XGBoost,Per-Mutation,train,-0.88,-0.46697804,0.4130219566822052
159,Villin-1,-3.3,-1.4100000000000001,0,-76.1,False,False,False,False,True,False,False,False,False,False,False,False,False,False,False,False,False,False,False,False,True,False,False,False,False,False,False,False,False,False,False,False,False,False,False,False,False,False,False,False,XGBoost,Per-Mutation,train,-3.3,-1.7677047,1.532295274734497
88,Villin-1,-1.1,1.27,0,-1.9699999999999989,False,False,False,False,False,False,False,False,False,False,False,False,False,False,False,False,True,False,False,False,False,False,False,False,False,False,False,False,False,False,False,False,False,False,False,False,False,True,False,False,XGBoost,Per-Mutation,train,-1.1,-0.6647214,0.43527857065200815
2180,Acidic fibroblast growth factor,0.75,1.27,0,26.03,False,False,False,False,False,False,True,False,False,False,False,False,False,False,False,False,False,False,False,False,False,False,False,False,False,False,False,False,False,False,False,False,False,False,False,False,False,False,False,True,XGBoost,Per-Mutation,val,0.75,-0.36990094,-1.1199009418487549
2086,Acidic fibroblast growth factor,0.1,1.27,0,26.03,False,False,False,False,False,False,True,False,False,False,False,False,False,False,False,False,False,False,False,False,False,False,False,False,False,False,False,False,False,False,False,False,False,False,False,False,False,False,False,True,XGBoost,Per-Mutation,val,0.1,-0.36990094,-0.46990094184875486
2459,Adenylate kinase,-1.2,0.9000000000000001,0,14.019999999999982,False,False,False,False,False,False,False,False,False,False,False,False,False,False,False,False,False,True,False,False,False,False,False,False,False,False,False,True,False,False,False,False,False,False,False,False,False,False,False,False,XGBoost,Per-Mutation,val,-1.2,-0.43408838,0.7659116208553314
2256,Adrenodoxin,-1.19,-0.5599999999999999,0,-36.03999999999999,False,False,False,False,False,False,True,False,False,False,False,False,False,False,False,False,False,False,False,False,False,False,False,False,False,False,False,False,False,False,False,False,False,False,False,False,True,False,False,False,XGBoost,Per-Mutation,val,-1.19,-1.2644424,-0.0744424438476563
2263,Adrenodoxin,-0.21,0.77,0,23.05000000000001,False,False,False,False,False,False,False,False,False,False,False,False,False,False,False,False,False,False,False,True,False,False,False,False,False,False,False,False,False,False,False,False,False,False,False,False,False,False,True,False,XGBoost,Per-Mutation,val,-0.21,-0.54145664,-0.33145663976669315
64,Alpha-lactalbumin,-0.93,0.4299999999999997,0,73.07000000000002,False,False,False,False,False,False,False,True,False,False,False,False,False,False,False,False,False,False,False,False,False,False,False,False,False,False,False,False,False,False,False,False,False,False,False,False,False,False,True,False,XGBoost,Per-Mutation,val,-0.93,-1.3035246,-0.3735246133804321
50,Alpha-lactalbumin,-0.96,0.61,0,-57.06,False,False,False,False,False,False,False,False,False,False,False,False,False,True,False,False,False,False,False,False,True,False,False,False,False,False,False,False,False,False,False,False,False,False,False,False,False,False,False,False,XGBoost,Per-Mutation,val,-0.96,-0.5436812,0.4163187956809997
45,Alpha-lactalbumin,0.07,1.27,0,26.03,False,False,False,False,False,False,True,False,False,False,False,False,False,False,False,False,False,False,False,False,False,False,False,False,False,False,False,False,False,False,False,False,False,False,False,False,False,False,False,True,XGBoost,Per-Mutation,val,0.07,-0.36990094,-0.4399009418487549
57,Alpha-lactalbumin,2.65,-1.0899999999999999,-1,-14.069999999999993,False,False,False,False,False,False,False,False,True,False,False,False,False,False,False,False,False,False,False,False,False,False,False,False,False,False,False,False,False,False,False,True,False,False,False,False,False,False,False,False,XGBoost,Per-Mutation,val,2.65,-0.31029424,-2.9602942407131194
2394,Alpha-spectrin,0.57,-0.39,1,-58.03,False,False,True,False,False,False,False,False,False,False,False,False,False,False,False,False,False,False,False,False,False,False,False,False,False,True,False,False,False,False,False,False,False,False,False,False,False,False,False,False,XGBoost,Per-Mutation,val,0.57,-0.52165234,-1.091652340888977
1926,Apoflavodoxin,-0.71,0.6799999999999999,2,-0.9399999999999977,False,False,False,True,False,False,False,False,False,False,False,False,False,False,False,False,False,False,False,False,False,False,False,False,False,False,False,False,True,False,False,False,False,False,False,False,False,False,False,False,XGBoost,Per-Mutation,val,-0.71,-0.51163095,0.19836904764175411
1899,Apoflavodoxin,-1.16,0.6799999999999999,2,-0.9399999999999977,False,False,False,True,False,False,False,False,False,False,False,False,False,False,False,False,False,False,False,False,False,False,False,False,False,False,False,False,True,False,False,False,False,False,False,False,False,False,False,False,XGBoost,Per-Mutation,val,-1.16,-0.51163095,0.6483690476417541
2010,Apoflavodoxin,0.38,0.54,0,14.02000000000001,False,False,False,False,False,True,False,False,False,False,False,False,False,False,False,False,False,False,False,False,True,False,False,False,False,False,False,False,False,False,False,False,False,False,False,False,False,False,False,False,XGBoost,Per-Mutation,val,0.38,-0.5743348,-0.9543348002433777
1911,Apoflavodoxin,-1.15,0.69,2,13.090000000000003,False,False,True,False,False,False,False,False,False,False,False,False,False,False,False,False,False,False,False,False,False,False,False,False,False,False,False,False,True,False,False,False,False,False,False,False,False,False,False,False,XGBoost,Per-Mutation,val,-1.15,-0.51163095,0.6383690476417541
1951,Apoflavodoxin,-1.03,-1.6100000000000003,0,-42.079999999999984,False,False,False,False,False,False,False,True,False,False,False,False,False,False,False,False,False,False,False,False,True,False,False,False,False,False,False,False,False,False,False,False,False,False,False,False,False,False,False,False,XGBoost,Per-Mutation,val,-1.03,-1.7924399,-0.7624399375915527
1964,Apoflavodoxin,-0.29,-0.7100000000000001,0,-28.060000000000002,False,False,False,False,False,False,False,False,False,False,False,False,False,False,False,False,False,True,False,False,True,False,False,False,False,False,False,False,False,False,False,False,False,False,False,False,False,False,False,False,XGBoost,Per-Mutation,val,-0.29,-0.8003121,-0.5103121018409729
2015,Apoflavodoxin,0.16,0.7100000000000001,0,28.060000000000002,True,False,False,False,False,False,False,False,False,False,False,False,False,False,False,False,False,False,False,False,False,False,False,False,False,False,False,False,False,False,False,False,False,False,False,False,False,True,False,False,XGBoost,Per-Mutation,val,0.16,-0.6800545,-0.8400544857978821
1957,Apoflavodoxin,-1.25,-0.54,0,-14.02000000000001,True,False,False,False,False,False,False,False,False,False,False,False,False,False,False,False,False,False,False,False,False,False,False,False,False,True,False,False,False,False,False,False,False,False,False,False,False,False,False,False,XGBoost,Per-Mutation,val,-1.25,-0.55128694,0.6987130641937256
1935,Apoflavodoxin,0.04,0.14999999999999997,1,-44.00999999999999,False,False,True,False,False,False,False,False,False,False,False,False,False,False,False,False,False,False,False,False,True,False,False,False,False,False,False,False,False,False,False,False,False,False,False,False,False,False,False,False,XGBoost,Per-Mutation,val,0.04,-0.58367467,-0.6236746692657471
1950,Apoflavodoxin,-1.74,-0.92,0,-42.079999999999984,False,False,False,False,False,False,False,False,False,True,False,False,False,False,False,False,False,False,False,False,True,False,False,False,False,False,False,False,False,False,False,False,False,False,False,False,False,False,False,False,XGBoost,Per-Mutation,val,-1.74,-0.43434086,1.3056591355800629
1967,Apoflavodoxin,-1.1,-0.7100000000000001,0,-28.060000000000002,False,False,False,False,False,False,False,False,False,False,False,False,False,False,False,False,False,True,False,False,True,False,False,False,False,False,False,False,False,False,False,False,False,False,False,False,False,False,False,False,XGBoost,Per-Mutation,val,-1.1,-0.8003121,0.2996878981590272
1959,Apoflavodoxin,0.49,0.61,0,-57.06,False,False,False,False,False,False,False,False,False,False,False,False,False,True,False,False,False,False,False,False,True,False,False,False,False,False,False,False,False,False,False,False,False,False,False,False,False,False,False,False,XGBoost,Per-Mutation,val,0.49,-0.5436812,-1.0336812043190002
1913,Apoflavodoxin,0.22,0.69,2,13.090000000000003,False,False,True,False,False,False,False,False,False,False,False,False,False,False,False,False,False,False,False,False,False,False,False,False,False,False,False,False,True,False,False,False,False,False,False,False,False,False,False,False,XGBoost,Per-Mutation,val,0.22,-0.51163095,-0.7316309523582458
1916,Apoflavodoxin,-0.07,0.6799999999999999,2,-0.9399999999999977,False,False,False,True,False,False,False,False,False,False,False,False,False,False,False,False,False,False,False,False,False,False,False,False,False,False,False,False,True,False,False,False,False,False,False,False,False,False,False,False,XGBoost,Per-Mutation,val,-0.07,-0.51163095,-0.44163095235824584
1960,Apoflavodoxin,-0.11,-0.9000000000000001,0,-14.019999999999982,False,False,False,False,False,False,False,True,False,False,False,False,False,False,False,False,False,False,False,False,False,False,False,False,False,False,False,False,False,False,False,False,False,False,False,False,False,True,False,False,XGBoost,Per-Mutation,val,-0.11,-0.7839516,-0.6739515805244446
1940,Apoflavodoxin,-0.22,0.55,0,-43.03,False,False,False,False,False,False,False,False,False,False,False,True,False,False,False,False,False,False,False,False,True,False,False,False,False,False,False,False,False,False,False,False,False,False,False,False,False,False,False,False,XGBoost,Per-Mutation,val,-0.22,-0.8053831,-0.5853830862045288
1912,Apoflavodoxin,-0.55,0.69,2,13.090000000000003,False,False,True,False,False,False,False,False,False,False,False,False,False,False,False,False,False,False,False,False,False,False,False,False,False,False,False,False,True,False,False,False,False,False,False,False,False,False,False,False,XGBoost,Per-Mutation,val,-0.55,-0.51163095,0.038369047641754195
71,Beta-lactamase TEM,-3.5,-0.5599999999999999,0,16.0,True,False,False,False,False,False,False,False,False,False,False,False,False,False,False,False,False,False,False,False,False,False,False,False,False,False,False,False,False,False,False,False,False,False,False,True,False,False,False,False,XGBoost,Per-Mutation,val,-3.5,-0.7964651,2.7035349011421204
2515,Catabolite activator protein,0.14,1.9,0,10.039999999999992,False,False,False,False,False,False,False,False,False,False,False,False,False,False,False,True,False,False,False,False,False,False,False,False,False,False,False,False,False,False,False,False,True,False,False,False,False,False,False,False,XGBoost,Per-Mutation,val,0.14,-0.22111483,-0.36111482918262483
2519,Chitinase,0.81,1.0899999999999999,1,14.069999999999993,False,False,False,False,False,False,False,False,False,False,False,True,False,False,False,False,False,False,False,False,False,False,False,False,False,False,False,False,True,False,False,False,False,False,False,False,False,False,False,False,XGBoost,Per-Mutation,val,0.81,0.83068115,0.020681145191192574
1828,Chymotrypsin inhibitor,-0.7,-0.41,1,-15.009999999999991,False,False,False,True,False,False,False,False,False,False,False,False,False,False,False,False,False,False,False,False,False,False,False,False,False,False,False,False,False,False,False,True,False,False,False,False,False,False,False,False,XGBoost,Per-Mutation,val,-0.7,-0.49074265,0.2092573463916778
2364,Chymotrypsin inhibitor,-0.92,-0.9000000000000001,0,-14.019999999999982,False,False,False,False,False,False,False,True,False,False,False,False,False,False,False,False,False,False,False,False,False,False,False,False,False,False,False,False,False,False,False,False,False,False,False,False,False,True,False,False,XGBoost,Per-Mutation,val,-0.92,-0.7839516,0.13604841947555546
1830,Chymotrypsin inhibitor,0.23,-0.5399999999999999,-1,-57.099999999999994,False,False,False,False,False,False,False,False,True,False,False,False,False,False,False,False,False,False,False,False,True,False,False,False,False,False,False,False,False,False,False,False,False,False,False,False,False,False,False,False,XGBoost,Per-Mutation,val,0.23,-0.58293355,-0.8129335451126098
2369,Chymotrypsin inhibitor,0.09,-0.9000000000000001,0,-14.019999999999982,False,False,False,False,False,False,False,True,False,False,False,False,False,False,False,False,False,False,False,False,False,False,False,False,False,False,False,False,False,False,False,False,False,False,False,False,False,True,False,False,XGBoost,Per-Mutation,val,0.09,-0.7839516,-0.8739515805244445
1846,Chymotrypsin inhibitor,-2.11,-0.49,0,-34.02000000000001,False,False,False,False,True,False,False,False,False,False,False,False,False,False,False,False,False,False,False,False,False,False,False,False,False,False,False,False,False,True,False,False,False,False,False,False,False,False,False,False,XGBoost,Per-Mutation,val,-2.11,-0.5871867,1.5228133058547972
1835,Chymotrypsin inhibitor,-1.3,-0.9000000000000001,0,-14.019999999999982,False,False,False,False,False,False,False,True,False,False,False,False,False,False,False,False,False,False,False,False,False,False,False,False,False,False,False,False,False,False,False,False,False,False,False,False,False,True,False,False,XGBoost,Per-Mutation,val,-1.3,-0.7839516,0.5160484194755555
360,Chymotrypsin inhibitor-2,1.82,-1.3399999999999999,0,-26.039999999999992,False,False,False,False,False,False,False,False,False,False,False,False,True,False,False,False,False,False,False,False,True,False,False,False,False,False,False,False,False,False,False,False,False,False,False,False,False,False,False,False,XGBoost,Per-Mutation,val,1.82,-1.3424789,-3.1624788713455203
9,Class A sortase SrtA,2.3183582,-0.7200000000000001,1,57.04999999999998,False,False,False,False,False,False,False,False,False,False,False,False,False,False,False,False,False,True,False,False,False,False,False,False,False,False,False,False,False,False,False,False,False,False,True,False,False,False,False,False,XGBoost,Per-Mutation,val,2.3183582,-1.9654812,-4.2838393620712285
2417,Cytochrome b5,0.14,0.13999999999999996,2,41.099999999999994,False,False,True,False,False,False,False,False,False,False,False,False,False,False,False,False,False,False,False,False,False,False,False,False,False,False,False,False,False,False,False,False,False,False,True,False,False,False,False,False,XGBoost,Per-Mutation,val,0.14,-0.8497437,-0.9897437238693237
143,Disks large homolog 4,-1.44,1.49,1,-17.97,False,False,True,False,False,False,False,False,False,False,False,False,False,False,False,False,False,False,False,False,False,False,False,False,False,False,False,False,False,False,False,False,True,False,False,False,False,False,False,False,XGBoost,Per-Mutation,val,-1.44,-0.46212813,0.9778718674182891
2446,Disulfide bond formation protein D,1.28,1.27,0,-1.9699999999999989,False,False,False,False,False,False,False,False,False,False,False,False,False,False,False,False,True,False,False,False,False,False,False,False,False,False,False,False,False,False,False,False,False,False,False,False,False,True,False,False,XGBoost,Per-Mutation,val,1.28,-0.6647214,-1.944721429347992
2094,Fibroblast growth factor-1,-0.57,0.20999999999999996,0,14.019999999999982,False,False,False,False,False,False,False,False,False,False,False,False,False,False,False,False,False,True,False,False,False,False,False,False,False,False,False,False,False,True,False,False,False,False,False,False,False,False,False,False,XGBoost,Per-Mutation,val,-0.57,-0.64883596,-0.07883595705032354
1969,Flavodoxin,0.04,0.20999999999999996,0,14.019999999999982,False,False,False,False,False,False,False,False,False,False,False,False,False,False,False,False,False,True,False,False,False,False,False,False,False,False,False,False,False,True,False,False,False,False,False,False,False,False,False,False,XGBoost,Per-Mutation,val,0.04,-0.64883596,-0.6888359570503235
1968,Flavodoxin,0.08,0.9000000000000001,0,14.019999999999982,False,False,False,False,False,False,False,False,False,False,False,False,False,False,False,False,False,True,False,False,False,False,False,False,False,False,False,True,False,False,False,False,False,False,False,False,False,False,False,False,XGBoost,Per-Mutation,val,0.08,-0.43408838,-0.5140883791446685
473,Glutamate dehydrogenase,0.23,-0.5399999999999999,-1,-57.099999999999994,False,False,False,False,False,False,False,False,True,False,False,False,False,False,False,False,False,False,False,False,True,False,False,False,False,False,False,False,False,False,False,False,False,False,False,False,False,False,False,False,XGBoost,Per-Mutation,val,0.23,-0.58293355,-0.8129335451126098
99,Guanyl-specific ribonuclease T1 (RNase T1) (EC 4.6.1.24),-3.2,0.5599999999999999,0,-30.03,False,False,False,False,False,False,False,False,False,False,False,False,False,False,False,False,True,False,False,False,True,False,False,False,False,False,False,False,False,False,False,False,False,False,False,False,False,False,False,False,XGBoost,Per-Mutation,val,-3.2,-0.63186336,2.5681366443634035
968,Guanyl-specific ribonuclease T1n,-2.1,-1.9,0,-10.039999999999992,False,False,False,False,False,False,False,False,False,False,False,False,True,False,False,False,False,False,False,False,False,False,False,False,False,False,False,False,False,False,False,False,False,False,False,True,False,False,False,False,XGBoost,Per-Mutation,val,-2.1,-0.7226037,1.377396321296692
1772,HU DNA-binding protein,0.73,0.5599999999999999,0,-16.0,False,False,False,False,False,False,False,False,False,False,False,False,False,False,False,True,False,False,False,False,True,False,False,False,False,False,False,False,False,False,False,False,False,False,False,False,False,False,False,False,XGBoost,Per-Mutation,val,0.73,-0.51680404,-1.246804039478302
2511,High mobility group protein,-1.85,0.5599999999999999,0,50.06999999999999,False,False,False,False,False,False,False,False,False,False,False,False,False,False,False,True,False,False,False,False,False,False,False,False,False,False,True,False,False,False,False,False,False,False,False,False,False,False,False,False,XGBoost,Per-Mutation,val,-1.85,-0.9734183,0.8765817046165467
2297,Iso-1 cytochrome c,2.62,2.16,0,-0.950000000000017,False,False,False,False,False,False,False,False,False,False,False,True,False,False,False,False,False,False,False,False,False,False,False,False,False,False,False,True,False,False,False,False,False,False,False,False,False,False,False,False,XGBoost,Per-Mutation,val,2.62,1.9735342,-0.6464657735824586
2296,Iso-1 cytochrome c,3.03,2.16,0,-0.950000000000017,False,False,False,False,False,False,False,False,False,False,False,True,False,False,False,False,False,False,False,False,False,False,False,False,False,False,False,True,False,False,False,False,False,False,False,False,False,False,False,False,XGBoost,Per-Mutation,val,3.03,1.9735342,-1.0564657735824583
2289,Iso-1 cytochrome c,1.67,1.26,0,-14.969999999999999,False,False,False,False,False,False,False,False,False,False,False,True,False,False,False,False,False,False,False,False,False,False,False,False,False,False,False,False,False,False,False,False,False,False,False,False,False,True,False,False,XGBoost,Per-Mutation,val,1.67,0.9206944,-0.7493055891990661
2281,Iso-1 cytochrome c,-0.05,-0.009999999999999995,0,-27.03,False,False,False,False,False,False,False,False,False,False,False,True,False,False,False,False,False,False,False,False,False,False,False,False,False,False,False,False,False,False,False,False,False,False,False,True,False,False,False,False,XGBoost,Per-Mutation,val,-0.05,-0.35416678,-0.30416677594184877
2285,Iso-1 cytochrome c,0.59,-0.009999999999999995,0,-13.0,False,False,False,False,False,False,False,False,False,False,False,True,False,False,False,False,False,False,False,False,False,False,False,False,False,False,False,False,False,False,False,False,False,False,False,False,True,False,False,False,XGBoost,Per-Mutation,val,0.59,0.13150795,-0.45849205195903775
2293,Iso-1 cytochrome c,2.56,1.47,0,-0.950000000000017,False,False,False,False,False,False,False,False,False,False,False,True,False,False,False,False,False,False,False,False,False,False,False,False,False,False,False,False,False,True,False,False,False,False,False,False,False,False,False,False,XGBoost,Per-Mutation,val,2.56,0.9206944,-1.6393055891990662
1609,Lambda repressor,-2.25,-1.27,0,-26.03,False,False,False,False,False,False,False,False,False,False,False,False,False,False,False,False,False,False,False,True,False,False,False,False,False,False,True,False,False,False,False,False,False,False,False,False,False,False,False,False,XGBoost,Per-Mutation,val,-2.25,-1.526171,0.7238290309906006
1349,Lambda repressor,0.66,0.54,0,14.02000000000001,False,False,False,False,False,True,False,False,False,False,False,False,False,False,False,False,False,False,False,False,True,False,False,False,False,False,False,False,False,False,False,False,False,False,False,False,False,False,False,False,XGBoost,Per-Mutation,val,0.66,-0.5743348,-1.2343348002433778
149,Myelin P2 protein,-1.91,-1.4100000000000001,0,-76.1,False,False,False,False,True,False,False,False,False,False,False,False,False,False,False,False,False,False,False,False,True,False,False,False,False,False,False,False,False,False,False,False,False,False,False,False,False,False,False,False,XGBoost,Per-Mutation,val,-1.91,-1.7677047,0.142295274734497
1480,Peripheral subunit binding protein domain,-1.5,-0.7100000000000001,0,-28.060000000000002,False,False,False,False,False,False,False,False,False,False,False,False,False,False,False,False,False,True,False,False,True,False,False,False,False,False,False,False,False,False,False,False,False,False,False,False,False,False,False,False,XGBoost,Per-Mutation,val,-1.5,-0.8003121,0.6996878981590271
41,Peripheral subunit-binding domain,1.58,-0.54,0,-80.09,False,False,False,False,False,False,True,False,False,False,False,False,False,False,False,False,False,False,False,False,False,False,False,False,False,True,False,False,False,False,False,False,False,False,False,False,False,False,False,False,XGBoost,Per-Mutation,val,1.58,-1.3299606,-2.909960584640503
33,Peripheral subunit-binding domain,0.29,0.0,0,-14.030000000000001,False,False,False,False,False,False,False,False,False,False,False,False,False,False,False,False,True,False,False,False,False,False,False,False,False,False,False,False,False,False,False,False,False,False,False,True,False,False,False,False,XGBoost,Per-Mutation,val,0.29,-0.4887634,-0.7787633919715882
21,Peripheral subunit-binding domain,0.47,0.020000000000000004,0,-30.02000000000001,False,False,False,False,False,False,False,False,False,False,False,False,False,False,False,True,False,False,False,False,False,False,False,False,False,True,False,False,False,False,False,False,False,False,False,False,False,False,False,False,XGBoost,Per-Mutation,val,0.47,-0.5882037,-1.058203728199005
24,Peripheral subunit-binding domain,0.03,-0.9000000000000001,0,-14.019999999999982,False,False,False,False,False,False,False,True,False,False,False,False,False,False,False,False,False,False,False,False,False,False,False,False,False,False,False,False,False,False,False,False,False,False,False,False,False,True,False,False,XGBoost,Per-Mutation,val,0.03,-0.7839516,-0.8139515805244446
23,Peripheral subunit-binding domain,0.37,-0.54,0,-14.02000000000001,True,False,False,False,False,False,False,False,False,False,False,False,False,False,False,False,False,False,False,False,False,False,False,False,False,True,False,False,False,False,False,False,False,False,False,False,False,False,False,False,XGBoost,Per-Mutation,val,0.37,-0.55128694,-0.9212869358062744
819,Plasminogen activator kringle-2 domain,-2.4,-1.27,0,-12.060000000000002,False,False,False,False,False,False,False,False,False,False,False,False,False,False,False,False,False,True,False,False,False,False,False,False,False,False,False,False,False,False,False,False,False,False,False,True,False,False,False,False,XGBoost,Per-Mutation,val,-2.4,-1.0372558,1.3627442359924316
1323,Ribonuclease,-8.4,1.25,0,42.08000000000001,False,False,False,False,False,True,False,False,False,False,False,False,False,False,False,False,False,False,False,False,False,False,False,False,False,False,False,False,False,False,False,False,False,False,False,False,False,True,False,False,XGBoost,Per-Mutation,val,-8.4,-0.56866556,7.831334435939789
2404,Ribonuclease,-4.9,-1.8099999999999998,0,-106.12,False,False,False,False,False,False,False,False,False,False,False,False,False,False,False,False,False,False,False,True,False,False,False,False,False,True,False,False,False,False,False,False,False,False,False,False,False,False,False,False,XGBoost,Per-Mutation,val,-4.9,-4.202566,0.6974338531494144
2348,Ribonuclease,-2.08,0.020000000000000004,0,-44.05000000000001,False,False,False,False,False,False,False,False,False,False,False,False,False,False,False,False,True,False,False,False,False,False,False,False,False,True,False,False,False,False,False,False,False,False,False,False,False,False,False,False,XGBoost,Per-Mutation,val,-2.08,-0.6632344,1.4167655873298646
1321,Ribonuclease,-5.3,0.54,0,14.02000000000001,False,False,False,False,False,True,False,False,False,False,False,False,False,False,False,False,False,False,False,False,True,False,False,False,False,False,False,False,False,False,False,False,False,False,False,False,False,False,False,False,XGBoost,Per-Mutation,val,-5.3,-0.5743348,4.725665199756622
2352,Ribonuclease,-2.46,-0.4,1,-0.9799999999999898,False,False,True,False,False,False,False,False,False,False,False,False,False,False,False,False,False,False,False,False,False,False,False,False,False,False,False,False,False,False,False,True,False,False,False,False,False,False,False,False,XGBoost,Per-Mutation,val,-2.46,-0.46697804,1.9930219566822052
2349,Ribonuclease,-2.83,0.5599999999999999,0,-16.0,False,False,False,False,False,False,False,False,False,False,False,False,False,False,False,True,False,False,False,False,True,False,False,False,False,False,False,False,False,False,False,False,False,False,False,False,False,False,False,False,XGBoost,Per-Mutation,val,-2.83,-0.51680404,2.313195960521698
2356,Ribonuclease,-0.69,0.14999999999999997,1,-44.00999999999999,False,False,True,False,False,False,False,False,False,False,False,False,False,False,False,False,False,False,False,False,True,False,False,False,False,False,False,False,False,False,False,False,False,False,False,False,False,False,False,False,XGBoost,Per-Mutation,val,-0.69,-0.58367467,0.10632533073425288
2403,Ribonuclease,-0.2,0.61,0,-57.06,False,False,False,False,False,False,False,False,False,False,False,False,False,True,False,False,False,False,False,False,True,False,False,False,False,False,False,False,False,False,False,False,False,False,False,False,False,False,False,False,XGBoost,Per-Mutation,val,-0.2,-0.5436812,-0.34368120431900023
111,Ribonuclease MC1,-2.92,0.92,0,42.079999999999984,True,False,False,False,False,False,False,False,False,False,False,False,False,False,False,False,False,False,False,False,False,False,False,False,False,False,False,False,False,True,False,False,False,False,False,False,False,False,False,False,XGBoost,Per-Mutation,val,-2.92,-0.6474544,2.272545619010925
2328,Ribonuclease Sa3,-1.0,0.14000000000000012,0,-16.0,False,False,False,False,False,False,False,False,False,False,False,False,False,False,False,False,False,False,False,True,False,False,False,False,True,False,False,False,False,False,False,False,False,False,False,False,False,False,False,False,XGBoost,Per-Mutation,val,-1.0,-0.50370145,0.49629855155944824
1617,Staphylococcal nuclease,1.3,0.92,0,-23.99000000000001,False,False,False,False,False,False,True,False,False,False,False,False,False,False,False,False,False,False,False,False,False,False,False,False,False,False,False,False,False,True,False,False,False,False,False,False,False,False,False,False,XGBoost,Per-Mutation,val,1.3,-0.5739047,-1.8739046931266785
1612,Staphylococcal nuclease,-2.6,-0.92,0,-42.079999999999984,False,False,False,False,False,False,False,False,False,True,False,False,False,False,False,False,False,False,False,False,True,False,False,False,False,False,False,False,False,False,False,False,False,False,False,False,False,False,False,False,XGBoost,Per-Mutation,val,-2.6,-0.43434086,2.165659135580063
2095,Staphylococcal nuclease,-1.2,0.49,0,34.02000000000001,False,False,False,False,False,False,False,False,False,True,False,False,False,False,False,False,False,False,False,False,False,False,False,False,True,False,False,False,False,False,False,False,False,False,False,False,False,False,False,False,XGBoost,Per-Mutation,val,-1.2,-0.73356587,0.4664341330528259
1804,Staphylococcal nuclease,1.9,0.92,0,-23.99000000000001,False,False,False,False,False,False,True,False,False,False,False,False,False,False,False,False,False,False,False,False,False,False,False,False,False,False,False,False,False,True,False,False,False,False,False,False,False,False,False,False,XGBoost,Per-Mutation,val,1.9,-0.5739047,-2.4739046931266784
2516,Subtilisin BPN',-1.1,1.53,0,-14.980000000000018,False,False,False,False,False,False,False,False,False,False,False,False,False,True,False,False,False,False,False,False,False,False,False,False,False,False,False,False,False,True,False,False,False,False,False,False,False,False,False,False,XGBoost,Per-Mutation,val,-1.1,-0.29549295,0.8045070528984071
1380,Subtilisin inhibitor,-0.95,0.14000000000000012,0,-32.06,False,False,False,False,False,False,False,False,False,False,True,False,False,False,False,False,False,False,False,False,False,False,False,False,False,False,False,False,False,False,False,False,False,False,False,False,False,True,False,False,XGBoost,Per-Mutation,val,-0.95,-0.5252066,0.4247933745384216
1375,Subtilisin inhibitor,0.05,-0.030000000000000027,1,-3.0200000000000102,False,False,False,False,False,False,False,False,False,False,True,False,False,False,False,False,False,False,False,False,False,False,False,False,False,False,False,False,True,False,False,False,False,False,False,False,False,False,False,False,XGBoost,Per-Mutation,val,0.05,-0.3506061,-0.40060611367225646
280,Subtilisin inhibitor,0.15,0.3500000000000001,0,-18.04000000000002,False,False,False,False,False,False,False,False,False,False,True,False,False,False,False,False,False,False,False,False,False,False,False,False,False,False,False,False,False,True,False,False,False,False,False,False,False,False,False,False,XGBoost,Per-Mutation,val,0.15,-0.48709083,-0.6370908260345459
288,Subtilisin inhibitor,-5.43,-0.14000000000000012,0,32.06,False,False,False,False,False,False,False,False,False,False,False,False,False,False,False,False,False,True,False,False,False,False,False,False,False,False,False,False,False,False,True,False,False,False,False,False,False,False,False,False,XGBoost,Per-Mutation,val,-5.43,-2.1921122,3.23788779258728
286,Subtilisin inhibitor,-0.94,0.9000000000000001,0,14.019999999999982,False,False,False,False,False,False,False,False,False,False,False,False,False,False,False,False,False,True,False,False,False,False,False,False,False,False,False,True,False,False,False,False,False,False,False,False,False,False,False,False,XGBoost,Per-Mutation,val,-0.94,-0.43408838,0.5059116208553314
1369,Subtilisin inhibitor,1.05,-0.71,-1,-2.0800000000000125,False,False,False,False,False,False,False,False,False,False,True,False,False,False,False,False,False,False,False,False,False,False,False,True,False,False,False,False,False,False,False,False,False,False,False,False,False,False,False,False,XGBoost,Per-Mutation,val,1.05,-0.450065,-1.5000649869441987
305,Subtilisin inhibitor,-2.22,0.14000000000000012,0,-32.06,False,False,False,False,False,False,False,False,False,False,True,False,False,False,False,False,False,False,False,False,False,False,False,False,False,False,False,False,False,False,False,False,False,False,False,False,False,True,False,False,XGBoost,Per-Mutation,val,-2.22,-0.5252066,1.6947933745384218
1366,Subtilisin inhibitor,-0.73,1.0400000000000003,0,-18.04000000000002,False,False,False,False,False,False,False,False,False,False,True,False,False,False,False,False,False,False,False,False,False,False,False,False,False,False,False,True,False,False,False,False,False,False,False,False,False,False,False,False,XGBoost,Per-Mutation,val,-0.73,-0.6798877,0.050112287998199445
1679,TEM beta-lactamase,-0.6,0.010000000000000009,-1,-19.039999999999992,False,False,False,False,False,False,False,False,False,False,False,False,False,False,True,False,False,False,False,False,False,False,False,False,False,False,True,False,False,False,False,False,False,False,False,False,False,False,False,False,XGBoost,Per-Mutation,val,-0.6,-1.0597328,-0.45973279476165774
1680,TEM beta-lactamase,-1.07,0.010000000000000009,-1,-19.039999999999992,False,False,False,False,False,False,False,False,False,False,False,False,False,False,True,False,False,False,False,False,False,False,False,False,False,False,True,False,False,False,False,False,False,False,False,False,False,False,False,False,XGBoost,Per-Mutation,val,-1.07,-1.0597328,0.010267205238342347
268,Tailspike protein,-1.6,2.1700000000000004,0,12.049999999999983,False,False,False,False,False,False,False,False,False,False,False,False,False,False,False,False,True,False,False,False,False,False,False,False,False,False,False,True,False,False,False,False,False,False,False,False,False,False,False,False,XGBoost,Per-Mutation,val,-1.6,0.64821994,2.24821994304657
2494,Thermonuclease,-2.8,-0.95,0,-44.03999999999999,False,False,False,False,True,False,False,False,False,False,False,False,False,False,False,False,False,False,False,False,False,True,False,False,False,False,False,False,False,False,False,False,False,False,False,False,False,False,False,False,XGBoost,Per-Mutation,val,-2.8,-0.6096898,2.190310227870941
1315,Tryptophan synthase alpha-subunit,-0.52,-1.3399999999999999,0,-26.039999999999992,False,False,False,False,False,False,False,False,False,False,False,False,True,False,False,False,False,False,False,False,True,False,False,False,False,False,False,False,False,False,False,False,False,False,False,False,False,False,False,False,XGBoost,Per-Mutation,val,-0.52,-1.3424789,-0.82247887134552
7,Villin-1,-0.1,-0.47,1,-0.9799999999999898,False,False,False,True,False,False,False,False,False,False,False,False,False,False,False,False,False,False,False,False,False,False,False,False,False,False,False,False,False,False,False,False,False,True,False,False,False,False,False,False,XGBoost,Per-Mutation,val,-0.1,-0.5425016,-0.4425016283988953
2,Villin-1,1.61,-0.4,1,-0.9799999999999898,False,False,True,False,False,False,False,False,False,False,False,False,False,False,False,False,False,False,False,False,False,False,False,False,False,False,False,False,False,False,False,True,False,False,False,False,False,False,False,False,XGBoost,Per-Mutation,val,1.61,-0.46697804,-2.076978043317795
2088,Acidic fibroblast growth factor,-0.11,0.9000000000000001,0,14.019999999999982,False,False,False,False,False,False,False,False,False,False,False,False,False,False,False,False,False,True,False,False,False,False,False,False,False,False,False,True,False,False,False,False,False,False,False,False,False,False,False,False,XGBoost,Per-Mutation,test,-0.11,-0.43408838,-0.3240883791446686
2466,Acidic fibroblast growth factor,-1.91,-1.02,0,-16.060000000000002,False,True,False,False,False,False,False,False,False,False,False,False,False,False,False,False,False,False,False,False,False,False,False,False,False,False,False,False,False,False,False,False,False,False,False,True,False,False,False,False,XGBoost,Per-Mutation,test,-1.91,-0.32490572,1.5850942766666412
2085,Acidic fibroblast growth factor,0.47,0.49,0,34.02000000000001,False,False,False,False,False,False,False,False,False,True,False,False,False,False,False,False,False,False,False,False,False,False,False,False,True,False,False,False,False,False,False,False,False,False,False,False,False,False,False,False,XGBoost,Per-Mutation,test,0.47,-0.73356587,-1.203565866947174
2183,Acidic fibroblast growth factor,0.33,-0.14000000000000012,0,16.0,False,False,False,False,True,False,False,False,False,False,False,False,False,False,False,False,False,False,False,False,False,False,False,False,False,False,False,False,False,False,False,False,False,False,False,False,False,False,False,True,XGBoost,Per-Mutation,test,0.33,-0.5485627,-0.8785627055168153
2457,Adenylate kinase,-2.15,0.4,-1,0.9799999999999898,False,False,False,False,False,False,False,False,False,False,False,True,False,False,False,False,False,False,False,False,False,False,True,False,False,False,False,False,False,False,False,False,False,False,False,False,False,False,False,False,XGBoost,Per-Mutation,test,-2.15,-0.013102371,2.1368976287543773
2261,Adrenodoxin,-0.36,-0.34999999999999987,0,-50.02000000000001,False,False,False,False,False,False,False,False,False,False,False,False,False,False,False,False,False,False,False,True,False,False,False,False,False,False,False,False,False,True,False,False,False,False,False,False,False,False,False,False,XGBoost,Per-Mutation,test,-0.36,-0.5634221,-0.2034220838546753
2265,Adrenodoxin,0.45,0.009999999999999953,0,14.030000000000001,False,False,True,False,False,False,False,False,False,False,False,False,False,False,False,False,False,False,False,False,False,False,False,True,False,False,False,False,False,False,False,False,False,False,False,False,False,False,False,False,XGBoost,Per-Mutation,test,0.45,-0.52835405,-0.9783540487289428
2264,Adrenodoxin,0.96,-1.02,0,-16.060000000000002,False,True,False,False,False,False,False,False,False,False,False,False,False,False,False,False,False,False,False,False,False,False,False,False,False,False,False,False,False,False,False,False,False,False,False,True,False,False,False,False,XGBoost,Per-Mutation,test,0.96,-0.32490572,-1.2849057233333587
61,Alpha-lactalbumin,-0.93,-0.7100000000000001,0,-28.060000000000002,False,False,False,False,False,False,False,False,False,False,False,False,False,False,False,False,False,True,False,False,True,False,False,False,False,False,False,False,False,False,False,False,False,False,False,False,False,False,False,False,XGBoost,Per-Mutation,test,-0.93,-0.8003121,0.12968789815902715
59,Alpha-lactalbumin,-0.65,-0.6799999999999999,-2,0.9399999999999977,False,False,False,False,False,False,False,False,True,False,False,False,False,False,False,False,False,False,False,False,False,False,False,True,False,False,False,False,False,False,False,False,False,False,False,False,False,False,False,False,XGBoost,Per-Mutation,test,-0.65,-0.6121658,0.03783419132232668
66,Alpha-lactalbumin,-2.39,-1.27,0,-92.1,False,False,False,False,False,False,False,False,False,False,False,False,False,False,False,False,False,False,False,True,True,False,False,False,False,False,False,False,False,False,False,False,False,False,False,False,False,False,False,False,XGBoost,Per-Mutation,test,-2.39,-3.7341995,-1.3441995239257811
60,Alpha-lactalbumin,-0.24,-1.26,0,14.969999999999999,False,False,False,False,False,False,False,False,False,False,False,False,False,False,False,False,False,True,False,False,False,False,False,False,False,False,False,False,False,False,False,True,False,False,False,False,False,False,False,False,XGBoost,Per-Mutation,test,-0.24,-1.130167,-0.8901670074462891
48,Alpha-lactalbumin,0.43,-0.93,1,43.03,False,False,False,False,False,False,False,False,False,True,False,False,False,False,False,False,False,False,False,False,False,False,False,False,False,False,False,False,False,False,False,False,False,False,True,False,False,False,False,False,XGBoost,Per-Mutation,test,0.43,-0.39613813,-0.8261381316184997
47,Alpha-lactalbumin,1.39,-0.92,0,23.99000000000001,False,False,False,False,False,False,False,False,False,True,False,False,False,False,False,False,False,False,False,False,False,False,False,False,False,False,True,False,False,False,False,False,False,False,False,False,False,False,False,False,XGBoost,Per-Mutation,test,1.39,-0.1507558,-1.5407557928562163
2395,Alpha-spectrin,1.05,-0.39,1,-58.03,False,False,True,False,False,False,False,False,False,False,False,False,False,False,False,False,False,False,False,False,False,False,False,False,False,True,False,False,False,False,False,False,False,False,False,False,False,False,False,False,XGBoost,Per-Mutation,test,1.05,-0.52165234,-1.571652340888977
1900,Apoflavodoxin,0.22,0.6799999999999999,2,-0.9399999999999977,False,False,False,True,False,False,False,False,False,False,False,False,False,False,False,False,False,False,False,False,False,False,False,False,False,False,False,False,True,False,False,False,False,False,False,False,False,False,False,False,XGBoost,Per-Mutation,test,0.22,-0.51163095,-0.7316309523582458
2013,Apoflavodoxin,0.05,0.9000000000000001,0,14.019999999999982,False,False,False,False,False,False,False,False,False,False,False,False,False,False,False,False,False,True,False,False,False,False,False,False,False,False,False,True,False,False,False,False,False,False,False,False,False,False,False,False,XGBoost,Per-Mutation,test,0.05,-0.43408838,-0.48408837914466857
1919,Apoflavodoxin,0.6,0.69,2,13.090000000000003,False,False,True,False,False,False,False,False,False,False,False,False,False,False,False,False,False,False,False,False,False,False,False,False,False,False,False,False,True,False,False,False,False,False,False,False,False,False,False,False,XGBoost,Per-Mutation,test,0.6,-0.51163095,-1.111630952358246
1955,Apoflavodoxin,-0.6,-0.9000000000000001,0,-14.019999999999982,False,False,False,False,False,False,False,True,False,False,False,False,False,False,False,False,False,False,False,False,False,False,False,False,False,False,False,False,False,False,False,False,False,False,False,False,False,True,False,False,XGBoost,Per-Mutation,test,-0.6,-0.7839516,-0.1839515805244446
1946,Apoflavodoxin,-0.6,-0.7100000000000001,0,-28.060000000000002,False,False,False,False,False,False,False,False,False,False,False,False,False,False,False,False,False,True,False,False,True,False,False,False,False,False,False,False,False,False,False,False,False,False,False,False,False,False,False,False,XGBoost,Per-Mutation,test,-0.6,-0.8003121,-0.20031210184097292
2016,Apoflavodoxin,0.15,0.14,1,-58.03999999999999,False,False,False,True,False,False,False,False,False,False,False,False,False,False,False,False,False,False,False,False,True,False,False,False,False,False,False,False,False,False,False,False,False,False,False,False,False,False,False,False,XGBoost,Per-Mutation,test,0.15,-0.48368108,-0.6336810827255249
1932,Apoflavodoxin,-1.11,-0.92,0,-42.079999999999984,False,False,False,False,False,False,False,False,False,True,False,False,False,False,False,False,False,False,False,False,True,False,False,False,False,False,False,False,False,False,False,False,False,False,False,False,False,False,False,False,XGBoost,Per-Mutation,test,-1.11,-0.43434086,0.675659135580063
1907,Apoflavodoxin,-1.22,0.6799999999999999,2,-0.9399999999999977,False,False,False,True,False,False,False,False,False,False,False,False,False,False,False,False,False,False,False,False,False,False,False,False,False,False,False,False,True,False,False,False,False,False,False,False,False,False,False,False,XGBoost,Per-Mutation,test,-1.22,-0.51163095,0.7083690476417541
1929,Apoflavodoxin,-0.98,0.69,2,13.090000000000003,False,False,True,False,False,False,False,False,False,False,False,False,False,False,False,False,False,False,False,False,False,False,False,False,False,False,False,False,True,False,False,False,False,False,False,False,False,False,False,False,XGBoost,Per-Mutation,test,-0.98,-0.51163095,0.46836904764175413
1931,Apoflavodoxin,0.48,0.69,2,13.090000000000003,False,False,True,False,False,False,False,False,False,False,False,False,False,False,False,False,False,False,False,False,False,False,False,False,False,False,False,False,True,False,False,False,False,False,False,False,False,False,False,False,XGBoost,Per-Mutation,test,0.48,-0.51163095,-0.9916309523582458
1944,Apoflavodoxin,-0.95,-0.7100000000000001,0,-28.060000000000002,False,False,False,False,False,False,False,False,False,False,False,False,False,False,False,False,False,True,False,False,True,False,False,False,False,False,False,False,False,False,False,False,False,False,False,False,False,False,False,False,XGBoost,Per-Mutation,test,-0.95,-0.8003121,0.14968789815902706
2004,Apoflavodoxin,0.19,0.9000000000000001,0,14.019999999999982,False,False,False,False,False,False,False,False,False,False,False,False,False,False,False,False,False,True,False,False,False,False,False,False,False,False,False,True,False,False,False,False,False,False,False,False,False,False,False,False,XGBoost,Per-Mutation,test,0.19,-0.43408838,-0.6240883791446685
1948,Apoflavodoxin,-0.69,-0.9000000000000001,0,-14.019999999999982,False,False,False,False,False,False,False,True,False,False,False,False,False,False,False,False,False,False,False,False,False,False,False,False,False,False,False,False,False,False,False,False,False,False,False,False,False,True,False,False,XGBoost,Per-Mutation,test,-0.69,-0.7839516,-0.09395158052444463
1930,Apoflavodoxin,-0.99,0.69,2,13.090000000000003,False,False,True,False,False,False,False,False,False,False,False,False,False,False,False,False,False,False,False,False,False,False,False,False,False,False,False,False,True,False,False,False,False,False,False,False,False,False,False,False,XGBoost,Per-Mutation,test,-0.99,-0.51163095,0.47836904764175414
2008,Apoflavodoxin,0.17,0.6799999999999999,2,-0.9399999999999977,False,False,False,True,False,False,False,False,False,False,False,False,False,False,False,False,False,False,False,False,False,False,False,False,False,False,False,False,True,False,False,False,False,False,False,False,False,False,False,False,XGBoost,Per-Mutation,test,0.17,-0.51163095,-0.6816309523582459
1961,Apoflavodoxin,-0.34,0.5599999999999999,0,-16.0,False,False,False,False,False,False,False,False,False,False,False,False,False,False,False,True,False,False,False,False,True,False,False,False,False,False,False,False,False,False,False,False,False,False,False,False,False,False,False,False,XGBoost,Per-Mutation,test,-0.34,-0.51680404,-0.17680403947830198
1921,Apoflavodoxin,-1.12,0.6799999999999999,2,-0.9399999999999977,False,False,False,True,False,False,False,False,False,False,False,False,False,False,False,False,False,False,False,False,False,False,False,False,False,False,False,False,True,False,False,False,False,False,False,False,False,False,False,False,XGBoost,Per-Mutation,test,-1.12,-0.51163095,0.6083690476417543
1891,Apoflavodoxin,-0.06,0.6799999999999999,2,-0.9399999999999977,False,False,False,True,False,False,False,False,False,False,False,False,False,False,False,False,False,False,False,False,False,False,False,False,False,False,False,False,True,False,False,False,False,False,False,False,False,False,False,False,XGBoost,Per-Mutation,test,-0.06,-0.51163095,-0.45163095235824585
1924,Apoflavodoxin,-0.28,0.69,2,13.090000000000003,False,False,True,False,False,False,False,False,False,False,False,False,False,False,False,False,False,False,False,False,False,False,False,False,False,False,False,False,True,False,False,False,False,False,False,False,False,False,False,False,XGBoost,Per-Mutation,test,-0.28,-0.51163095,-0.23163095235824582
68,Beta-lactamase TEM,2.2,-0.020000000000000004,0,30.02000000000001,False,False,False,False,False,True,False,False,False,False,False,False,False,False,False,False,False,False,False,False,False,False,False,False,False,False,False,False,False,False,False,False,False,False,False,True,False,False,False,False,XGBoost,Per-Mutation,test,2.2,-0.6169157,-2.8169157028198244
2521,Chitinase,0.62,-0.07,0,71.08000000000001,False,False,False,False,False,True,False,False,False,False,False,False,False,False,False,False,False,False,False,False,False,False,False,False,False,False,False,False,False,False,False,False,False,True,False,False,False,False,False,False,XGBoost,Per-Mutation,test,0.62,-1.2274821,-1.8474820804595948
2493,Chymotrypsin inhibitor,1.0,0.5599999999999999,0,-16.0,False,False,False,False,False,False,False,False,False,False,False,False,False,False,False,True,False,False,False,False,True,False,False,False,False,False,False,False,False,False,False,False,False,False,False,False,False,False,False,False,XGBoost,Per-Mutation,test,1.0,-0.51680404,-1.516804039478302
1840,Chymotrypsin inhibitor,0.19,-0.9000000000000001,0,-14.019999999999982,False,False,False,False,False,False,False,True,False,False,False,False,False,False,False,False,False,False,False,False,False,False,False,False,False,False,False,False,False,False,False,False,False,False,False,False,False,True,False,False,XGBoost,Per-Mutation,test,0.19,-0.7839516,-0.9739515805244445
2360,Chymotrypsin inhibitor,-2.66,-0.92,0,-42.079999999999984,False,False,False,False,False,False,False,False,False,True,False,False,False,False,False,False,False,False,False,False,True,False,False,False,False,False,False,False,False,False,False,False,False,False,False,False,False,False,False,False,XGBoost,Per-Mutation,test,-2.66,-0.43434086,2.225659135580063
1827,Chymotrypsin inhibitor,-0.89,0.5599999999999999,0,-16.0,False,False,False,False,False,False,False,False,False,False,False,False,False,False,False,True,False,False,False,False,True,False,False,False,False,False,False,False,False,False,False,False,False,False,False,False,False,False,False,False,XGBoost,Per-Mutation,test,-0.89,-0.51680404,0.373195960521698
1829,Chymotrypsin inhibitor,-0.49,-0.5399999999999999,-1,-57.099999999999994,False,False,False,False,False,False,False,False,True,False,False,False,False,False,False,False,False,False,False,False,True,False,False,False,False,False,False,False,False,False,False,False,False,False,False,False,False,False,False,False,XGBoost,Per-Mutation,test,-0.49,-0.58293355,-0.09293354511260987
1839,Chymotrypsin inhibitor,-1.95,-0.7100000000000001,0,-28.060000000000002,False,False,False,False,False,False,False,False,False,False,False,False,False,False,False,False,False,True,False,False,True,False,False,False,False,False,False,False,False,False,False,False,False,False,False,False,False,False,False,False,XGBoost,Per-Mutation,test,-1.95,-0.8003121,1.149687898159027
2367,Chymotrypsin inhibitor,-3.74,-0.92,0,-42.079999999999984,False,False,False,False,False,False,False,False,False,True,False,False,False,False,False,False,False,False,False,False,True,False,False,False,False,False,False,False,False,False,False,False,False,False,False,False,False,False,False,False,XGBoost,Per-Mutation,test,-3.74,-0.43434086,3.305659135580063
1832,Chymotrypsin inhibitor,-0.65,-0.5399999999999999,-1,-57.099999999999994,False,False,False,False,False,False,False,False,True,False,False,False,False,False,False,False,False,False,False,False,True,False,False,False,False,False,False,False,False,False,False,False,False,False,False,False,False,False,False,False,XGBoost,Per-Mutation,test,-0.65,-0.58293355,0.06706645488739016
358,Chymotrypsin inhibitor-2,0.26,-0.5399999999999999,-1,-57.099999999999994,False,False,False,False,False,False,False,False,True,False,False,False,False,False,False,False,False,False,False,False,True,False,False,False,False,False,False,False,False,False,False,False,False,False,False,False,False,False,False,False,XGBoost,Per-Mutation,test,0.26,-0.58293355,-0.8429335451126099
2416,Cytochrome b5,-1.51,-1.3399999999999999,0,-26.039999999999992,False,False,False,False,False,False,False,False,False,False,False,False,True,False,False,False,False,False,False,False,True,False,False,False,False,False,False,False,False,False,False,False,False,False,False,False,False,False,False,False,XGBoost,Per-Mutation,test,-1.51,-1.3424789,0.16752112865448
2447,Disulfide bond formation protein D,-1.06,-0.47,1,-0.9799999999999898,False,False,False,True,False,False,False,False,False,False,False,False,False,False,False,False,False,False,False,False,False,False,False,False,False,False,False,False,False,False,False,False,False,True,False,False,False,False,False,False,XGBoost,Per-Mutation,test,-1.06,-0.5425016,0.5174983716011048
17,Fibroblast growth factor-1,0.07,0.6299999999999999,0,39.05000000000001,False,False,False,False,True,False,False,False,False,False,False,False,False,False,False,False,False,False,False,False,False,False,False,False,False,False,False,False,False,False,False,False,False,False,False,False,False,False,True,False,XGBoost,Per-Mutation,test,0.07,-0.7014947,-0.7714946937561036
16,Fibroblast growth factor-1,-0.72,0.49,0,34.02000000000001,False,False,False,False,False,False,False,False,False,True,False,False,False,False,False,False,False,False,False,False,False,False,False,False,True,False,False,False,False,False,False,False,False,False,False,False,False,False,False,False,XGBoost,Per-Mutation,test,-0.72,-0.73356587,-0.013565866947174099
1979,Flavodoxin,-0.21,1.46,0,56.099999999999994,False,False,False,False,False,True,False,False,False,False,False,False,False,False,False,False,False,False,False,False,False,False,False,False,False,False,False,False,False,True,False,False,False,False,False,False,False,False,False,False,XGBoost,Per-Mutation,test,-0.21,-0.9803379,-0.770337917804718
1972,Flavodoxin,0.04,0.20999999999999996,0,14.019999999999982,False,False,False,False,False,False,False,False,False,False,False,False,False,False,False,False,False,True,False,False,False,False,False,False,False,False,False,False,False,True,False,False,False,False,False,False,False,False,False,False,XGBoost,Per-Mutation,test,0.04,-0.64883596,-0.6888359570503235
1976,Flavodoxin,-0.03,0.9000000000000001,0,14.019999999999982,False,False,False,False,False,False,False,False,False,False,False,False,False,False,False,False,False,True,False,False,False,False,False,False,False,False,False,True,False,False,False,False,False,False,False,False,False,False,False,False,XGBoost,Per-Mutation,test,-0.03,-0.43408838,-0.40408837914466855
1978,Flavodoxin,0.12,1.25,0,42.08000000000001,False,False,False,False,False,True,False,False,False,False,False,False,False,False,False,False,False,False,False,False,False,False,False,False,False,False,False,False,False,False,False,False,False,False,False,False,False,True,False,False,XGBoost,Per-Mutation,test,0.12,-0.56866556,-0.6886655640602112
471,Glutamate dehydrogenase,-0.34,0.010000000000000009,-1,-85.10999999999999,False,False,False,False,False,False,False,False,False,False,False,False,False,False,True,False,False,False,False,False,True,False,False,False,False,False,False,False,False,False,False,False,False,False,False,False,False,False,False,False,XGBoost,Per-Mutation,test,-0.34,-5.146582,-4.806582126617432
102,Guanyl-specific ribonuclease T1 (RNase T1) (EC 4.6.1.24),-1.0,1.27,0,-1.9699999999999989,False,False,False,False,False,False,False,False,False,False,False,False,False,False,False,False,True,False,False,False,False,False,False,False,False,False,False,False,False,False,False,False,False,False,False,False,False,True,False,False,XGBoost,Per-Mutation,test,-1.0,-0.6647214,0.33527857065200806
970,Guanyl-specific ribonuclease T1n,-2.8,-1.88,0,-40.06,False,False,False,False,False,False,False,False,False,False,False,False,True,False,False,False,False,False,False,False,False,False,False,False,False,True,False,False,False,False,False,False,False,False,False,False,False,False,False,False,XGBoost,Per-Mutation,test,-2.8,-1.8286641,0.9713359355926512
1771,HU DNA-binding protein,1.55,-0.39999999999999997,1,-72.06,False,False,False,True,False,False,False,False,False,False,False,False,False,False,False,False,False,False,False,False,False,False,False,False,False,True,False,False,False,False,False,False,False,False,False,False,False,False,False,False,XGBoost,Per-Mutation,test,1.55,-0.5982668,-2.148266780376434
2509,High mobility group protein,0.0,-1.6100000000000003,0,23.99000000000001,False,False,False,False,False,False,False,True,False,False,False,False,False,False,False,False,False,False,False,False,False,False,False,False,False,False,True,False,False,False,False,False,False,False,False,False,False,False,False,False,XGBoost,Per-Mutation,test,0.0,-1.2197025,-1.2197024822235107
2513,High mobility group protein,-0.34,0.54,0,80.09,False,False,False,False,False,True,False,False,False,False,False,False,False,False,False,False,False,False,False,False,False,False,False,False,False,False,True,False,False,False,False,False,False,False,False,False,False,False,False,False,XGBoost,Per-Mutation,test,-0.34,-0.8242531,-0.4842530822753906
1849,Iso-1 cytochrome c,2.9,-0.4600000000000001,0,-32.06,False,True,False,False,False,False,False,False,False,False,False,False,False,False,False,False,False,False,False,False,True,False,False,False,False,False,False,False,False,False,False,False,False,False,False,False,False,False,False,False,XGBoost,Per-Mutation,test,2.9,-0.26030913,-3.1603091299533843
1848,Iso-1 cytochrome c,2.8,-1.02,0,-16.060000000000002,False,True,False,False,False,False,False,False,False,False,False,False,False,False,False,False,False,False,False,False,False,False,False,False,False,False,False,False,False,False,False,False,False,False,False,True,False,False,False,False,XGBoost,Per-Mutation,test,2.8,-0.32490572,-3.1249057233333586
2284,Iso-1 cytochrome c,-0.53,-0.009999999999999995,0,-13.0,False,False,False,False,False,False,False,False,False,False,False,True,False,False,False,False,False,False,False,False,False,False,False,False,False,False,False,False,False,False,False,False,False,False,False,False,True,False,False,False,XGBoost,Per-Mutation,test,-0.53,0.13150795,0.6615079480409622
2286,Iso-1 cytochrome c,1.01,-0.009999999999999995,0,-13.0,False,False,False,False,False,False,False,False,False,False,False,True,False,False,False,False,False,False,False,False,False,False,False,False,False,False,False,False,False,False,False,False,False,False,False,False,True,False,False,False,XGBoost,Per-Mutation,test,1.01,0.13150795,-0.8784920519590378
2357,Iso-1 cytochrome c,4.2,2.16,0,-0.950000000000017,False,False,False,False,False,False,False,False,False,False,False,True,False,False,False,False,False,False,False,False,False,False,False,False,False,False,False,True,False,False,False,False,False,False,False,False,False,False,False,False,XGBoost,Per-Mutation,test,4.2,1.9735342,-2.2264657735824587
2294,Iso-1 cytochrome c,2.02,2.16,0,-0.950000000000017,False,False,False,False,False,False,False,False,False,False,False,True,False,False,False,False,False,False,False,False,False,False,False,False,False,False,False,True,False,False,False,False,False,False,False,False,False,False,False,False,XGBoost,Per-Mutation,test,2.02,1.9735342,-0.046465773582458514
2288,Iso-1 cytochrome c,0.63,0.55,0,-43.03,False,False,False,False,False,False,False,False,False,False,False,True,False,False,False,False,False,False,False,False,True,False,False,False,False,False,False,False,False,False,False,False,False,False,False,False,False,False,False,False,XGBoost,Per-Mutation,test,0.63,-0.8053831,-1.4353830862045287
918,Lambda repressor,2.4,-0.8099999999999998,0,-60.03999999999999,False,False,False,False,False,False,False,False,False,False,False,False,False,False,False,False,False,False,False,True,False,True,False,False,False,False,False,False,False,False,False,False,False,False,False,False,False,False,False,False,XGBoost,Per-Mutation,test,2.4,-0.75777936,-3.157779359817505
1606,Lambda repressor,1.32,1.88,0,35.03999999999999,False,False,False,False,False,False,False,False,False,False,False,False,False,True,False,False,False,False,False,False,False,False,False,False,False,False,False,False,False,False,False,False,False,False,False,False,False,False,False,True,XGBoost,Per-Mutation,test,1.32,-0.52993906,-1.8499390554428101
1611,Lambda repressor,-2.25,-2.1700000000000004,0,-26.079999999999984,False,False,False,False,False,False,False,True,False,False,False,False,False,False,False,False,False,False,False,False,False,False,False,False,False,False,False,False,False,False,False,False,False,False,False,True,False,False,False,False,XGBoost,Per-Mutation,test,-2.25,-2.338723,-0.08872294425964355
150,Myelin P2 protein,-5.38,-1.88,0,-40.06,False,False,False,False,False,False,False,False,False,False,False,False,True,False,False,False,False,False,False,False,False,False,False,False,False,True,False,False,False,False,False,False,False,False,False,False,False,False,False,False,XGBoost,Per-Mutation,test,-5.38,-1.8286641,3.5513359355926513
29,Peripheral subunit-binding domain,1.9,-0.92,0,-42.079999999999984,False,False,False,False,False,False,False,False,False,True,False,False,False,False,False,False,False,False,False,False,True,False,False,False,False,False,False,False,False,False,False,False,False,False,False,False,False,False,False,False,XGBoost,Per-Mutation,test,1.9,-0.43434086,-2.334340864419937
25,Peripheral subunit-binding domain,1.63,-1.6100000000000003,0,-42.079999999999984,False,False,False,False,False,False,False,True,False,False,False,False,False,False,False,False,False,False,False,False,True,False,False,False,False,False,False,False,False,False,False,False,False,False,False,False,False,False,False,False,XGBoost,Per-Mutation,test,1.63,-1.7924399,-3.4224399375915526
36,Peripheral subunit-binding domain,2.12,-0.92,0,-42.079999999999984,False,False,False,False,False,False,False,False,False,True,False,False,False,False,False,False,False,False,False,False,True,False,False,False,False,False,False,False,False,False,False,False,False,False,False,False,False,False,False,False,XGBoost,Per-Mutation,test,2.12,-0.43434086,-2.5543408644199372
31,Peripheral subunit-binding domain,0.43,-0.54,0,-14.02000000000001,True,False,False,False,False,False,False,False,False,False,False,False,False,False,False,False,False,False,False,False,False,False,False,False,False,True,False,False,False,False,False,False,False,False,False,False,False,False,False,False,XGBoost,Per-Mutation,test,0.43,-0.55128694,-0.9812869358062744
32,Peripheral subunit-binding domain,0.75,-0.9000000000000001,0,-14.019999999999982,False,False,False,False,False,False,False,True,False,False,False,False,False,False,False,False,False,False,False,False,False,False,False,False,False,False,False,False,False,False,False,False,False,False,False,False,False,True,False,False,XGBoost,Per-Mutation,test,0.75,-0.7839516,-1.5339515805244446
22,Peripheral subunit-binding domain,-0.38,-1.3399999999999999,0,-26.039999999999992,False,False,False,False,False,False,False,False,False,False,False,False,True,False,False,False,False,False,False,False,True,False,False,False,False,False,False,False,False,False,False,False,False,False,False,False,False,False,False,False,XGBoost,Per-Mutation,test,-0.38,-1.3424789,-0.96247887134552
816,Plasminogen activator kringle-2 domain,-1.9,0.20999999999999996,0,14.019999999999982,False,False,False,False,False,False,False,False,False,False,False,False,False,False,False,False,False,True,False,False,False,False,False,False,False,False,False,False,False,True,False,False,False,False,False,False,False,False,False,False,XGBoost,Per-Mutation,test,-1.9,-0.64883596,1.2511640429496764
818,Plasminogen activator kringle-2 domain,-2.2,-0.14000000000000012,0,32.06,False,False,False,False,False,False,False,False,False,False,False,False,False,False,False,False,False,True,False,False,False,False,False,False,False,False,False,False,False,False,True,False,False,False,False,False,False,False,False,False,XGBoost,Per-Mutation,test,-2.2,-2.1921122,0.007887792587280451
2401,Ribonuclease,-6.4,-1.8099999999999998,0,-106.12,False,False,False,False,False,False,False,False,False,False,False,False,False,False,False,False,False,False,False,True,False,False,False,False,False,True,False,False,False,False,False,False,False,False,False,False,False,False,False,False,XGBoost,Per-Mutation,test,-6.4,-4.202566,2.1974338531494144
1322,Ribonuclease,-7.8,1.25,0,42.08000000000001,False,False,False,False,False,True,False,False,False,False,False,False,False,False,False,False,False,False,False,False,False,False,False,False,False,False,False,False,False,False,False,False,False,False,False,False,False,True,False,False,XGBoost,Per-Mutation,test,-7.8,-0.56866556,7.231334435939789
2405,Ribonuclease,-3.1,-2.1500000000000004,0,-56.099999999999994,False,False,False,False,False,False,False,True,False,False,False,False,False,False,False,False,False,False,False,False,False,False,False,False,False,True,False,False,False,False,False,False,False,False,False,False,False,False,False,False,XGBoost,Per-Mutation,test,-3.1,-3.3420959,-0.24209585189819327
2355,Ribonuclease,-0.78,-0.39,1,-58.03,False,False,True,False,False,False,False,False,False,False,False,False,False,False,False,False,False,False,False,False,False,False,False,False,False,True,False,False,False,False,False,False,False,False,False,False,False,False,False,False,XGBoost,Per-Mutation,test,-0.78,-0.52165234,0.258347659111023
2407,Ribonuclease,-5.4,-0.39999999999999997,1,-72.06,False,False,False,True,False,False,False,False,False,False,False,False,False,False,False,False,False,False,False,False,False,False,False,False,False,True,False,False,False,False,False,False,False,False,False,False,False,False,False,False,XGBoost,Per-Mutation,test,-5.4,-0.5982668,4.801733219623566
1793,Ribonuclease,-4.2,-0.92,0,-42.079999999999984,False,False,False,False,False,False,False,False,False,True,False,False,False,False,False,False,False,False,False,False,True,False,False,False,False,False,False,False,False,False,False,False,False,False,False,False,False,False,False,False,XGBoost,Per-Mutation,test,-4.2,-0.43434086,3.765659135580063
2452,Ribonuclease,-2.6,-0.4,1,-0.9799999999999898,False,False,True,False,False,False,False,False,False,False,False,False,False,False,False,False,False,False,False,False,False,False,False,False,False,False,False,False,False,False,False,True,False,False,False,False,False,False,False,False,XGBoost,Per-Mutation,test,-2.6,-0.46697804,2.1330219566822053
2453,Ribonuclease,-2.5,0.14,1,-58.03999999999999,False,False,False,True,False,False,False,False,False,False,False,False,False,False,False,False,False,False,False,False,True,False,False,False,False,False,False,False,False,False,False,False,False,False,False,False,False,False,False,False,XGBoost,Per-Mutation,test,-2.5,-0.48368108,2.016318917274475
2350,Ribonuclease,-1.58,-0.6,-1,-28.049999999999983,False,False,False,False,False,False,False,False,False,False,False,False,False,False,True,False,False,False,False,False,False,False,False,False,False,False,False,False,False,False,False,False,False,True,False,False,False,False,False,False,XGBoost,Per-Mutation,test,-1.58,-5.319407,-3.739406986236572
2353,Ribonuclease,-2.66,-0.4,1,-0.9799999999999898,False,False,True,False,False,False,False,False,False,False,False,False,False,False,False,False,False,False,False,False,False,False,False,False,False,False,False,False,False,False,False,True,False,False,False,False,False,False,False,False,XGBoost,Per-Mutation,test,-2.66,-0.46697804,2.1930219566822053
110,Ribonuclease MC1,-5.28,-1.4100000000000001,0,-76.1,False,False,False,False,True,False,False,False,False,False,False,False,False,False,False,False,False,False,False,False,True,False,False,False,False,False,False,False,False,False,False,False,False,False,False,False,False,False,False,False,XGBoost,Per-Mutation,test,-5.28,-1.7677047,3.5122952747344973
112,Ribonuclease MC1,-0.31,0.14999999999999997,1,-44.00999999999999,False,False,True,False,False,False,False,False,False,False,False,False,False,False,False,False,False,False,False,False,True,False,False,False,False,False,False,False,False,False,False,False,False,False,False,False,False,False,False,False,XGBoost,Per-Mutation,test,-0.31,-0.58367467,-0.2736746692657471
118,Ribonuclease MC1,-3.23,-1.4100000000000001,0,-76.1,False,False,False,False,True,False,False,False,False,False,False,False,False,False,False,False,False,False,False,False,True,False,False,False,False,False,False,False,False,False,False,False,False,False,False,False,False,False,False,False,XGBoost,Per-Mutation,test,-3.23,-1.7677047,1.462295274734497
2324,Ribonuclease Sa3,-2.6,0.14000000000000012,0,-16.0,False,False,False,False,False,False,False,False,False,False,False,False,False,False,False,False,False,False,False,True,False,False,False,False,True,False,False,False,False,False,False,False,False,False,False,False,False,False,False,False,XGBoost,Per-Mutation,test,-2.6,-0.50370145,2.0962985515594483
2327,Ribonuclease Sa3,-1.5,0.14000000000000012,0,-16.0,False,False,False,False,False,False,False,False,False,False,False,False,False,False,False,False,False,False,False,True,False,False,False,False,True,False,False,False,False,False,False,False,False,False,False,False,False,False,False,False,XGBoost,Per-Mutation,test,-1.5,-0.50370145,0.9962985515594482
2325,Ribonuclease Sa3,-2.1,0.14000000000000012,0,-16.0,False,False,False,False,False,False,False,False,False,False,False,False,False,False,False,False,False,False,False,True,False,False,False,False,True,False,False,False,False,False,False,False,False,False,False,False,False,False,False,False,XGBoost,Per-Mutation,test,-2.1,-0.50370145,1.5962985515594483
1615,Staphylococcal nuclease,0.5,1.25,0,42.08000000000001,False,False,False,False,False,True,False,False,False,False,False,False,False,False,False,False,False,False,False,False,False,False,False,False,False,False,False,False,False,False,False,False,False,False,False,False,False,True,False,False,XGBoost,Per-Mutation,test,0.5,-0.56866556,-1.0686655640602112
1799,Staphylococcal nuclease,-2.8,-0.92,0,-42.079999999999984,False,False,False,False,False,False,False,False,False,True,False,False,False,False,False,False,False,False,False,False,True,False,False,False,False,False,False,False,False,False,False,False,False,False,False,False,False,False,False,False,XGBoost,Per-Mutation,test,-2.8,-0.43434086,2.3656591355800627
2506,Staphylococcal nuclease,-1.1,-0.77,0,-23.05000000000001,False,False,False,False,False,False,False,False,False,False,False,False,False,False,False,False,False,False,True,False,False,False,False,False,False,False,False,False,False,False,False,False,False,False,False,False,False,False,False,True,XGBoost,Per-Mutation,test,-1.1,-0.8093315,0.2906685233116151
2507,Staphylococcal nuclease,-4.5,-1.1199999999999999,0,-73.07000000000002,False,False,False,False,False,False,False,False,False,False,False,False,False,False,False,False,False,False,True,False,False,False,False,False,False,False,False,False,False,True,False,False,False,False,False,False,False,False,False,False,XGBoost,Per-Mutation,test,-4.5,-0.7183553,3.7816447019577026
1800,Staphylococcal nuclease,0.6,0.20999999999999996,0,14.019999999999982,False,False,False,False,False,False,False,False,False,False,False,False,False,False,False,False,False,True,False,False,False,False,False,False,False,False,False,False,False,True,False,False,False,False,False,False,False,False,False,False,XGBoost,Per-Mutation,test,0.6,-0.64883596,-1.2488359570503236
279,Subtilisin inhibitor,-1.89,1.0400000000000003,0,-18.04000000000002,False,False,False,False,False,False,False,False,False,False,True,False,False,False,False,False,False,False,False,False,False,False,False,False,False,False,False,True,False,False,False,False,False,False,False,False,False,False,False,False,XGBoost,Per-Mutation,test,-1.89,-0.6798877,1.2101122879981994
277,Subtilisin inhibitor,-2.32,-0.57,0,-60.120000000000005,False,False,False,False,False,False,False,False,False,False,True,False,False,False,False,False,False,False,False,False,True,False,False,False,False,False,False,False,False,False,False,False,False,False,False,False,False,False,False,False,XGBoost,Per-Mutation,test,-2.32,-0.6335084,1.6864916157722472
1362,Subtilisin inhibitor,-0.21,-1.1099999999999999,0,-74.14000000000001,False,False,False,False,False,False,False,False,False,False,True,False,False,False,False,False,False,False,False,False,False,False,False,False,False,True,False,False,False,False,False,False,False,False,False,False,False,False,False,False,XGBoost,Per-Mutation,test,-0.21,-0.57468694,-0.36468694448471073
285,Subtilisin inhibitor,-5.33,0.7,0,48.03999999999999,False,False,False,False,False,False,False,False,False,False,False,False,False,False,False,False,False,True,False,False,False,False,False,False,True,False,False,False,False,False,False,False,False,False,False,False,False,False,False,False,XGBoost,Per-Mutation,test,-5.33,-2.2930267,3.0369733142852784
1378,Subtilisin inhibitor,-0.49,-1.1099999999999999,0,-74.14000000000001,False,False,False,False,False,False,False,False,False,False,True,False,False,False,False,False,False,False,False,False,False,False,False,False,False,True,False,False,False,False,False,False,False,False,False,False,False,False,False,False,XGBoost,Per-Mutation,test,-0.49,-0.57468694,-0.0846869444847107
1356,Subtilisin inhibitor,-1.35,0.14000000000000012,0,-32.06,False,False,False,False,False,False,False,False,False,False,True,False,False,False,False,False,False,False,False,False,False,False,False,False,False,False,False,False,False,False,False,False,False,False,False,False,False,True,False,False,XGBoost,Per-Mutation,test,-1.35,-0.5252066,0.8247933745384217
1382,Subtilisin inhibitor,-1.28,1.0400000000000003,0,-18.04000000000002,False,False,False,False,False,False,False,False,False,False,True,False,False,False,False,False,False,False,False,False,False,False,False,False,False,False,False,True,False,False,False,False,False,False,False,False,False,False,False,False,XGBoost,Per-Mutation,test,-1.28,-0.6798877,0.6001122879981995
1381,Subtilisin inhibitor,-0.55,0.3500000000000001,0,-18.04000000000002,False,False,False,False,False,False,False,False,False,False,True,False,False,False,False,False,False,False,False,False,False,False,False,False,False,False,False,False,False,True,False,False,False,False,False,False,False,False,False,False,XGBoost,Per-Mutation,test,-0.55,-0.48709083,0.06290917396545415
282,Subtilisin inhibitor,-0.84,0.9000000000000001,0,14.019999999999982,False,False,False,False,False,False,False,False,False,False,False,False,False,False,False,False,False,True,False,False,False,False,False,False,False,False,False,True,False,False,False,False,False,False,False,False,False,False,False,False,XGBoost,Per-Mutation,test,-0.84,-0.43408838,0.4059116208553314
1360,Subtilisin inhibitor,1.08,-0.72,-1,-16.110000000000014,False,False,False,False,False,False,False,False,False,False,True,False,False,False,False,False,False,False,False,False,False,False,True,False,False,False,False,False,False,False,False,False,False,False,False,False,False,False,False,False,XGBoost,Per-Mutation,test,1.08,-0.12029293,-1.2002929317951203
1649,TEM beta-lactamase,-0.17,0.010000000000000009,-1,-19.039999999999992,False,False,False,False,False,False,False,False,False,False,False,False,False,False,True,False,False,False,False,False,False,False,False,False,False,False,True,False,False,False,False,False,False,False,False,False,False,False,False,False,XGBoost,Per-Mutation,test,-0.17,-1.0597328,-0.8897327947616577
1678,TEM beta-lactamase,0.0,0.010000000000000009,-1,-19.039999999999992,False,False,False,False,False,False,False,False,False,False,False,False,False,False,True,False,False,False,False,False,False,False,False,False,False,False,True,False,False,False,False,False,False,False,False,False,False,False,False,False,XGBoost,Per-Mutation,test,0.0,-1.0597328,-1.0597327947616577
1647,TEM beta-lactamase,0.64,0.6799999999999999,2,-0.9399999999999977,False,False,False,True,False,False,False,False,False,False,False,False,False,False,False,False,False,False,False,False,False,False,False,False,False,False,False,False,True,False,False,False,False,False,False,False,False,False,False,False,XGBoost,Per-Mutation,test,0.64,-0.51163095,-1.151630952358246
272,Tailspike protein,-0.4,0.39,-1,58.03,False,False,False,False,False,True,False,False,False,False,False,False,False,False,False,False,False,False,False,False,False,False,True,False,False,False,False,False,False,False,False,False,False,False,False,False,False,False,False,False,XGBoost,Per-Mutation,test,-0.4,-0.9985894,-0.5985893964767456
267,Tailspike protein,-2.1,0.53,1,99.13,False,False,False,False,False,True,False,False,False,False,False,False,False,False,False,False,False,False,False,False,False,False,False,False,False,False,False,False,False,False,False,False,False,False,True,False,False,False,False,False,XGBoost,Per-Mutation,test,-2.1,-1.8146604,0.2853395700454713
2497,Thermonuclease,0.7,-0.45999999999999996,0,-10.019999999999982,False,False,False,False,False,False,False,False,False,True,False,False,False,False,False,False,False,False,False,False,False,True,False,False,False,False,False,False,False,False,False,False,False,False,False,False,False,False,False,False,XGBoost,Per-Mutation,test,0.7,-0.60747725,-1.3074772477149963
4,Villin-1,-0.46,-0.4,1,-0.9799999999999898,False,False,True,False,False,False,False,False,False,False,False,False,False,False,False,False,False,False,False,False,False,False,False,False,False,False,False,False,False,False,False,True,False,False,False,False,False,False,False,False,XGBoost,Per-Mutation,test,-0.46,-0.46697804,-0.00697804331779478
1,Villin-1,1.9,-0.47,1,-0.9799999999999898,False,False,False,True,False,False,False,False,False,False,False,False,False,False,False,False,False,False,False,False,False,False,False,False,False,False,False,False,False,False,False,False,False,True,False,False,False,False,False,False,XGBoost,Per-Mutation,test,1.9,-0.5425016,-2.442501628398895
3,Villin-1,1.6,-0.47,1,-0.9799999999999898,False,False,False,True,False,False,False,False,False,False,False,False,False,False,False,False,False,False,False,False,False,False,False,False,False,False,False,False,False,False,False,False,False,True,False,False,False,False,False,False,XGBoost,Per-Mutation,test,1.6,-0.5425016,-2.1425016283988954
5,Villin-1,-0.4,-0.47,1,-0.9799999999999898,False,False,False,True,False,False,False,False,False,False,False,False,False,False,False,False,False,False,False,False,False,False,False,False,False,False,False,False,False,False,False,False,False,True,False,False,False,False,False,False,XGBoost,Per-Mutation,test,-0.4,-0.5425016,-0.14250162839889524
16,Fibroblast growth factor-1,-0.72,0.49,0,34.02000000000001,False,False,False,False,False,False,False,False,False,True,False,False,False,False,False,False,False,False,False,False,False,False,False,False,True,False,False,False,False,False,False,False,False,False,False,False,False,False,False,False,XGBoost,Protein-Level,train,-0.72,-0.45704594,0.26295405745506284
17,Fibroblast growth factor-1,0.07,0.6299999999999999,0,39.05000000000001,False,False,False,False,True,False,False,False,False,False,False,False,False,False,False,False,False,False,False,False,False,False,False,False,False,False,False,False,False,False,False,False,False,False,False,False,False,False,True,False,XGBoost,Protein-Level,train,0.07,-0.34814453,-0.41814453125
18,Fibroblast growth factor-1,-0.29,0.6299999999999999,0,39.05000000000001,False,False,False,False,True,False,False,False,False,False,False,False,False,False,False,False,False,False,False,False,False,False,False,False,False,False,False,False,False,False,False,False,False,False,False,False,False,False,True,False,XGBoost,Protein-Level,train,-0.29,-0.34814453,-0.05814453125000002
19,Peripheral subunit-binding domain,0.04,-0.54,0,-14.02000000000001,True,False,False,False,False,False,False,False,False,False,False,False,False,False,False,False,False,False,False,False,False,False,False,False,False,True,False,False,False,False,False,False,False,False,False,False,False,False,False,False,XGBoost,Protein-Level,train,0.04,-0.115350865,-0.1553508648276329
20,Peripheral subunit-binding domain,0.94,-0.92,0,-42.079999999999984,False,False,False,False,False,False,False,False,False,True,False,False,False,False,False,False,False,False,False,False,True,False,False,False,False,False,False,False,False,False,False,False,False,False,False,False,False,False,False,False,XGBoost,Protein-Level,train,0.94,-0.11018936,-1.050189363360405
21,Peripheral subunit-binding domain,0.47,0.020000000000000004,0,-30.02000000000001,False,False,False,False,False,False,False,False,False,False,False,False,False,False,False,True,False,False,False,False,False,False,False,False,False,True,False,False,False,False,False,False,False,False,False,False,False,False,False,False,XGBoost,Protein-Level,train,0.47,0.02957844,-0.4404215601086616
22,Peripheral subunit-binding domain,-0.38,-1.3399999999999999,0,-26.039999999999992,False,False,False,False,False,False,False,False,False,False,False,False,True,False,False,False,False,False,False,False,True,False,False,False,False,False,False,False,False,False,False,False,False,False,False,False,False,False,False,False,XGBoost,Protein-Level,train,-0.38,-0.58364666,-0.20364665508270263
23,Peripheral subunit-binding domain,0.37,-0.54,0,-14.02000000000001,True,False,False,False,False,False,False,False,False,False,False,False,False,False,False,False,False,False,False,False,False,False,False,False,False,True,False,False,False,False,False,False,False,False,False,False,False,False,False,False,XGBoost,Protein-Level,train,0.37,-0.115350865,-0.4853508648276329
24,Peripheral subunit-binding domain,0.03,-0.9000000000000001,0,-14.019999999999982,False,False,False,False,False,False,False,True,False,False,False,False,False,False,False,False,False,False,False,False,False,False,False,False,False,False,False,False,False,False,False,False,False,False,False,False,False,True,False,False,XGBoost,Protein-Level,train,0.03,-0.30093327,-0.33093327164649966
25,Peripheral subunit-binding domain,1.63,-1.6100000000000003,0,-42.079999999999984,False,False,False,False,False,False,False,True,False,False,False,False,False,False,False,False,False,False,False,False,True,False,False,False,False,False,False,False,False,False,False,False,False,False,False,False,False,False,False,False,XGBoost,Protein-Level,train,1.63,-0.16749404,-1.7974940437078475
26,Peripheral subunit-binding domain,1.67,-0.92,0,-42.079999999999984,False,False,False,False,False,False,False,False,False,True,False,False,False,False,False,False,False,False,False,False,True,False,False,False,False,False,False,False,False,False,False,False,False,False,False,False,False,False,False,False,XGBoost,Protein-Level,train,1.67,-0.11018936,-1.780189363360405
27,Peripheral subunit-binding domain,3.5,-0.92,0,-42.079999999999984,False,False,False,False,False,False,False,False,False,True,False,False,False,False,False,False,False,False,False,False,True,False,False,False,False,False,False,False,False,False,False,False,False,False,False,False,False,False,False,False,XGBoost,Protein-Level,train,3.5,-0.11018936,-3.610189363360405
28,Peripheral subunit-binding domain,1.02,-0.54,0,-14.02000000000001,True,False,False,False,False,False,False,False,False,False,False,False,False,False,False,False,False,False,False,False,False,False,False,False,False,True,False,False,False,False,False,False,False,False,False,False,False,False,False,False,XGBoost,Protein-Level,train,1.02,-0.115350865,-1.135350864827633
29,Peripheral subunit-binding domain,1.9,-0.92,0,-42.079999999999984,False,False,False,False,False,False,False,False,False,True,False,False,False,False,False,False,False,False,False,False,True,False,False,False,False,False,False,False,False,False,False,False,False,False,False,False,False,False,False,False,XGBoost,Protein-Level,train,1.9,-0.11018936,-2.010189363360405
30,Peripheral subunit-binding domain,0.58,-0.54,0,-14.02000000000001,True,False,False,False,False,False,False,False,False,False,False,False,False,False,False,False,False,False,False,False,False,False,False,False,False,True,False,False,False,False,False,False,False,False,False,False,False,False,False,False,XGBoost,Protein-Level,train,0.58,-0.115350865,-0.6953508648276329
31,Peripheral subunit-binding domain,0.43,-0.54,0,-14.02000000000001,True,False,False,False,False,False,False,False,False,False,False,False,False,False,False,False,False,False,False,False,False,False,False,False,False,True,False,False,False,False,False,False,False,False,False,False,False,False,False,False,XGBoost,Protein-Level,train,0.43,-0.115350865,-0.5453508648276328
32,Peripheral subunit-binding domain,0.75,-0.9000000000000001,0,-14.019999999999982,False,False,False,False,False,False,False,True,False,False,False,False,False,False,False,False,False,False,False,False,False,False,False,False,False,False,False,False,False,False,False,False,False,False,False,False,False,True,False,False,XGBoost,Protein-Level,train,0.75,-0.30093327,-1.0509332716464996
33,Peripheral subunit-binding domain,0.29,0.0,0,-14.030000000000001,False,False,False,False,False,False,False,False,False,False,False,False,False,False,False,False,True,False,False,False,False,False,False,False,False,False,False,False,False,False,False,False,False,False,False,True,False,False,False,False,XGBoost,Protein-Level,train,0.29,-0.22994474,-0.5199447357654572
34,Peripheral subunit-binding domain,1.36,0.5599999999999999,0,-30.03,False,False,False,False,False,False,False,False,False,False,False,False,False,False,False,False,True,False,False,False,True,False,False,False,False,False,False,False,False,False,False,False,False,False,False,False,False,False,False,False,XGBoost,Protein-Level,train,1.36,-0.34795004,-1.707950041294098
35,Peripheral subunit-binding domain,0.84,-1.25,0,-42.08000000000001,False,False,False,False,False,False,False,False,False,False,False,False,False,False,False,False,False,True,False,False,False,False,False,False,False,True,False,False,False,False,False,False,False,False,False,False,False,False,False,False,XGBoost,Protein-Level,train,0.84,-0.38582334,-1.2258233392238616
36,Peripheral subunit-binding domain,2.12,-0.92,0,-42.079999999999984,False,False,False,False,False,False,False,False,False,True,False,False,False,False,False,False,False,False,False,False,True,False,False,False,False,False,False,False,False,False,False,False,False,False,False,False,False,False,False,False,XGBoost,Protein-Level,train,2.12,-0.11018936,-2.230189363360405
37,Peripheral subunit-binding domain,1.63,0.0,0,-14.030000000000001,False,False,False,False,False,False,False,False,False,False,False,False,False,False,False,False,True,False,False,False,False,False,False,False,False,False,False,False,False,False,False,False,False,False,False,True,False,False,False,False,XGBoost,Protein-Level,train,1.63,-0.22994474,-1.859944735765457
38,Peripheral subunit-binding domain,3.1,-0.4,1,-0.9799999999999898,False,False,True,False,False,False,False,False,False,False,False,False,False,False,False,False,False,False,False,False,False,False,False,False,False,False,False,False,False,False,False,True,False,False,False,False,False,False,False,False,XGBoost,Protein-Level,train,3.1,1.2326009,-1.8673990726470948
39,Peripheral subunit-binding domain,2.02,-0.7100000000000001,0,-28.060000000000002,False,False,False,False,False,False,False,False,False,False,False,False,False,False,False,False,False,True,False,False,True,False,False,False,False,False,False,False,False,False,False,False,False,False,False,False,False,False,False,False,XGBoost,Protein-Level,train,2.02,-0.4737567,-2.4937567007541657
40,Peripheral subunit-binding domain,-0.06,0.0,0,-66.07,False,False,False,False,False,False,True,False,False,False,False,False,False,False,False,False,False,False,False,False,True,False,False,False,False,False,False,False,False,False,False,False,False,False,False,False,False,False,False,False,XGBoost,Protein-Level,train,-0.06,-0.32488647,-0.2648864710330963
41,Peripheral subunit-binding domain,1.58,-0.54,0,-80.09,False,False,False,False,False,False,True,False,False,False,False,False,False,False,False,False,False,False,False,False,False,False,False,False,False,True,False,False,False,False,False,False,False,False,False,False,False,False,False,False,XGBoost,Protein-Level,train,1.58,0.4072155,-1.172784494161606
42,Peripheral subunit-binding domain,0.57,-0.92,0,-42.079999999999984,False,False,False,False,False,False,False,False,False,True,False,False,False,False,False,False,False,False,False,False,True,False,False,False,False,False,False,False,False,False,False,False,False,False,False,False,False,False,False,False,XGBoost,Protein-Level,train,0.57,-0.11018936,-0.6801893633604049
43,Peripheral subunit-binding domain,0.07,-0.54,0,-14.02000000000001,True,False,False,False,False,False,False,False,False,False,False,False,False,False,False,False,False,False,False,False,False,False,False,False,False,True,False,False,False,False,False,False,False,False,False,False,False,False,False,False,XGBoost,Protein-Level,train,0.07,-0.115350865,-0.1853508648276329
44,Peripheral subunit-binding domain,1.18,-0.92,0,-42.079999999999984,False,False,False,False,False,False,False,False,False,True,False,False,False,False,False,False,False,False,False,False,True,False,False,False,False,False,False,False,False,False,False,False,False,False,False,False,False,False,False,False,XGBoost,Protein-Level,train,1.18,-0.11018936,-1.290189363360405
45,Alpha-lactalbumin,0.07,1.27,0,26.03,False,False,False,False,False,False,True,False,False,False,False,False,False,False,False,False,False,False,False,False,False,False,False,False,False,False,False,False,False,False,False,False,False,False,False,False,False,False,False,True,XGBoost,Protein-Level,train,0.07,-0.094256185,-0.16425618499517441
46,Alpha-lactalbumin,-2.13,0.0,0,-66.07,False,False,False,False,False,False,True,False,False,False,False,False,False,False,False,False,False,False,False,False,True,False,False,False,False,False,False,False,False,False,False,False,False,False,False,False,False,False,False,False,XGBoost,Protein-Level,train,-2.13,-0.32488647,1.8051135289669036
47,Alpha-lactalbumin,1.39,-0.92,0,23.99000000000001,False,False,False,False,False,False,False,False,False,True,False,False,False,False,False,False,False,False,False,False,False,False,False,False,False,False,True,False,False,False,False,False,False,False,False,False,False,False,False,False,XGBoost,Protein-Level,train,1.39,-0.20457396,-1.5945739591121673
48,Alpha-lactalbumin,0.43,-0.93,1,43.03,False,False,False,False,False,False,False,False,False,True,False,False,False,False,False,False,False,False,False,False,False,False,False,False,False,False,False,False,False,False,False,False,False,False,True,False,False,False,False,False,XGBoost,Protein-Level,train,0.43,-0.13708551,-0.5670855122804641
49,Alpha-lactalbumin,-0.19,-1.06,-1,15.960000000000008,False,False,False,False,False,False,False,False,False,True,False,False,False,False,False,False,False,False,False,False,False,False,False,True,False,False,False,False,False,False,False,False,False,False,False,False,False,False,False,False,XGBoost,Protein-Level,train,-0.19,-0.20868185,-0.018681851625442503
50,Alpha-lactalbumin,-0.96,0.61,0,-57.06,False,False,False,False,False,False,False,False,False,False,False,False,False,True,False,False,False,False,False,False,True,False,False,False,False,False,False,False,False,False,False,False,False,False,False,False,False,False,False,False,XGBoost,Protein-Level,train,-0.96,-0.19291362,0.7670863783359527
51,Alpha-lactalbumin,-1.17,-0.77,0,-23.05000000000001,False,False,False,False,False,False,False,False,False,False,False,False,False,False,False,False,False,False,True,False,False,False,False,False,False,False,False,False,False,False,False,False,False,False,False,False,False,False,False,True,XGBoost,Protein-Level,train,-1.17,-0.9929063,0.1770937275886535
52,Alpha-lactalbumin,-0.6,-2.04,0,-49.08000000000001,False,False,False,False,False,False,False,False,False,False,False,False,False,False,False,False,False,False,True,False,False,False,False,False,False,False,True,False,False,False,False,False,False,False,False,False,False,False,False,False,XGBoost,Protein-Level,train,-0.6,-0.48914662,0.11085337996482847
53,Alpha-lactalbumin,-1.05,-0.5599999999999999,0,16.0,True,False,False,False,False,False,False,False,False,False,False,False,False,False,False,False,False,False,False,False,False,False,False,False,False,False,False,False,False,False,False,False,False,False,False,True,False,False,False,False,XGBoost,Protein-Level,train,-1.05,-0.87892514,0.17107485532760625
54,Alpha-lactalbumin,-0.19,1.27,0,26.03,False,False,False,False,False,False,True,False,False,False,False,False,False,False,False,False,False,False,False,False,False,False,False,False,False,False,False,False,False,False,False,False,False,False,False,False,False,False,False,True,XGBoost,Protein-Level,train,-0.19,-0.094256185,0.0957438150048256
55,Alpha-lactalbumin,-0.79,0.0,0,-66.07,False,False,False,False,False,False,True,False,False,False,False,False,False,False,False,False,False,False,False,False,True,False,False,False,False,False,False,False,False,False,False,False,False,False,False,False,False,False,False,False,XGBoost,Protein-Level,train,-0.79,-0.32488647,0.4651135289669037
56,Alpha-lactalbumin,-1.72,2.04,0,49.08000000000001,False,False,False,False,False,False,True,False,False,False,False,False,False,False,False,False,False,False,False,False,False,False,False,False,False,False,False,False,False,False,False,False,False,False,False,False,False,False,True,False,XGBoost,Protein-Level,train,-1.72,-0.5759163,1.1440837097167968
57,Alpha-lactalbumin,2.65,-1.0899999999999999,-1,-14.069999999999993,False,False,False,False,False,False,False,False,True,False,False,False,False,False,False,False,False,False,False,False,False,False,False,False,False,False,False,False,False,False,False,True,False,False,False,False,False,False,False,False,XGBoost,Protein-Level,train,2.65,1.6532482,-0.9967518091201781
58,Alpha-lactalbumin,-0.6,-1.15,-1,-0.03999999999999204,False,False,False,False,False,False,False,False,True,False,False,False,False,False,False,False,False,False,False,False,False,False,False,False,False,False,False,False,False,False,False,False,False,True,False,False,False,False,False,False,XGBoost,Protein-Level,train,-0.6,-0.7119792,-0.11197921037673952
59,Alpha-lactalbumin,-0.65,-0.6799999999999999,-2,0.9399999999999977,False,False,False,False,False,False,False,False,True,False,False,False,False,False,False,False,False,False,False,False,False,False,False,True,False,False,False,False,False,False,False,False,False,False,False,False,False,False,False,False,XGBoost,Protein-Level,train,-0.65,-0.5744709,0.07552912235260012
60,Alpha-lactalbumin,-0.24,-1.26,0,14.969999999999999,False,False,False,False,False,False,False,False,False,False,False,False,False,False,False,False,False,True,False,False,False,False,False,False,False,False,False,False,False,False,False,True,False,False,False,False,False,False,False,False,XGBoost,Protein-Level,train,-0.24,-0.24683963,-0.006839627623558053
61,Alpha-lactalbumin,-0.93,-0.7100000000000001,0,-28.060000000000002,False,False,False,False,False,False,False,False,False,False,False,False,False,False,False,False,False,True,False,False,True,False,False,False,False,False,False,False,False,False,False,False,False,False,False,False,False,False,False,False,XGBoost,Protein-Level,train,-0.93,-0.4737567,0.4562432992458344
62,Alpha-lactalbumin,-1.15,-1.25,0,-42.08000000000001,False,False,False,False,False,False,False,False,False,False,False,False,False,False,False,False,False,True,False,False,False,False,False,False,False,True,False,False,False,False,False,False,False,False,False,False,False,False,False,False,XGBoost,Protein-Level,train,-1.15,-0.38582334,0.7641766607761382
63,Alpha-lactalbumin,-0.41,0.61,0,-57.06,False,False,False,False,False,False,False,False,False,False,False,False,False,True,False,False,False,False,False,False,True,False,False,False,False,False,False,False,False,False,False,False,False,False,False,False,False,False,False,False,XGBoost,Protein-Level,train,-0.41,-0.19291362,0.21708637833595273
64,Alpha-lactalbumin,-0.93,0.4299999999999997,0,73.07000000000002,False,False,False,False,False,False,False,True,False,False,False,False,False,False,False,False,False,False,False,False,False,False,False,False,False,False,False,False,False,False,False,False,False,False,False,False,False,False,True,False,XGBoost,Protein-Level,train,-0.93,-0.35923603,0.5707639682292939
65,Alpha-lactalbumin,-0.22,0.07000000000000006,0,-66.06,False,False,False,False,False,False,False,False,False,False,False,False,False,False,False,False,False,False,False,True,False,False,False,False,False,False,False,False,False,False,False,False,True,False,False,False,False,False,False,False,XGBoost,Protein-Level,train,-0.22,-0.21258448,0.007415519356727601
66,Alpha-lactalbumin,-2.39,-1.27,0,-92.1,False,False,False,False,False,False,False,False,False,False,False,False,False,False,False,False,False,False,False,True,True,False,False,False,False,False,False,False,False,False,False,False,False,False,False,False,False,False,False,False,XGBoost,Protein-Level,train,-2.39,-1.4593933,0.930606737136841
67,Alpha-lactalbumin,-2.44,-0.77,0,-23.05000000000001,False,False,False,False,False,False,False,False,False,False,False,False,False,False,False,False,False,False,True,False,False,False,False,False,False,False,False,False,False,False,False,False,False,False,False,False,False,False,False,True,XGBoost,Protein-Level,train,-2.44,-0.9929063,1.4470937275886535
99,Guanyl-specific ribonuclease T1 (RNase T1) (EC 4.6.1.24),-3.2,0.5599999999999999,0,-30.03,False,False,False,False,False,False,False,False,False,False,False,False,False,False,False,False,True,False,False,False,True,False,False,False,False,False,False,False,False,False,False,False,False,False,False,False,False,False,False,False,XGBoost,Protein-Level,train,-3.2,-0.34795004,2.8520499587059023
100,Guanyl-specific ribonuclease T1 (RNase T1) (EC 4.6.1.24),-3.6,1.27,0,-1.9699999999999989,False,False,False,False,False,False,False,False,False,False,False,False,False,False,False,False,True,False,False,False,False,False,False,False,False,False,False,False,False,False,False,False,False,False,False,False,False,True,False,False,XGBoost,Protein-Level,train,-3.6,-0.17367676,3.426323240995407
101,Guanyl-specific ribonuclease T1 (RNase T1) (EC 4.6.1.24),-0.7,0.5599999999999999,0,-30.03,False,False,False,False,False,False,False,False,False,False,False,False,False,False,False,False,True,False,False,False,True,False,False,False,False,False,False,False,False,False,False,False,False,False,False,False,False,False,False,False,XGBoost,Protein-Level,train,-0.7,-0.34795004,0.35204995870590206
102,Guanyl-specific ribonuclease T1 (RNase T1) (EC 4.6.1.24),-1.0,1.27,0,-1.9699999999999989,False,False,False,False,False,False,False,False,False,False,False,False,False,False,False,False,True,False,False,False,False,False,False,False,False,False,False,False,False,False,False,False,False,False,False,False,False,True,False,False,XGBoost,Protein-Level,train,-1.0,-0.17367676,0.8263232409954071
142,Disks large homolog 4,-1.44,-0.39,1,-58.03,False,False,True,False,False,False,False,False,False,False,False,False,False,False,False,False,False,False,False,False,False,False,False,False,False,True,False,False,False,False,False,False,False,False,False,False,False,False,False,False,XGBoost,Protein-Level,train,-1.44,0.19641128,1.6364112818241119
143,Disks large homolog 4,-1.44,1.49,1,-17.97,False,False,True,False,False,False,False,False,False,False,False,False,False,False,False,False,False,False,False,False,False,False,False,False,False,False,False,False,False,False,False,False,True,False,False,False,False,False,False,False,XGBoost,Protein-Level,train,-1.44,-0.5170575,0.922942521572113
149,Myelin P2 protein,-1.91,-1.4100000000000001,0,-76.1,False,False,False,False,True,False,False,False,False,False,False,False,False,False,False,False,False,False,False,False,True,False,False,False,False,False,False,False,False,False,False,False,False,False,False,False,False,False,False,False,XGBoost,Protein-Level,train,-1.91,-1.3596793,0.5503206586837768
150,Myelin P2 protein,-5.38,-1.88,0,-40.06,False,False,False,False,False,False,False,False,False,False,False,False,True,False,False,False,False,False,False,False,False,False,False,False,False,True,False,False,False,False,False,False,False,False,False,False,False,False,False,False,XGBoost,Protein-Level,train,-5.38,-3.089332,2.290667896270752
152,Myelin P2 protein,-1.51,1.9,0,-3.990000000000009,False,False,False,False,False,False,False,False,False,False,False,False,False,False,False,False,True,False,False,False,False,False,False,False,False,False,False,False,False,False,False,False,True,False,False,False,False,False,False,False,XGBoost,Protein-Level,train,-1.51,-0.46930984,1.0406901633739472
153,Myelin P2 protein,-5.17,-2.1700000000000004,0,-12.049999999999983,False,False,False,False,False,False,False,True,False,False,False,False,False,False,False,False,False,False,False,False,False,False,False,False,False,False,False,False,False,False,False,False,False,False,False,False,True,False,False,False,XGBoost,Protein-Level,train,-5.17,-3.1364925,2.0335075092315673
814,Plasminogen activator kringle-2 domain,0.3,0.9000000000000001,0,14.019999999999982,False,False,False,False,False,False,False,False,False,False,False,False,False,False,False,False,False,True,False,False,False,False,False,False,False,False,False,True,False,False,False,False,False,False,False,False,False,False,False,False,XGBoost,Protein-Level,train,0.3,-0.08938736,-0.3893873572349548
815,Plasminogen activator kringle-2 domain,-1.0,-1.27,0,1.9699999999999989,False,False,False,False,False,False,False,False,False,False,False,False,False,False,False,False,False,True,False,False,False,False,False,False,False,False,False,False,False,False,False,False,False,False,False,False,True,False,False,False,XGBoost,Protein-Level,train,-1.0,-0.8448105,0.15518951416015625
816,Plasminogen activator kringle-2 domain,-1.9,0.20999999999999996,0,14.019999999999982,False,False,False,False,False,False,False,False,False,False,False,False,False,False,False,False,False,True,False,False,False,False,False,False,False,False,False,False,False,True,False,False,False,False,False,False,False,False,False,False,XGBoost,Protein-Level,train,-1.9,-0.25193208,1.6480679154396056
817,Plasminogen activator kringle-2 domain,-2.0,-0.7100000000000001,0,-28.060000000000002,False,False,False,False,False,False,False,False,False,False,False,False,False,False,False,False,False,True,False,False,True,False,False,False,False,False,False,False,False,False,False,False,False,False,False,False,False,False,False,False,XGBoost,Protein-Level,train,-2.0,-0.4737567,1.5262432992458344
818,Plasminogen activator kringle-2 domain,-2.2,-0.14000000000000012,0,32.06,False,False,False,False,False,False,False,False,False,False,False,False,False,False,False,False,False,True,False,False,False,False,False,False,False,False,False,False,False,False,True,False,False,False,False,False,False,False,False,False,XGBoost,Protein-Level,train,-2.2,-0.5293545,1.6706454873085024
819,Plasminogen activator kringle-2 domain,-2.4,-1.27,0,-12.060000000000002,False,False,False,False,False,False,False,False,False,False,False,False,False,False,False,False,False,True,False,False,False,False,False,False,False,False,False,False,False,False,False,False,False,False,False,True,False,False,False,False,XGBoost,Protein-Level,train,-2.4,-1.4122688,0.9877312421798705
964,Iso-1 cytochrome c,0.8,-1.02,0,-2.030000000000001,False,True,False,False,False,False,False,False,False,False,False,False,False,False,False,False,False,False,False,False,False,False,False,False,False,False,False,False,False,False,False,False,False,False,False,False,True,False,False,False,XGBoost,Protein-Level,train,0.8,2.2533782,1.45337815284729
965,Iso-1 cytochrome c,5.7,-1.02,0,-2.030000000000001,False,True,False,False,False,False,False,False,False,False,False,False,False,False,False,False,False,False,False,False,False,False,False,False,False,False,False,False,False,False,False,False,False,False,False,False,True,False,False,False,XGBoost,Protein-Level,train,5.7,2.2533782,-3.44662184715271
1313,Beta lactamase,-0.7,0.14000000000000012,0,-16.0,False,False,False,False,False,False,False,False,False,False,False,False,False,False,False,False,False,False,False,True,False,False,False,False,True,False,False,False,False,False,False,False,False,False,False,False,False,False,False,False,XGBoost,Protein-Level,train,-0.7,-0.28134343,0.41865656971931453
1314,Tryptophan synthase alpha-subunit,-0.04,-1.3399999999999999,0,-26.039999999999992,False,False,False,False,False,False,False,False,False,False,False,False,True,False,False,False,False,False,False,False,True,False,False,False,False,False,False,False,False,False,False,False,False,False,False,False,False,False,False,False,XGBoost,Protein-Level,train,-0.04,-0.58364666,-0.5436466550827026
1315,Tryptophan synthase alpha-subunit,-0.52,-1.3399999999999999,0,-26.039999999999992,False,False,False,False,False,False,False,False,False,False,False,False,True,False,False,False,False,False,False,False,True,False,False,False,False,False,False,False,False,False,False,False,False,False,False,False,False,False,False,False,XGBoost,Protein-Level,train,-0.52,-0.58364666,-0.06364665508270262
1336,Parvalbumin,0.72,-1.02,0,-16.060000000000002,False,True,False,False,False,False,False,False,False,False,False,False,False,False,False,False,False,False,False,False,False,False,False,False,False,False,False,False,False,False,False,False,False,False,False,True,False,False,False,False,XGBoost,Protein-Level,train,0.72,1.3370271,0.6170270729064942
1480,Peripheral subunit binding protein domain,-1.5,-0.7100000000000001,0,-28.060000000000002,False,False,False,False,False,False,False,False,False,False,False,False,False,False,False,False,False,True,False,False,True,False,False,False,False,False,False,False,False,False,False,False,False,False,False,False,False,False,False,False,XGBoost,Protein-Level,train,-1.5,-0.4737567,1.0262432992458344
1501,Peripheral subunit binding protein domain,-0.9,-0.54,0,-14.02000000000001,True,False,False,False,False,False,False,False,False,False,False,False,False,False,False,False,False,False,False,False,False,False,False,False,False,True,False,False,False,False,False,False,False,False,False,False,False,False,False,False,XGBoost,Protein-Level,train,-0.9,-0.115350865,0.7846491351723671
1612,Staphylococcal nuclease,-2.6,-0.92,0,-42.079999999999984,False,False,False,False,False,False,False,False,False,True,False,False,False,False,False,False,False,False,False,False,True,False,False,False,False,False,False,False,False,False,False,False,False,False,False,False,False,False,False,False,XGBoost,Protein-Level,train,-2.6,-0.11018936,2.489810636639595
1613,Staphylococcal nuclease,0.8,0.20999999999999996,0,14.019999999999982,False,False,False,False,False,False,False,False,False,False,False,False,False,False,False,False,False,True,False,False,False,False,False,False,False,False,False,False,False,True,False,False,False,False,False,False,False,False,False,False,XGBoost,Protein-Level,train,0.8,-0.25193208,-1.0519320845603943
1614,Staphylococcal nuclease,-1.3,-0.020000000000000004,0,30.02000000000001,False,False,False,False,False,True,False,False,False,False,False,False,False,False,False,False,False,False,False,False,False,False,False,False,False,False,False,False,False,False,False,False,False,False,False,True,False,False,False,False,XGBoost,Protein-Level,train,-1.3,-0.5978517,0.7021483063697815
1615,Staphylococcal nuclease,0.5,1.25,0,42.08000000000001,False,False,False,False,False,True,False,False,False,False,False,False,False,False,False,False,False,False,False,False,False,False,False,False,False,False,False,False,False,False,False,False,False,False,False,False,False,True,False,False,XGBoost,Protein-Level,train,0.5,-0.019279689,-0.5192796885967255
1616,Staphylococcal nuclease,-2.5,-0.5599999999999999,0,16.0,True,False,False,False,False,False,False,False,False,False,False,False,False,False,False,False,False,False,False,False,False,False,False,False,False,False,False,False,False,False,False,False,False,False,False,True,False,False,False,False,XGBoost,Protein-Level,train,-2.5,-0.87892514,1.6210748553276062
1617,Staphylococcal nuclease,1.3,0.92,0,-23.99000000000001,False,False,False,False,False,False,True,False,False,False,False,False,False,False,False,False,False,False,False,False,False,False,False,False,False,False,False,False,False,True,False,False,False,False,False,False,False,False,False,False,XGBoost,Protein-Level,train,1.3,0.32996568,-0.9700343191623688
1618,Iso-1 cytochrome c,0.5,-1.02,0,-2.030000000000001,False,True,False,False,False,False,False,False,False,False,False,False,False,False,False,False,False,False,False,False,False,False,False,False,False,False,False,False,False,False,False,False,False,False,False,False,True,False,False,False,XGBoost,Protein-Level,train,0.5,2.2533782,1.75337815284729
1619,Iso-1 cytochrome c,5.3,-1.02,0,-2.030000000000001,False,True,False,False,False,False,False,False,False,False,False,False,False,False,False,False,False,False,False,False,False,False,False,False,False,False,False,False,False,False,False,False,False,False,False,False,True,False,False,False,XGBoost,Protein-Level,train,5.3,2.2533782,-3.04662184715271
1643,Ribonuclease T1,-2.91,0.55,0,-43.03,False,False,False,False,False,False,False,False,False,False,False,True,False,False,False,False,False,False,False,False,True,False,False,False,False,False,False,False,False,False,False,False,False,False,False,False,False,False,False,False,XGBoost,Protein-Level,train,-2.91,-0.3306705,2.5793294942379
1647,TEM beta-lactamase,0.64,0.6799999999999999,2,-0.9399999999999977,False,False,False,True,False,False,False,False,False,False,False,False,False,False,False,False,False,False,False,False,False,False,False,False,False,False,False,False,True,False,False,False,False,False,False,False,False,False,False,False,XGBoost,Protein-Level,train,0.64,-0.32302535,-0.9630253458023071
1648,TEM beta-lactamase,-1.25,-0.020000000000000004,0,30.02000000000001,False,False,False,False,False,True,False,False,False,False,False,False,False,False,False,False,False,False,False,False,False,False,False,False,False,False,False,False,False,False,False,False,False,False,False,True,False,False,False,False,XGBoost,Protein-Level,train,-1.25,-0.5978517,0.6521483063697815
1649,TEM beta-lactamase,-0.17,0.010000000000000009,-1,-19.039999999999992,False,False,False,False,False,False,False,False,False,False,False,False,False,False,True,False,False,False,False,False,False,False,False,False,False,False,True,False,False,False,False,False,False,False,False,False,False,False,False,False,XGBoost,Protein-Level,train,-0.17,-0.51602936,-0.3460293579101562
1650,TEM beta-lactamase,-0.61,-0.5499999999999999,-1,-69.10999999999999,False,False,False,False,False,False,False,False,False,False,False,False,False,False,True,False,False,False,False,False,False,False,False,False,False,False,False,False,False,False,False,False,False,False,False,True,False,False,False,False,XGBoost,Protein-Level,train,-0.61,-0.42680243,0.1831975734233856
1651,TEM beta-lactamase,0.58,0.5599999999999999,0,-16.0,False,False,False,False,False,False,False,False,False,False,False,False,False,False,False,True,False,False,False,False,True,False,False,False,False,False,False,False,False,False,False,False,False,False,False,False,False,False,False,False,XGBoost,Protein-Level,train,0.58,-0.2616726,-0.8416725862026214
1658,Plasminogen activator inhibitor 1,-1.2,-0.13,-2,-27.069999999999993,False,False,False,False,False,False,False,False,False,False,False,False,False,False,True,False,False,False,False,False,False,False,False,True,False,False,False,False,False,False,False,False,False,False,False,False,False,False,False,False,XGBoost,Protein-Level,train,-1.2,-0.4696539,0.7303460955619812
1677,TEM beta-lactamase,0.26,0.010000000000000009,-1,-19.039999999999992,False,False,False,False,False,False,False,False,False,False,False,False,False,False,True,False,False,False,False,False,False,False,False,False,False,False,True,False,False,False,False,False,False,False,False,False,False,False,False,False,XGBoost,Protein-Level,train,0.26,-0.51602936,-0.7760293579101563
1678,TEM beta-lactamase,0.0,0.010000000000000009,-1,-19.039999999999992,False,False,False,False,False,False,False,False,False,False,False,False,False,False,True,False,False,False,False,False,False,False,False,False,False,False,True,False,False,False,False,False,False,False,False,False,False,False,False,False,XGBoost,Protein-Level,train,0.0,-0.51602936,-0.5160293579101562
1679,TEM beta-lactamase,-0.6,0.010000000000000009,-1,-19.039999999999992,False,False,False,False,False,False,False,False,False,False,False,False,False,False,True,False,False,False,False,False,False,False,False,False,False,False,True,False,False,False,False,False,False,False,False,False,False,False,False,False,XGBoost,Protein-Level,train,-0.6,-0.51602936,0.08397064208984373
1680,TEM beta-lactamase,-1.07,0.010000000000000009,-1,-19.039999999999992,False,False,False,False,False,False,False,False,False,False,False,False,False,False,True,False,False,False,False,False,False,False,False,False,False,False,True,False,False,False,False,False,False,False,False,False,False,False,False,False,XGBoost,Protein-Level,train,-1.07,-0.51602936,0.5539706420898438
1681,TEM beta-lactamase,-2.06,0.010000000000000009,-1,-19.039999999999992,False,False,False,False,False,False,False,False,False,False,False,False,False,False,True,False,False,False,False,False,False,False,False,False,False,False,True,False,False,False,False,False,False,False,False,False,False,False,False,False,XGBoost,Protein-Level,train,-2.06,-0.51602936,1.5439706420898438
1682,TEM beta-lactamase,-2.0,0.010000000000000009,-1,-19.039999999999992,False,False,False,False,False,False,False,False,False,False,False,False,False,False,True,False,False,False,False,False,False,False,False,False,False,False,True,False,False,False,False,False,False,False,False,False,False,False,False,False,XGBoost,Protein-Level,train,-2.0,-0.51602936,1.4839706420898438
1771,HU DNA-binding protein,1.55,-0.39999999999999997,1,-72.06,False,False,False,True,False,False,False,False,False,False,False,False,False,False,False,False,False,False,False,False,False,False,False,False,False,True,False,False,False,False,False,False,False,False,False,False,False,False,False,False,XGBoost,Protein-Level,train,1.55,0.43472347,-1.1152765333652497
1772,HU DNA-binding protein,0.73,0.5599999999999999,0,-16.0,False,False,False,False,False,False,False,False,False,False,False,False,False,False,False,True,False,False,False,False,True,False,False,False,False,False,False,False,False,False,False,False,False,False,False,False,False,False,False,False,XGBoost,Protein-Level,train,0.73,-0.2616726,-0.9916725862026214
1773,HU DNA-binding protein,0.52,-0.9000000000000001,0,-14.019999999999982,False,False,False,False,False,False,False,True,False,False,False,False,False,False,False,False,False,False,False,False,False,False,False,False,False,False,False,False,False,False,False,False,False,False,False,False,False,True,False,False,XGBoost,Protein-Level,train,0.52,-0.30093327,-0.8209332716464997
1799,Staphylococcal nuclease,-2.8,-0.92,0,-42.079999999999984,False,False,False,False,False,False,False,False,False,True,False,False,False,False,False,False,False,False,False,False,True,False,False,False,False,False,False,False,False,False,False,False,False,False,False,False,False,False,False,False,XGBoost,Protein-Level,train,-2.8,-0.11018936,2.689810636639595
1800,Staphylococcal nuclease,0.6,0.20999999999999996,0,14.019999999999982,False,False,False,False,False,False,False,False,False,False,False,False,False,False,False,False,False,True,False,False,False,False,False,False,False,False,False,False,False,True,False,False,False,False,False,False,False,False,False,False,XGBoost,Protein-Level,train,0.6,-0.25193208,-0.8519320845603943
1801,Staphylococcal nuclease,-1.2,-0.020000000000000004,0,30.02000000000001,False,False,False,False,False,True,False,False,False,False,False,False,False,False,False,False,False,False,False,False,False,False,False,False,False,False,False,False,False,False,False,False,False,False,False,True,False,False,False,False,XGBoost,Protein-Level,train,-1.2,-0.5978517,0.6021483063697814
1802,Staphylococcal nuclease,0.6,1.25,0,42.08000000000001,False,False,False,False,False,True,False,False,False,False,False,False,False,False,False,False,False,False,False,False,False,False,False,False,False,False,False,False,False,False,False,False,False,False,False,False,False,True,False,False,XGBoost,Protein-Level,train,0.6,-0.019279689,-0.6192796885967254
1803,Staphylococcal nuclease,-2.6,-0.5599999999999999,0,16.0,True,False,False,False,False,False,False,False,False,False,False,False,False,False,False,False,False,False,False,False,False,False,False,False,False,False,False,False,False,False,False,False,False,False,False,True,False,False,False,False,XGBoost,Protein-Level,train,-2.6,-0.87892514,1.7210748553276063
1804,Staphylococcal nuclease,1.9,0.92,0,-23.99000000000001,False,False,False,False,False,False,True,False,False,False,False,False,False,False,False,False,False,False,False,False,False,False,False,False,False,False,False,False,False,True,False,False,False,False,False,False,False,False,False,False,XGBoost,Protein-Level,train,1.9,0.32996568,-1.5700343191623687
1847,Iso-1 cytochrome c,4.3,2.16,0,-0.950000000000017,False,False,False,False,False,False,False,False,False,False,False,True,False,False,False,False,False,False,False,False,False,False,False,False,False,False,False,True,False,False,False,False,False,False,False,False,False,False,False,False,XGBoost,Protein-Level,train,4.3,2.5765734,-1.7234266281127928
1848,Iso-1 cytochrome c,2.8,-1.02,0,-16.060000000000002,False,True,False,False,False,False,False,False,False,False,False,False,False,False,False,False,False,False,False,False,False,False,False,False,False,False,False,False,False,False,False,False,False,False,False,True,False,False,False,False,XGBoost,Protein-Level,train,2.8,1.3370271,-1.4629729270935057
1849,Iso-1 cytochrome c,2.9,-0.4600000000000001,0,-32.06,False,True,False,False,False,False,False,False,False,False,False,False,False,False,False,False,False,False,False,False,True,False,False,False,False,False,False,False,False,False,False,False,False,False,False,False,False,False,False,False,XGBoost,Protein-Level,train,2.9,1.6932214,-1.2067785501480102
1890,Apoflavodoxin,0.14,0.6799999999999999,2,-0.9399999999999977,False,False,False,True,False,False,False,False,False,False,False,False,False,False,False,False,False,False,False,False,False,False,False,False,False,False,False,False,True,False,False,False,False,False,False,False,False,False,False,False,XGBoost,Protein-Level,train,0.14,-0.32302535,-0.46302534580230714
1891,Apoflavodoxin,-0.06,0.6799999999999999,2,-0.9399999999999977,False,False,False,True,False,False,False,False,False,False,False,False,False,False,False,False,False,False,False,False,False,False,False,False,False,False,False,False,True,False,False,False,False,False,False,False,False,False,False,False,XGBoost,Protein-Level,train,-0.06,-0.32302535,-0.26302534580230713
1892,Apoflavodoxin,-0.46,0.6799999999999999,2,-0.9399999999999977,False,False,False,True,False,False,False,False,False,False,False,False,False,False,False,False,False,False,False,False,False,False,False,False,False,False,False,False,True,False,False,False,False,False,False,False,False,False,False,False,XGBoost,Protein-Level,train,-0.46,-0.32302535,0.1369746541976929
1893,Apoflavodoxin,0.2,0.69,2,13.090000000000003,False,False,True,False,False,False,False,False,False,False,False,False,False,False,False,False,False,False,False,False,False,False,False,False,False,False,False,False,True,False,False,False,False,False,False,False,False,False,False,False,XGBoost,Protein-Level,train,0.2,-0.32302535,-0.5230253458023071
1894,Apoflavodoxin,-0.13,0.6799999999999999,2,-0.9399999999999977,False,False,False,True,False,False,False,False,False,False,False,False,False,False,False,False,False,False,False,False,False,False,False,False,False,False,False,False,True,False,False,False,False,False,False,False,False,False,False,False,XGBoost,Protein-Level,train,-0.13,-0.32302535,-0.19302534580230712
1895,Apoflavodoxin,-0.01,0.69,2,13.090000000000003,False,False,True,False,False,False,False,False,False,False,False,False,False,False,False,False,False,False,False,False,False,False,False,False,False,False,False,False,True,False,False,False,False,False,False,False,False,False,False,False,XGBoost,Protein-Level,train,-0.01,-0.32302535,-0.3130253458023071
1896,Apoflavodoxin,-0.58,0.69,2,13.090000000000003,False,False,True,False,False,False,False,False,False,False,False,False,False,False,False,False,False,False,False,False,False,False,False,False,False,False,False,False,True,False,False,False,False,False,False,False,False,False,False,False,XGBoost,Protein-Level,train,-0.58,-0.32302535,0.25697465419769283
1897,Apoflavodoxin,0.01,0.69,2,13.090000000000003,False,False,True,False,False,False,False,False,False,False,False,False,False,False,False,False,False,False,False,False,False,False,False,False,False,False,False,False,True,False,False,False,False,False,False,False,False,False,False,False,XGBoost,Protein-Level,train,0.01,-0.32302535,-0.33302534580230714
1898,Apoflavodoxin,-1.2,0.6799999999999999,2,-0.9399999999999977,False,False,False,True,False,False,False,False,False,False,False,False,False,False,False,False,False,False,False,False,False,False,False,False,False,False,False,False,True,False,False,False,False,False,False,False,False,False,False,False,XGBoost,Protein-Level,train,-1.2,-0.32302535,0.8769746541976928
1899,Apoflavodoxin,-1.16,0.6799999999999999,2,-0.9399999999999977,False,False,False,True,False,False,False,False,False,False,False,False,False,False,False,False,False,False,False,False,False,False,False,False,False,False,False,False,True,False,False,False,False,False,False,False,False,False,False,False,XGBoost,Protein-Level,train,-1.16,-0.32302535,0.8369746541976928
1900,Apoflavodoxin,0.22,0.6799999999999999,2,-0.9399999999999977,False,False,False,True,False,False,False,False,False,False,False,False,False,False,False,False,False,False,False,False,False,False,False,False,False,False,False,False,True,False,False,False,False,False,False,False,False,False,False,False,XGBoost,Protein-Level,train,0.22,-0.32302535,-0.5430253458023071
1901,Apoflavodoxin,-0.11,0.69,2,13.090000000000003,False,False,True,False,False,False,False,False,False,False,False,False,False,False,False,False,False,False,False,False,False,False,False,False,False,False,False,False,True,False,False,False,False,False,False,False,False,False,False,False,XGBoost,Protein-Level,train,-0.11,-0.32302535,-0.21302534580230714
1902,Apoflavodoxin,-1.38,0.6799999999999999,2,-0.9399999999999977,False,False,False,True,False,False,False,False,False,False,False,False,False,False,False,False,False,False,False,False,False,False,False,False,False,False,False,False,True,False,False,False,False,False,False,False,False,False,False,False,XGBoost,Protein-Level,train,-1.38,-0.32302535,1.0569746541976928
1903,Apoflavodoxin,-1.14,0.69,2,13.090000000000003,False,False,True,False,False,False,False,False,False,False,False,False,False,False,False,False,False,False,False,False,False,False,False,False,False,False,False,False,True,False,False,False,False,False,False,False,False,False,False,False,XGBoost,Protein-Level,train,-1.14,-0.32302535,0.8169746541976928
1904,Apoflavodoxin,0.03,0.69,2,13.090000000000003,False,False,True,False,False,False,False,False,False,False,False,False,False,False,False,False,False,False,False,False,False,False,False,False,False,False,False,False,True,False,False,False,False,False,False,False,False,False,False,False,XGBoost,Protein-Level,train,0.03,-0.32302535,-0.35302534580230716
1905,Apoflavodoxin,0.21,0.69,2,13.090000000000003,False,False,True,False,False,False,False,False,False,False,False,False,False,False,False,False,False,False,False,False,False,False,False,False,False,False,False,False,True,False,False,False,False,False,False,False,False,False,False,False,XGBoost,Protein-Level,train,0.21,-0.32302535,-0.5330253458023071
1906,Apoflavodoxin,-1.06,0.6799999999999999,2,-0.9399999999999977,False,False,False,True,False,False,False,False,False,False,False,False,False,False,False,False,False,False,False,False,False,False,False,False,False,False,False,False,True,False,False,False,False,False,False,False,False,False,False,False,XGBoost,Protein-Level,train,-1.06,-0.32302535,0.7369746541976929
1907,Apoflavodoxin,-1.22,0.6799999999999999,2,-0.9399999999999977,False,False,False,True,False,False,False,False,False,False,False,False,False,False,False,False,False,False,False,False,False,False,False,False,False,False,False,False,True,False,False,False,False,False,False,False,False,False,False,False,XGBoost,Protein-Level,train,-1.22,-0.32302535,0.8969746541976928
1908,Apoflavodoxin,-0.24,0.6799999999999999,2,-0.9399999999999977,False,False,False,True,False,False,False,False,False,False,False,False,False,False,False,False,False,False,False,False,False,False,False,False,False,False,False,False,True,False,False,False,False,False,False,False,False,False,False,False,XGBoost,Protein-Level,train,-0.24,-0.32302535,-0.08302534580230714
1909,Apoflavodoxin,0.09,0.69,2,13.090000000000003,False,False,True,False,False,False,False,False,False,False,False,False,False,False,False,False,False,False,False,False,False,False,False,False,False,False,False,False,True,False,False,False,False,False,False,False,False,False,False,False,XGBoost,Protein-Level,train,0.09,-0.32302535,-0.4130253458023071
1910,Apoflavodoxin,-1.5,0.6799999999999999,2,-0.9399999999999977,False,False,False,True,False,False,False,False,False,False,False,False,False,False,False,False,False,False,False,False,False,False,False,False,False,False,False,False,True,False,False,False,False,False,False,False,False,False,False,False,XGBoost,Protein-Level,train,-1.5,-0.32302535,1.1769746541976929
1911,Apoflavodoxin,-1.15,0.69,2,13.090000000000003,False,False,True,False,False,False,False,False,False,False,False,False,False,False,False,False,False,False,False,False,False,False,False,False,False,False,False,False,True,False,False,False,False,False,False,False,False,False,False,False,XGBoost,Protein-Level,train,-1.15,-0.32302535,0.8269746541976928
1912,Apoflavodoxin,-0.55,0.69,2,13.090000000000003,False,False,True,False,False,False,False,False,False,False,False,False,False,False,False,False,False,False,False,False,False,False,False,False,False,False,False,False,True,False,False,False,False,False,False,False,False,False,False,False,XGBoost,Protein-Level,train,-0.55,-0.32302535,0.22697465419769292
1913,Apoflavodoxin,0.22,0.69,2,13.090000000000003,False,False,True,False,False,False,False,False,False,False,False,False,False,False,False,False,False,False,False,False,False,False,False,False,False,False,False,False,True,False,False,False,False,False,False,False,False,False,False,False,XGBoost,Protein-Level,train,0.22,-0.32302535,-0.5430253458023071
1914,Apoflavodoxin,0.24,0.6799999999999999,2,-0.9399999999999977,False,False,False,True,False,False,False,False,False,False,False,False,False,False,False,False,False,False,False,False,False,False,False,False,False,False,False,False,True,False,False,False,False,False,False,False,False,False,False,False,XGBoost,Protein-Level,train,0.24,-0.32302535,-0.5630253458023071
1915,Apoflavodoxin,-0.4,0.6799999999999999,2,-0.9399999999999977,False,False,False,True,False,False,False,False,False,False,False,False,False,False,False,False,False,False,False,False,False,False,False,False,False,False,False,False,True,False,False,False,False,False,False,False,False,False,False,False,XGBoost,Protein-Level,train,-0.4,-0.32302535,0.0769746541976929
1916,Apoflavodoxin,-0.07,0.6799999999999999,2,-0.9399999999999977,False,False,False,True,False,False,False,False,False,False,False,False,False,False,False,False,False,False,False,False,False,False,False,False,False,False,False,False,True,False,False,False,False,False,False,False,False,False,False,False,XGBoost,Protein-Level,train,-0.07,-0.32302535,-0.2530253458023071
1917,Apoflavodoxin,-0.25,0.69,2,13.090000000000003,False,False,True,False,False,False,False,False,False,False,False,False,False,False,False,False,False,False,False,False,False,False,False,False,False,False,False,False,True,False,False,False,False,False,False,False,False,False,False,False,XGBoost,Protein-Level,train,-0.25,-0.32302535,-0.07302534580230713
1918,Apoflavodoxin,-0.71,0.69,2,13.090000000000003,False,False,True,False,False,False,False,False,False,False,False,False,False,False,False,False,False,False,False,False,False,False,False,False,False,False,False,False,True,False,False,False,False,False,False,False,False,False,False,False,XGBoost,Protein-Level,train,-0.71,-0.32302535,0.38697465419769284
1919,Apoflavodoxin,0.6,0.69,2,13.090000000000003,False,False,True,False,False,False,False,False,False,False,False,False,False,False,False,False,False,False,False,False,False,False,False,False,False,False,False,False,True,False,False,False,False,False,False,False,False,False,False,False,XGBoost,Protein-Level,train,0.6,-0.32302535,-0.9230253458023071
1920,Apoflavodoxin,-0.95,0.6799999999999999,2,-0.9399999999999977,False,False,False,True,False,False,False,False,False,False,False,False,False,False,False,False,False,False,False,False,False,False,False,False,False,False,False,False,True,False,False,False,False,False,False,False,False,False,False,False,XGBoost,Protein-Level,train,-0.95,-0.32302535,0.6269746541976928
1921,Apoflavodoxin,-1.12,0.6799999999999999,2,-0.9399999999999977,False,False,False,True,False,False,False,False,False,False,False,False,False,False,False,False,False,False,False,False,False,False,False,False,False,False,False,False,True,False,False,False,False,False,False,False,False,False,False,False,XGBoost,Protein-Level,train,-1.12,-0.32302535,0.796974654197693
1922,Apoflavodoxin,-1.4,0.6799999999999999,2,-0.9399999999999977,False,False,False,True,False,False,False,False,False,False,False,False,False,False,False,False,False,False,False,False,False,False,False,False,False,False,False,False,True,False,False,False,False,False,False,False,False,False,False,False,XGBoost,Protein-Level,train,-1.4,-0.32302535,1.0769746541976928
1923,Apoflavodoxin,-0.73,0.69,2,13.090000000000003,False,False,True,False,False,False,False,False,False,False,False,False,False,False,False,False,False,False,False,False,False,False,False,False,False,False,False,False,True,False,False,False,False,False,False,False,False,False,False,False,XGBoost,Protein-Level,train,-0.73,-0.32302535,0.40697465419769285
1924,Apoflavodoxin,-0.28,0.69,2,13.090000000000003,False,False,True,False,False,False,False,False,False,False,False,False,False,False,False,False,False,False,False,False,False,False,False,False,False,False,False,False,True,False,False,False,False,False,False,False,False,False,False,False,XGBoost,Protein-Level,train,-0.28,-0.32302535,-0.0430253458023071
1925,Apoflavodoxin,-0.12,0.69,2,13.090000000000003,False,False,True,False,False,False,False,False,False,False,False,False,False,False,False,False,False,False,False,False,False,False,False,False,False,False,False,False,True,False,False,False,False,False,False,False,False,False,False,False,XGBoost,Protein-Level,train,-0.12,-0.32302535,-0.20302534580230713
1926,Apoflavodoxin,-0.71,0.6799999999999999,2,-0.9399999999999977,False,False,False,True,False,False,False,False,False,False,False,False,False,False,False,False,False,False,False,False,False,False,False,False,False,False,False,False,True,False,False,False,False,False,False,False,False,False,False,False,XGBoost,Protein-Level,train,-0.71,-0.32302535,0.38697465419769284
1927,Apoflavodoxin,-1.52,0.6799999999999999,2,-0.9399999999999977,False,False,False,True,False,False,False,False,False,False,False,False,False,False,False,False,False,False,False,False,False,False,False,False,False,False,False,False,True,False,False,False,False,False,False,False,False,False,False,False,XGBoost,Protein-Level,train,-1.52,-0.32302535,1.1969746541976929
1928,Apoflavodoxin,-1.47,0.6799999999999999,2,-0.9399999999999977,False,False,False,True,False,False,False,False,False,False,False,False,False,False,False,False,False,False,False,False,False,False,False,False,False,False,False,False,True,False,False,False,False,False,False,False,False,False,False,False,XGBoost,Protein-Level,train,-1.47,-0.32302535,1.1469746541976928
1929,Apoflavodoxin,-0.98,0.69,2,13.090000000000003,False,False,True,False,False,False,False,False,False,False,False,False,False,False,False,False,False,False,False,False,False,False,False,False,False,False,False,False,True,False,False,False,False,False,False,False,False,False,False,False,XGBoost,Protein-Level,train,-0.98,-0.32302535,0.6569746541976929
1930,Apoflavodoxin,-0.99,0.69,2,13.090000000000003,False,False,True,False,False,False,False,False,False,False,False,False,False,False,False,False,False,False,False,False,False,False,False,False,False,False,False,False,True,False,False,False,False,False,False,False,False,False,False,False,XGBoost,Protein-Level,train,-0.99,-0.32302535,0.6669746541976929
1931,Apoflavodoxin,0.48,0.69,2,13.090000000000003,False,False,True,False,False,False,False,False,False,False,False,False,False,False,False,False,False,False,False,False,False,False,False,False,False,False,False,False,True,False,False,False,False,False,False,False,False,False,False,False,XGBoost,Protein-Level,train,0.48,-0.32302535,-0.8030253458023071
1932,Apoflavodoxin,-1.11,-0.92,0,-42.079999999999984,False,False,False,False,False,False,False,False,False,True,False,False,False,False,False,False,False,False,False,False,True,False,False,False,False,False,False,False,False,False,False,False,False,False,False,False,False,False,False,False,XGBoost,Protein-Level,train,-1.11,-0.11018936,0.9998106366395951
1933,Apoflavodoxin,-0.67,-1.6100000000000003,0,-42.079999999999984,False,False,False,False,False,False,False,True,False,False,False,False,False,False,False,False,False,False,False,False,True,False,False,False,False,False,False,False,False,False,False,False,False,False,False,False,False,False,False,False,XGBoost,Protein-Level,train,-0.67,-0.16749404,0.5025059562921524
1934,Apoflavodoxin,-0.46,-0.7100000000000001,0,-28.060000000000002,False,False,False,False,False,False,False,False,False,False,False,False,False,False,False,False,False,True,False,False,True,False,False,False,False,False,False,False,False,False,False,False,False,False,False,False,False,False,False,False,XGBoost,Protein-Level,train,-0.46,-0.4737567,-0.01375670075416563
1935,Apoflavodoxin,0.04,0.14999999999999997,1,-44.00999999999999,False,False,True,False,False,False,False,False,False,False,False,False,False,False,False,False,False,False,False,False,True,False,False,False,False,False,False,False,False,False,False,False,False,False,False,False,False,False,False,False,XGBoost,Protein-Level,train,0.04,-0.25084248,-0.29084248185157774
1937,Apoflavodoxin,-0.18,-0.9000000000000001,0,-14.019999999999982,False,False,False,False,False,False,False,True,False,False,False,False,False,False,False,False,False,False,False,False,False,False,False,False,False,False,False,False,False,False,False,False,False,False,False,False,False,True,False,False,XGBoost,Protein-Level,train,-0.18,-0.30093327,-0.12093327164649964
1938,Apoflavodoxin,-0.11,0.5599999999999999,0,-16.0,False,False,False,False,False,False,False,False,False,False,False,False,False,False,False,True,False,False,False,False,True,False,False,False,False,False,False,False,False,False,False,False,False,False,False,False,False,False,False,False,XGBoost,Protein-Level,train,-0.11,-0.2616726,-0.15167258620262147
1939,Apoflavodoxin,-0.47,-0.54,0,-14.02000000000001,True,False,False,False,False,False,False,False,False,False,False,False,False,False,False,False,False,False,False,False,False,False,False,False,False,True,False,False,False,False,False,False,False,False,False,False,False,False,False,False,XGBoost,Protein-Level,train,-0.47,-0.115350865,0.35464913517236707
1940,Apoflavodoxin,-0.22,0.55,0,-43.03,False,False,False,False,False,False,False,False,False,False,False,True,False,False,False,False,False,False,False,False,True,False,False,False,False,False,False,False,False,False,False,False,False,False,False,False,False,False,False,False,XGBoost,Protein-Level,train,-0.22,-0.3306705,-0.11067050576210022
1941,Apoflavodoxin,0.85,0.61,0,-57.06,False,False,False,False,False,False,False,False,False,False,False,False,False,True,False,False,False,False,False,False,True,False,False,False,False,False,False,False,False,False,False,False,False,False,False,False,False,False,False,False,XGBoost,Protein-Level,train,0.85,-0.19291362,-1.0429136216640473
1942,Apoflavodoxin,-0.38,-0.9000000000000001,0,-14.019999999999982,False,False,False,False,False,False,False,True,False,False,False,False,False,False,False,False,False,False,False,False,False,False,False,False,False,False,False,False,False,False,False,False,False,False,False,False,False,True,False,False,XGBoost,Protein-Level,train,-0.38,-0.30093327,0.07906672835350037
1943,Apoflavodoxin,-0.18,0.5599999999999999,0,-16.0,False,False,False,False,False,False,False,False,False,False,False,False,False,False,False,True,False,False,False,False,True,False,False,False,False,False,False,False,False,False,False,False,False,False,False,False,False,False,False,False,XGBoost,Protein-Level,train,-0.18,-0.2616726,-0.08167258620262147
1944,Apoflavodoxin,-0.95,-0.7100000000000001,0,-28.060000000000002,False,False,False,False,False,False,False,False,False,False,False,False,False,False,False,False,False,True,False,False,True,False,False,False,False,False,False,False,False,False,False,False,False,False,False,False,False,False,False,False,XGBoost,Protein-Level,train,-0.95,-0.4737567,0.4762432992458343
1945,Apoflavodoxin,0.65,0.0,0,-14.030000000000001,False,False,False,False,False,False,False,False,False,False,False,False,False,False,False,False,True,False,False,False,False,False,False,False,False,False,False,False,False,False,False,False,False,False,False,True,False,False,False,False,XGBoost,Protein-Level,train,0.65,-0.22994474,-0.8799447357654572
1946,Apoflavodoxin,-0.6,-0.7100000000000001,0,-28.060000000000002,False,False,False,False,False,False,False,False,False,False,False,False,False,False,False,False,False,True,False,False,True,False,False,False,False,False,False,False,False,False,False,False,False,False,False,False,False,False,False,False,XGBoost,Protein-Level,train,-0.6,-0.4737567,0.12624329924583433
1947,Apoflavodoxin,-0.15,-0.92,0,-42.079999999999984,False,False,False,False,False,False,False,False,False,True,False,False,False,False,False,False,False,False,False,False,True,False,False,False,False,False,False,False,False,False,False,False,False,False,False,False,False,False,False,False,XGBoost,Protein-Level,train,-0.15,-0.11018936,0.039810636639595026
1948,Apoflavodoxin,-0.69,-0.9000000000000001,0,-14.019999999999982,False,False,False,False,False,False,False,True,False,False,False,False,False,False,False,False,False,False,False,False,False,False,False,False,False,False,False,False,False,False,False,False,False,False,False,False,False,True,False,False,XGBoost,Protein-Level,train,-0.69,-0.30093327,0.3890667283535003
1949,Apoflavodoxin,-0.73,-0.7100000000000001,0,-28.060000000000002,False,False,False,False,False,False,False,False,False,False,False,False,False,False,False,False,False,True,False,False,True,False,False,False,False,False,False,False,False,False,False,False,False,False,False,False,False,False,False,False,XGBoost,Protein-Level,train,-0.73,-0.4737567,0.25624329924583433
1950,Apoflavodoxin,-1.74,-0.92,0,-42.079999999999984,False,False,False,False,False,False,False,False,False,True,False,False,False,False,False,False,False,False,False,False,True,False,False,False,False,False,False,False,False,False,False,False,False,False,False,False,False,False,False,False,XGBoost,Protein-Level,train,-1.74,-0.11018936,1.629810636639595
1951,Apoflavodoxin,-1.03,-1.6100000000000003,0,-42.079999999999984,False,False,False,False,False,False,False,True,False,False,False,False,False,False,False,False,False,False,False,False,True,False,False,False,False,False,False,False,False,False,False,False,False,False,False,False,False,False,False,False,XGBoost,Protein-Level,train,-1.03,-0.16749404,0.8625059562921524
1952,Apoflavodoxin,-0.99,-0.7100000000000001,0,-28.060000000000002,False,False,False,False,False,False,False,False,False,False,False,False,False,False,False,False,False,True,False,False,True,False,False,False,False,False,False,False,False,False,False,False,False,False,False,False,False,False,False,False,XGBoost,Protein-Level,train,-0.99,-0.4737567,0.5162432992458343
1953,Apoflavodoxin,-0.03,0.14999999999999997,1,-44.00999999999999,False,False,True,False,False,False,False,False,False,False,False,False,False,False,False,False,False,False,False,False,True,False,False,False,False,False,False,False,False,False,False,False,False,False,False,False,False,False,False,False,XGBoost,Protein-Level,train,-0.03,-0.25084248,-0.22084248185157776
1955,Apoflavodoxin,-0.6,-0.9000000000000001,0,-14.019999999999982,False,False,False,False,False,False,False,True,False,False,False,False,False,False,False,False,False,False,False,False,False,False,False,False,False,False,False,False,False,False,False,False,False,False,False,False,False,True,False,False,XGBoost,Protein-Level,train,-0.6,-0.30093327,0.29906672835350034
1956,Apoflavodoxin,0.13,0.5599999999999999,0,-16.0,False,False,False,False,False,False,False,False,False,False,False,False,False,False,False,True,False,False,False,False,True,False,False,False,False,False,False,False,False,False,False,False,False,False,False,False,False,False,False,False,XGBoost,Protein-Level,train,0.13,-0.2616726,-0.39167258620262146
1957,Apoflavodoxin,-1.25,-0.54,0,-14.02000000000001,True,False,False,False,False,False,False,False,False,False,False,False,False,False,False,False,False,False,False,False,False,False,False,False,False,True,False,False,False,False,False,False,False,False,False,False,False,False,False,False,XGBoost,Protein-Level,train,-1.25,-0.115350865,1.134649135172367
1958,Apoflavodoxin,-0.24,0.55,0,-43.03,False,False,False,False,False,False,False,False,False,False,False,True,False,False,False,False,False,False,False,False,True,False,False,False,False,False,False,False,False,False,False,False,False,False,False,False,False,False,False,False,XGBoost,Protein-Level,train,-0.24,-0.3306705,-0.09067050576210023
1959,Apoflavodoxin,0.49,0.61,0,-57.06,False,False,False,False,False,False,False,False,False,False,False,False,False,True,False,False,False,False,False,False,True,False,False,False,False,False,False,False,False,False,False,False,False,False,False,False,False,False,False,False,XGBoost,Protein-Level,train,0.49,-0.19291362,-0.6829136216640472
1960,Apoflavodoxin,-0.11,-0.9000000000000001,0,-14.019999999999982,False,False,False,False,False,False,False,True,False,False,False,False,False,False,False,False,False,False,False,False,False,False,False,False,False,False,False,False,False,False,False,False,False,False,False,False,False,True,False,False,XGBoost,Protein-Level,train,-0.11,-0.30093327,-0.19093327164649965
1961,Apoflavodoxin,-0.34,0.5599999999999999,0,-16.0,False,False,False,False,False,False,False,False,False,False,False,False,False,False,False,True,False,False,False,False,True,False,False,False,False,False,False,False,False,False,False,False,False,False,False,False,False,False,False,False,XGBoost,Protein-Level,train,-0.34,-0.2616726,0.07832741379737856
1962,Apoflavodoxin,-1.32,-0.7100000000000001,0,-28.060000000000002,False,False,False,False,False,False,False,False,False,False,False,False,False,False,False,False,False,True,False,False,True,False,False,False,False,False,False,False,False,False,False,False,False,False,False,False,False,False,False,False,XGBoost,Protein-Level,train,-1.32,-0.4737567,0.8462432992458344
1963,Apoflavodoxin,0.11,0.0,0,-14.030000000000001,False,False,False,False,False,False,False,False,False,False,False,False,False,False,False,False,True,False,False,False,False,False,False,False,False,False,False,False,False,False,False,False,False,False,False,True,False,False,False,False,XGBoost,Protein-Level,train,0.11,-0.22994474,-0.33994473576545714
1964,Apoflavodoxin,-0.29,-0.7100000000000001,0,-28.060000000000002,False,False,False,False,False,False,False,False,False,False,False,False,False,False,False,False,False,True,False,False,True,False,False,False,False,False,False,False,False,False,False,False,False,False,False,False,False,False,False,False,XGBoost,Protein-Level,train,-0.29,-0.4737567,-0.18375670075416567
1965,Apoflavodoxin,-0.11,-0.92,0,-42.079999999999984,False,False,False,False,False,False,False,False,False,True,False,False,False,False,False,False,False,False,False,False,True,False,False,False,False,False,False,False,False,False,False,False,False,False,False,False,False,False,False,False,XGBoost,Protein-Level,train,-0.11,-0.11018936,-0.0001893633604049677
1966,Apoflavodoxin,-1.6,-0.9000000000000001,0,-14.019999999999982,False,False,False,False,False,False,False,True,False,False,False,False,False,False,False,False,False,False,False,False,False,False,False,False,False,False,False,False,False,False,False,False,False,False,False,False,False,True,False,False,XGBoost,Protein-Level,train,-1.6,-0.30093327,1.2990667283535005
1967,Apoflavodoxin,-1.1,-0.7100000000000001,0,-28.060000000000002,False,False,False,False,False,False,False,False,False,False,False,False,False,False,False,False,False,True,False,False,True,False,False,False,False,False,False,False,False,False,False,False,False,False,False,False,False,False,False,False,XGBoost,Protein-Level,train,-1.1,-0.4737567,0.6262432992458344
1968,Flavodoxin,0.08,0.9000000000000001,0,14.019999999999982,False,False,False,False,False,False,False,False,False,False,False,False,False,False,False,False,False,True,False,False,False,False,False,False,False,False,False,True,False,False,False,False,False,False,False,False,False,False,False,False,XGBoost,Protein-Level,train,0.08,-0.08938736,-0.16938735723495485
1969,Flavodoxin,0.04,0.20999999999999996,0,14.019999999999982,False,False,False,False,False,False,False,False,False,False,False,False,False,False,False,False,False,True,False,False,False,False,False,False,False,False,False,False,False,True,False,False,False,False,False,False,False,False,False,False,XGBoost,Protein-Level,train,0.04,-0.25193208,-0.29193208456039427
1970,Flavodoxin,0.03,0.9000000000000001,0,14.019999999999982,False,False,False,False,False,False,False,False,False,False,False,False,False,False,False,False,False,True,False,False,False,False,False,False,False,False,False,True,False,False,False,False,False,False,False,False,False,False,False,False,XGBoost,Protein-Level,train,0.03,-0.08938736,-0.11938735723495483
1971,Flavodoxin,0.44,0.9000000000000001,0,14.019999999999982,False,False,False,False,False,False,False,False,False,False,False,False,False,False,False,False,False,True,False,False,False,False,False,False,False,False,False,True,False,False,False,False,False,False,False,False,False,False,False,False,XGBoost,Protein-Level,train,0.44,-0.08938736,-0.5293873572349548
1972,Flavodoxin,0.04,0.20999999999999996,0,14.019999999999982,False,False,False,False,False,False,False,False,False,False,False,False,False,False,False,False,False,True,False,False,False,False,False,False,False,False,False,False,False,True,False,False,False,False,False,False,False,False,False,False,XGBoost,Protein-Level,train,0.04,-0.25193208,-0.29193208456039427
1973,Flavodoxin,-0.01,0.9000000000000001,0,14.019999999999982,False,False,False,False,False,False,False,False,False,False,False,False,False,False,False,False,False,True,False,False,False,False,False,False,False,False,False,True,False,False,False,False,False,False,False,False,False,False,False,False,XGBoost,Protein-Level,train,-0.01,-0.08938736,-0.07938735723495484
1974,Flavodoxin,0.52,0.9000000000000001,0,14.019999999999982,False,False,False,False,False,False,False,False,False,False,False,False,False,False,False,False,False,True,False,False,False,False,False,False,False,False,False,True,False,False,False,False,False,False,False,False,False,False,False,False,XGBoost,Protein-Level,train,0.52,-0.08938736,-0.6093873572349549
1975,Flavodoxin,0.09,0.20999999999999996,0,14.019999999999982,False,False,False,False,False,False,False,False,False,False,False,False,False,False,False,False,False,True,False,False,False,False,False,False,False,False,False,False,False,True,False,False,False,False,False,False,False,False,False,False,XGBoost,Protein-Level,train,0.09,-0.25193208,-0.34193208456039426
1976,Flavodoxin,-0.03,0.9000000000000001,0,14.019999999999982,False,False,False,False,False,False,False,False,False,False,False,False,False,False,False,False,False,True,False,False,False,False,False,False,False,False,False,True,False,False,False,False,False,False,False,False,False,False,False,False,XGBoost,Protein-Level,train,-0.03,-0.08938736,-0.059387357234954835
1977,Flavodoxin,-0.09,0.54,0,14.02000000000001,False,False,False,False,False,True,False,False,False,False,False,False,False,False,False,False,False,False,False,False,True,False,False,False,False,False,False,False,False,False,False,False,False,False,False,False,False,False,False,False,XGBoost,Protein-Level,train,-0.09,-0.32302535,-0.23302534580230713
1978,Flavodoxin,0.12,1.25,0,42.08000000000001,False,False,False,False,False,True,False,False,False,False,False,False,False,False,False,False,False,False,False,False,False,False,False,False,False,False,False,False,False,False,False,False,False,False,False,False,False,True,False,False,XGBoost,Protein-Level,train,0.12,-0.019279689,-0.13927968859672546
1979,Flavodoxin,-0.21,1.46,0,56.099999999999994,False,False,False,False,False,True,False,False,False,False,False,False,False,False,False,False,False,False,False,False,False,False,False,False,False,False,False,False,False,True,False,False,False,False,False,False,False,False,False,False,XGBoost,Protein-Level,train,-0.21,-0.063520126,0.14647987395524978
1980,Flavodoxin,-0.69,0.7100000000000001,0,28.060000000000002,True,False,False,False,False,False,False,False,False,False,False,False,False,False,False,False,False,False,False,False,False,False,False,False,False,False,False,False,False,False,False,False,False,False,False,False,False,True,False,False,XGBoost,Protein-Level,train,-0.69,-0.3796355,0.31036448717117304
1981,Flavodoxin,-0.53,0.92,0,42.079999999999984,True,False,False,False,False,False,False,False,False,False,False,False,False,False,False,False,False,False,False,False,False,False,False,False,False,False,False,False,False,True,False,False,False,False,False,False,False,False,False,False,XGBoost,Protein-Level,train,-0.53,-0.16658661,0.36341339230537417
2004,Apoflavodoxin,0.19,0.9000000000000001,0,14.019999999999982,False,False,False,False,False,False,False,False,False,False,False,False,False,False,False,False,False,True,False,False,False,False,False,False,False,False,False,True,False,False,False,False,False,False,False,False,False,False,False,False,XGBoost,Protein-Level,train,0.19,-0.08938736,-0.27938735723495484
2005,Apoflavodoxin,0.27,0.6799999999999999,2,-0.9399999999999977,False,False,False,True,False,False,False,False,False,False,False,False,False,False,False,False,False,False,False,False,False,False,False,False,False,False,False,False,True,False,False,False,False,False,False,False,False,False,False,False,XGBoost,Protein-Level,train,0.27,-0.32302535,-0.5930253458023071
2006,Apoflavodoxin,-0.02,-1.6100000000000003,0,-42.079999999999984,False,False,False,False,False,False,False,True,False,False,False,False,False,False,False,False,False,False,False,False,True,False,False,False,False,False,False,False,False,False,False,False,False,False,False,False,False,False,False,False,XGBoost,Protein-Level,train,-0.02,-0.16749404,-0.1474940437078476
2007,Apoflavodoxin,0.17,-2.1500000000000004,0,-56.099999999999994,False,False,False,False,False,False,False,True,False,False,False,False,False,False,False,False,False,False,False,False,False,False,False,False,False,True,False,False,False,False,False,False,False,False,False,False,False,False,False,False,XGBoost,Protein-Level,train,0.17,-0.6152837,-0.7852837276458741
2008,Apoflavodoxin,0.17,0.6799999999999999,2,-0.9399999999999977,False,False,False,True,False,False,False,False,False,False,False,False,False,False,False,False,False,False,False,False,False,False,False,False,False,False,False,False,True,False,False,False,False,False,False,False,False,False,False,False,XGBoost,Protein-Level,train,0.17,-0.32302535,-0.49302534580230717
2009,Apoflavodoxin,0.02,-0.92,0,-42.079999999999984,False,False,False,False,False,False,False,False,False,True,False,False,False,False,False,False,False,False,False,False,True,False,False,False,False,False,False,False,False,False,False,False,False,False,False,False,False,False,False,False,XGBoost,Protein-Level,train,0.02,-0.11018936,-0.13018936336040496
2010,Apoflavodoxin,0.38,0.54,0,14.02000000000001,False,False,False,False,False,True,False,False,False,False,False,False,False,False,False,False,False,False,False,False,True,False,False,False,False,False,False,False,False,False,False,False,False,False,False,False,False,False,False,False,XGBoost,Protein-Level,train,0.38,-0.32302535,-0.7030253458023071
2011,Apoflavodoxin,0.33,0.6799999999999999,2,-0.9399999999999977,False,False,False,True,False,False,False,False,False,False,False,False,False,False,False,False,False,False,False,False,False,False,False,False,False,False,False,False,True,False,False,False,False,False,False,False,False,False,False,False,XGBoost,Protein-Level,train,0.33,-0.32302535,-0.6530253458023072
2013,Apoflavodoxin,0.05,0.9000000000000001,0,14.019999999999982,False,False,False,False,False,False,False,False,False,False,False,False,False,False,False,False,False,True,False,False,False,False,False,False,False,False,False,True,False,False,False,False,False,False,False,False,False,False,False,False,XGBoost,Protein-Level,train,0.05,-0.08938736,-0.13938735723495482
2014,Apoflavodoxin,0.43,0.61,0,-57.06,False,False,False,False,False,False,False,False,False,False,False,False,False,True,False,False,False,False,False,False,True,False,False,False,False,False,False,False,False,False,False,False,False,False,False,False,False,False,False,False,XGBoost,Protein-Level,train,0.43,-0.19291362,-0.6229136216640472
2015,Apoflavodoxin,0.16,0.7100000000000001,0,28.060000000000002,True,False,False,False,False,False,False,False,False,False,False,False,False,False,False,False,False,False,False,False,False,False,False,False,False,False,False,False,False,False,False,False,False,False,False,False,False,True,False,False,XGBoost,Protein-Level,train,0.16,-0.3796355,-0.5396355128288269
2016,Apoflavodoxin,0.15,0.14,1,-58.03999999999999,False,False,False,True,False,False,False,False,False,False,False,False,False,False,False,False,False,False,False,False,True,False,False,False,False,False,False,False,False,False,False,False,False,False,False,False,False,False,False,False,XGBoost,Protein-Level,train,0.15,-0.21258448,-0.3625844806432724
2017,Apoflavodoxin,0.22,0.07,0,-71.08000000000001,False,False,False,False,False,False,False,False,False,False,False,False,False,True,False,False,False,False,False,False,False,False,False,False,False,True,False,False,False,False,False,False,False,False,False,False,False,False,False,False,XGBoost,Protein-Level,train,0.22,0.08261542,-0.1373845797777176
2092,Fibroblast growth factor-1,0.69,0.41999999999999993,0,-16.039999999999992,False,False,False,False,False,False,False,False,False,True,False,False,False,False,False,False,False,False,False,False,False,False,False,False,False,False,False,False,False,False,False,False,True,False,False,False,False,False,False,False,XGBoost,Protein-Level,train,0.69,-0.23689553,-0.9268955314159393
2093,Fibroblast growth factor-1,-1.46,-0.20999999999999996,0,-14.019999999999982,False,False,False,False,False,False,False,False,False,True,False,False,False,False,False,False,False,False,False,False,False,False,False,False,False,False,False,False,False,False,False,False,False,False,False,False,False,True,False,False,XGBoost,Protein-Level,train,-1.46,-0.38940597,1.0705940341949463
2094,Fibroblast growth factor-1,-0.57,0.20999999999999996,0,14.019999999999982,False,False,False,False,False,False,False,False,False,False,False,False,False,False,False,False,False,True,False,False,False,False,False,False,False,False,False,False,False,True,False,False,False,False,False,False,False,False,False,False,XGBoost,Protein-Level,train,-0.57,-0.25193208,0.31806791543960566
2095,Staphylococcal nuclease,-1.2,0.49,0,34.02000000000001,False,False,False,False,False,False,False,False,False,True,False,False,False,False,False,False,False,False,False,False,False,False,False,False,True,False,False,False,False,False,False,False,False,False,False,False,False,False,False,False,XGBoost,Protein-Level,train,-1.2,-0.45704594,0.7429540574550628
2096,Staphylococcal nuclease,0.0,1.27,0,26.03,False,False,False,False,False,False,True,False,False,False,False,False,False,False,False,False,False,False,False,False,False,False,False,False,False,False,False,False,False,False,False,False,False,False,False,False,False,False,False,True,XGBoost,Protein-Level,train,0.0,-0.094256185,-0.09425618499517441
2097,Staphylococcal nuclease,-0.2,-1.0400000000000003,0,18.04000000000002,False,False,False,False,False,False,False,True,False,False,False,False,False,False,False,False,False,False,False,False,False,False,False,False,False,False,False,False,False,False,True,False,False,False,False,False,False,False,False,False,XGBoost,Protein-Level,train,-0.2,-0.40950266,-0.20950265526771544
2098,Staphylococcal nuclease,0.7,0.92,0,-23.99000000000001,False,False,False,False,False,False,True,False,False,False,False,False,False,False,False,False,False,False,False,False,False,False,False,False,False,False,False,False,False,True,False,False,False,False,False,False,False,False,False,False,XGBoost,Protein-Level,train,0.7,0.32996568,-0.37003431916236873
2102,Staphylococcal nuclease,-0.12,0.5599999999999999,0,-16.0,False,False,False,False,False,False,False,False,False,False,False,False,False,False,False,True,False,False,False,False,True,False,False,False,False,False,False,False,False,False,False,False,False,False,False,False,False,False,False,False,XGBoost,Protein-Level,train,-0.12,-0.2616726,-0.14167258620262146
2254,Cytochrome c,3.14,2.16,0,-0.950000000000017,False,False,False,False,False,False,False,False,False,False,False,True,False,False,False,False,False,False,False,False,False,False,False,False,False,False,False,True,False,False,False,False,False,False,False,False,False,False,False,False,XGBoost,Protein-Level,train,3.14,2.5765734,-0.5634266281127931
2279,Iso-1 cytochrome c,-0.08,-0.06,0,14.030000000000001,False,False,False,False,False,False,False,False,False,False,False,True,False,False,False,False,False,False,False,False,False,False,False,False,False,False,False,False,False,False,False,False,False,True,False,False,False,False,False,False,XGBoost,Protein-Level,train,-0.08,-0.10230652,-0.02230652242898941
2280,Iso-1 cytochrome c,-1.29,-0.009999999999999995,0,-27.03,False,False,False,False,False,False,False,False,False,False,False,True,False,False,False,False,False,False,False,False,False,False,False,False,False,False,False,False,False,False,False,False,False,False,False,True,False,False,False,False,XGBoost,Protein-Level,train,-1.29,-0.08201613,1.2079838672280312
2281,Iso-1 cytochrome c,-0.05,-0.009999999999999995,0,-27.03,False,False,False,False,False,False,False,False,False,False,False,True,False,False,False,False,False,False,False,False,False,False,False,False,False,False,False,False,False,False,False,False,False,False,False,True,False,False,False,False,XGBoost,Protein-Level,train,-0.05,-0.08201613,-0.03201613277196884
2282,Iso-1 cytochrome c,0.74,-0.009999999999999995,0,-27.03,False,False,False,False,False,False,False,False,False,False,False,True,False,False,False,False,False,False,False,False,False,False,False,False,False,False,False,False,False,False,False,False,False,False,False,True,False,False,False,False,XGBoost,Protein-Level,train,0.74,-0.08201613,-0.8220161327719688
2283,Iso-1 cytochrome c,-1.27,0.55,0,23.039999999999992,False,False,False,False,False,False,False,False,False,False,False,True,False,False,False,False,False,False,False,False,False,False,False,False,False,False,True,False,False,False,False,False,False,False,False,False,False,False,False,False,XGBoost,Protein-Level,train,-1.27,-0.6174215,0.6525784921646118
2284,Iso-1 cytochrome c,-0.53,-0.009999999999999995,0,-13.0,False,False,False,False,False,False,False,False,False,False,False,True,False,False,False,False,False,False,False,False,False,False,False,False,False,False,False,False,False,False,False,False,False,False,False,False,True,False,False,False,XGBoost,Protein-Level,train,-0.53,0.073414244,0.6034142437577248
2285,Iso-1 cytochrome c,0.59,-0.009999999999999995,0,-13.0,False,False,False,False,False,False,False,False,False,False,False,True,False,False,False,False,False,False,False,False,False,False,False,False,False,False,False,False,False,False,False,False,False,False,False,False,True,False,False,False,XGBoost,Protein-Level,train,0.59,0.073414244,-0.5165857562422752
2286,Iso-1 cytochrome c,1.01,-0.009999999999999995,0,-13.0,False,False,False,False,False,False,False,False,False,False,False,True,False,False,False,False,False,False,False,False,False,False,False,False,False,False,False,False,False,False,False,False,False,False,False,False,True,False,False,False,XGBoost,Protein-Level,train,1.01,0.073414244,-0.9365857562422752
2287,Iso-1 cytochrome c,0.98,-0.009999999999999995,0,-13.0,False,False,False,False,False,False,False,False,False,False,False,True,False,False,False,False,False,False,False,False,False,False,False,False,False,False,False,False,False,False,False,False,False,False,False,False,True,False,False,False,XGBoost,Protein-Level,train,0.98,0.073414244,-0.9065857562422752
2288,Iso-1 cytochrome c,0.63,0.55,0,-43.03,False,False,False,False,False,False,False,False,False,False,False,True,False,False,False,False,False,False,False,False,True,False,False,False,False,False,False,False,False,False,False,False,False,False,False,False,False,False,False,False,XGBoost,Protein-Level,train,0.63,-0.3306705,-0.9606705057621002
2289,Iso-1 cytochrome c,1.67,1.26,0,-14.969999999999999,False,False,False,False,False,False,False,False,False,False,False,True,False,False,False,False,False,False,False,False,False,False,False,False,False,False,False,False,False,False,False,False,False,False,False,False,False,True,False,False,XGBoost,Protein-Level,train,1.67,1.2812693,-0.3887306880950927
2290,Iso-1 cytochrome c,2.44,1.26,0,-14.969999999999999,False,False,False,False,False,False,False,False,False,False,False,True,False,False,False,False,False,False,False,False,False,False,False,False,False,False,False,False,False,False,False,False,False,False,False,False,False,True,False,False,XGBoost,Protein-Level,train,2.44,1.2812693,-1.1587306880950927
2291,Iso-1 cytochrome c,2.25,1.1199999999999999,0,17.090000000000003,False,False,False,False,False,False,False,False,False,False,False,True,False,False,False,False,False,False,False,False,False,False,False,False,False,False,False,False,False,False,True,False,False,False,False,False,False,False,False,False,XGBoost,Protein-Level,train,2.25,1.2374698,-1.0125302076339722
2292,Iso-1 cytochrome c,2.91,1.1199999999999999,0,17.090000000000003,False,False,False,False,False,False,False,False,False,False,False,True,False,False,False,False,False,False,False,False,False,False,False,False,False,False,False,False,False,False,True,False,False,False,False,False,False,False,False,False,XGBoost,Protein-Level,train,2.91,1.2374698,-1.6725302076339723
2293,Iso-1 cytochrome c,2.56,1.47,0,-0.950000000000017,False,False,False,False,False,False,False,False,False,False,False,True,False,False,False,False,False,False,False,False,False,False,False,False,False,False,False,False,False,True,False,False,False,False,False,False,False,False,False,False,XGBoost,Protein-Level,train,2.56,1.3700411,-1.1899588680267335
2294,Iso-1 cytochrome c,2.02,2.16,0,-0.950000000000017,False,False,False,False,False,False,False,False,False,False,False,True,False,False,False,False,False,False,False,False,False,False,False,False,False,False,False,True,False,False,False,False,False,False,False,False,False,False,False,False,XGBoost,Protein-Level,train,2.02,2.5765734,0.556573371887207
2295,Iso-1 cytochrome c,3.14,2.16,0,-0.950000000000017,False,False,False,False,False,False,False,False,False,False,False,True,False,False,False,False,False,False,False,False,False,False,False,False,False,False,False,True,False,False,False,False,False,False,False,False,False,False,False,False,XGBoost,Protein-Level,train,3.14,2.5765734,-0.5634266281127931
2296,Iso-1 cytochrome c,3.03,2.16,0,-0.950000000000017,False,False,False,False,False,False,False,False,False,False,False,True,False,False,False,False,False,False,False,False,False,False,False,False,False,False,False,True,False,False,False,False,False,False,False,False,False,False,False,False,XGBoost,Protein-Level,train,3.03,2.5765734,-0.4534266281127928
2297,Iso-1 cytochrome c,2.62,2.16,0,-0.950000000000017,False,False,False,False,False,False,False,False,False,False,False,True,False,False,False,False,False,False,False,False,False,False,False,False,False,False,False,True,False,False,False,False,False,False,False,False,False,False,False,False,XGBoost,Protein-Level,train,2.62,2.5765734,-0.043426628112793075
2357,Iso-1 cytochrome c,4.2,2.16,0,-0.950000000000017,False,False,False,False,False,False,False,False,False,False,False,True,False,False,False,False,False,False,False,False,False,False,False,False,False,False,False,True,False,False,False,False,False,False,False,False,False,False,False,False,XGBoost,Protein-Level,train,4.2,2.5765734,-1.6234266281127931
2392,Alpha-spectrin,0.98,-0.39,1,-58.03,False,False,True,False,False,False,False,False,False,False,False,False,False,False,False,False,False,False,False,False,False,False,False,False,False,True,False,False,False,False,False,False,False,False,False,False,False,False,False,False,XGBoost,Protein-Level,train,0.98,0.19641128,-0.783588718175888
2393,Alpha-spectrin,0.69,-0.39,1,-58.03,False,False,True,False,False,False,False,False,False,False,False,False,False,False,False,False,False,False,False,False,False,False,False,False,False,True,False,False,False,False,False,False,False,False,False,False,False,False,False,False,XGBoost,Protein-Level,train,0.69,0.19641128,-0.493588718175888
2394,Alpha-spectrin,0.57,-0.39,1,-58.03,False,False,True,False,False,False,False,False,False,False,False,False,False,False,False,False,False,False,False,False,False,False,False,False,False,True,False,False,False,False,False,False,False,False,False,False,False,False,False,False,XGBoost,Protein-Level,train,0.57,0.19641128,-0.373588718175888
2395,Alpha-spectrin,1.05,-0.39,1,-58.03,False,False,True,False,False,False,False,False,False,False,False,False,False,False,False,False,False,False,False,False,False,False,False,False,False,True,False,False,False,False,False,False,False,False,False,False,False,False,False,False,XGBoost,Protein-Level,train,1.05,0.19641128,-0.8535887181758881
2414,Cytochrome b5,-0.65,-1.3399999999999999,0,-26.039999999999992,False,False,False,False,False,False,False,False,False,False,False,False,True,False,False,False,False,False,False,False,True,False,False,False,False,False,False,False,False,False,False,False,False,False,False,False,False,False,False,False,XGBoost,Protein-Level,train,-0.65,-0.58364666,0.06635334491729739
2415,Cytochrome b5,0.33,0.13999999999999996,2,41.099999999999994,False,False,True,False,False,False,False,False,False,False,False,False,False,False,False,False,False,False,False,False,False,False,False,False,False,False,False,False,False,False,False,False,False,False,True,False,False,False,False,False,XGBoost,Protein-Level,train,0.33,-0.34814453,-0.6781445312500001
2416,Cytochrome b5,-1.51,-1.3399999999999999,0,-26.039999999999992,False,False,False,False,False,False,False,False,False,False,False,False,True,False,False,False,False,False,False,False,True,False,False,False,False,False,False,False,False,False,False,False,False,False,False,False,False,False,False,False,XGBoost,Protein-Level,train,-1.51,-0.58364666,0.9263533449172974
2417,Cytochrome b5,0.14,0.13999999999999996,2,41.099999999999994,False,False,True,False,False,False,False,False,False,False,False,False,False,False,False,False,False,False,False,False,False,False,False,False,False,False,False,False,False,False,False,False,False,False,True,False,False,False,False,False,XGBoost,Protein-Level,train,0.14,-0.34814453,-0.48814453125
2445,Disulfide bond formation protein D,1.0,1.27,0,-1.9699999999999989,False,False,False,False,False,False,False,False,False,False,False,False,False,False,False,False,True,False,False,False,False,False,False,False,False,False,False,False,False,False,False,False,False,False,False,False,False,True,False,False,XGBoost,Protein-Level,train,1.0,-0.17367676,-1.173676759004593
2446,Disulfide bond formation protein D,1.28,1.27,0,-1.9699999999999989,False,False,False,False,False,False,False,False,False,False,False,False,False,False,False,False,True,False,False,False,False,False,False,False,False,False,False,False,False,False,False,False,False,False,False,False,False,True,False,False,XGBoost,Protein-Level,train,1.28,-0.17367676,-1.453676759004593
2447,Disulfide bond formation protein D,-1.06,-0.47,1,-0.9799999999999898,False,False,False,True,False,False,False,False,False,False,False,False,False,False,False,False,False,False,False,False,False,False,False,False,False,False,False,False,False,False,False,False,False,True,False,False,False,False,False,False,XGBoost,Protein-Level,train,-1.06,-0.39655623,0.6634437716007233
2448,Iso-1 cytochrome c,-1.6,1.5,-1,58.05000000000001,False,False,False,False,False,False,False,False,True,False,False,False,False,False,False,False,False,False,False,False,False,False,False,False,False,False,False,False,False,False,False,False,False,False,False,False,False,False,True,False,XGBoost,Protein-Level,train,-1.6,-0.755118,0.8448819875717164
2449,Iso-1 cytochrome c,0.1,0.17000000000000015,-1,-29.039999999999992,False,False,False,False,False,False,False,False,True,False,False,False,False,False,False,False,False,False,False,False,False,False,False,False,False,False,False,False,False,False,False,False,False,False,False,False,False,True,False,False,XGBoost,Protein-Level,train,0.1,-0.2721094,-0.3721093893051147
2450,Iso-1 cytochrome c,-0.4,1.0700000000000003,-1,-15.02000000000001,False,False,False,False,False,False,False,False,True,False,False,False,False,False,False,False,False,False,False,False,False,False,False,False,False,False,False,True,False,False,False,False,False,False,False,False,False,False,False,False,XGBoost,Protein-Level,train,-0.4,-0.057197403,0.3428025968372822
2455,Iso-1 cytochrome c,-0.7,-0.14000000000000012,0,16.0,False,False,False,False,True,False,False,False,False,False,False,False,False,False,False,False,False,False,False,False,False,False,False,False,False,False,False,False,False,False,False,False,False,False,False,False,False,False,False,True,XGBoost,Protein-Level,train,-0.7,-0.5087257,0.1912742972373962
2456,Iso-1 cytochrome c,-2.8,-0.92,0,-42.079999999999984,False,False,False,False,False,False,False,False,False,True,False,False,False,False,False,False,False,False,False,False,True,False,False,False,False,False,False,False,False,False,False,False,False,False,False,False,False,False,False,False,XGBoost,Protein-Level,train,-2.8,-0.11018936,2.689810636639595
2457,Adenylate kinase,-2.15,0.4,-1,0.9799999999999898,False,False,False,False,False,False,False,False,False,False,False,True,False,False,False,False,False,False,False,False,False,False,True,False,False,False,False,False,False,False,False,False,False,False,False,False,False,False,False,False,XGBoost,Protein-Level,train,-2.15,-0.6285595,1.5214404702186584
2458,Adenylate kinase,-2.15,0.5599999999999999,0,36.03999999999999,False,False,False,False,False,False,False,False,False,False,False,False,False,False,False,False,True,False,False,False,False,False,False,False,False,False,True,False,False,False,False,False,False,False,False,False,False,False,False,False,XGBoost,Protein-Level,train,-2.15,-0.5669747,1.583025300502777
2459,Adenylate kinase,-1.2,0.9000000000000001,0,14.019999999999982,False,False,False,False,False,False,False,False,False,False,False,False,False,False,False,False,False,True,False,False,False,False,False,False,False,False,False,True,False,False,False,False,False,False,False,False,False,False,False,False,XGBoost,Protein-Level,train,-1.2,-0.08938736,1.1106126427650451
2460,Adenylate kinase,-1.91,-0.20000000000000018,0,34.02000000000001,False,False,False,False,False,False,False,True,False,False,False,False,False,False,False,False,False,False,False,False,False,False,False,False,True,False,False,False,False,False,False,False,False,False,False,False,False,False,False,False,XGBoost,Protein-Level,train,-1.91,-0.63187194,1.2781280612945556
2494,Thermonuclease,-2.8,-0.95,0,-44.03999999999999,False,False,False,False,True,False,False,False,False,False,False,False,False,False,False,False,False,False,False,False,False,True,False,False,False,False,False,False,False,False,False,False,False,False,False,False,False,False,False,False,XGBoost,Protein-Level,train,-2.8,-0.8961627,1.9038373112678526
2495,Thermonuclease,-2.9,-0.45999999999999996,0,-10.019999999999982,False,False,False,False,False,False,False,False,False,True,False,False,False,False,False,False,False,False,False,False,False,True,False,False,False,False,False,False,False,False,False,False,False,False,False,False,False,False,False,False,XGBoost,Protein-Level,train,-2.9,-0.54647523,2.3535247683525085
2496,Thermonuclease,0.6,-0.45999999999999996,0,-10.019999999999982,False,False,False,False,False,False,False,False,False,True,False,False,False,False,False,False,False,False,False,False,False,True,False,False,False,False,False,False,False,False,False,False,False,False,False,False,False,False,False,False,XGBoost,Protein-Level,train,0.6,-0.54647523,-1.1464752316474915
2497,Thermonuclease,0.7,-0.45999999999999996,0,-10.019999999999982,False,False,False,False,False,False,False,False,False,True,False,False,False,False,False,False,False,False,False,False,False,True,False,False,False,False,False,False,False,False,False,False,False,False,False,False,False,False,False,False,XGBoost,Protein-Level,train,0.7,-0.54647523,-1.2464752316474914
2504,Staphylococcal nuclease,-0.4,-2.04,0,-49.08000000000001,False,False,False,False,False,False,False,False,False,False,False,False,False,False,False,False,False,False,True,False,False,False,False,False,False,False,True,False,False,False,False,False,False,False,False,False,False,False,False,False,XGBoost,Protein-Level,train,-0.4,-0.48914662,-0.08914662003517149
2505,Staphylococcal nuclease,-0.6,-0.6299999999999999,0,-39.05000000000001,False,False,False,False,False,False,False,False,False,False,False,False,False,False,False,False,False,False,True,False,False,False,False,False,True,False,False,False,False,False,False,False,False,False,False,False,False,False,False,False,XGBoost,Protein-Level,train,-0.6,-0.5565214,0.04347858428955076
2506,Staphylococcal nuclease,-1.1,-0.77,0,-23.05000000000001,False,False,False,False,False,False,False,False,False,False,False,False,False,False,False,False,False,False,True,False,False,False,False,False,False,False,False,False,False,False,False,False,False,False,False,False,False,False,False,True,XGBoost,Protein-Level,train,-1.1,-0.9929063,0.10709372758865365
2507,Staphylococcal nuclease,-4.5,-1.1199999999999999,0,-73.07000000000002,False,False,False,False,False,False,False,False,False,False,False,False,False,False,False,False,False,False,True,False,False,False,False,False,False,False,False,False,False,True,False,False,False,False,False,False,False,False,False,False,XGBoost,Protein-Level,train,-4.5,-2.3787284,2.1212716102600098
2514,Catabolite activator protein,-0.26,0.5599999999999999,0,-16.0,False,False,False,False,False,False,False,False,False,False,False,False,False,False,False,True,False,False,False,False,True,False,False,False,False,False,False,False,False,False,False,False,False,False,False,False,False,False,False,False,XGBoost,Protein-Level,train,-0.26,-0.2616726,-0.001672586202621451
2515,Catabolite activator protein,0.14,1.9,0,10.039999999999992,False,False,False,False,False,False,False,False,False,False,False,False,False,False,False,True,False,False,False,False,False,False,False,False,False,False,False,False,False,False,False,False,True,False,False,False,False,False,False,False,XGBoost,Protein-Level,train,0.14,-0.224927,-0.3649269932508469
2518,Chitinase,0.5,1.88,0,40.06,False,False,False,False,False,True,False,False,False,False,False,False,False,False,False,False,False,False,False,False,False,False,False,False,False,False,False,False,False,False,False,False,True,False,False,False,False,False,False,False,XGBoost,Protein-Level,train,0.5,-0.28229445,-0.7822944521903992
2519,Chitinase,0.81,1.0899999999999999,1,14.069999999999993,False,False,False,False,False,False,False,False,False,False,False,True,False,False,False,False,False,False,False,False,False,False,False,False,False,False,False,False,True,False,False,False,False,False,False,False,False,False,False,False,XGBoost,Protein-Level,train,0.81,0.37487134,-0.43512865662574773
2520,Chitinase,-0.65,1.88,0,40.06,False,False,False,False,False,True,False,False,False,False,False,False,False,False,False,False,False,False,False,False,False,False,False,False,False,False,False,False,False,False,False,False,True,False,False,False,False,False,False,False,XGBoost,Protein-Level,train,-0.65,-0.28229445,0.36770554780960085
2521,Chitinase,0.62,-0.07,0,71.08000000000001,False,False,False,False,False,True,False,False,False,False,False,False,False,False,False,False,False,False,False,False,False,False,False,False,False,False,False,False,False,False,False,False,False,True,False,False,False,False,False,False,XGBoost,Protein-Level,train,0.62,-0.42198655,-1.0419865500926973
68,Beta-lactamase TEM,2.2,-0.020000000000000004,0,30.02000000000001,False,False,False,False,False,True,False,False,False,False,False,False,False,False,False,False,False,False,False,False,False,False,False,False,False,False,False,False,False,False,False,False,False,False,False,True,False,False,False,False,XGBoost,Protein-Level,val,2.2,-0.5978517,-2.7978516936302187
69,Beta-lactamase TEM,-3.5,-1.13,0,-30.090000000000003,False,False,False,False,False,False,False,False,False,False,True,False,False,False,False,False,False,False,False,False,False,False,False,False,False,False,False,False,False,False,False,False,False,False,False,False,True,False,False,False,XGBoost,Protein-Level,val,-3.5,-1.2482299,2.2517701387405396
70,Beta-lactamase TEM,0.4,0.6799999999999999,2,-0.9399999999999977,False,False,False,True,False,False,False,False,False,False,False,False,False,False,False,False,False,False,False,False,False,False,False,False,False,False,False,False,True,False,False,False,False,False,False,False,False,False,False,False,XGBoost,Protein-Level,val,0.4,-0.32302535,-0.7230253458023072
71,Beta-lactamase TEM,-3.5,-0.5599999999999999,0,16.0,True,False,False,False,False,False,False,False,False,False,False,False,False,False,False,False,False,False,False,False,False,False,False,False,False,False,False,False,False,False,False,False,False,False,False,True,False,False,False,False,XGBoost,Protein-Level,val,-3.5,-0.87892514,2.621074855327606
267,Tailspike protein,-2.1,0.53,1,99.13,False,False,False,False,False,True,False,False,False,False,False,False,False,False,False,False,False,False,False,False,False,False,False,False,False,False,False,False,False,False,False,False,False,False,True,False,False,False,False,False,XGBoost,Protein-Level,val,-2.1,-0.34814453,1.75185546875
268,Tailspike protein,-1.6,2.1700000000000004,0,12.049999999999983,False,False,False,False,False,False,False,False,False,False,False,False,False,False,False,False,True,False,False,False,False,False,False,False,False,False,False,True,False,False,False,False,False,False,False,False,False,False,False,False,XGBoost,Protein-Level,val,-1.6,1.1416711,2.741671061515808
269,Tailspike protein,-4.0,0.53,1,99.13,False,False,False,False,False,True,False,False,False,False,False,False,False,False,False,False,False,False,False,False,False,False,False,False,False,False,False,False,False,False,False,False,False,False,True,False,False,False,False,False,XGBoost,Protein-Level,val,-4.0,-0.34814453,3.65185546875
270,Tailspike protein,-2.3,0.8500000000000001,1,-29.97999999999999,False,False,False,True,False,False,False,False,False,False,False,False,False,False,False,False,False,False,False,False,False,False,False,False,False,False,False,False,False,False,False,False,False,False,False,False,False,True,False,False,XGBoost,Protein-Level,val,-2.3,-0.19793086,2.102069142460823
271,Tailspike protein,-10.3,0.5499999999999999,0,-28.00999999999999,False,False,False,False,False,False,False,False,False,False,False,False,False,False,True,False,False,False,False,False,False,False,False,False,False,False,False,False,True,False,False,False,False,False,False,False,False,False,False,False,XGBoost,Protein-Level,val,-10.3,-0.33926243,9.960737574100495
272,Tailspike protein,-0.4,0.39,-1,58.03,False,False,False,False,False,True,False,False,False,False,False,False,False,False,False,False,False,False,False,False,False,False,True,False,False,False,False,False,False,False,False,False,False,False,False,False,False,False,False,False,XGBoost,Protein-Level,val,-0.4,-0.4433441,-0.04334408640861509
273,Tailspike protein,-17.4,-0.5499999999999999,-1,-69.10999999999999,False,False,False,False,False,False,False,False,False,False,False,False,False,False,True,False,False,False,False,False,False,False,False,False,False,False,False,False,False,False,False,False,False,False,False,True,False,False,False,False,XGBoost,Protein-Level,val,-17.4,-0.42680243,16.973197573423384
810,Soluble cytochrome b562,3.83,-1.6100000000000003,0,-42.079999999999984,False,False,False,False,False,False,False,True,False,False,False,False,False,False,False,False,False,False,False,False,True,False,False,False,False,False,False,False,False,False,False,False,False,False,False,False,False,False,False,False,XGBoost,Protein-Level,val,3.83,-0.16749404,-3.9974940437078477
918,Lambda repressor,2.4,-0.8099999999999998,0,-60.03999999999999,False,False,False,False,False,False,False,False,False,False,False,False,False,False,False,False,False,False,False,True,False,True,False,False,False,False,False,False,False,False,False,False,False,False,False,False,False,False,False,False,XGBoost,Protein-Level,val,2.4,-0.4096569,-2.809656912088394
967,Guanyl-specific ribonuclease T1n,-2.7,-1.3399999999999999,0,-26.039999999999992,False,False,False,False,False,False,False,False,False,False,False,False,True,False,False,False,False,False,False,False,True,False,False,False,False,False,False,False,False,False,False,False,False,False,False,False,False,False,False,False,XGBoost,Protein-Level,val,-2.7,-0.58364666,2.1163533449172975
968,Guanyl-specific ribonuclease T1n,-2.1,-1.9,0,-10.039999999999992,False,False,False,False,False,False,False,False,False,False,False,False,True,False,False,False,False,False,False,False,False,False,False,False,False,False,False,False,False,False,False,False,False,False,False,True,False,False,False,False,XGBoost,Protein-Level,val,-2.1,-2.7273722,-0.6273721694946288
969,Guanyl-specific ribonuclease T1n,-3.2,-1.3399999999999999,0,-26.039999999999992,False,False,False,False,False,False,False,False,False,False,False,False,True,False,False,False,False,False,False,False,True,False,False,False,False,False,False,False,False,False,False,False,False,False,False,False,False,False,False,False,XGBoost,Protein-Level,val,-3.2,-0.58364666,2.6163533449172975
970,Guanyl-specific ribonuclease T1n,-2.8,-1.88,0,-40.06,False,False,False,False,False,False,False,False,False,False,False,False,True,False,False,False,False,False,False,False,False,False,False,False,False,True,False,False,False,False,False,False,False,False,False,False,False,False,False,False,XGBoost,Protein-Level,val,-2.8,-3.089332,-0.2893321037292482
1320,Ribonuclease,-3.4,0.54,0,14.02000000000001,False,False,False,False,False,True,False,False,False,False,False,False,False,False,False,False,False,False,False,False,True,False,False,False,False,False,False,False,False,False,False,False,False,False,False,False,False,False,False,False,XGBoost,Protein-Level,val,-3.4,-0.32302535,3.076974654197693
1321,Ribonuclease,-5.3,0.54,0,14.02000000000001,False,False,False,False,False,True,False,False,False,False,False,False,False,False,False,False,False,False,False,False,True,False,False,False,False,False,False,False,False,False,False,False,False,False,False,False,False,False,False,False,XGBoost,Protein-Level,val,-5.3,-0.32302535,4.976974654197693
1322,Ribonuclease,-7.8,1.25,0,42.08000000000001,False,False,False,False,False,True,False,False,False,False,False,False,False,False,False,False,False,False,False,False,False,False,False,False,False,False,False,False,False,False,False,False,False,False,False,False,False,True,False,False,XGBoost,Protein-Level,val,-7.8,-0.019279689,7.780720311403274
1323,Ribonuclease,-8.4,1.25,0,42.08000000000001,False,False,False,False,False,True,False,False,False,False,False,False,False,False,False,False,False,False,False,False,False,False,False,False,False,False,False,False,False,False,False,False,False,False,False,False,False,True,False,False,XGBoost,Protein-Level,val,-8.4,-0.019279689,8.380720311403275
1349,Lambda repressor,0.66,0.54,0,14.02000000000001,False,False,False,False,False,True,False,False,False,False,False,False,False,False,False,False,False,False,False,False,True,False,False,False,False,False,False,False,False,False,False,False,False,False,False,False,False,False,False,False,XGBoost,Protein-Level,val,0.66,-0.32302535,-0.9830253458023072
1350,Lambda repressor,0.87,0.54,0,14.02000000000001,False,False,False,False,False,True,False,False,False,False,False,False,False,False,False,False,False,False,False,False,True,False,False,False,False,False,False,False,False,False,False,False,False,False,False,False,False,False,False,False,XGBoost,Protein-Level,val,0.87,-0.32302535,-1.1930253458023072
1351,Lambda repressor,0.68,-0.020000000000000004,0,30.02000000000001,False,False,False,False,False,True,False,False,False,False,False,False,False,False,False,False,False,False,False,False,False,False,False,False,False,False,False,False,False,False,False,False,False,False,False,True,False,False,False,False,XGBoost,Protein-Level,val,0.68,-0.5978517,-1.2778516936302187
1352,Lambda repressor,0.79,-0.010000000000000009,0,57.05000000000001,False,False,False,False,False,True,False,False,False,False,False,False,False,False,False,False,False,False,False,False,False,False,False,False,False,False,False,False,False,False,False,True,False,False,False,False,False,False,False,False,XGBoost,Protein-Level,val,0.79,1.0125883,0.22258826255798336
1605,Lambda repressor,0.43,-1.15,-1,-0.03999999999999204,False,False,False,False,False,False,False,False,True,False,False,False,False,False,False,False,False,False,False,False,False,False,False,False,False,False,False,False,False,False,False,False,False,True,False,False,False,False,False,False,XGBoost,Protein-Level,val,0.43,-0.7119792,-1.1419792103767394
1606,Lambda repressor,1.32,1.88,0,35.03999999999999,False,False,False,False,False,False,False,False,False,False,False,False,False,True,False,False,False,False,False,False,False,False,False,False,False,False,False,False,False,False,False,False,False,False,False,False,False,False,False,True,XGBoost,Protein-Level,val,1.32,-0.37186283,-1.691862828731537
1607,Lambda repressor,-0.02,1.88,0,35.03999999999999,False,False,False,False,False,False,False,False,False,False,False,False,False,True,False,False,False,False,False,False,False,False,False,False,False,False,False,False,False,False,False,False,False,False,False,False,False,False,False,True,XGBoost,Protein-Level,val,-0.02,-0.37186283,-0.35186282873153685
1608,Lambda repressor,-1.22,0.7100000000000001,0,28.060000000000002,True,False,False,False,False,False,False,False,False,False,False,False,False,False,False,False,False,False,False,False,False,False,False,False,False,False,False,False,False,False,False,False,False,False,False,False,False,True,False,False,XGBoost,Protein-Level,val,-1.22,-0.3796355,0.8403644871711731
1609,Lambda repressor,-2.25,-1.27,0,-26.03,False,False,False,False,False,False,False,False,False,False,False,False,False,False,False,False,False,False,False,True,False,False,False,False,False,False,True,False,False,False,False,False,False,False,False,False,False,False,False,False,XGBoost,Protein-Level,val,-2.25,-1.101135,1.148864984512329
1610,Lambda repressor,-2.99,-0.5599999999999999,0,30.03,True,False,False,False,False,False,False,False,False,False,False,False,False,False,False,False,False,False,False,False,False,False,False,False,False,False,False,False,False,False,False,False,False,False,False,False,True,False,False,False,XGBoost,Protein-Level,val,-2.99,-0.79388946,2.1961105370521548
1611,Lambda repressor,-2.25,-2.1700000000000004,0,-26.079999999999984,False,False,False,False,False,False,False,True,False,False,False,False,False,False,False,False,False,False,False,False,False,False,False,False,False,False,False,False,False,False,False,False,False,False,False,True,False,False,False,False,XGBoost,Protein-Level,val,-2.25,-2.9447095,-0.6947095394134521
1789,Ribonuclease,-0.9,-0.9000000000000001,0,-14.019999999999982,False,False,False,False,False,False,False,True,False,False,False,False,False,False,False,False,False,False,False,False,False,False,False,False,False,False,False,False,False,False,False,False,False,False,False,False,False,True,False,False,XGBoost,Protein-Level,val,-0.9,-0.30093327,0.5990667283535004
1790,Ribonuclease,-1.1,-0.9000000000000001,0,-14.019999999999982,False,False,False,False,False,False,False,True,False,False,False,False,False,False,False,False,False,False,False,False,False,False,False,False,False,False,False,False,False,False,False,False,False,False,False,False,False,True,False,False,XGBoost,Protein-Level,val,-1.1,-0.30093327,0.7990667283535005
1791,Ribonuclease,-3.2,-1.6100000000000003,0,-42.079999999999984,False,False,False,False,False,False,False,True,False,False,False,False,False,False,False,False,False,False,False,False,True,False,False,False,False,False,False,False,False,False,False,False,False,False,False,False,False,False,False,False,XGBoost,Protein-Level,val,-3.2,-0.16749404,3.0325059562921526
1792,Ribonuclease,-3.9,-1.6100000000000003,0,-42.079999999999984,False,False,False,False,False,False,False,True,False,False,False,False,False,False,False,False,False,False,False,False,True,False,False,False,False,False,False,False,False,False,False,False,False,False,False,False,False,False,False,False,XGBoost,Protein-Level,val,-3.9,-0.16749404,3.7325059562921523
1793,Ribonuclease,-4.2,-0.92,0,-42.079999999999984,False,False,False,False,False,False,False,False,False,True,False,False,False,False,False,False,False,False,False,False,True,False,False,False,False,False,False,False,False,False,False,False,False,False,False,False,False,False,False,False,XGBoost,Protein-Level,val,-4.2,-0.11018936,4.089810636639595
1827,Chymotrypsin inhibitor,-0.89,0.5599999999999999,0,-16.0,False,False,False,False,False,False,False,False,False,False,False,False,False,False,False,True,False,False,False,False,True,False,False,False,False,False,False,False,False,False,False,False,False,False,False,False,False,False,False,False,XGBoost,Protein-Level,val,-0.89,-0.2616726,0.6283274137973786
1828,Chymotrypsin inhibitor,-0.7,-0.41,1,-15.009999999999991,False,False,False,True,False,False,False,False,False,False,False,False,False,False,False,False,False,False,False,False,False,False,False,False,False,False,False,False,False,False,False,True,False,False,False,False,False,False,False,False,XGBoost,Protein-Level,val,-0.7,1.3332357,2.0332357406616213
1829,Chymotrypsin inhibitor,-0.49,-0.5399999999999999,-1,-57.099999999999994,False,False,False,False,False,False,False,False,True,False,False,False,False,False,False,False,False,False,False,False,True,False,False,False,False,False,False,False,False,False,False,False,False,False,False,False,False,False,False,False,XGBoost,Protein-Level,val,-0.49,-0.262419,0.2275810146331787
1830,Chymotrypsin inhibitor,0.23,-0.5399999999999999,-1,-57.099999999999994,False,False,False,False,False,False,False,False,True,False,False,False,False,False,False,False,False,False,False,False,True,False,False,False,False,False,False,False,False,False,False,False,False,False,False,False,False,False,False,False,XGBoost,Protein-Level,val,0.23,-0.262419,-0.49241898536682127
1831,Chymotrypsin inhibitor,-0.97,-1.0799999999999998,-1,-71.12,False,False,False,False,False,False,False,False,True,False,False,False,False,False,False,False,False,False,False,False,False,False,False,False,False,True,False,False,False,False,False,False,False,False,False,False,False,False,False,False,XGBoost,Protein-Level,val,-0.97,0.32180893,1.291808934211731
1832,Chymotrypsin inhibitor,-0.65,-0.5399999999999999,-1,-57.099999999999994,False,False,False,False,False,False,False,False,True,False,False,False,False,False,False,False,False,False,False,False,True,False,False,False,False,False,False,False,False,False,False,False,False,False,False,False,False,False,False,False,XGBoost,Protein-Level,val,-0.65,-0.262419,0.38758101463317873
1833,Chymotrypsin inhibitor,-2.68,-0.92,0,-42.079999999999984,False,False,False,False,False,False,False,False,False,True,False,False,False,False,False,False,False,False,False,False,True,False,False,False,False,False,False,False,False,False,False,False,False,False,False,False,False,False,False,False,XGBoost,Protein-Level,val,-2.68,-0.11018936,2.569810636639595
1834,Chymotrypsin inhibitor,-0.48,-0.7100000000000001,0,-28.060000000000002,False,False,False,False,False,False,False,False,False,False,False,False,False,False,False,False,False,True,False,False,True,False,False,False,False,False,False,False,False,False,False,False,False,False,False,False,False,False,False,False,XGBoost,Protein-Level,val,-0.48,-0.4737567,0.006243299245834333
1835,Chymotrypsin inhibitor,-1.3,-0.9000000000000001,0,-14.019999999999982,False,False,False,False,False,False,False,True,False,False,False,False,False,False,False,False,False,False,False,False,False,False,False,False,False,False,False,False,False,False,False,False,False,False,False,False,False,True,False,False,XGBoost,Protein-Level,val,-1.3,-0.30093327,0.9990667283535004
1836,Chymotrypsin inhibitor,-1.11,-0.9000000000000001,0,-14.019999999999982,False,False,False,False,False,False,False,True,False,False,False,False,False,False,False,False,False,False,False,False,False,False,False,False,False,False,False,False,False,False,False,False,False,False,False,False,False,True,False,False,XGBoost,Protein-Level,val,-1.11,-0.30093327,0.8090667283535005
1837,Chymotrypsin inhibitor,-2.12,-1.6100000000000003,0,-42.079999999999984,False,False,False,False,False,False,False,True,False,False,False,False,False,False,False,False,False,False,False,False,True,False,False,False,False,False,False,False,False,False,False,False,False,False,False,False,False,False,False,False,XGBoost,Protein-Level,val,-2.12,-0.16749404,1.9525059562921525
1838,Chymotrypsin inhibitor,0.08,-0.9000000000000001,0,-14.019999999999982,False,False,False,False,False,False,False,True,False,False,False,False,False,False,False,False,False,False,False,False,False,False,False,False,False,False,False,False,False,False,False,False,False,False,False,False,False,True,False,False,XGBoost,Protein-Level,val,0.08,-0.30093327,-0.38093327164649965
1839,Chymotrypsin inhibitor,-1.95,-0.7100000000000001,0,-28.060000000000002,False,False,False,False,False,False,False,False,False,False,False,False,False,False,False,False,False,True,False,False,True,False,False,False,False,False,False,False,False,False,False,False,False,False,False,False,False,False,False,False,XGBoost,Protein-Level,val,-1.95,-0.4737567,1.4762432992458343
1840,Chymotrypsin inhibitor,0.19,-0.9000000000000001,0,-14.019999999999982,False,False,False,False,False,False,False,True,False,False,False,False,False,False,False,False,False,False,False,False,False,False,False,False,False,False,False,False,False,False,False,False,False,False,False,False,False,True,False,False,XGBoost,Protein-Level,val,0.19,-0.30093327,-0.49093327164649964
1841,Chymotrypsin inhibitor,-0.85,0.5599999999999999,0,-30.03,False,False,False,False,False,False,False,False,False,False,False,False,False,False,False,False,True,False,False,False,True,False,False,False,False,False,False,False,False,False,False,False,False,False,False,False,False,False,False,False,XGBoost,Protein-Level,val,-0.85,-0.34795004,0.5020499587059021
1842,Chymotrypsin inhibitor,-0.63,-0.7100000000000001,0,-28.060000000000002,False,False,False,False,False,False,False,False,False,False,False,False,False,False,False,False,False,True,False,False,True,False,False,False,False,False,False,False,False,False,False,False,False,False,False,False,False,False,False,False,XGBoost,Protein-Level,val,-0.63,-0.4737567,0.15624329924583436
1843,Chymotrypsin inhibitor,-1.03,-1.27,0,1.9699999999999989,False,False,False,False,False,False,False,False,False,False,False,False,False,False,False,False,False,True,False,False,False,False,False,False,False,False,False,False,False,False,False,False,False,False,False,False,True,False,False,False,XGBoost,Protein-Level,val,-1.03,-0.8448105,0.18518951416015628
1844,Chymotrypsin inhibitor,-2.37,-0.92,0,-42.079999999999984,False,False,False,False,False,False,False,False,False,True,False,False,False,False,False,False,False,False,False,False,True,False,False,False,False,False,False,False,False,False,False,False,False,False,False,False,False,False,False,False,XGBoost,Protein-Level,val,-2.37,-0.11018936,2.259810636639595
1845,Chymotrypsin inhibitor,-0.5,-0.20999999999999996,0,-14.019999999999982,False,False,False,False,False,False,False,False,False,True,False,False,False,False,False,False,False,False,False,False,False,False,False,False,False,False,False,False,False,False,False,False,False,False,False,False,False,True,False,False,XGBoost,Protein-Level,val,-0.5,-0.38940597,0.11059403419494629
1846,Chymotrypsin inhibitor,-2.11,-0.49,0,-34.02000000000001,False,False,False,False,True,False,False,False,False,False,False,False,False,False,False,False,False,False,False,False,False,False,False,False,False,False,False,False,False,True,False,False,False,False,False,False,False,False,False,False,XGBoost,Protein-Level,val,-2.11,-0.17045781,1.939542189836502
2255,Adrenodoxin,-1.66,-0.61,0,-9.009999999999991,False,False,False,False,False,False,True,False,False,False,False,False,False,False,False,False,False,False,False,False,False,False,False,False,False,False,False,False,False,False,False,False,False,True,False,False,False,False,False,False,XGBoost,Protein-Level,val,-1.66,-0.5113559,1.1486441230773925
2256,Adrenodoxin,-1.19,-0.5599999999999999,0,-36.03999999999999,False,False,False,False,False,False,True,False,False,False,False,False,False,False,False,False,False,False,False,False,False,False,False,False,False,False,False,False,False,False,False,False,False,False,False,False,True,False,False,False,XGBoost,Protein-Level,val,-1.19,-0.4691458,0.720854195356369
2257,Adrenodoxin,-1.16,-0.010000000000000009,1,19.039999999999992,False,False,False,False,False,False,True,False,False,False,False,False,False,False,False,False,False,False,False,False,False,False,False,False,False,False,False,False,False,False,False,False,False,False,True,False,False,False,False,False,XGBoost,Protein-Level,val,-1.16,-0.3736323,0.786367688179016
2258,Adrenodoxin,0.05,0.0,0,-14.030000000000001,False,False,False,False,False,False,False,False,False,False,False,False,False,False,False,False,True,False,False,False,False,False,False,False,False,False,False,False,False,False,False,False,False,False,False,True,False,False,False,False,XGBoost,Protein-Level,val,0.05,-0.22994474,-0.27994473576545714
2259,Adrenodoxin,-1.31,0.5599999999999999,0,-30.03,False,False,False,False,False,False,False,False,False,False,False,False,False,False,False,False,True,False,False,False,True,False,False,False,False,False,False,False,False,False,False,False,False,False,False,False,False,False,False,False,XGBoost,Protein-Level,val,-1.31,-0.34795004,0.9620499587059022
2260,Adrenodoxin,-0.33,-1.8299999999999998,0,-76.1,False,False,False,False,False,False,False,False,False,False,False,False,False,False,False,False,False,False,False,True,False,False,False,False,False,False,False,False,False,False,False,False,False,False,False,True,False,False,False,False,XGBoost,Protein-Level,val,-0.33,-1.504542,-1.1745419931411742
2261,Adrenodoxin,-0.36,-0.34999999999999987,0,-50.02000000000001,False,False,False,False,False,False,False,False,False,False,False,False,False,False,False,False,False,False,False,True,False,False,False,False,False,False,False,False,False,True,False,False,False,False,False,False,False,False,False,False,XGBoost,Protein-Level,val,-0.36,-0.09545313,0.26454687178134917
2262,Adrenodoxin,-0.01,0.14000000000000012,0,-16.0,False,False,False,False,False,False,False,False,False,False,False,False,False,False,False,False,False,False,False,True,False,False,False,False,True,False,False,False,False,False,False,False,False,False,False,False,False,False,False,False,XGBoost,Protein-Level,val,-0.01,-0.28134343,-0.2713434302806854
2263,Adrenodoxin,-0.21,0.77,0,23.05000000000001,False,False,False,False,False,False,False,False,False,False,False,False,False,False,False,False,False,False,False,True,False,False,False,False,False,False,False,False,False,False,False,False,False,False,False,False,False,False,True,False,XGBoost,Protein-Level,val,-0.21,-0.39100155,-0.18100155234336854
2264,Adrenodoxin,0.96,-1.02,0,-16.060000000000002,False,True,False,False,False,False,False,False,False,False,False,False,False,False,False,False,False,False,False,False,False,False,False,False,False,False,False,False,False,False,False,False,False,False,False,True,False,False,False,False,XGBoost,Protein-Level,val,0.96,1.3370271,0.3770270729064942
2265,Adrenodoxin,0.45,0.009999999999999953,0,14.030000000000001,False,False,True,False,False,False,False,False,False,False,False,False,False,False,False,False,False,False,False,False,False,False,False,True,False,False,False,False,False,False,False,False,False,False,False,False,False,False,False,False,XGBoost,Protein-Level,val,0.45,-0.32302535,-0.7730253458023071
2341,Ribonuclease,-1.38,0.5599999999999999,0,-16.0,False,False,False,False,False,False,False,False,False,False,False,False,False,False,False,True,False,False,False,False,True,False,False,False,False,False,False,False,False,False,False,False,False,False,False,False,False,False,False,False,XGBoost,Protein-Level,val,-1.38,-0.2616726,1.1183274137973784
2342,Ribonuclease,-1.16,0.5599999999999999,0,-16.0,False,False,False,False,False,False,False,False,False,False,False,False,False,False,False,True,False,False,False,False,True,False,False,False,False,False,False,False,False,False,False,False,False,False,False,False,False,False,False,False,XGBoost,Protein-Level,val,-1.16,-0.2616726,0.8983274137973785
2343,Ribonuclease,-1.47,-0.9000000000000001,0,-14.019999999999982,False,False,False,False,False,False,False,True,False,False,False,False,False,False,False,False,False,False,False,False,False,False,False,False,False,False,False,False,False,False,False,False,False,False,False,False,False,True,False,False,XGBoost,Protein-Level,val,-1.47,-0.30093327,1.1690667283535003
2344,Ribonuclease,-1.18,-0.9000000000000001,0,-14.019999999999982,False,False,False,False,False,False,False,True,False,False,False,False,False,False,False,False,False,False,False,False,False,False,False,False,False,False,False,False,False,False,False,False,False,False,False,False,False,True,False,False,XGBoost,Protein-Level,val,-1.18,-0.30093327,0.8790667283535003
2345,Ribonuclease,-1.17,-0.9000000000000001,0,-14.019999999999982,False,False,False,False,False,False,False,True,False,False,False,False,False,False,False,False,False,False,False,False,False,False,False,False,False,False,False,False,False,False,False,False,False,False,False,False,False,True,False,False,XGBoost,Protein-Level,val,-1.17,-0.30093327,0.8690667283535003
2346,Ribonuclease,-1.86,-0.9000000000000001,0,-14.019999999999982,False,False,False,False,False,False,False,True,False,False,False,False,False,False,False,False,False,False,False,False,False,False,False,False,False,False,False,False,False,False,False,False,False,False,False,False,False,True,False,False,XGBoost,Protein-Level,val,-1.86,-0.30093327,1.5590667283535005
2347,Ribonuclease,0.2,0.5499999999999999,1,55.079999999999984,False,False,False,False,False,False,False,False,False,False,False,False,False,False,False,False,True,False,False,False,False,False,False,False,False,False,False,False,False,False,False,False,False,False,True,False,False,False,False,False,XGBoost,Protein-Level,val,0.2,-0.38219213,-0.5821921348571777
2348,Ribonuclease,-2.08,0.020000000000000004,0,-44.05000000000001,False,False,False,False,False,False,False,False,False,False,False,False,False,False,False,False,True,False,False,False,False,False,False,False,False,True,False,False,False,False,False,False,False,False,False,False,False,False,False,False,XGBoost,Protein-Level,val,-2.08,0.06189987,2.141899870634079
2349,Ribonuclease,-2.83,0.5599999999999999,0,-16.0,False,False,False,False,False,False,False,False,False,False,False,False,False,False,False,True,False,False,False,False,True,False,False,False,False,False,False,False,False,False,False,False,False,False,False,False,False,False,False,False,XGBoost,Protein-Level,val,-2.83,-0.2616726,2.5683274137973786
2350,Ribonuclease,-1.58,-0.6,-1,-28.049999999999983,False,False,False,False,False,False,False,False,False,False,False,False,False,False,True,False,False,False,False,False,False,False,False,False,False,False,False,False,False,False,False,False,False,True,False,False,False,False,False,False,XGBoost,Protein-Level,val,-1.58,-0.5895488,0.9904511737823487
2351,Ribonuclease,-2.86,0.58,-1,-24.98999999999998,False,False,False,False,False,False,False,False,False,False,False,False,False,False,True,False,False,False,False,False,False,False,False,False,False,False,False,False,False,False,True,False,False,False,False,False,False,False,False,False,XGBoost,Protein-Level,val,-2.86,-0.41342735,2.4465726470947264
2352,Ribonuclease,-2.46,-0.4,1,-0.9799999999999898,False,False,True,False,False,False,False,False,False,False,False,False,False,False,False,False,False,False,False,False,False,False,False,False,False,False,False,False,False,False,False,True,False,False,False,False,False,False,False,False,XGBoost,Protein-Level,val,-2.46,1.2326009,3.6926009273529052
2353,Ribonuclease,-2.66,-0.4,1,-0.9799999999999898,False,False,True,False,False,False,False,False,False,False,False,False,False,False,False,False,False,False,False,False,False,False,False,False,False,False,False,False,False,False,False,True,False,False,False,False,False,False,False,False,XGBoost,Protein-Level,val,-2.66,1.2326009,3.8926009273529054
2354,Ribonuclease,-0.27,0.72,1,16.110000000000014,False,False,True,False,False,False,False,False,False,False,False,False,False,False,False,False,False,False,False,False,False,False,False,False,False,False,False,False,False,False,True,False,False,False,False,False,False,False,False,False,XGBoost,Protein-Level,val,-0.27,-0.27932844,-0.009328435659408552
2355,Ribonuclease,-0.78,-0.39,1,-58.03,False,False,True,False,False,False,False,False,False,False,False,False,False,False,False,False,False,False,False,False,False,False,False,False,False,True,False,False,False,False,False,False,False,False,False,False,False,False,False,False,XGBoost,Protein-Level,val,-0.78,0.19641128,0.976411281824112
2356,Ribonuclease,-0.69,0.14999999999999997,1,-44.00999999999999,False,False,True,False,False,False,False,False,False,False,False,False,False,False,False,False,False,False,False,False,True,False,False,False,False,False,False,False,False,False,False,False,False,False,False,False,False,False,False,False,XGBoost,Protein-Level,val,-0.69,-0.25084248,0.4391575181484222
2360,Chymotrypsin inhibitor,-2.66,-0.92,0,-42.079999999999984,False,False,False,False,False,False,False,False,False,True,False,False,False,False,False,False,False,False,False,False,True,False,False,False,False,False,False,False,False,False,False,False,False,False,False,False,False,False,False,False,XGBoost,Protein-Level,val,-2.66,-0.11018936,2.549810636639595
2361,Chymotrypsin inhibitor,-0.46,-0.7100000000000001,0,-28.060000000000002,False,False,False,False,False,False,False,False,False,False,False,False,False,False,False,False,False,True,False,False,True,False,False,False,False,False,False,False,False,False,False,False,False,False,False,False,False,False,False,False,XGBoost,Protein-Level,val,-0.46,-0.4737567,-0.01375670075416563
2362,Chymotrypsin inhibitor,-1.2,-0.9000000000000001,0,-14.019999999999982,False,False,False,False,False,False,False,True,False,False,False,False,False,False,False,False,False,False,False,False,False,False,False,False,False,False,False,False,False,False,False,False,False,False,False,False,False,True,False,False,XGBoost,Protein-Level,val,-1.2,-0.30093327,0.8990667283535003
2363,Chymotrypsin inhibitor,-1.16,-0.9000000000000001,0,-14.019999999999982,False,False,False,False,False,False,False,True,False,False,False,False,False,False,False,False,False,False,False,False,False,False,False,False,False,False,False,False,False,False,False,False,False,False,False,False,False,True,False,False,XGBoost,Protein-Level,val,-1.16,-0.30093327,0.8590667283535003
2364,Chymotrypsin inhibitor,-0.92,-0.9000000000000001,0,-14.019999999999982,False,False,False,False,False,False,False,True,False,False,False,False,False,False,False,False,False,False,False,False,False,False,False,False,False,False,False,False,False,False,False,False,False,False,False,False,False,True,False,False,XGBoost,Protein-Level,val,-0.92,-0.30093327,0.6190667283535004
2365,Chymotrypsin inhibitor,-3.89,-1.6100000000000003,0,-42.079999999999984,False,False,False,False,False,False,False,True,False,False,False,False,False,False,False,False,False,False,False,False,True,False,False,False,False,False,False,False,False,False,False,False,False,False,False,False,False,False,False,False,XGBoost,Protein-Level,val,-3.89,-0.16749404,3.7225059562921525
2366,Chymotrypsin inhibitor,-4.91,-0.7100000000000001,0,-28.060000000000002,False,False,False,False,False,False,False,False,False,False,False,False,False,False,False,False,False,True,False,False,True,False,False,False,False,False,False,False,False,False,False,False,False,False,False,False,False,False,False,False,XGBoost,Protein-Level,val,-4.91,-0.4737567,4.4362432992458345
2367,Chymotrypsin inhibitor,-3.74,-0.92,0,-42.079999999999984,False,False,False,False,False,False,False,False,False,True,False,False,False,False,False,False,False,False,False,False,True,False,False,False,False,False,False,False,False,False,False,False,False,False,False,False,False,False,False,False,XGBoost,Protein-Level,val,-3.74,-0.11018936,3.6298106366395952
2368,Chymotrypsin inhibitor,-2.17,-0.7100000000000001,0,-28.060000000000002,False,False,False,False,False,False,False,False,False,False,False,False,False,False,False,False,False,True,False,False,True,False,False,False,False,False,False,False,False,False,False,False,False,False,False,False,False,False,False,False,XGBoost,Protein-Level,val,-2.17,-0.4737567,1.6962432992458343
2369,Chymotrypsin inhibitor,0.09,-0.9000000000000001,0,-14.019999999999982,False,False,False,False,False,False,False,True,False,False,False,False,False,False,False,False,False,False,False,False,False,False,False,False,False,False,False,False,False,False,False,False,False,False,False,False,False,True,False,False,XGBoost,Protein-Level,val,0.09,-0.30093327,-0.3909332716464996
2370,Chymotrypsin inhibitor,-4.23,-1.6100000000000003,0,-42.079999999999984,False,False,False,False,False,False,False,True,False,False,False,False,False,False,False,False,False,False,False,False,True,False,False,False,False,False,False,False,False,False,False,False,False,False,False,False,False,False,False,False,XGBoost,Protein-Level,val,-4.23,-0.16749404,4.062505956292153
2371,Chymotrypsin inhibitor,-4.34,-1.6100000000000003,0,-42.079999999999984,False,False,False,False,False,False,False,True,False,False,False,False,False,False,False,False,False,False,False,False,True,False,False,False,False,False,False,False,False,False,False,False,False,False,False,False,False,False,False,False,XGBoost,Protein-Level,val,-4.34,-0.16749404,4.172505956292152
2399,Ribonuclease,-1.2,-0.39,1,-58.03,False,False,True,False,False,False,False,False,False,False,False,False,False,False,False,False,False,False,False,False,False,False,False,False,False,True,False,False,False,False,False,False,False,False,False,False,False,False,False,False,XGBoost,Protein-Level,val,-1.2,0.19641128,1.396411281824112
2400,Ribonuclease,1.1,0.14999999999999997,1,-44.00999999999999,False,False,True,False,False,False,False,False,False,False,False,False,False,False,False,False,False,False,False,False,True,False,False,False,False,False,False,False,False,False,False,False,False,False,False,False,False,False,False,False,XGBoost,Protein-Level,val,1.1,-0.25084248,-1.3508424818515778
2401,Ribonuclease,-6.4,-1.8099999999999998,0,-106.12,False,False,False,False,False,False,False,False,False,False,False,False,False,False,False,False,False,False,False,True,False,False,False,False,False,True,False,False,False,False,False,False,False,False,False,False,False,False,False,False,XGBoost,Protein-Level,val,-6.4,-1.4671862,4.9328137874603275
2402,Ribonuclease,-1.6,0.07,0,-71.08000000000001,False,False,False,False,False,False,False,False,False,False,False,False,False,True,False,False,False,False,False,False,False,False,False,False,False,True,False,False,False,False,False,False,False,False,False,False,False,False,False,False,XGBoost,Protein-Level,val,-1.6,0.08261542,1.6826154202222825
2403,Ribonuclease,-0.2,0.61,0,-57.06,False,False,False,False,False,False,False,False,False,False,False,False,False,True,False,False,False,False,False,False,True,False,False,False,False,False,False,False,False,False,False,False,False,False,False,False,False,False,False,False,XGBoost,Protein-Level,val,-0.2,-0.19291362,0.00708637833595277
2404,Ribonuclease,-4.9,-1.8099999999999998,0,-106.12,False,False,False,False,False,False,False,False,False,False,False,False,False,False,False,False,False,False,False,True,False,False,False,False,False,True,False,False,False,False,False,False,False,False,False,False,False,False,False,False,XGBoost,Protein-Level,val,-4.9,-1.4671862,3.4328137874603275
2405,Ribonuclease,-3.1,-2.1500000000000004,0,-56.099999999999994,False,False,False,False,False,False,False,True,False,False,False,False,False,False,False,False,False,False,False,False,False,False,False,False,False,True,False,False,False,False,False,False,False,False,False,False,False,False,False,False,XGBoost,Protein-Level,val,-3.1,-0.6152837,2.484716272354126
2406,Ribonuclease,-2.5,-0.53,-1,-99.13,False,False,False,False,False,False,False,False,False,False,False,False,False,False,True,False,False,False,False,False,False,False,False,False,False,True,False,False,False,False,False,False,False,False,False,False,False,False,False,False,XGBoost,Protein-Level,val,-2.5,0.10716983,2.6071698293089867
2407,Ribonuclease,-5.4,-0.39999999999999997,1,-72.06,False,False,False,True,False,False,False,False,False,False,False,False,False,False,False,False,False,False,False,False,False,False,False,False,False,True,False,False,False,False,False,False,False,False,False,False,False,False,False,False,XGBoost,Protein-Level,val,-5.4,0.43472347,5.834723466634751
2408,Ribonuclease,-7.4,-2.1500000000000004,0,-56.099999999999994,False,False,False,False,False,False,False,True,False,False,False,False,False,False,False,False,False,False,False,False,False,False,False,False,False,True,False,False,False,False,False,False,False,False,False,False,False,False,False,False,XGBoost,Protein-Level,val,-7.4,-0.6152837,6.784716272354126
2409,Ribonuclease,-7.0,-1.46,0,-56.099999999999994,False,False,False,False,False,False,False,False,False,True,False,False,False,False,False,False,False,False,False,False,False,False,False,False,False,True,False,False,False,False,False,False,False,False,False,False,False,False,False,False,XGBoost,Protein-Level,val,-7.0,-0.70073146,6.299268543720245
2410,Ribonuclease,-4.7,-1.46,0,-56.099999999999994,False,False,False,False,False,False,False,False,False,True,False,False,False,False,False,False,False,False,False,False,False,False,False,False,False,True,False,False,False,False,False,False,False,False,False,False,False,False,False,False,XGBoost,Protein-Level,val,-4.7,-0.70073146,3.9992685437202455
2411,Ribonuclease,-5.7,-2.1500000000000004,0,-56.099999999999994,False,False,False,False,False,False,False,True,False,False,False,False,False,False,False,False,False,False,False,False,False,False,False,False,False,True,False,False,False,False,False,False,False,False,False,False,False,False,False,False,XGBoost,Protein-Level,val,-5.7,-0.6152837,5.084716272354126
2412,Ribonuclease,-6.6,-1.8099999999999998,0,-106.12,False,False,False,False,False,False,False,False,False,False,False,False,False,False,False,False,False,False,False,True,False,False,False,False,False,True,False,False,False,False,False,False,False,False,False,False,False,False,False,False,XGBoost,Protein-Level,val,-6.6,-1.4671862,5.132813787460327
2413,Ribonuclease,-2.8,0.020000000000000004,0,-44.05000000000001,False,False,False,False,False,False,False,False,False,False,False,False,False,False,False,False,True,False,False,False,False,False,False,False,False,True,False,False,False,False,False,False,False,False,False,False,False,False,False,False,XGBoost,Protein-Level,val,-2.8,0.06189987,2.861899870634079
2451,Ribonuclease,-3.3,0.14999999999999997,1,-44.00999999999999,False,False,True,False,False,False,False,False,False,False,False,False,False,False,False,False,False,False,False,False,True,False,False,False,False,False,False,False,False,False,False,False,False,False,False,False,False,False,False,False,XGBoost,Protein-Level,val,-3.3,-0.25084248,3.049157518148422
2452,Ribonuclease,-2.6,-0.4,1,-0.9799999999999898,False,False,True,False,False,False,False,False,False,False,False,False,False,False,False,False,False,False,False,False,False,False,False,False,False,False,False,False,False,False,False,True,False,False,False,False,False,False,False,False,XGBoost,Protein-Level,val,-2.6,1.2326009,3.8326009273529054
2453,Ribonuclease,-2.5,0.14,1,-58.03999999999999,False,False,False,True,False,False,False,False,False,False,False,False,False,False,False,False,False,False,False,False,True,False,False,False,False,False,False,False,False,False,False,False,False,False,False,False,False,False,False,False,XGBoost,Protein-Level,val,-2.5,-0.21258448,2.2874155193567276
2454,Ribonuclease,-5.0,-0.4,1,-0.9799999999999898,False,False,True,False,False,False,False,False,False,False,False,False,False,False,False,False,False,False,False,False,False,False,False,False,False,False,False,False,False,False,False,True,False,False,False,False,False,False,False,False,XGBoost,Protein-Level,val,-5.0,1.2326009,6.232600927352905
2492,Chymotrypsin inhibitor,0.84,0.020000000000000004,0,-30.02000000000001,False,False,False,False,False,False,False,False,False,False,False,False,False,False,False,True,False,False,False,False,False,False,False,False,False,True,False,False,False,False,False,False,False,False,False,False,False,False,False,False,XGBoost,Protein-Level,val,0.84,0.02957844,-0.8104215601086616
2493,Chymotrypsin inhibitor,1.0,0.5599999999999999,0,-16.0,False,False,False,False,False,False,False,False,False,False,False,False,False,False,False,True,False,False,False,False,True,False,False,False,False,False,False,False,False,False,False,False,False,False,False,False,False,False,False,False,XGBoost,Protein-Level,val,1.0,-0.2616726,-1.2616725862026215
2508,High mobility group protein,-1.5,0.5599999999999999,0,50.06999999999999,False,False,False,False,False,False,False,False,False,False,False,False,False,False,False,True,False,False,False,False,False,False,False,False,False,False,True,False,False,False,False,False,False,False,False,False,False,False,False,False,XGBoost,Protein-Level,val,-1.5,-0.42094743,1.0790525674819946
2509,High mobility group protein,0.0,-1.6100000000000003,0,23.99000000000001,False,False,False,False,False,False,False,True,False,False,False,False,False,False,False,False,False,False,False,False,False,False,False,False,False,False,True,False,False,False,False,False,False,False,False,False,False,False,False,False,XGBoost,Protein-Level,val,0.0,-0.7352342,-0.7352342009544373
2510,High mobility group protein,0.47,0.54,0,80.09,False,False,False,False,False,True,False,False,False,False,False,False,False,False,False,False,False,False,False,False,False,False,False,False,False,False,True,False,False,False,False,False,False,False,False,False,False,False,False,False,XGBoost,Protein-Level,val,0.47,-0.42094743,-0.8909474325180053
2511,High mobility group protein,-1.85,0.5599999999999999,0,50.06999999999999,False,False,False,False,False,False,False,False,False,False,False,False,False,False,False,True,False,False,False,False,False,False,False,False,False,False,True,False,False,False,False,False,False,False,False,False,False,False,False,False,XGBoost,Protein-Level,val,-1.85,-0.42094743,1.4290525674819947
2512,High mobility group protein,-1.23,-1.6100000000000003,0,23.99000000000001,False,False,False,False,False,False,False,True,False,False,False,False,False,False,False,False,False,False,False,False,False,False,False,False,False,False,True,False,False,False,False,False,False,False,False,False,False,False,False,False,XGBoost,Protein-Level,val,-1.23,-0.7352342,0.4947657990455627
2513,High mobility group protein,-0.34,0.54,0,80.09,False,False,False,False,False,True,False,False,False,False,False,False,False,False,False,False,False,False,False,False,False,False,False,False,False,False,True,False,False,False,False,False,False,False,False,False,False,False,False,False,XGBoost,Protein-Level,val,-0.34,-0.42094743,-0.08094743251800535
0,Villin-1,1.73,-0.4,1,-0.9799999999999898,False,False,True,False,False,False,False,False,False,False,False,False,False,False,False,False,False,False,False,False,False,False,False,False,False,False,False,False,False,False,False,True,False,False,False,False,False,False,False,False,XGBoost,Protein-Level,test,1.73,1.2326009,-0.4973990726470947
1,Villin-1,1.9,-0.47,1,-0.9799999999999898,False,False,False,True,False,False,False,False,False,False,False,False,False,False,False,False,False,False,False,False,False,False,False,False,False,False,False,False,False,False,False,False,False,True,False,False,False,False,False,False,XGBoost,Protein-Level,test,1.9,-0.39655623,-2.2965562283992766
2,Villin-1,1.61,-0.4,1,-0.9799999999999898,False,False,True,False,False,False,False,False,False,False,False,False,False,False,False,False,False,False,False,False,False,False,False,False,False,False,False,False,False,False,False,True,False,False,False,False,False,False,False,False,XGBoost,Protein-Level,test,1.61,1.2326009,-0.3773990726470948
3,Villin-1,1.6,-0.47,1,-0.9799999999999898,False,False,False,True,False,False,False,False,False,False,False,False,False,False,False,False,False,False,False,False,False,False,False,False,False,False,False,False,False,False,False,False,False,True,False,False,False,False,False,False,XGBoost,Protein-Level,test,1.6,-0.39655623,-1.9965562283992768
4,Villin-1,-0.46,-0.4,1,-0.9799999999999898,False,False,True,False,False,False,False,False,False,False,False,False,False,False,False,False,False,False,False,False,False,False,False,False,False,False,False,False,False,False,False,True,False,False,False,False,False,False,False,False,XGBoost,Protein-Level,test,-0.46,1.2326009,1.6926009273529052
5,Villin-1,-0.4,-0.47,1,-0.9799999999999898,False,False,False,True,False,False,False,False,False,False,False,False,False,False,False,False,False,False,False,False,False,False,False,False,False,False,False,False,False,False,False,False,False,True,False,False,False,False,False,False,XGBoost,Protein-Level,test,-0.4,-0.39655623,0.003443771600723289
6,Villin-1,-0.88,-0.4,1,-0.9799999999999898,False,False,True,False,False,False,False,False,False,False,False,False,False,False,False,False,False,False,False,False,False,False,False,False,False,False,False,False,False,False,False,True,False,False,False,False,False,False,False,False,XGBoost,Protein-Level,test,-0.88,1.2326009,2.112600927352905
7,Villin-1,-0.1,-0.47,1,-0.9799999999999898,False,False,False,True,False,False,False,False,False,False,False,False,False,False,False,False,False,False,False,False,False,False,False,False,False,False,False,False,False,False,False,False,False,True,False,False,False,False,False,False,XGBoost,Protein-Level,test,-0.1,-0.39655623,-0.29655622839927676
8,Class A sortase SrtA,2.0076504,0.14000000000000012,0,-32.06,False,False,False,False,False,False,False,False,False,False,True,False,False,False,False,False,False,False,False,False,False,False,False,False,False,False,False,False,False,False,False,False,False,False,False,False,False,True,False,False,XGBoost,Protein-Level,test,2.0076504,-0.22659887,-2.2342492737344744
9,Class A sortase SrtA,2.3183582,-0.7200000000000001,1,57.04999999999998,False,False,False,False,False,False,False,False,False,False,False,False,False,False,False,False,False,True,False,False,False,False,False,False,False,False,False,False,False,False,False,False,False,False,True,False,False,False,False,False,XGBoost,Protein-Level,test,2.3183582,-0.56194896,-2.8803071550590515
10,Major prion protein,-2.1,0.5599999999999999,0,-30.03,False,False,False,False,False,False,False,False,False,False,False,False,False,False,False,False,True,False,False,False,True,False,False,False,False,False,False,False,False,False,False,False,False,False,False,False,False,False,False,False,XGBoost,Protein-Level,test,-2.1,-0.34795004,1.7520499587059022
87,Villin-1,-0.8,0.5599999999999999,0,-16.0,False,False,False,False,False,False,False,False,False,False,False,False,False,False,False,True,False,False,False,False,True,False,False,False,False,False,False,False,False,False,False,False,False,False,False,False,False,False,False,False,XGBoost,Protein-Level,test,-0.8,-0.2616726,0.5383274137973786
88,Villin-1,-1.1,1.27,0,-1.9699999999999989,False,False,False,False,False,False,False,False,False,False,False,False,False,False,False,False,True,False,False,False,False,False,False,False,False,False,False,False,False,False,False,False,False,False,False,False,False,True,False,False,XGBoost,Protein-Level,test,-1.1,-0.17367676,0.9263232409954072
109,Ribonuclease MC1,-6.69,-1.27,0,-92.1,False,False,False,False,False,False,False,False,False,False,False,False,False,False,False,False,False,False,False,True,True,False,False,False,False,False,False,False,False,False,False,False,False,False,False,False,False,False,False,False,XGBoost,Protein-Level,test,-6.69,-1.4593933,5.230606737136841
110,Ribonuclease MC1,-5.28,-1.4100000000000001,0,-76.1,False,False,False,False,True,False,False,False,False,False,False,False,False,False,False,False,False,False,False,False,True,False,False,False,False,False,False,False,False,False,False,False,False,False,False,False,False,False,False,False,XGBoost,Protein-Level,test,-5.28,-1.3596793,3.920320658683777
111,Ribonuclease MC1,-2.92,0.92,0,42.079999999999984,True,False,False,False,False,False,False,False,False,False,False,False,False,False,False,False,False,False,False,False,False,False,False,False,False,False,False,False,False,True,False,False,False,False,False,False,False,False,False,False,XGBoost,Protein-Level,test,-2.92,-0.16658661,2.753413392305374
112,Ribonuclease MC1,-0.31,0.14999999999999997,1,-44.00999999999999,False,False,True,False,False,False,False,False,False,False,False,False,False,False,False,False,False,False,False,False,True,False,False,False,False,False,False,False,False,False,False,False,False,False,False,False,False,False,False,False,XGBoost,Protein-Level,test,-0.31,-0.25084248,0.05915751814842224
113,Ribonuclease MC1,-0.83,-1.3399999999999999,0,-26.039999999999992,False,False,False,False,False,False,False,False,False,False,False,False,True,False,False,False,False,False,False,False,True,False,False,False,False,False,False,False,False,False,False,False,False,False,False,False,False,False,False,False,XGBoost,Protein-Level,test,-0.83,-0.58364666,0.24635334491729732
114,Ribonuclease MC1,-1.04,0.54,0,14.02000000000001,False,False,False,False,False,True,False,False,False,False,False,False,False,False,False,False,False,False,False,False,True,False,False,False,False,False,False,False,False,False,False,False,False,False,False,False,False,False,False,False,XGBoost,Protein-Level,test,-1.04,-0.32302535,0.7169746541976929
117,Ribonuclease MC1,-0.08,0.54,0,14.02000000000001,False,False,False,False,False,True,False,False,False,False,False,False,False,False,False,False,False,False,False,False,True,False,False,False,False,False,False,False,False,False,False,False,False,False,False,False,False,False,False,False,XGBoost,Protein-Level,test,-0.08,-0.32302535,-0.2430253458023071
118,Ribonuclease MC1,-3.23,-1.4100000000000001,0,-76.1,False,False,False,False,True,False,False,False,False,False,False,False,False,False,False,False,False,False,False,False,True,False,False,False,False,False,False,False,False,False,False,False,False,False,False,False,False,False,False,False,XGBoost,Protein-Level,test,-3.23,-1.3596793,1.8703206586837768
155,Villin-1,-2.3,-1.4100000000000001,0,-76.1,False,False,False,False,True,False,False,False,False,False,False,False,False,False,False,False,False,False,False,False,True,False,False,False,False,False,False,False,False,False,False,False,False,False,False,False,False,False,False,False,XGBoost,Protein-Level,test,-2.3,-1.3596793,0.9403206586837767
156,Villin-1,-0.5,-0.7100000000000001,0,-28.060000000000002,False,False,False,False,False,False,False,False,False,False,False,False,False,False,False,False,False,True,False,False,True,False,False,False,False,False,False,False,False,False,False,False,False,False,False,False,False,False,False,False,XGBoost,Protein-Level,test,-0.5,-0.4737567,0.02624329924583435
157,Villin-1,-1.8,-1.4100000000000001,0,-76.1,False,False,False,False,True,False,False,False,False,False,False,False,False,False,False,False,False,False,False,False,True,False,False,False,False,False,False,False,False,False,False,False,False,False,False,False,False,False,False,False,XGBoost,Protein-Level,test,-1.8,-1.3596793,0.4403206586837769
159,Villin-1,-3.3,-1.4100000000000001,0,-76.1,False,False,False,False,True,False,False,False,False,False,False,False,False,False,False,False,False,False,False,False,True,False,False,False,False,False,False,False,False,False,False,False,False,False,False,False,False,False,False,False,XGBoost,Protein-Level,test,-3.3,-1.3596793,1.9403206586837767
277,Subtilisin inhibitor,-2.32,-0.57,0,-60.120000000000005,False,False,False,False,False,False,False,False,False,False,True,False,False,False,False,False,False,False,False,False,True,False,False,False,False,False,False,False,False,False,False,False,False,False,False,False,False,False,False,False,XGBoost,Protein-Level,test,-2.32,-0.33749196,1.98250804066658
278,Subtilisin inhibitor,-1.84,0.14000000000000012,0,-32.06,False,False,False,False,False,False,False,False,False,False,True,False,False,False,False,False,False,False,False,False,False,False,False,False,False,False,False,False,False,False,False,False,False,False,False,False,False,True,False,False,XGBoost,Protein-Level,test,-1.84,-0.22659887,1.613401126265526
279,Subtilisin inhibitor,-1.89,1.0400000000000003,0,-18.04000000000002,False,False,False,False,False,False,False,False,False,False,True,False,False,False,False,False,False,False,False,False,False,False,False,False,False,False,False,True,False,False,False,False,False,False,False,False,False,False,False,False,XGBoost,Protein-Level,test,-1.89,0.20500016,2.0950001621246335
280,Subtilisin inhibitor,0.15,0.3500000000000001,0,-18.04000000000002,False,False,False,False,False,False,False,False,False,False,True,False,False,False,False,False,False,False,False,False,False,False,False,False,False,False,False,False,False,True,False,False,False,False,False,False,False,False,False,False,XGBoost,Protein-Level,test,0.15,-0.16908765,-0.31908764839172366
281,Subtilisin inhibitor,-5.69,0.7,0,48.03999999999999,False,False,False,False,False,False,False,False,False,False,False,False,False,False,False,False,False,True,False,False,False,False,False,False,True,False,False,False,False,False,False,False,False,False,False,False,False,False,False,False,XGBoost,Protein-Level,test,-5.69,-0.34631565,5.343684347867966
282,Subtilisin inhibitor,-0.84,0.9000000000000001,0,14.019999999999982,False,False,False,False,False,False,False,False,False,False,False,False,False,False,False,False,False,True,False,False,False,False,False,False,False,False,False,True,False,False,False,False,False,False,False,False,False,False,False,False,XGBoost,Protein-Level,test,-0.84,-0.08938736,0.7506126427650451
283,Subtilisin inhibitor,-2.21,0.20999999999999996,0,14.019999999999982,False,False,False,False,False,False,False,False,False,False,False,False,False,False,False,False,False,True,False,False,False,False,False,False,False,False,False,False,False,True,False,False,False,False,False,False,False,False,False,False,XGBoost,Protein-Level,test,-2.21,-0.25193208,1.9580679154396057
284,Subtilisin inhibitor,-5.92,-0.14000000000000012,0,32.06,False,False,False,False,False,False,False,False,False,False,False,False,False,False,False,False,False,True,False,False,False,False,False,False,False,False,False,False,False,False,True,False,False,False,False,False,False,False,False,False,XGBoost,Protein-Level,test,-5.92,-0.5293545,5.390645487308502
285,Subtilisin inhibitor,-5.33,0.7,0,48.03999999999999,False,False,False,False,False,False,False,False,False,False,False,False,False,False,False,False,False,True,False,False,False,False,False,False,True,False,False,False,False,False,False,False,False,False,False,False,False,False,False,False,XGBoost,Protein-Level,test,-5.33,-0.34631565,4.983684347867966
286,Subtilisin inhibitor,-0.94,0.9000000000000001,0,14.019999999999982,False,False,False,False,False,False,False,False,False,False,False,False,False,False,False,False,False,True,False,False,False,False,False,False,False,False,False,True,False,False,False,False,False,False,False,False,False,False,False,False,XGBoost,Protein-Level,test,-0.94,-0.08938736,0.8506126427650451
287,Subtilisin inhibitor,-2.52,0.20999999999999996,0,14.019999999999982,False,False,False,False,False,False,False,False,False,False,False,False,False,False,False,False,False,True,False,False,False,False,False,False,False,False,False,False,False,True,False,False,False,False,False,False,False,False,False,False,XGBoost,Protein-Level,test,-2.52,-0.25193208,2.2680679154396057
288,Subtilisin inhibitor,-5.43,-0.14000000000000012,0,32.06,False,False,False,False,False,False,False,False,False,False,False,False,False,False,False,False,False,True,False,False,False,False,False,False,False,False,False,False,False,False,True,False,False,False,False,False,False,False,False,False,XGBoost,Protein-Level,test,-5.43,-0.5293545,4.900645487308502
304,Subtilisin inhibitor,-2.8,-0.57,0,-60.120000000000005,False,False,False,False,False,False,False,False,False,False,True,False,False,False,False,False,False,False,False,False,True,False,False,False,False,False,False,False,False,False,False,False,False,False,False,False,False,False,False,False,XGBoost,Protein-Level,test,-2.8,-0.33749196,2.46250804066658
305,Subtilisin inhibitor,-2.22,0.14000000000000012,0,-32.06,False,False,False,False,False,False,False,False,False,False,True,False,False,False,False,False,False,False,False,False,False,False,False,False,False,False,False,False,False,False,False,False,False,False,False,False,False,True,False,False,XGBoost,Protein-Level,test,-2.22,-0.22659887,1.993401126265526
306,Subtilisin inhibitor,-2.29,1.0400000000000003,0,-18.04000000000002,False,False,False,False,False,False,False,False,False,False,True,False,False,False,False,False,False,False,False,False,False,False,False,False,False,False,False,True,False,False,False,False,False,False,False,False,False,False,False,False,XGBoost,Protein-Level,test,-2.29,0.20500016,2.495000162124634
307,Subtilisin inhibitor,-0.29,0.3500000000000001,0,-18.04000000000002,False,False,False,False,False,False,False,False,False,False,True,False,False,False,False,False,False,False,False,False,False,False,False,False,False,False,False,False,False,True,False,False,False,False,False,False,False,False,False,False,XGBoost,Protein-Level,test,-0.29,-0.16908765,0.12091235160827635
358,Chymotrypsin inhibitor-2,0.26,-0.5399999999999999,-1,-57.099999999999994,False,False,False,False,False,False,False,False,True,False,False,False,False,False,False,False,False,False,False,False,True,False,False,False,False,False,False,False,False,False,False,False,False,False,False,False,False,False,False,False,XGBoost,Protein-Level,test,0.26,-0.262419,-0.5224189853668213
359,Chymotrypsin inhibitor-2,0.82,0.14,1,-58.03999999999999,False,False,False,True,False,False,False,False,False,False,False,False,False,False,False,False,False,False,False,False,True,False,False,False,False,False,False,False,False,False,False,False,False,False,False,False,False,False,False,False,XGBoost,Protein-Level,test,0.82,-0.21258448,-1.0325844806432722
360,Chymotrypsin inhibitor-2,1.82,-1.3399999999999999,0,-26.039999999999992,False,False,False,False,False,False,False,False,False,False,False,False,True,False,False,False,False,False,False,False,True,False,False,False,False,False,False,False,False,False,False,False,False,False,False,False,False,False,False,False,XGBoost,Protein-Level,test,1.82,-0.58364666,-2.403646655082703
471,Glutamate dehydrogenase,-0.34,0.010000000000000009,-1,-85.10999999999999,False,False,False,False,False,False,False,False,False,False,False,False,False,False,True,False,False,False,False,False,True,False,False,False,False,False,False,False,False,False,False,False,False,False,False,False,False,False,False,False,XGBoost,Protein-Level,test,-0.34,-0.5995902,-0.2595901823043823
472,Glutamate dehydrogenase,-0.17,0.14,1,-58.03999999999999,False,False,False,True,False,False,False,False,False,False,False,False,False,False,False,False,False,False,False,False,True,False,False,False,False,False,False,False,False,False,False,False,False,False,False,False,False,False,False,False,XGBoost,Protein-Level,test,-0.17,-0.21258448,-0.04258448064327239
473,Glutamate dehydrogenase,0.23,-0.5399999999999999,-1,-57.099999999999994,False,False,False,False,False,False,False,False,True,False,False,False,False,False,False,False,False,False,False,False,True,False,False,False,False,False,False,False,False,False,False,False,False,False,False,False,False,False,False,False,XGBoost,Protein-Level,test,0.23,-0.262419,-0.49241898536682127
1355,Subtilisin inhibitor,-1.35,-0.57,0,-60.120000000000005,False,False,False,False,False,False,False,False,False,False,True,False,False,False,False,False,False,False,False,False,True,False,False,False,False,False,False,False,False,False,False,False,False,False,False,False,False,False,False,False,XGBoost,Protein-Level,test,-1.35,-0.33749196,1.0125080406665803
1356,Subtilisin inhibitor,-1.35,0.14000000000000012,0,-32.06,False,False,False,False,False,False,False,False,False,False,True,False,False,False,False,False,False,False,False,False,False,False,False,False,False,False,False,False,False,False,False,False,False,False,False,False,False,True,False,False,XGBoost,Protein-Level,test,-1.35,-0.22659887,1.123401126265526
1357,Subtilisin inhibitor,-2.01,1.0400000000000003,0,-18.04000000000002,False,False,False,False,False,False,False,False,False,False,True,False,False,False,False,False,False,False,False,False,False,False,False,False,False,False,False,True,False,False,False,False,False,False,False,False,False,False,False,False,XGBoost,Protein-Level,test,-2.01,0.20500016,2.2150001621246336
1358,Subtilisin inhibitor,0.77,0.3500000000000001,0,-18.04000000000002,False,False,False,False,False,False,False,False,False,False,True,False,False,False,False,False,False,False,False,False,False,False,False,False,False,False,False,False,False,True,False,False,False,False,False,False,False,False,False,False,XGBoost,Protein-Level,test,0.77,-0.16908765,-0.9390876483917237
1359,Subtilisin inhibitor,1.27,-0.030000000000000027,1,-3.0200000000000102,False,False,False,False,False,False,False,False,False,False,True,False,False,False,False,False,False,False,False,False,False,False,False,False,False,False,False,False,True,False,False,False,False,False,False,False,False,False,False,False,XGBoost,Protein-Level,test,1.27,-0.43620053,-1.7062005293369293
1360,Subtilisin inhibitor,1.08,-0.72,-1,-16.110000000000014,False,False,False,False,False,False,False,False,False,False,True,False,False,False,False,False,False,False,False,False,False,False,True,False,False,False,False,False,False,False,False,False,False,False,False,False,False,False,False,False,XGBoost,Protein-Level,test,1.08,-0.61385846,-1.693858461380005
1361,Subtilisin inhibitor,0.35,-0.71,-1,-2.0800000000000125,False,False,False,False,False,False,False,False,False,False,True,False,False,False,False,False,False,False,False,False,False,False,False,True,False,False,False,False,False,False,False,False,False,False,False,False,False,False,False,False,XGBoost,Protein-Level,test,0.35,-0.6578039,-1.0078038930892945
1362,Subtilisin inhibitor,-0.21,-1.1099999999999999,0,-74.14000000000001,False,False,False,False,False,False,False,False,False,False,True,False,False,False,False,False,False,False,False,False,False,False,False,False,False,True,False,False,False,False,False,False,False,False,False,False,False,False,False,False,XGBoost,Protein-Level,test,-0.21,-1.4857918,-1.275791802406311
1363,Subtilisin inhibitor,0.54,-0.57,0,-60.120000000000005,False,False,False,False,False,False,False,False,False,False,True,False,False,False,False,False,False,False,False,False,True,False,False,False,False,False,False,False,False,False,False,False,False,False,False,False,False,False,False,False,XGBoost,Protein-Level,test,0.54,-0.33749196,-0.8774919593334198
1364,Subtilisin inhibitor,-0.46,0.14000000000000012,0,-32.06,False,False,False,False,False,False,False,False,False,False,True,False,False,False,False,False,False,False,False,False,False,False,False,False,False,False,False,False,False,False,False,False,False,False,False,False,False,True,False,False,XGBoost,Protein-Level,test,-0.46,-0.22659887,0.23340112626552584
1365,Subtilisin inhibitor,-0.13,0.3500000000000001,0,-18.04000000000002,False,False,False,False,False,False,False,False,False,False,True,False,False,False,False,False,False,False,False,False,False,False,False,False,False,False,False,False,False,True,False,False,False,False,False,False,False,False,False,False,XGBoost,Protein-Level,test,-0.13,-0.16908765,-0.03908764839172363
1366,Subtilisin inhibitor,-0.73,1.0400000000000003,0,-18.04000000000002,False,False,False,False,False,False,False,False,False,False,True,False,False,False,False,False,False,False,False,False,False,False,False,False,False,False,False,True,False,False,False,False,False,False,False,False,False,False,False,False,XGBoost,Protein-Level,test,-0.73,0.20500016,0.9350001621246338
1367,Subtilisin inhibitor,0.35,-0.030000000000000027,1,-3.0200000000000102,False,False,False,False,False,False,False,False,False,False,True,False,False,False,False,False,False,False,False,False,False,False,False,False,False,False,False,False,True,False,False,False,False,False,False,False,False,False,False,False,XGBoost,Protein-Level,test,0.35,-0.43620053,-0.7862005293369293
1368,Subtilisin inhibitor,1.6,-0.72,-1,-16.110000000000014,False,False,False,False,False,False,False,False,False,False,True,False,False,False,False,False,False,False,False,False,False,False,True,False,False,False,False,False,False,False,False,False,False,False,False,False,False,False,False,False,XGBoost,Protein-Level,test,1.6,-0.61385846,-2.213858461380005
1369,Subtilisin inhibitor,1.05,-0.71,-1,-2.0800000000000125,False,False,False,False,False,False,False,False,False,False,True,False,False,False,False,False,False,False,False,False,False,False,False,True,False,False,False,False,False,False,False,False,False,False,False,False,False,False,False,False,XGBoost,Protein-Level,test,1.05,-0.6578039,-1.7078038930892945
1370,Subtilisin inhibitor,-0.06,-1.1099999999999999,0,-74.14000000000001,False,False,False,False,False,False,False,False,False,False,True,False,False,False,False,False,False,False,False,False,False,False,False,False,False,True,False,False,False,False,False,False,False,False,False,False,False,False,False,False,XGBoost,Protein-Level,test,-0.06,-1.4857918,-1.425791802406311
1371,Subtilisin inhibitor,0.55,-0.57,0,-60.120000000000005,False,False,False,False,False,False,False,False,False,False,True,False,False,False,False,False,False,False,False,False,True,False,False,False,False,False,False,False,False,False,False,False,False,False,False,False,False,False,False,False,XGBoost,Protein-Level,test,0.55,-0.33749196,-0.8874919593334198
1372,Subtilisin inhibitor,-0.66,0.14000000000000012,0,-32.06,False,False,False,False,False,False,False,False,False,False,True,False,False,False,False,False,False,False,False,False,False,False,False,False,False,False,False,False,False,False,False,False,False,False,False,False,False,True,False,False,XGBoost,Protein-Level,test,-0.66,-0.22659887,0.43340112626552585
1373,Subtilisin inhibitor,-0.25,0.3500000000000001,0,-18.04000000000002,False,False,False,False,False,False,False,False,False,False,True,False,False,False,False,False,False,False,False,False,False,False,False,False,False,False,False,False,False,True,False,False,False,False,False,False,False,False,False,False,XGBoost,Protein-Level,test,-0.25,-0.16908765,0.08091235160827637
1374,Subtilisin inhibitor,-0.94,1.0400000000000003,0,-18.04000000000002,False,False,False,False,False,False,False,False,False,False,True,False,False,False,False,False,False,False,False,False,False,False,False,False,False,False,False,True,False,False,False,False,False,False,False,False,False,False,False,False,XGBoost,Protein-Level,test,-0.94,0.20500016,1.1450001621246337
1375,Subtilisin inhibitor,0.05,-0.030000000000000027,1,-3.0200000000000102,False,False,False,False,False,False,False,False,False,False,True,False,False,False,False,False,False,False,False,False,False,False,False,False,False,False,False,False,True,False,False,False,False,False,False,False,False,False,False,False,XGBoost,Protein-Level,test,0.05,-0.43620053,-0.4862005293369293
1376,Subtilisin inhibitor,1.25,-0.72,-1,-16.110000000000014,False,False,False,False,False,False,False,False,False,False,True,False,False,False,False,False,False,False,False,False,False,False,True,False,False,False,False,False,False,False,False,False,False,False,False,False,False,False,False,False,XGBoost,Protein-Level,test,1.25,-0.61385846,-1.8638584613800049
1377,Subtilisin inhibitor,0.56,-0.71,-1,-2.0800000000000125,False,False,False,False,False,False,False,False,False,False,True,False,False,False,False,False,False,False,False,False,False,False,False,True,False,False,False,False,False,False,False,False,False,False,False,False,False,False,False,False,XGBoost,Protein-Level,test,0.56,-0.6578039,-1.2178038930892945
1378,Subtilisin inhibitor,-0.49,-1.1099999999999999,0,-74.14000000000001,False,False,False,False,False,False,False,False,False,False,True,False,False,False,False,False,False,False,False,False,False,False,False,False,False,True,False,False,False,False,False,False,False,False,False,False,False,False,False,False,XGBoost,Protein-Level,test,-0.49,-1.4857918,-0.995791802406311
1379,Subtilisin inhibitor,0.13,-0.57,0,-60.120000000000005,False,False,False,False,False,False,False,False,False,False,True,False,False,False,False,False,False,False,False,False,True,False,False,False,False,False,False,False,False,False,False,False,False,False,False,False,False,False,False,False,XGBoost,Protein-Level,test,0.13,-0.33749196,-0.4674919593334198
1380,Subtilisin inhibitor,-0.95,0.14000000000000012,0,-32.06,False,False,False,False,False,False,False,False,False,False,True,False,False,False,False,False,False,False,False,False,False,False,False,False,False,False,False,False,False,False,False,False,False,False,False,False,False,True,False,False,XGBoost,Protein-Level,test,-0.95,-0.22659887,0.7234011262655258
1381,Subtilisin inhibitor,-0.55,0.3500000000000001,0,-18.04000000000002,False,False,False,False,False,False,False,False,False,False,True,False,False,False,False,False,False,False,False,False,False,False,False,False,False,False,False,False,False,True,False,False,False,False,False,False,False,False,False,False,XGBoost,Protein-Level,test,-0.55,-0.16908765,0.3809123516082764
1382,Subtilisin inhibitor,-1.28,1.0400000000000003,0,-18.04000000000002,False,False,False,False,False,False,False,False,False,False,True,False,False,False,False,False,False,False,False,False,False,False,False,False,False,False,False,True,False,False,False,False,False,False,False,False,False,False,False,False,XGBoost,Protein-Level,test,-1.28,0.20500016,1.4850001621246338
2084,Acidic fibroblast growth factor,0.39,1.27,0,26.03,False,False,False,False,False,False,True,False,False,False,False,False,False,False,False,False,False,False,False,False,False,False,False,False,False,False,False,False,False,False,False,False,False,False,False,False,False,False,False,True,XGBoost,Protein-Level,test,0.39,-0.094256185,-0.4842561849951744
2085,Acidic fibroblast growth factor,0.47,0.49,0,34.02000000000001,False,False,False,False,False,False,False,False,False,True,False,False,False,False,False,False,False,False,False,False,False,False,False,False,True,False,False,False,False,False,False,False,False,False,False,False,False,False,False,False,XGBoost,Protein-Level,test,0.47,-0.45704594,-0.9270459425449371
2086,Acidic fibroblast growth factor,0.1,1.27,0,26.03,False,False,False,False,False,False,True,False,False,False,False,False,False,False,False,False,False,False,False,False,False,False,False,False,False,False,False,False,False,False,False,False,False,False,False,False,False,False,False,True,XGBoost,Protein-Level,test,0.1,-0.094256185,-0.1942561849951744
2087,Acidic fibroblast growth factor,0.33,-0.14000000000000012,0,16.0,False,False,False,False,True,False,False,False,False,False,False,False,False,False,False,False,False,False,False,False,False,False,False,False,False,False,False,False,False,False,False,False,False,False,False,False,False,False,False,True,XGBoost,Protein-Level,test,0.33,-0.5087257,-0.8387257027626038
2088,Acidic fibroblast growth factor,-0.11,0.9000000000000001,0,14.019999999999982,False,False,False,False,False,False,False,False,False,False,False,False,False,False,False,False,False,True,False,False,False,False,False,False,False,False,False,True,False,False,False,False,False,False,False,False,False,False,False,False,XGBoost,Protein-Level,test,-0.11,-0.08938736,0.020612642765045167
2180,Acidic fibroblast growth factor,0.75,1.27,0,26.03,False,False,False,False,False,False,True,False,False,False,False,False,False,False,False,False,False,False,False,False,False,False,False,False,False,False,False,False,False,False,False,False,False,False,False,False,False,False,False,True,XGBoost,Protein-Level,test,0.75,-0.094256185,-0.8442561849951744
2181,Acidic fibroblast growth factor,0.31,0.49,0,34.02000000000001,False,False,False,False,False,False,False,False,False,True,False,False,False,False,False,False,False,False,False,False,False,False,False,False,True,False,False,False,False,False,False,False,False,False,False,False,False,False,False,False,XGBoost,Protein-Level,test,0.31,-0.45704594,-0.7670459425449372
2182,Acidic fibroblast growth factor,0.4,1.27,0,26.03,False,False,False,False,False,False,True,False,False,False,False,False,False,False,False,False,False,False,False,False,False,False,False,False,False,False,False,False,False,False,False,False,False,False,False,False,False,False,False,True,XGBoost,Protein-Level,test,0.4,-0.094256185,-0.49425618499517443
2183,Acidic fibroblast growth factor,0.33,-0.14000000000000012,0,16.0,False,False,False,False,True,False,False,False,False,False,False,False,False,False,False,False,False,False,False,False,False,False,False,False,False,False,False,False,False,False,False,False,False,False,False,False,False,False,False,True,XGBoost,Protein-Level,test,0.33,-0.5087257,-0.8387257027626038
2184,Acidic fibroblast growth factor,-0.08,0.9000000000000001,0,14.019999999999982,False,False,False,False,False,False,False,False,False,False,False,False,False,False,False,False,False,True,False,False,False,False,False,False,False,False,False,True,False,False,False,False,False,False,False,False,False,False,False,False,XGBoost,Protein-Level,test,-0.08,-0.08938736,-0.009387357234954832
2185,Acidic fibroblast growth factor,-0.26,-1.02,0,-16.060000000000002,False,True,False,False,False,False,False,False,False,False,False,False,False,False,False,False,False,False,False,False,False,False,False,False,False,False,False,False,False,False,False,False,False,False,False,True,False,False,False,False,XGBoost,Protein-Level,test,-0.26,1.3370271,1.5970270729064941
2322,Ribonuclease Sa3,-0.6,0.14000000000000012,0,-16.0,False,False,False,False,False,False,False,False,False,False,False,False,False,False,False,False,False,False,False,True,False,False,False,False,True,False,False,False,False,False,False,False,False,False,False,False,False,False,False,False,XGBoost,Protein-Level,test,-0.6,-0.28134343,0.31865656971931455
2323,Ribonuclease Sa3,0.5,0.14000000000000012,0,-16.0,False,False,False,False,False,False,False,False,False,False,False,False,False,False,False,False,False,False,False,True,False,False,False,False,True,False,False,False,False,False,False,False,False,False,False,False,False,False,False,False,XGBoost,Protein-Level,test,0.5,-0.28134343,-0.7813434302806854
2324,Ribonuclease Sa3,-2.6,0.14000000000000012,0,-16.0,False,False,False,False,False,False,False,False,False,False,False,False,False,False,False,False,False,False,False,True,False,False,False,False,True,False,False,False,False,False,False,False,False,False,False,False,False,False,False,False,XGBoost,Protein-Level,test,-2.6,-0.28134343,2.3186565697193147
2325,Ribonuclease Sa3,-2.1,0.14000000000000012,0,-16.0,False,False,False,False,False,False,False,False,False,False,False,False,False,False,False,False,False,False,False,True,False,False,False,False,True,False,False,False,False,False,False,False,False,False,False,False,False,False,False,False,XGBoost,Protein-Level,test,-2.1,-0.28134343,1.8186565697193147
2326,Ribonuclease Sa3,-0.7,0.14000000000000012,0,-16.0,False,False,False,False,False,False,False,False,False,False,False,False,False,False,False,False,False,False,False,True,False,False,False,False,True,False,False,False,False,False,False,False,False,False,False,False,False,False,False,False,XGBoost,Protein-Level,test,-0.7,-0.28134343,0.41865656971931453
2327,Ribonuclease Sa3,-1.5,0.14000000000000012,0,-16.0,False,False,False,False,False,False,False,False,False,False,False,False,False,False,False,False,False,False,False,True,False,False,False,False,True,False,False,False,False,False,False,False,False,False,False,False,False,False,False,False,XGBoost,Protein-Level,test,-1.5,-0.28134343,1.2186565697193146
2328,Ribonuclease Sa3,-1.0,0.14000000000000012,0,-16.0,False,False,False,False,False,False,False,False,False,False,False,False,False,False,False,False,False,False,False,True,False,False,False,False,True,False,False,False,False,False,False,False,False,False,False,False,False,False,False,False,XGBoost,Protein-Level,test,-1.0,-0.28134343,0.7186565697193146
2329,Ribonuclease Sa3,0.0,0.14000000000000012,0,-16.0,False,False,False,False,False,False,False,False,False,False,False,False,False,False,False,False,False,False,False,True,False,False,False,False,True,False,False,False,False,False,False,False,False,False,False,False,False,False,False,False,XGBoost,Protein-Level,test,0.0,-0.28134343,-0.2813434302806854
2466,Acidic fibroblast growth factor,-1.91,-1.02,0,-16.060000000000002,False,True,False,False,False,False,False,False,False,False,False,False,False,False,False,False,False,False,False,False,False,False,False,False,False,False,False,False,False,False,False,False,False,False,False,True,False,False,False,False,XGBoost,Protein-Level,test,-1.91,1.3370271,3.2470270729064943
2467,Acidic fibroblast growth factor,-0.62,-1.02,0,-16.060000000000002,False,True,False,False,False,False,False,False,False,False,False,False,False,False,False,False,False,False,False,False,False,False,False,False,False,False,False,False,False,False,False,False,False,False,False,True,False,False,False,False,XGBoost,Protein-Level,test,-0.62,1.3370271,1.9570270729064942
2516,Subtilisin BPN',-1.1,1.53,0,-14.980000000000018,False,False,False,False,False,False,False,False,False,False,False,False,False,True,False,False,False,False,False,False,False,False,False,False,False,False,False,False,False,True,False,False,False,False,False,False,False,False,False,False,XGBoost,Protein-Level,test,-1.1,-0.055200852,1.0447991475462914
2517,Subtilisin BPN',-1.0,-0.6799999999999999,-2,0.9399999999999977,False,False,False,False,False,False,False,False,True,False,False,False,False,False,False,False,False,False,False,False,False,False,False,True,False,False,False,False,False,False,False,False,False,False,False,False,False,False,False,False,XGBoost,Protein-Level,test,-1.0,-0.5744709,0.4255291223526001
