NO	PROTEIN	UniProt_ID	MUTATION	SOURCE	PDB_wild	PDB_Chain_Mutation	SEC_STR	ASA	pH	T_(C)	∆∆G_(kcal/mol)	∆∆G_H2O_(kcal/mol)	STATE	REVERSIBILITY	PubMed_ID	KEY_WORDS	REFERENCE	AUTHOR
176	Villin-1	P02640	D44N (UniProt)	Gallus gallus (Chicken)	1YRF	-	-		3.0	-	1.73	-	-	-	33779182	Ferritin; nativs-side chain;Xa	J Phys Chem B 125, 3269-3277 (2021) PMID: 33779182	Zou J, Xiao S, Simmerling C, Raleigh DP
177	Villin-1	P02640	E795Q (UniProt)	Gallus gallus (Chicken)	1YRF	-	-		3.0	-	1.9	-	-	-	33779182	Ferritin; nativs-side chain;Xa	J Phys Chem B 125, 3269-3277 (2021) PMID: 33779182	Zou J, Xiao S, Simmerling C, Raleigh DP
178	Villin-1	P02640	D796N (UniProt)	Gallus gallus (Chicken)	1YRF	-	-		3.0	-	1.61	-	-	-	33779182	Ferritin; nativs-side chain;Xa	J Phys Chem B 125, 3269-3277 (2021) PMID: 33779182	Zou J, Xiao S, Simmerling C, Raleigh DP
179	Villin-1	P02640	E822Q (UniProt)	Gallus gallus (Chicken)	1YRF	-	-		3.0	-	1.6	-	-	-	33779182	Ferritin; nativs-side chain;Xa	J Phys Chem B 125, 3269-3277 (2021) PMID: 33779182	Zou J, Xiao S, Simmerling C, Raleigh DP
181	Villin-1	P02640	D44N (UniProt)	Gallus gallus (Chicken)	1YRF	-	-		6.0	-	-0.46	-	-	-	33779182	Ferritin; nativs-side chain;Xa	J Phys Chem B 125, 3269-3277 (2021) PMID: 33779182	Zou J, Xiao S, Simmerling C, Raleigh DP
182	Villin-1	P02640	E795Q (UniProt)	Gallus gallus (Chicken)	1YRF	-	-		6.0	-	-0.4	-	-	-	33779182	Ferritin; nativs-side chain;Xa	J Phys Chem B 125, 3269-3277 (2021) PMID: 33779182	Zou J, Xiao S, Simmerling C, Raleigh DP
183	Villin-1	P02640	D796N (UniProt)	Gallus gallus (Chicken)	1YRF	-	-		6.0	-	-0.88	-	-	-	33779182	Ferritin; nativs-side chain;Xa	J Phys Chem B 125, 3269-3277 (2021) PMID: 33779182	Zou J, Xiao S, Simmerling C, Raleigh DP
184	Villin-1	P02640	E822Q (UniProt)	Gallus gallus (Chicken)	1YRF	-	-		6.0	-	-0.1	-	-	-	33779182	Ferritin; nativs-side chain;Xa	J Phys Chem B 125, 3269-3277 (2021) PMID: 33779182	Zou J, Xiao S, Simmerling C, Raleigh DP
197	Class A sortase SrtA	Q9S446	M155V (UniProt)	Staphylococcus aureus	1T2P	-	-		7.5	-	2.0076504	-	-	yes	32725168	sortase; consensus; thermostability	Protein Eng Des Sel 32, 555-564 (2019) PMID: 32725168	Wójcik M,Vázquez Torres S, Quax WJ, Boersma YL
198	Class A sortase SrtA	Q9S446	V193R (UniProt)	Staphylococcus aureus	1T2P	-	-		7.5	-	2.3183582	-	-	yes	32725168	sortase; consensus; thermostability	Protein Eng Des Sel 32, 555-564 (2019) PMID: 32725168	Wójcik M,Vázquez Torres S, Quax WJ, Boersma YL
289	Major prion protein	P04156	T183A (UniProt)	Homo sapiens (Human)	1E1G	-	-		7.0	-	-2.1	-	-	-	33731477	neurodegenerative diseases; prion protein; Protein misfolding ; amyloid ; transmissible spongiform encephalopathies	Proc Natl Acad Sci U S A 118, (2021) PMID: 33731477	Sanz-Hernández M, Barritt JD, Sobek J, Hornemann S, Aguzzi A, De Simone A
2012	Lysozyme	P00720	R96H (PDB: R96H)	Enterobacteria phage T4 (Bacteriophage T4)	2LZM	R96H	Helix	34.06	3.0	-	-3.3	-	-	yes	6726809	bacteriophage T4 lysozyme; free energies of unfolding;	J MOL BIOL 175, 195-212 (1984) PMID: 6726809	Hawkes R, Grutter MG, Schellman J
2013	Lysozyme	P00720	M102V (PDB: M102V)	Enterobacteria phage T4 (Bacteriophage T4)	2LZM	M102V	Helix	1.5	3.0	-	-3	-	-	yes	6726809	bacteriophage T4 lysozyme; free energies of unfolding;	J MOL BIOL 175, 195-212 (1984) PMID: 6726809	Hawkes R, Grutter MG, Schellman J
2163	Lysozyme	P00720	W138Y (PDB: W138Y)	Enterobacteria phage T4 (Bacteriophage T4)	2LZM	W138Y	Helix	4.99	2.2	-	-1.71	-	-	yes	911878	bacteriophage T4 lysozyme; tyrosine; tryptophan;	BIOCHIM BIOPHYS ACTA 494, 367-383 (1977) PMID: 911878	Elwell ML, Schellman JA
6553	Rubredoxin	P00268	V24I (PDB: V24I)	Clostridium pasteurianum	1IRO	V24I	Sheet	3.25	9.08	-	0.36	-	-	Yes	17118523	Hydrophobic core; Proteins; Thermostability; Thermodynamic additivity; NMR chemical exchange; Chimeric hybrids	BIOPHYS CHEM 125, 483-489 (2007) PMID: 17118523	LeMaster DM, Hernandez G.
6554	Rubredoxin	P00268	I33L (PDB: I33L)	Clostridium pasteurianum	1IRO	I33L	Helix	0.54	9.08	-	0.76	-	-	Yes	17118523	Hydrophobic core; Proteins; Thermostability; Thermodynamic additivity; NMR chemical exchange; Chimeric hybrids	BIOPHYS CHEM 125, 483-489 (2007) PMID: 17118523	LeMaster DM, Hernandez G.
7533	Fibroblast growth factor-1	P05230	L59F (UniProt)	Homo sapiens (Human)	2AFG	-	Sheet	0.0	6.6	-	-0.72	-	-	Yes (>80%)	19695265	FGF-1; protein engineering; thermostablity; protein half-life; free cysteine	J MOL BIOL 393, 113-127 (2009) PMID: 19695265	Lee J, Blaber M.
7534	Fibroblast growth factor-1	P05230	F100W (UniProt)	Homo sapiens (Human)	2AFG	-	Sheet	0.5	6.6	-	0.07	-	-	Yes (>80%)	19695265	FGF-1; protein engineering; thermostablity; protein half-life; free cysteine	J MOL BIOL 393, 113-127 (2009) PMID: 19695265	Lee J, Blaber M.
7535	Fibroblast growth factor-1	P05230	F147W (UniProt)	Homo sapiens (Human)	2AFG	-	Sheet	0.5	6.6	-	-0.29	-	-	Yes (>80%)	19695265	FGF-1; protein engineering; thermostablity; protein half-life; free cysteine	J MOL BIOL 393, 113-127 (2009) PMID: 19695265	Lee J, Blaber M.
7845	Peripheral subunit-binding domain	P0AFG6	A113G (UniProt)	Escherichia coli (strain K12)	1W4H	-	Coil	35.39	7.0	-	0.04	-	-	Unknown	19445954	peripheral subunit-binding domain family; ultrafast protein folding; temperature-jump fluorescence spectroscopy; \A6\B5-value analysis; transition-state movement	J MOL BIOL 390, 1060-1073 (2009) PMID: 19445954	Neuweiler H, Sharpe TD, Rutherford TJ, Johnson CM, Allen MD, Ferguson N, Fersht AR.
7846	Peripheral subunit-binding domain	P0AFG6	L114A (UniProt)	Escherichia coli (strain K12)	1W4H	-	Coil	26.76	7.0	-	0.94	-	-	Unknown	19445954	peripheral subunit-binding domain family; ultrafast protein folding; temperature-jump fluorescence spectroscopy; \A6\B5-value analysis; transition-state movement	J MOL BIOL 390, 1060-1073 (2009) PMID: 19445954	Neuweiler H, Sharpe TD, Rutherford TJ, Johnson CM, Allen MD, Ferguson N, Fersht AR.
7847	Peripheral subunit-binding domain	P0AFG6	S115G (UniProt)	Escherichia coli (strain K12)	1W4H	-	Coil	19.62	7.0	-	0.47	-	-	Unknown	19445954	peripheral subunit-binding domain family; ultrafast protein folding; temperature-jump fluorescence spectroscopy; \A6\B5-value analysis; transition-state movement	J MOL BIOL 390, 1060-1073 (2009) PMID: 19445954	Neuweiler H, Sharpe TD, Rutherford TJ, Johnson CM, Allen MD, Ferguson N, Fersht AR.
7848	Peripheral subunit-binding domain	P0AFG6	P116A (UniProt)	Escherichia coli (strain K12)	1W4H	-	Helix	79.63	7.0	-	-0.38	-	-	Unknown	19445954	peripheral subunit-binding domain family; ultrafast protein folding; temperature-jump fluorescence spectroscopy; \A6\B5-value analysis; transition-state movement	J MOL BIOL 390, 1060-1073 (2009) PMID: 19445954	Neuweiler H, Sharpe TD, Rutherford TJ, Johnson CM, Allen MD, Ferguson N, Fersht AR.
7849	Peripheral subunit-binding domain	P0AFG6	A117G (UniProt)	Escherichia coli (strain K12)	1W4H	-	Helix	37.21	7.0	-	0.37	-	-	Unknown	19445954	peripheral subunit-binding domain family; ultrafast protein folding; temperature-jump fluorescence spectroscopy; \A6\B5-value analysis; transition-state movement	J MOL BIOL 390, 1060-1073 (2009) PMID: 19445954	Neuweiler H, Sharpe TD, Rutherford TJ, Johnson CM, Allen MD, Ferguson N, Fersht AR.
7850	Peripheral subunit-binding domain	P0AFG6	I118V (UniProt)	Escherichia coli (strain K12)	1W4H	-	Helix	3.24	7.0	-	0.03	-	-	Unknown	19445954	peripheral subunit-binding domain family; ultrafast protein folding; temperature-jump fluorescence spectroscopy; \A6\B5-value analysis; transition-state movement	J MOL BIOL 390, 1060-1073 (2009) PMID: 19445954	Neuweiler H, Sharpe TD, Rutherford TJ, Johnson CM, Allen MD, Ferguson N, Fersht AR.
7851	Peripheral subunit-binding domain	P0AFG6	I118A (UniProt)	Escherichia coli (strain K12)	1W4H	-	Helix	3.24	7.0	-	1.63	-	-	Unknown	19445954	peripheral subunit-binding domain family; ultrafast protein folding; temperature-jump fluorescence spectroscopy; \A6\B5-value analysis; transition-state movement	J MOL BIOL 390, 1060-1073 (2009) PMID: 19445954	Neuweiler H, Sharpe TD, Rutherford TJ, Johnson CM, Allen MD, Ferguson N, Fersht AR.
7852	Peripheral subunit-binding domain	P0AFG6	L121A (UniProt)	Escherichia coli (strain K12)	1W4H	-	Helix	13.11	7.0	-	1.67	-	-	Unknown	19445954	peripheral subunit-binding domain family; ultrafast protein folding; temperature-jump fluorescence spectroscopy; \A6\B5-value analysis; transition-state movement	J MOL BIOL 390, 1060-1073 (2009) PMID: 19445954	Neuweiler H, Sharpe TD, Rutherford TJ, Johnson CM, Allen MD, Ferguson N, Fersht AR.
7853	Peripheral subunit-binding domain	P0AFG6	L122A (UniProt)	Escherichia coli (strain K12)	1W4H	-	Helix	3.82	7.0	-	3.5	-	-	Unknown	19445954	peripheral subunit-binding domain family; ultrafast protein folding; temperature-jump fluorescence spectroscopy; \A6\B5-value analysis; transition-state movement	J MOL BIOL 390, 1060-1073 (2009) PMID: 19445954	Neuweiler H, Sharpe TD, Rutherford TJ, Johnson CM, Allen MD, Ferguson N, Fersht AR.
7854	Peripheral subunit-binding domain	P0AFG6	A123G (UniProt)	Escherichia coli (strain K12)	1W4H	-	Helix	68.97	7.0	-	1.02	-	-	Unknown	19445954	peripheral subunit-binding domain family; ultrafast protein folding; temperature-jump fluorescence spectroscopy; \A6\B5-value analysis; transition-state movement	J MOL BIOL 390, 1060-1073 (2009) PMID: 19445954	Neuweiler H, Sharpe TD, Rutherford TJ, Johnson CM, Allen MD, Ferguson N, Fersht AR.
7855	Peripheral subunit-binding domain	P0AFG6	L127A (UniProt)	Escherichia coli (strain K12)	1W4H	-	Coil	20.75	7.0	-	1.9	-	-	Unknown	19445954	peripheral subunit-binding domain family; ultrafast protein folding; temperature-jump fluorescence spectroscopy; \A6\B5-value analysis; transition-state movement	J MOL BIOL 390, 1060-1073 (2009) PMID: 19445954	Neuweiler H, Sharpe TD, Rutherford TJ, Johnson CM, Allen MD, Ferguson N, Fersht AR.
7856	Peripheral subunit-binding domain	P0AFG6	A129G (UniProt)	Escherichia coli (strain K12)	1W4H	-	Helix	6.35	7.0	-	0.58	-	-	Unknown	19445954	peripheral subunit-binding domain family; ultrafast protein folding; temperature-jump fluorescence spectroscopy; \A6\B5-value analysis; transition-state movement	J MOL BIOL 390, 1060-1073 (2009) PMID: 19445954	Neuweiler H, Sharpe TD, Rutherford TJ, Johnson CM, Allen MD, Ferguson N, Fersht AR.
7857	Peripheral subunit-binding domain	P0AFG6	A131G (UniProt)	Escherichia coli (strain K12)	1W4H	-	Helix	49.91	7.0	-	0.43	-	-	Unknown	19445954	peripheral subunit-binding domain family; ultrafast protein folding; temperature-jump fluorescence spectroscopy; \A6\B5-value analysis; transition-state movement	J MOL BIOL 390, 1060-1073 (2009) PMID: 19445954	Neuweiler H, Sharpe TD, Rutherford TJ, Johnson CM, Allen MD, Ferguson N, Fersht AR.
7858	Peripheral subunit-binding domain	P0AFG6	I132V (UniProt)	Escherichia coli (strain K12)	1W4H	-	Helix	4.86	7.0	-	0.75	-	-	Unknown	19445954	peripheral subunit-binding domain family; ultrafast protein folding; temperature-jump fluorescence spectroscopy; \A6\B5-value analysis; transition-state movement	J MOL BIOL 390, 1060-1073 (2009) PMID: 19445954	Neuweiler H, Sharpe TD, Rutherford TJ, Johnson CM, Allen MD, Ferguson N, Fersht AR.
7859	Peripheral subunit-binding domain	P0AFG6	T135S (UniProt)	Escherichia coli (strain K12)	1W4H	-	Turn	77.14	7.0	-	0.29	-	-	Unknown	19445954	peripheral subunit-binding domain family; ultrafast protein folding; temperature-jump fluorescence spectroscopy; \A6\B5-value analysis; transition-state movement	J MOL BIOL 390, 1060-1073 (2009) PMID: 19445954	Neuweiler H, Sharpe TD, Rutherford TJ, Johnson CM, Allen MD, Ferguson N, Fersht AR.
7860	Peripheral subunit-binding domain	P0AFG6	T135A (UniProt)	Escherichia coli (strain K12)	1W4H	-	Turn	77.14	7.0	-	1.36	-	-	Unknown	19445954	peripheral subunit-binding domain family; ultrafast protein folding; temperature-jump fluorescence spectroscopy; \A6\B5-value analysis; transition-state movement	J MOL BIOL 390, 1060-1073 (2009) PMID: 19445954	Neuweiler H, Sharpe TD, Rutherford TJ, Johnson CM, Allen MD, Ferguson N, Fersht AR.
7861	Peripheral subunit-binding domain	P0AFG6	V137G (UniProt)	Escherichia coli (strain K12)	1W4H	-	Turn	73.52	7.0	-	0.84	-	-	Unknown	19445954	peripheral subunit-binding domain family; ultrafast protein folding; temperature-jump fluorescence spectroscopy; \A6\B5-value analysis; transition-state movement	J MOL BIOL 390, 1060-1073 (2009) PMID: 19445954	Neuweiler H, Sharpe TD, Rutherford TJ, Johnson CM, Allen MD, Ferguson N, Fersht AR.
7862	Peripheral subunit-binding domain	P0AFG6	L141A (UniProt)	Escherichia coli (strain K12)	1W4H	-	Coil	4.92	7.0	-	2.12	-	-	Unknown	19445954	peripheral subunit-binding domain family; ultrafast protein folding; temperature-jump fluorescence spectroscopy; \A6\B5-value analysis; transition-state movement	J MOL BIOL 390, 1060-1073 (2009) PMID: 19445954	Neuweiler H, Sharpe TD, Rutherford TJ, Johnson CM, Allen MD, Ferguson N, Fersht AR.
7863	Peripheral subunit-binding domain	P0AFG6	T142S (UniProt)	Escherichia coli (strain K12)	1W4H	-	Turn	24.51	7.0	-	1.63	-	-	Unknown	19445954	peripheral subunit-binding domain family; ultrafast protein folding; temperature-jump fluorescence spectroscopy; \A6\B5-value analysis; transition-state movement	J MOL BIOL 390, 1060-1073 (2009) PMID: 19445954	Neuweiler H, Sharpe TD, Rutherford TJ, Johnson CM, Allen MD, Ferguson N, Fersht AR.
7864	Peripheral subunit-binding domain	P0AFG6	D145N (UniProt)	Escherichia coli (strain K12)	1W4H	-	Helix	12.49	7.0	-	3.1	-	-	Unknown	19445954	peripheral subunit-binding domain family; ultrafast protein folding; temperature-jump fluorescence spectroscopy; \A6\B5-value analysis; transition-state movement	J MOL BIOL 390, 1060-1073 (2009) PMID: 19445954	Neuweiler H, Sharpe TD, Rutherford TJ, Johnson CM, Allen MD, Ferguson N, Fersht AR.
7865	Peripheral subunit-binding domain	P0AFG6	V146A (UniProt)	Escherichia coli (strain K12)	1W4H	-	Helix	0.0	7.0	-	2.02	-	-	Unknown	19445954	peripheral subunit-binding domain family; ultrafast protein folding; temperature-jump fluorescence spectroscopy; \A6\B5-value analysis; transition-state movement	J MOL BIOL 390, 1060-1073 (2009) PMID: 19445954	Neuweiler H, Sharpe TD, Rutherford TJ, Johnson CM, Allen MD, Ferguson N, Fersht AR.
7866	Peripheral subunit-binding domain	P0AFG6	H149A (UniProt)	Escherichia coli (strain K12)	1W4H	-	Helix	16.49	7.0	-	-0.06	-	-	Unknown	19445954	peripheral subunit-binding domain family; ultrafast protein folding; temperature-jump fluorescence spectroscopy; \A6\B5-value analysis; transition-state movement	J MOL BIOL 390, 1060-1073 (2009) PMID: 19445954	Neuweiler H, Sharpe TD, Rutherford TJ, Johnson CM, Allen MD, Ferguson N, Fersht AR.
7867	Peripheral subunit-binding domain	P0AFG6	H149G (UniProt)	Escherichia coli (strain K12)	1W4H	-	Helix	16.49	7.0	-	1.58	-	-	Unknown	19445954	peripheral subunit-binding domain family; ultrafast protein folding; temperature-jump fluorescence spectroscopy; \A6\B5-value analysis; transition-state movement	J MOL BIOL 390, 1060-1073 (2009) PMID: 19445954	Neuweiler H, Sharpe TD, Rutherford TJ, Johnson CM, Allen MD, Ferguson N, Fersht AR.
7868	Peripheral subunit-binding domain	P0AFG6	L150A (UniProt)	Escherichia coli (strain K12)	1W4H	-	Helix	22.94	7.0	-	0.57	-	-	Unknown	19445954	peripheral subunit-binding domain family; ultrafast protein folding; temperature-jump fluorescence spectroscopy; \A6\B5-value analysis; transition-state movement	J MOL BIOL 390, 1060-1073 (2009) PMID: 19445954	Neuweiler H, Sharpe TD, Rutherford TJ, Johnson CM, Allen MD, Ferguson N, Fersht AR.
7869	Peripheral subunit-binding domain	P0AFG6	A151G (UniProt)	Escherichia coli (strain K12)	1W4H	-	Helix	77.13	7.0	-	0.07	-	-	Unknown	19445954	peripheral subunit-binding domain family; ultrafast protein folding; temperature-jump fluorescence spectroscopy; \A6\B5-value analysis; transition-state movement	J MOL BIOL 390, 1060-1073 (2009) PMID: 19445954	Neuweiler H, Sharpe TD, Rutherford TJ, Johnson CM, Allen MD, Ferguson N, Fersht AR.
7871	Peripheral subunit-binding domain	P0AFG6	L150A (UniProt)	Escherichia coli (strain K12)	1W4H	-	Helix	22.94	7.0	-	1.18	-	-	Unknown	19445954	peripheral subunit-binding domain family; ultrafast protein folding; temperature-jump fluorescence spectroscopy; \A6\B5-value analysis; transition-state movement	J MOL BIOL 390, 1060-1073 (2009) PMID: 19445954	Neuweiler H, Sharpe TD, Rutherford TJ, Johnson CM, Allen MD, Ferguson N, Fersht AR.
10724	Alpha-lactalbumin	P00711	H51Y (UniProt)	Bos taurus (Bovine)	1HFZ	-	Helix	42.33	7.4	-	0.07	-	-	yes(>95%)	10436084	flexibility; alpha-lactalbumin; lactose synthase;	PROTEIN ENG 12, 581-587 (1999) PMID: 10436084	Greene LH, Grobler JA, Malinovskii VA, Tian J, Acharya KR,
10725	Alpha-lactalbumin	P00711	H51A (UniProt)	Bos taurus (Bovine)	1HFZ	-	Helix	42.33	7.4	-	-2.13	-	-	yes(>95%)	10436084	flexibility; alpha-lactalbumin; lactose synthase;	PROTEIN ENG 12, 581-587 (1999) PMID: 10436084	Greene LH, Grobler JA, Malinovskii VA, Tian J, Acharya KR,
10726	Alpha-lactalbumin	P00711	L129H (UniProt)	Bos taurus (Bovine)	1HFZ	-	Helix	51.88	7.4	-	1.39	-	-	yes(>95%)	10436084	flexibility; alpha-lactalbumin; lactose synthase;	PROTEIN ENG 12, 581-587 (1999) PMID: 10436084	Greene LH, Grobler JA, Malinovskii VA, Tian J, Acharya KR,
10727	Alpha-lactalbumin	P00711	L129R (UniProt)	Bos taurus (Bovine)	1HFZ	-	Helix	51.88	7.4	-	0.43	-	-	yes(>95%)	10436084	flexibility; alpha-lactalbumin; lactose synthase;	PROTEIN ENG 12, 581-587 (1999) PMID: 10436084	Greene LH, Grobler JA, Malinovskii VA, Tian J, Acharya KR,
10728	Alpha-lactalbumin	P00711	L129E (UniProt)	Bos taurus (Bovine)	1HFZ	-	Helix	51.88	7.4	-	-0.19	-	-	yes(>95%)	10436084	flexibility; alpha-lactalbumin; lactose synthase;	PROTEIN ENG 12, 581-587 (1999) PMID: 10436084	Greene LH, Grobler JA, Malinovskii VA, Tian J, Acharya KR,
10729	Alpha-lactalbumin	P00711	Q136A (UniProt)	Bos taurus (Bovine)	1HFZ	-	Helix	64.95	7.4	-	-0.96	-	-	yes(>95%)	10436084	flexibility; alpha-lactalbumin; lactose synthase;	PROTEIN ENG 12, 581-587 (1999) PMID: 10436084	Greene LH, Grobler JA, Malinovskii VA, Tian J, Acharya KR,
10730	Alpha-lactalbumin	P00711	W137Y (UniProt)	Bos taurus (Bovine)	1HFZ	-	Helix	14.97	7.4	-	-1.17	-	-	yes(>95%)	10436084	flexibility; alpha-lactalbumin; lactose synthase;	PROTEIN ENG 12, 581-587 (1999) PMID: 10436084	Greene LH, Grobler JA, Malinovskii VA, Tian J, Acharya KR,
10731	Alpha-lactalbumin	P00711	W137H (UniProt)	Bos taurus (Bovine)	1HFZ	-	Helix	14.97	7.4	-	-0.6	-	-	yes(>95%)	10436084	flexibility; alpha-lactalbumin; lactose synthase;	PROTEIN ENG 12, 581-587 (1999) PMID: 10436084	Greene LH, Grobler JA, Malinovskii VA, Tian J, Acharya KR,
10732	Alpha-lactalbumin	P00711	A125S (UniProt)	Bos taurus (Bovine)	1HFZ	-	Helix	15.43	7.4	-	-1.05	-	-	yes(>95%)	10436084	flexibility; alpha-lactalbumin; lactose synthase;	PROTEIN ENG 12, 581-587 (1999) PMID: 10436084	Greene LH, Grobler JA, Malinovskii VA, Tian J, Acharya KR,
10733	Alpha-lactalbumin	P00711	H126Y (UniProt)	Bos taurus (Bovine)	1HFZ	-	Helix	12.09	7.4	-	-0.19	-	-	yes(>95%)	10436084	flexibility; alpha-lactalbumin; lactose synthase;	PROTEIN ENG 12, 581-587 (1999) PMID: 10436084	Greene LH, Grobler JA, Malinovskii VA, Tian J, Acharya KR,
10734	Alpha-lactalbumin	P00711	H126A (UniProt)	Bos taurus (Bovine)	1HFZ	-	Helix	12.09	7.4	-	-0.79	-	-	yes(>95%)	10436084	flexibility; alpha-lactalbumin; lactose synthase;	PROTEIN ENG 12, 581-587 (1999) PMID: 10436084	Greene LH, Grobler JA, Malinovskii VA, Tian J, Acharya KR,
10735	Alpha-lactalbumin	P00711	H126W (UniProt)	Bos taurus (Bovine)	1HFZ	-	Helix	12.09	7.4	-	-1.72	-	-	yes(>95%)	10436084	flexibility; alpha-lactalbumin; lactose synthase;	PROTEIN ENG 12, 581-587 (1999) PMID: 10436084	Greene LH, Grobler JA, Malinovskii VA, Tian J, Acharya KR,
10736	Alpha-lactalbumin	P00711	K133N (UniProt)	Bos taurus (Bovine)	1HFZ	-	Coil	59.31	7.4	-	2.65	-	-	yes(>95%)	10436084	flexibility; alpha-lactalbumin; lactose synthase;	PROTEIN ENG 12, 581-587 (1999) PMID: 10436084	Greene LH, Grobler JA, Malinovskii VA, Tian J, Acharya KR,
10737	Alpha-lactalbumin	P00711	K133Q (UniProt)	Bos taurus (Bovine)	1HFZ	-	Coil	59.31	7.4	-	-0.6	-	-	yes(>95%)	10436084	flexibility; alpha-lactalbumin; lactose synthase;	PROTEIN ENG 12, 581-587 (1999) PMID: 10436084	Greene LH, Grobler JA, Malinovskii VA, Tian J, Acharya KR,
10738	Alpha-lactalbumin	P00711	K133E (UniProt)	Bos taurus (Bovine)	1HFZ	-	Coil	59.31	7.4	-	-0.65	-	-	yes(>95%)	10436084	flexibility; alpha-lactalbumin; lactose synthase;	PROTEIN ENG 12, 581-587 (1999) PMID: 10436084	Greene LH, Grobler JA, Malinovskii VA, Tian J, Acharya KR,
10739	Alpha-lactalbumin	P00711	V61N (UniProt)	Bos taurus (Bovine)	1HFZ	-	Sheet	39.04	7.4	-	-0.24	-	-	yes(>95%)	10436084	flexibility; alpha-lactalbumin; lactose synthase;	PROTEIN ENG 12, 581-587 (1999) PMID: 10436084	Greene LH, Grobler JA, Malinovskii VA, Tian J, Acharya KR,
10740	Alpha-lactalbumin	P00711	V61A (UniProt)	Bos taurus (Bovine)	1HFZ	-	Sheet	39.04	7.4	-	-0.93	-	-	yes(>95%)	10436084	flexibility; alpha-lactalbumin; lactose synthase;	PROTEIN ENG 12, 581-587 (1999) PMID: 10436084	Greene LH, Grobler JA, Malinovskii VA, Tian J, Acharya KR,
10741	Alpha-lactalbumin	P00711	V61G (UniProt)	Bos taurus (Bovine)	1HFZ	-	Sheet	39.04	7.4	-	-1.15	-	-	yes(>95%)	10436084	flexibility; alpha-lactalbumin; lactose synthase;	PROTEIN ENG 12, 581-587 (1999) PMID: 10436084	Greene LH, Grobler JA, Malinovskii VA, Tian J, Acharya KR,
10742	Alpha-lactalbumin	P00711	Q73A (UniProt)	Bos taurus (Bovine)	1HFZ	-	Coil	5.6	7.4	-	-0.41	-	-	yes(>95%)	10436084	flexibility; alpha-lactalbumin; lactose synthase;	PROTEIN ENG 12, 581-587 (1999) PMID: 10436084	Greene LH, Grobler JA, Malinovskii VA, Tian J, Acharya KR,
10743	Alpha-lactalbumin	P00711	I78W (UniProt)	Bos taurus (Bovine)	1HFZ	-	Helix	35.14	7.4	-	-0.93	-	-	yes(>95%)	10436084	flexibility; alpha-lactalbumin; lactose synthase;	PROTEIN ENG 12, 581-587 (1999) PMID: 10436084	Greene LH, Grobler JA, Malinovskii VA, Tian J, Acharya KR,
10744	Alpha-lactalbumin	P00711	Y122P (UniProt)	Bos taurus (Bovine)	1HFZ	-	Helix	17.31	7.4	-	-0.22	-	-	yes(>95%)	10436084	flexibility; alpha-lactalbumin; lactose synthase;	PROTEIN ENG 12, 581-587 (1999) PMID: 10436084	Greene LH, Grobler JA, Malinovskii VA, Tian J, Acharya KR,
10745	Alpha-lactalbumin	P00711	Y122A (UniProt)	Bos taurus (Bovine)	1HFZ	-	Helix	17.31	7.4	-	-2.39	-	-	yes(>95%)	10436084	flexibility; alpha-lactalbumin; lactose synthase;	PROTEIN ENG 12, 581-587 (1999) PMID: 10436084	Greene LH, Grobler JA, Malinovskii VA, Tian J, Acharya KR,
10746	Alpha-lactalbumin	P00711	W123Y (UniProt)	Bos taurus (Bovine)	1HFZ	-	Coil	3.74	7.4	-	-2.44	-	-	yes(>95%)	10436084	flexibility; alpha-lactalbumin; lactose synthase;	PROTEIN ENG 12, 581-587 (1999) PMID: 10436084	Greene LH, Grobler JA, Malinovskii VA, Tian J, Acharya KR,
12234	Beta-lactamase TEM	P62593	G236S (UniProt)	Escherichia coli	1BTL	-	Helix	2.54	7.0	-	2.2	-	2	yes	28087769	beta lactamase; TEM-1; thermostable	Mol Biol Evol 34(5), 1040-1054 (2017) PMID: 28087769	Knies JL, Cai F, Weinreich DM.
12235	Beta-lactamase TEM	P62593	M180T (Based on UniProt)	Escherichia coli	1BTL	-	Turn	18.99	7.0	-	-3.5	-	2	yes	28087769	beta lactamase; TEM-1; thermostable	Mol Biol Evol 34(5), 1040-1054 (2017) PMID: 28087769	Knies JL, Cai F, Weinreich DM.
12237	Beta-lactamase TEM	P62593	E102K (Based on UniProt)	Escherichia coli	1BTL	-	Sheet	78.42	7.0	-	0.4	-	2	yes	28087769	beta lactamase; TEM-1; thermostable	Mol Biol Evol 34(5), 1040-1054 (2017) PMID: 28087769	Knies JL, Cai F, Weinreich DM.
12241	Beta-lactamase TEM	P62593	A40S (Based on UniProt)	Escherichia coli	1BTL	-	Coil	17.24	7.0	-	-3.5	-	2	yes	28087769	beta lactamase; TEM-1; thermostable	Mol Biol Evol 34(5), 1040-1054 (2017) PMID: 28087769	Knies JL, Cai F, Weinreich DM.
12659	Major prion protein	P04925	H186R (UniProt)	Mus musculus (Mouse)	1XYX	-	Helix	23.09	7.0	-	-0.76 (0.9)	-	2	yes	25416551	mouse; PrP; prion; pathological mutation	FASEB J 29(3), 882-93 (2015) PMID: 25416551	Hadži S, Ondračka A, Jerala R, Hafner-Bratkovič I.
12660	Major prion protein	P04925	H186R (UniProt)	Mus musculus (Mouse)	1XYX	-	Helix	23.09	5.5	-	-0.74 (0.2)	-	2	yes	25416551	mouse; PrP; prion; pathological mutation	FASEB J 29(3), 882-93 (2015) PMID: 25416551	Hadži S, Ondračka A, Jerala R, Hafner-Bratkovič I.
12661	Major prion protein	P04925	H186R (UniProt)	Mus musculus (Mouse)	1XYX	-	Helix	23.09	4.0	-	0.17 (0.3)	-	2	yes	25416551	mouse; PrP; prion; pathological mutation	FASEB J 29(3), 882-93 (2015) PMID: 25416551	Hadži S, Ondračka A, Jerala R, Hafner-Bratkovič I.
12662	Major prion protein	P04925	E195K (UniProt)	Mus musculus (Mouse)	1XYX	-	Sheet	63.54	7.0	-	-0.26 (0.5)	-	2	yes	25416551	mouse; PrP; prion; pathological mutation	FASEB J 29(3), 882-93 (2015) PMID: 25416551	Hadži S, Ondračka A, Jerala R, Hafner-Bratkovič I.
12663	Major prion protein	P04925	E195K (UniProt)	Mus musculus (Mouse)	1XYX	-	Sheet	63.54	5.5	-	-0.43 (0.2)	-	2	yes	25416551	mouse; PrP; prion; pathological mutation	FASEB J 29(3), 882-93 (2015) PMID: 25416551	Hadži S, Ondračka A, Jerala R, Hafner-Bratkovič I.
12664	Major prion protein	P04925	E195K (UniProt)	Mus musculus (Mouse)	1XYX	-	Sheet	63.54	4.0	-	-0.19 (0.3)	-	2	yes	25416551	mouse; PrP; prion; pathological mutation	FASEB J 29(3), 882-93 (2015) PMID: 25416551	Hadži S, Ondračka A, Jerala R, Hafner-Bratkovič I.
12665	Major prion protein	P04925	H186Y (UniProt)	Mus musculus (Mouse)	1XYX	-	Helix	23.09	7.0	-	0.65 (1)	-	2	yes	25416551	mouse; PrP; prion; pathological mutation	FASEB J 29(3), 882-93 (2015) PMID: 25416551	Hadži S, Ondračka A, Jerala R, Hafner-Bratkovič I.
12666	Major prion protein	P04925	H186Y (UniProt)	Mus musculus (Mouse)	1XYX	-	Helix	23.09	5.5	-	0.79 (0.2)	-	2	yes	25416551	mouse; PrP; prion; pathological mutation	FASEB J 29(3), 882-93 (2015) PMID: 25416551	Hadži S, Ondračka A, Jerala R, Hafner-Bratkovič I.
12667	Major prion protein	P04925	H186Y (UniProt)	Mus musculus (Mouse)	1XYX	-	Helix	23.09	4.0	-	1 (0.3)	-	2	yes	25416551	mouse; PrP; prion; pathological mutation	FASEB J 29(3), 882-93 (2015) PMID: 25416551	Hadži S, Ondračka A, Jerala R, Hafner-Bratkovič I.
12668	Major prion protein	P04925	Y154H (UniProt)	Mus musculus (Mouse)	1XYX	-	Coil	78.15	7.0	-	0.48 (0.7)	-	2	yes	25416551	mouse; PrP; prion; pathological mutation	FASEB J 29(3), 882-93 (2015) PMID: 25416551	Hadži S, Ondračka A, Jerala R, Hafner-Bratkovič I.
12669	Major prion protein	P04925	Y154H (UniProt)	Mus musculus (Mouse)	1XYX	-	Coil	78.15	5.5	-	0.24 (0.3)	-	2	yes	25416551	mouse; PrP; prion; pathological mutation	FASEB J 29(3), 882-93 (2015) PMID: 25416551	Hadži S, Ondračka A, Jerala R, Hafner-Bratkovič I.
12670	Major prion protein	P04925	Y154H (UniProt)	Mus musculus (Mouse)	1XYX	-	Coil	78.15	4.0	-	0 (0.1)	-	2	yes	25416551	mouse; PrP; prion; pathological mutation	FASEB J 29(3), 882-93 (2015) PMID: 25416551	Hadži S, Ondračka A, Jerala R, Hafner-Bratkovič I.
12674	Major prion protein	P04925	F197H (UniProt)	Mus musculus (Mouse)	1XYX	-	Coil	10.46	7.0	-	-1.89 (0.1)	-	2	yes	25416551	mouse; PrP; prion; pathological mutation	FASEB J 29(3), 882-93 (2015) PMID: 25416551	Hadži S, Ondračka A, Jerala R, Hafner-Bratkovič I.
12675	Major prion protein	P04925	F197H (UniProt)	Mus musculus (Mouse)	1XYX	-	Coil	10.46	5.5	-	-1.79 (0.1)	-	2	yes	25416551	mouse; PrP; prion; pathological mutation	FASEB J 29(3), 882-93 (2015) PMID: 25416551	Hadži S, Ondračka A, Jerala R, Hafner-Bratkovič I.
12676	Major prion protein	P04925	F197H (UniProt)	Mus musculus (Mouse)	1XYX	-	Coil	10.46	4.0	-	-0.84 (0.2)	-	2	yes	25416551	mouse; PrP; prion; pathological mutation	FASEB J 29(3), 882-93 (2015) PMID: 25416551	Hadži S, Ondračka A, Jerala R, Hafner-Bratkovič I.
12864	Villin-1	P02640	S793A (UniProt)	Gallus gallus (Chicken)	1WY3	-	Coil	49.49	7.0	-	-0.8	-	2	yes	24591301	VHP; VlsE; RNase; borrelia	Protein Sci 23(5), 652-61 (2014) PMID: 24591301	Pace CN, Fu H, Lee Fryar K, Landua J, Trevino SR, Schell D, Thurlkill RL, Imura S, Scholtz JM, Gajiwala K, Sevcik J, Urbanikova L, Myers JK, Takano K, Hebert EJ, Shirley BA, Grimsley GR.
12865	Villin-1	P02640	T804V (UniProt)	Gallus gallus (Chicken)	1WY3	-	Turn	41.82	7.0	-	-1.1	-	2	yes	24591301	VHP; VlsE; RNase; borrelia	Protein Sci 23(5), 652-61 (2014) PMID: 24591301	Pace CN, Fu H, Lee Fryar K, Landua J, Trevino SR, Schell D, Thurlkill RL, Imura S, Scholtz JM, Gajiwala K, Sevcik J, Urbanikova L, Myers JK, Takano K, Hebert EJ, Shirley BA, Grimsley GR.
12867	Guanyl-specific ribonuclease Sa (RNase Sa) (EC 4.6.1.24)	P05798	N20A (PDB: N20A)	Kitasatospora aureofaciens (Streptomyces aureofaciens)	1RGG	N20A	Coil	70.36	7.0	-	0	-	2	yes	24591301	VHP; VlsE; RNase; borrelia	Protein Sci 23(5), 652-61 (2014) PMID: 24591301	Pace CN, Fu H, Lee Fryar K, Landua J, Trevino SR, Schell D, Thurlkill RL, Imura S, Scholtz JM, Gajiwala K, Sevcik J, Urbanikova L, Myers JK, Takano K, Hebert EJ, Shirley BA, Grimsley GR.
12868	Guanyl-specific ribonuclease Sa (RNase Sa) (EC 4.6.1.24)	P05798	N39A (PDB: N39A)	Kitasatospora aureofaciens (Streptomyces aureofaciens)	1RGG	N39A	Coil	9.56	7.0	-	-2	-	2	yes	24591301	VHP; VlsE; RNase; borrelia	Protein Sci 23(5), 652-61 (2014) PMID: 24591301	Pace CN, Fu H, Lee Fryar K, Landua J, Trevino SR, Schell D, Thurlkill RL, Imura S, Scholtz JM, Gajiwala K, Sevcik J, Urbanikova L, Myers JK, Takano K, Hebert EJ, Shirley BA, Grimsley GR.
12869	Guanyl-specific ribonuclease Sa (RNase Sa) (EC 4.6.1.24)	P05798	S3A (PDB: S3A)	Kitasatospora aureofaciens (Streptomyces aureofaciens)	1RGG	S3A	Coil	61.43	7.0	-	-0.3	-	2	yes	24591301	VHP; VlsE; RNase; borrelia	Protein Sci 23(5), 652-61 (2014) PMID: 24591301	Pace CN, Fu H, Lee Fryar K, Landua J, Trevino SR, Schell D, Thurlkill RL, Imura S, Scholtz JM, Gajiwala K, Sevcik J, Urbanikova L, Myers JK, Takano K, Hebert EJ, Shirley BA, Grimsley GR.
12870	Guanyl-specific ribonuclease Sa (RNase Sa) (EC 4.6.1.24)	P05798	S9A (PDB: S9A)	Kitasatospora aureofaciens (Streptomyces aureofaciens)	1RGG	S9A	Coil	78.5	7.0	-	-1.3	-	2	yes	24591301	VHP; VlsE; RNase; borrelia	Protein Sci 23(5), 652-61 (2014) PMID: 24591301	Pace CN, Fu H, Lee Fryar K, Landua J, Trevino SR, Schell D, Thurlkill RL, Imura S, Scholtz JM, Gajiwala K, Sevcik J, Urbanikova L, Myers JK, Takano K, Hebert EJ, Shirley BA, Grimsley GR.
12871	Guanyl-specific ribonuclease Sa (RNase Sa) (EC 4.6.1.24)	P05798	S24A (PDB: S24A)	Kitasatospora aureofaciens (Streptomyces aureofaciens)	1RGG	S24A	Coil	62.29	7.0	-	-0.2	-	2	yes	24591301	VHP; VlsE; RNase; borrelia	Protein Sci 23(5), 652-61 (2014) PMID: 24591301	Pace CN, Fu H, Lee Fryar K, Landua J, Trevino SR, Schell D, Thurlkill RL, Imura S, Scholtz JM, Gajiwala K, Sevcik J, Urbanikova L, Myers JK, Takano K, Hebert EJ, Shirley BA, Grimsley GR.
12872	Guanyl-specific ribonuclease Sa (RNase Sa) (EC 4.6.1.24)	P05798	S31A (PDB: S31A)	Kitasatospora aureofaciens (Streptomyces aureofaciens)	1RGG	S31A	Coil	99.83	7.0	-	0.4	-	2	yes	24591301	VHP; VlsE; RNase; borrelia	Protein Sci 23(5), 652-61 (2014) PMID: 24591301	Pace CN, Fu H, Lee Fryar K, Landua J, Trevino SR, Schell D, Thurlkill RL, Imura S, Scholtz JM, Gajiwala K, Sevcik J, Urbanikova L, Myers JK, Takano K, Hebert EJ, Shirley BA, Grimsley GR.
12873	Guanyl-specific ribonuclease Sa (RNase Sa) (EC 4.6.1.24)	P05798	S42A (PDB: S42A)	Kitasatospora aureofaciens (Streptomyces aureofaciens)	1RGG	S42A	Coil	63.14	7.0	-	0.1	-	2	yes	24591301	VHP; VlsE; RNase; borrelia	Protein Sci 23(5), 652-61 (2014) PMID: 24591301	Pace CN, Fu H, Lee Fryar K, Landua J, Trevino SR, Schell D, Thurlkill RL, Imura S, Scholtz JM, Gajiwala K, Sevcik J, Urbanikova L, Myers JK, Takano K, Hebert EJ, Shirley BA, Grimsley GR.
12874	Guanyl-specific ribonuclease Sa (RNase Sa) (EC 4.6.1.24)	P05798	S48A (PDB: S48A)	Kitasatospora aureofaciens (Streptomyces aureofaciens)	1RGG	S48A	Coil	86.18	7.0	-	0.5	-	2	yes	24591301	VHP; VlsE; RNase; borrelia	Protein Sci 23(5), 652-61 (2014) PMID: 24591301	Pace CN, Fu H, Lee Fryar K, Landua J, Trevino SR, Schell D, Thurlkill RL, Imura S, Scholtz JM, Gajiwala K, Sevcik J, Urbanikova L, Myers JK, Takano K, Hebert EJ, Shirley BA, Grimsley GR.
12875	Guanyl-specific ribonuclease Sa (RNase Sa) (EC 4.6.1.24)	P05798	S90A (PDB: S90A)	Kitasatospora aureofaciens (Streptomyces aureofaciens)	1RGG	S90A	Coil	23.89	7.0	-	0.2	-	2	yes	24591301	VHP; VlsE; RNase; borrelia	Protein Sci 23(5), 652-61 (2014) PMID: 24591301	Pace CN, Fu H, Lee Fryar K, Landua J, Trevino SR, Schell D, Thurlkill RL, Imura S, Scholtz JM, Gajiwala K, Sevcik J, Urbanikova L, Myers JK, Takano K, Hebert EJ, Shirley BA, Grimsley GR.
12876	Guanyl-specific ribonuclease Sa (RNase Sa) (EC 4.6.1.24)	P05798	T95A (PDB: T95A)	Kitasatospora aureofaciens (Streptomyces aureofaciens)	1RGG	T95A	Turn	80.75	7.0	-	-0.6	-	2	yes	24591301	VHP; VlsE; RNase; borrelia	Protein Sci 23(5), 652-61 (2014) PMID: 24591301	Pace CN, Fu H, Lee Fryar K, Landua J, Trevino SR, Schell D, Thurlkill RL, Imura S, Scholtz JM, Gajiwala K, Sevcik J, Urbanikova L, Myers JK, Takano K, Hebert EJ, Shirley BA, Grimsley GR.
12878	Guanyl-specific ribonuclease T1 (RNase T1) (EC 4.6.1.24)	P00651	T117A (UniProt)	Aspergillus oryzae (strain ATCC 42149 / RIB 40) (Yellow koji mold)	1YGW	-	Turn	1.44	7.0	-	-3.2	-	2	yes	24591301	VHP; VlsE; RNase; borrelia	Protein Sci 23(5), 652-61 (2014) PMID: 24591301	Pace CN, Fu H, Lee Fryar K, Landua J, Trevino SR, Schell D, Thurlkill RL, Imura S, Scholtz JM, Gajiwala K, Sevcik J, Urbanikova L, Myers JK, Takano K, Hebert EJ, Shirley BA, Grimsley GR.
12879	Guanyl-specific ribonuclease T1 (RNase T1) (EC 4.6.1.24)	P00651	T117V (UniProt)	Aspergillus oryzae (strain ATCC 42149 / RIB 40) (Yellow koji mold)	1YGW	-	Turn	1.44	7.0	-	-3.6	-	2	yes	24591301	VHP; VlsE; RNase; borrelia	Protein Sci 23(5), 652-61 (2014) PMID: 24591301	Pace CN, Fu H, Lee Fryar K, Landua J, Trevino SR, Schell D, Thurlkill RL, Imura S, Scholtz JM, Gajiwala K, Sevcik J, Urbanikova L, Myers JK, Takano K, Hebert EJ, Shirley BA, Grimsley GR.
12880	Guanyl-specific ribonuclease T1 (RNase T1) (EC 4.6.1.24)	P00651	T119A (UniProt)	Aspergillus oryzae (strain ATCC 42149 / RIB 40) (Yellow koji mold)	1YGW	-	Turn	58.4	7.0	-	-0.7	-	2	yes	24591301	VHP; VlsE; RNase; borrelia	Protein Sci 23(5), 652-61 (2014) PMID: 24591301	Pace CN, Fu H, Lee Fryar K, Landua J, Trevino SR, Schell D, Thurlkill RL, Imura S, Scholtz JM, Gajiwala K, Sevcik J, Urbanikova L, Myers JK, Takano K, Hebert EJ, Shirley BA, Grimsley GR.
12881	Guanyl-specific ribonuclease T1 (RNase T1) (EC 4.6.1.24)	P00651	T119V (UniProt)	Aspergillus oryzae (strain ATCC 42149 / RIB 40) (Yellow koji mold)	1YGW	-	Turn	58.4	7.0	-	-1	-	2	yes	24591301	VHP; VlsE; RNase; borrelia	Protein Sci 23(5), 652-61 (2014) PMID: 24591301	Pace CN, Fu H, Lee Fryar K, Landua J, Trevino SR, Schell D, Thurlkill RL, Imura S, Scholtz JM, Gajiwala K, Sevcik J, Urbanikova L, Myers JK, Takano K, Hebert EJ, Shirley BA, Grimsley GR.
13052	Ribonuclease H	P0A7Y4	V74L (PDB: V74L)	Escherichia coli (strain K12)	2rn2	V74L	Helix	0.65	3.0	-	1.1	-	-	yes	8390295	Ecoli; H1; cavity mutant	Biochemistry 32(24), 6171–6178 (1993) PMID: 8390295	K. Ishikawa, H. Nakamura, K. Morikawa, and S. Kanaya
13053	Ribonuclease H	P0A7Y4	V74I (PDB: V74I)	Escherichia coli (strain K12)	2rn2	V74I	Helix	0.65	3.0	-	0.7	-	-	yes	8390295	Ecoli; H1; cavity mutant	Biochemistry 32(24), 6171–6178 (1993) PMID: 8390295	K. Ishikawa, H. Nakamura, K. Morikawa, and S. Kanaya
13054	Ribonuclease H	P0A7Y4	V74A (PDB: V74A)	Escherichia coli (strain K12)	2rn2	V74A	Helix	0.65	3.0	-	-2.2	-	-	yes	8390295	Ecoli; H1; cavity mutant	Biochemistry 32(24), 6171–6178 (1993) PMID: 8390295	K. Ishikawa, H. Nakamura, K. Morikawa, and S. Kanaya
13055	Ribonuclease H	P0A7Y4	V74L (PDB: V74L)	Escherichia coli (strain K12)	2rn2	V74L	Helix	0.65	5.5	-	0.9	-	-	yes	8390295	Ecoli; H1; cavity mutant	Biochemistry 32(24), 6171–6178 (1993) PMID: 8390295	K. Ishikawa, H. Nakamura, K. Morikawa, and S. Kanaya
13056	Ribonuclease H	P0A7Y4	V74I (PDB: V74I)	Escherichia coli (strain K12)	2rn2	V74I	Helix	0.65	5.5	-	0.6	-	-	yes	8390295	Ecoli; H1; cavity mutant	Biochemistry 32(24), 6171–6178 (1993) PMID: 8390295	K. Ishikawa, H. Nakamura, K. Morikawa, and S. Kanaya
13057	Ribonuclease H	P0A7Y4	V74A (PDB: V74A)	Escherichia coli (strain K12)	2rn2	V74A	Helix	0.65	5.5	-	-3.4	-	-	yes	8390295	Ecoli; H1; cavity mutant	Biochemistry 32(24), 6171–6178 (1993) PMID: 8390295	K. Ishikawa, H. Nakamura, K. Morikawa, and S. Kanaya
13662	Ribonuclease MC1	P23540	Y102A (UniProt)	Momordica charantia (Bitter gourd) (Balsam pear)	1BK7	-	Coil	0.0	7.5	-	-6.69	-	2	Unknown	15322360	Ribonuclease; T2; C-terminal; MC1; Rnase	Biosci Biotechnol Biochem 68(8), 1748-57 (2004) PMID: 15322360	Kimura K, Numata T, Kakuta Y, Kimura M
13663	Ribonuclease MC1	P23540	F103A (UniProt)	Momordica charantia (Bitter gourd) (Balsam pear)	1BK7	-	Coil	0.0	7.5	-	-5.28	-	2	Unknown	15322360	Ribonuclease; T2; C-terminal; MC1; Rnase	Biosci Biotechnol Biochem 68(8), 1748-57 (2004) PMID: 15322360	Kimura K, Numata T, Kakuta Y, Kimura M
13664	Ribonuclease MC1	P23540	A106L (UniProt)	Momordica charantia (Bitter gourd) (Balsam pear)	1BK7	-	Coil	0.0	7.5	-	-2.92	-	2	Unknown	15322360	Ribonuclease; T2; C-terminal; MC1; Rnase	Biosci Biotechnol Biochem 68(8), 1748-57 (2004) PMID: 15322360	Kimura K, Numata T, Kakuta Y, Kimura M
13665	Ribonuclease MC1	P23540	D108A (UniProt)	Momordica charantia (Bitter gourd) (Balsam pear)	1BK7	-	Coil	41.64	7.5	-	-0.31	-	2	Unknown	15322360	Ribonuclease; T2; C-terminal; MC1; Rnase	Biosci Biotechnol Biochem 68(8), 1748-57 (2004) PMID: 15322360	Kimura K, Numata T, Kakuta Y, Kimura M
13666	Ribonuclease MC1	P23540	P126A (UniProt)	Momordica charantia (Bitter gourd) (Balsam pear)	1BK7	-	Coil	31.01	7.5	-	-0.83	-	2	Unknown	15322360	Ribonuclease; T2; C-terminal; MC1; Rnase	Biosci Biotechnol Biochem 68(8), 1748-57 (2004) PMID: 15322360	Kimura K, Numata T, Kakuta Y, Kimura M
13667	Ribonuclease MC1	P23540	G128A (UniProt)	Momordica charantia (Bitter gourd) (Balsam pear)	1BK7	-	Helix	66.07	7.5	-	-1.04	-	2	Unknown	15322360	Ribonuclease; T2; C-terminal; MC1; Rnase	Biosci Biotechnol Biochem 68(8), 1748-57 (2004) PMID: 15322360	Kimura K, Numata T, Kakuta Y, Kimura M
13668	Ribonuclease MC1	P23540	G144A (PDB)	Momordica charantia (Bitter gourd) (Balsam pear)	1BK7	G144A	Coil	101.65	7.5	-	-1.51	-	2	Unknown	15322360	Ribonuclease; T2; C-terminal; MC1; Rnase	Biosci Biotechnol Biochem 68(8), 1748-57 (2004) PMID: 15322360	Kimura K, Numata T, Kakuta Y, Kimura M
13669	Ribonuclease MC1	P23540	V166A (PDB: V166A)	Momordica charantia (Bitter gourd) (Balsam pear)	1BK7	V166A	Coil	1.3	7.5	-	-2.32	-	2	Unknown	15322360	Ribonuclease; T2; C-terminal; MC1; Rnase	Biosci Biotechnol Biochem 68(8), 1748-57 (2004) PMID: 15322360	Kimura K, Numata T, Kakuta Y, Kimura M
13670	Ribonuclease MC1	P23540	G174A (UniProt)	Momordica charantia (Bitter gourd) (Balsam pear)	1BK7	-	Helix	3.81	7.5	-	-0.08	-	2	Unknown	15322360	Ribonuclease; T2; C-terminal; MC1; Rnase	Biosci Biotechnol Biochem 68(8), 1748-57 (2004) PMID: 15322360	Kimura K, Numata T, Kakuta Y, Kimura M
13671	Ribonuclease MC1	P23540	F191A (UniProt)	Momordica charantia (Bitter gourd) (Balsam pear)	1BK7	-	Coil	4.98	7.5	-	-3.23	-	2	Unknown	15322360	Ribonuclease; T2; C-terminal; MC1; Rnase	Biosci Biotechnol Biochem 68(8), 1748-57 (2004) PMID: 15322360	Kimura K, Numata T, Kakuta Y, Kimura M
13839	Beta-glucosidase	O61594	L100A (PDB: L100A)	Spodoptera frugiperda (Fall armyworm)	5CG0	L100A	Coil	0.0	6.0	-	0.81	-	2	-	26785700	residue interactio networks; beta glucosidase; denaturation; unfolding, transition temperature	FEBS J. (2016) Mar;283(6):1124-38 PMID: 26785700	Souza, V. P., Ikegami, C. M., Arantes, G. M., & Marana, S. R.
13840	Beta-glucosidase	O61594	L350A (PDB: L350A)	Spodoptera frugiperda (Fall armyworm)	5CG0	L350A	Coil	3.82	6.0	-	-0.7	-	2	-	26785700	residue interactio networks; beta glucosidase; denaturation; unfolding, transition temperature	FEBS J. (2016) Mar;283(6):1124-38 PMID: 26785700	Souza, V. P., Ikegami, C. M., Arantes, G. M., & Marana, S. R.
13841	Beta-glucosidase	O61594	L389A (PDB: L389A)	Spodoptera frugiperda (Fall armyworm)	5CG0	L389A	Coil	39.32	6.0	-	0.67	-	2	-	26785700	residue interactio networks; beta glucosidase; denaturation; unfolding, transition temperature	FEBS J. (2016) Mar;283(6):1124-38 PMID: 26785700	Souza, V. P., Ikegami, C. M., Arantes, G. M., & Marana, S. R.
13842	Beta-glucosidase	O61594	Y390A (PDB: Y390A)	Spodoptera frugiperda (Fall armyworm)	5CG0	Y390A	Coil	6.08	6.0	-	-0.34	-	2	-	26785700	residue interactio networks; beta glucosidase; denaturation; unfolding, transition temperature	FEBS J. (2016) Mar;283(6):1124-38 PMID: 26785700	Souza, V. P., Ikegami, C. M., Arantes, G. M., & Marana, S. R.
13843	Beta-glucosidase	O61594	N391A (PDB: N391A)	Spodoptera frugiperda (Fall armyworm)	5CG0	N391A	Coil	96.99	6.0	-	-23.21	-	2	-	26785700	residue interactio networks; beta glucosidase; denaturation; unfolding, transition temperature	FEBS J. (2016) Mar;283(6):1124-38 PMID: 26785700	Souza, V. P., Ikegami, C. M., Arantes, G. M., & Marana, S. R.
13844	Beta-glucosidase	O61594	S247A (PDB: S247A)	Spodoptera frugiperda (Fall armyworm)	5CG0	S247A	Coil	10.24	6.0	-	-0.05	-	2	-	26785700	residue interactio networks; beta glucosidase; denaturation; unfolding, transition temperature	FEBS J. (2016) Mar;283(6):1124-38 PMID: 26785700	Souza, V. P., Ikegami, C. M., Arantes, G. M., & Marana, S. R.
13845	Beta-glucosidase	O61594	N249A (PDB: N249A)	Spodoptera frugiperda (Fall armyworm)	5CG0	N249A	Coil	12.3	6.0	-	-0.94	-	2	-	26785700	residue interactio networks; beta glucosidase; denaturation; unfolding, transition temperature	FEBS J. (2016) Mar;283(6):1124-38 PMID: 26785700	Souza, V. P., Ikegami, C. M., Arantes, G. M., & Marana, S. R.
13846	Beta-glucosidase	O61594	F251A (PDB: F251A)	Spodoptera frugiperda (Fall armyworm)	5CG0	F251A	Coil	2.99	6.0	-	-0.67	-	2	-	26785700	residue interactio networks; beta glucosidase; denaturation; unfolding, transition temperature	FEBS J. (2016) Mar;283(6):1124-38 PMID: 26785700	Souza, V. P., Ikegami, C. M., Arantes, G. M., & Marana, S. R.
13847	Beta-glucosidase	O61594	F334A (PDB: F334A)	Spodoptera frugiperda (Fall armyworm)	5CG0	F334A	Coil	15.45	6.0	-	-1.11	-	2	-	26785700	residue interactio networks; beta glucosidase; denaturation; unfolding, transition temperature	FEBS J. (2016) Mar;283(6):1124-38 PMID: 26785700	Souza, V. P., Ikegami, C. M., Arantes, G. M., & Marana, S. R.
13848	Beta-glucosidase	O61594	S358A (PDB: S358A)	Spodoptera frugiperda (Fall armyworm)	5CG0	S358A	Coil	24.74	6.0	-	-0.63	-	2	-	26785700	residue interactio networks; beta glucosidase; denaturation; unfolding, transition temperature	FEBS J. (2016) Mar;283(6):1124-38 PMID: 26785700	Souza, V. P., Ikegami, C. M., Arantes, G. M., & Marana, S. R.
13849	Beta-glucosidase	O61594	K366A (PDB: K366A)	Spodoptera frugiperda (Fall armyworm)	5CG0	K366A	Coil	60.28	6.0	-	-1.25	-	2	-	26785700	residue interactio networks; beta glucosidase; denaturation; unfolding, transition temperature	FEBS J. (2016) Mar;283(6):1124-38 PMID: 26785700	Souza, V. P., Ikegami, C. M., Arantes, G. M., & Marana, S. R.
13850	Beta-glucosidase	O61594	Y420A (PDB: Y420A)	Spodoptera frugiperda (Fall armyworm)	5CG0	Y420A	Coil	2.34	6.0	-	-1.42	-	2	-	26785700	residue interactio networks; beta glucosidase; denaturation; unfolding, transition temperature	FEBS J. (2016) Mar;283(6):1124-38 PMID: 26785700	Souza, V. P., Ikegami, C. M., Arantes, G. M., & Marana, S. R.
13851	Beta-glucosidase	O61594	D260A (PDB: D260A)	Spodoptera frugiperda (Fall armyworm)	5CG0	D260A	Coil	6.94	6.0	-	-0.67	-	2	-	26785700	residue interactio networks; beta glucosidase; denaturation; unfolding, transition temperature	FEBS J. (2016) Mar;283(6):1124-38 PMID: 26785700	Souza, V. P., Ikegami, C. M., Arantes, G. M., & Marana, S. R.
13852	Beta-glucosidase	O61594	E261A (PDB: E261A)	Spodoptera frugiperda (Fall armyworm)	5CG0	E261A	Sheet	56.67	6.0	-	0.53	-	2	-	26785700	residue interactio networks; beta glucosidase; denaturation; unfolding, transition temperature	FEBS J. (2016) Mar;283(6):1124-38 PMID: 26785700	Souza, V. P., Ikegami, C. M., Arantes, G. M., & Marana, S. R.
13853	Beta-glucosidase	O61594	M262F (PDB: M262F)	Spodoptera frugiperda (Fall armyworm)	5CG0	M262F	Coil	45.98	6.0	-	0.53	-	2	-	26785700	residue interactio networks; beta glucosidase; denaturation; unfolding, transition temperature	FEBS J. (2016) Mar;283(6):1124-38 PMID: 26785700	Souza, V. P., Ikegami, C. M., Arantes, G. M., & Marana, S. R.
13854	Beta-glucosidase	O61594	A263F (PDB: A263F)	Spodoptera frugiperda (Fall armyworm)	5CG0	A263F	Coil	4.54	6.0	-	-0.43	-	2	-	26785700	residue interactio networks; beta glucosidase; denaturation; unfolding, transition temperature	FEBS J. (2016) Mar;283(6):1124-38 PMID: 26785700	Souza, V. P., Ikegami, C. M., Arantes, G. M., & Marana, S. R.
13855	Beta-glucosidase	O61594	E265A (PDB: E265A)	Spodoptera frugiperda (Fall armyworm)	5CG0	E265A	Sheet	30.91	6.0	-	0.43	-	2	-	26785700	residue interactio networks; beta glucosidase; denaturation; unfolding, transition temperature	FEBS J. (2016) Mar;283(6):1124-38 PMID: 26785700	Souza, V. P., Ikegami, C. M., Arantes, G. M., & Marana, S. R.
13856	Beta-glucosidase	O61594	L335A (PDB: L335A)	Spodoptera frugiperda (Fall armyworm)	5CG0	L335A	Coil	20.21	6.0	-	-0.84	-	2	-	26785700	residue interactio networks; beta glucosidase; denaturation; unfolding, transition temperature	FEBS J. (2016) Mar;283(6):1124-38 PMID: 26785700	Souza, V. P., Ikegami, C. M., Arantes, G. M., & Marana, S. R.
13857	Beta-glucosidase	O61594	V336F (PDB: V336F)	Spodoptera frugiperda (Fall armyworm)	5CG0	V336F	Coil	0.0	6.0	-	-2.14	-	2	-	26785700	residue interactio networks; beta glucosidase; denaturation; unfolding, transition temperature	FEBS J. (2016) Mar;283(6):1124-38 PMID: 26785700	Souza, V. P., Ikegami, C. M., Arantes, G. M., & Marana, S. R.
13858	Beta-glucosidase	O61594	S337F (PDB: S337F)	Spodoptera frugiperda (Fall armyworm)	5CG0	S337F	Coil	2.56	6.0	-	-0.75	-	2	-	26785700	residue interactio networks; beta glucosidase; denaturation; unfolding, transition temperature	FEBS J. (2016) Mar;283(6):1124-38 PMID: 26785700	Souza, V. P., Ikegami, C. M., Arantes, G. M., & Marana, S. R.
13934	lambda6 protein V1-22	Q5NV88	P7S (PDB: P7S)	Homo sapiens (Human)	2W0K	P7S	Coil	41.58	7.5	-	-1.5	-	2	-	19941869	AL amyloidosis; crystal structure; fibrillogenesis; λ6 subgroup; thermodynamic stability	J Mol Biol. (2010) Feb 19;396(2):280-92 PMID: 19941869	Alejandra Hernández-Santoyo , Luis del Pozo Yauner, Deyanira Fuentes-Silva, Ernesto Ortiz, Enrique Rudiño-Piñera, Rosana Sánchez-López, Eduardo Horjales, Baltazar Becerril, Adela Rodríguez-Romero
13935	lambda6 protein V1-22	Q5NV88	H8P (PDB: H8P)	Homo sapiens (Human)	2W0K	H8P	Helix	87.41	7.5	-	-0.8	-	2	-	19941869	AL amyloidosis; crystal structure; fibrillogenesis; λ6 subgroup; thermodynamic stability	J Mol Biol. (2010) Feb 19;396(2):280-92 PMID: 19941869	Alejandra Hernández-Santoyo , Luis del Pozo Yauner, Deyanira Fuentes-Silva, Ernesto Ortiz, Enrique Rudiño-Piñera, Rosana Sánchez-López, Eduardo Horjales, Baltazar Becerril, Adela Rodríguez-Romero
13936	lambda6 protein V1-22	Q5NV88	H8S (PDB: H8S)	Homo sapiens (Human)	2W0K	H8S	Helix	87.41	7.5	-	-0.2	-	2	-	19941869	AL amyloidosis; crystal structure; fibrillogenesis; λ6 subgroup; thermodynamic stability	J Mol Biol. (2010) Feb 19;396(2):280-92 PMID: 19941869	Alejandra Hernández-Santoyo , Luis del Pozo Yauner, Deyanira Fuentes-Silva, Ernesto Ortiz, Enrique Rudiño-Piñera, Rosana Sánchez-López, Eduardo Horjales, Baltazar Becerril, Adela Rodríguez-Romero
13982	Disks large homolog 4	P78352	D332G (UniProt)	Homo sapiens (Human)	3K82	-	-		7.5	-	-1.44	-	3	yes	24845085	binding affinities; post translational modification; PDZ domain of PSD-95; folding/misfolding pathway; site-directed mutagenesis	PLoS One. (2014); 9(5): e98124 PMID: 24845085	Javier Murciano-Calles,  Marta Marin-Argany,  Eva S. Cobos,  Sandra Villegas,  ,  and Jose C. Martinez
13983	Disks large homolog 4	P78352	D332P (UniProt)	Homo sapiens (Human)	3K82	-	-		7.5	-	-1.44	-	3	yes	24845085	binding affinities; post translational modification; PDZ domain of PSD-95; folding/misfolding pathway; site-directed mutagenesis	PLoS One. (2014); 9(5): e98124 PMID: 24845085	Javier Murciano-Calles,  Marta Marin-Argany,  Eva S. Cobos,  Sandra Villegas,  ,  and Jose C. Martinez
13984	Disks large homolog 4	P78352	E334L (PDB: E334L)	Homo sapiens (Human)	3K82	E334L	Sheet	10.88	7.5	-	-3.35	-	3	yes	24845085	binding affinities; post translational modification; PDZ domain of PSD-95; folding/misfolding pathway; site-directed mutagenesis	PLoS One. (2014); 9(5): e98124 PMID: 24845085	Javier Murciano-Calles,  Marta Marin-Argany,  Eva S. Cobos,  Sandra Villegas,  ,  and Jose C. Martinez
13985	Disks large homolog 4	P78352	E334Q (PDB: E334Q)	Homo sapiens (Human)	3K82	E334Q	Sheet	10.88	7.5	-	-1.68	-	3	yes	24845085	binding affinities; post translational modification; PDZ domain of PSD-95; folding/misfolding pathway; site-directed mutagenesis	PLoS One. (2014); 9(5): e98124 PMID: 24845085	Javier Murciano-Calles,  Marta Marin-Argany,  Eva S. Cobos,  Sandra Villegas,  ,  and Jose C. Martinez
13987	Disks large homolog 4	P78352	E401R (PDB: E401R)	Homo sapiens (Human)	3K82	E401R	Sheet	42.36	7.5	-	6.93	-	4	yes	24845085	binding affinities; post translational modification; PDZ domain of PSD-95; folding/misfolding pathway; site-directed mutagenesis	PLoS One. (2014); 9(5): e98124 PMID: 24845085	Javier Murciano-Calles,  Marta Marin-Argany,  Eva S. Cobos,  Sandra Villegas,  ,  and Jose C. Martinez
13989	Disks large homolog 4	P78352	E401R (PDB: E401R)	Homo sapiens (Human)	3K82	E401R	Sheet	42.36	7.5	-	4.3	-	4	yes	24845085	binding affinities; post translational modification; PDZ domain of PSD-95; folding/misfolding pathway; site-directed mutagenesis	PLoS One. (2014); 9(5): e98124 PMID: 24845085	Javier Murciano-Calles,  Marta Marin-Argany,  Eva S. Cobos,  Sandra Villegas,  ,  and Jose C. Martinez
13991	Disks large homolog 4	P78352	E401R (PDB: E401R)	Homo sapiens (Human)	3K82	E401R	Sheet	42.36	7.5	-	5.49	-	4	yes	24845085	binding affinities; post translational modification; PDZ domain of PSD-95; folding/misfolding pathway; site-directed mutagenesis	PLoS One. (2014); 9(5): e98124 PMID: 24845085	Javier Murciano-Calles,  Marta Marin-Argany,  Eva S. Cobos,  Sandra Villegas,  ,  and Jose C. Martinez
14163	Myelin P2 protein	P02689	F58A (UniProt)	Homo sapiens (Human)	6EW2	-	Coil	28.4	7.5	-	-1.91	-	2	-	29940944	Myelin; Crystal structure; Fatty acid-binding protein; Membrane binding; Molecular dynamics; Mutation; Protein stability	BMC Struct Biol. (2018); 18: 8 PMID: 29940944	Saara Laulumaa,, Tuomo Nieminen, Arne Raasakka, Oda C. Krokengen, Anushik Safaryan, Erik I. Hallin, Guillaume Brysbaert, Marc F. Lensink, Salla Ruskamo, Ilpo Vattulainen,, and Petri Kursula
14164	Myelin P2 protein	P02689	P39G (UniProt)	Homo sapiens (Human)	6EW2	-	Coil	6.34	7.5	-	-5.38	-	2	-	29940944	Myelin; Crystal structure; Fatty acid-binding protein; Membrane binding; Molecular dynamics; Mutation; Protein stability	BMC Struct Biol. (2018); 18: 8 PMID: 29940944	Saara Laulumaa,, Tuomo Nieminen, Arne Raasakka, Oda C. Krokengen, Anushik Safaryan, Erik I. Hallin, Guillaume Brysbaert, Marc F. Lensink, Salla Ruskamo, Ilpo Vattulainen,, and Petri Kursula
14165	Myelin P2 protein	P02689	I43N (PDB: I43N)	Homo sapiens (Human)	6EW2	I43N	Helix	1.62	7.5	-	-7.63	-	2	-	29940944	Myelin; Crystal structure; Fatty acid-binding protein; Membrane binding; Molecular dynamics; Mutation; Protein stability	BMC Struct Biol. (2018); 18: 8 PMID: 29940944	Saara Laulumaa,, Tuomo Nieminen, Arne Raasakka, Oda C. Krokengen, Anushik Safaryan, Erik I. Hallin, Guillaume Brysbaert, Marc F. Lensink, Salla Ruskamo, Ilpo Vattulainen,, and Petri Kursula
14166	Myelin P2 protein	P02689	T51P (UniProt)	Homo sapiens (Human)	6EW2	-	Turn	17.3	7.5	-	-1.51	-	2	-	29940944	Myelin; Crystal structure; Fatty acid-binding protein; Membrane binding; Molecular dynamics; Mutation; Protein stability	BMC Struct Biol. (2018); 18: 8 PMID: 29940944	Saara Laulumaa,, Tuomo Nieminen, Arne Raasakka, Oda C. Krokengen, Anushik Safaryan, Erik I. Hallin, Guillaume Brysbaert, Marc F. Lensink, Salla Ruskamo, Ilpo Vattulainen,, and Petri Kursula
14167	Myelin P2 protein	P02689	I52T (UniProt)	Homo sapiens (Human)	6EW2	-	Helix	2.16	7.5	-	-5.17	-	2	-	29940944	Myelin; Crystal structure; Fatty acid-binding protein; Membrane binding; Molecular dynamics; Mutation; Protein stability	BMC Struct Biol. (2018); 18: 8 PMID: 29940944	Saara Laulumaa,, Tuomo Nieminen, Arne Raasakka, Oda C. Krokengen, Anushik Safaryan, Erik I. Hallin, Guillaume Brysbaert, Marc F. Lensink, Salla Ruskamo, Ilpo Vattulainen,, and Petri Kursula
14192	Villin-1	P02640	L42A (PDB)	Gallus gallus (Chicken)	1YRI	L42A	-		7.0	-	-1	-	2	yes	21377472	Hydrophobic interactions; hydrogen bonds; conformational entropy; protein stability; large proteins; small proteins	J Mol Biol. (2011) May 6; 408(3): 514–528 PMID: 21377472	C. Nick Pace,, Hailong Fu, Katrina Lee Fryar, John Landua, Saul R. Trevino, Bret A. Shirley, Marsha McNutt Hendricks, Satoshi Iimura, Ketan Gajiwala, J. Martin Scholtz,, and Gerald R. Grimsley
14193	Villin-1	P02640	F797A (UniProt)	Gallus gallus (Chicken)	1YRI	-	Coil	1.99	7.0	-	-2.3	-	2	yes	21377472	Hydrophobic interactions; hydrogen bonds; conformational entropy; protein stability; large proteins; small proteins	J Mol Biol. (2011) May 6; 408(3): 514–528 PMID: 21377472	C. Nick Pace,, Hailong Fu, Katrina Lee Fryar, John Landua, Saul R. Trevino, Bret A. Shirley, Marsha McNutt Hendricks, Satoshi Iimura, Ketan Gajiwala, J. Martin Scholtz,, and Gerald R. Grimsley
14194	Villin-1	P02640	V800A (UniProt)	Gallus gallus (Chicken)	1YRI	-	Coil	42.29	7.0	-	-0.5	-	2	yes	21377472	Hydrophobic interactions; hydrogen bonds; conformational entropy; protein stability; large proteins; small proteins	J Mol Biol. (2011) May 6; 408(3): 514–528 PMID: 21377472	C. Nick Pace,, Hailong Fu, Katrina Lee Fryar, John Landua, Saul R. Trevino, Bret A. Shirley, Marsha McNutt Hendricks, Satoshi Iimura, Ketan Gajiwala, J. Martin Scholtz,, and Gerald R. Grimsley
14195	Villin-1	P02640	F801A (UniProt)	Gallus gallus (Chicken)	1YRI	-	Coil	10.46	7.0	-	-1.8	-	2	yes	21377472	Hydrophobic interactions; hydrogen bonds; conformational entropy; protein stability; large proteins; small proteins	J Mol Biol. (2011) May 6; 408(3): 514–528 PMID: 21377472	C. Nick Pace,, Hailong Fu, Katrina Lee Fryar, John Landua, Saul R. Trevino, Bret A. Shirley, Marsha McNutt Hendricks, Satoshi Iimura, Ketan Gajiwala, J. Martin Scholtz,, and Gerald R. Grimsley
14196	Villin-1	P02640	M53A (PDB)	Gallus gallus (Chicken)	1YRI	M53A	Coil	29.99	7.0	-	-2.8	-	2	yes	21377472	Hydrophobic interactions; hydrogen bonds; conformational entropy; protein stability; large proteins; small proteins	J Mol Biol. (2011) May 6; 408(3): 514–528 PMID: 21377472	C. Nick Pace,, Hailong Fu, Katrina Lee Fryar, John Landua, Saul R. Trevino, Bret A. Shirley, Marsha McNutt Hendricks, Satoshi Iimura, Ketan Gajiwala, J. Martin Scholtz,, and Gerald R. Grimsley
14197	Villin-1	P02640	F808A (UniProt)	Gallus gallus (Chicken)	1YRI	-	Coil	2.49	7.0	-	-3.3	-	2	yes	21377472	Hydrophobic interactions; hydrogen bonds; conformational entropy; protein stability; large proteins; small proteins	J Mol Biol. (2011) May 6; 408(3): 514–528 PMID: 21377472	C. Nick Pace,, Hailong Fu, Katrina Lee Fryar, John Landua, Saul R. Trevino, Bret A. Shirley, Marsha McNutt Hendricks, Satoshi Iimura, Ketan Gajiwala, J. Martin Scholtz,, and Gerald R. Grimsley
14198	Villin-1	P02640	L61A (PDB)	Gallus gallus (Chicken)	1YRI	L61A	-		7.0	-	-2.1	-	2	yes	21377472	Hydrophobic interactions; hydrogen bonds; conformational entropy; protein stability; large proteins; small proteins	J Mol Biol. (2011) May 6; 408(3): 514–528 PMID: 21377472	C. Nick Pace,, Hailong Fu, Katrina Lee Fryar, John Landua, Saul R. Trevino, Bret A. Shirley, Marsha McNutt Hendricks, Satoshi Iimura, Ketan Gajiwala, J. Martin Scholtz,, and Gerald R. Grimsley
14199	Villin-1	P02640	L69A (PDB)	Gallus gallus (Chicken)	1YRI	L69A	-		7.0	-	-1.4	-	2	yes	21377472	Hydrophobic interactions; hydrogen bonds; conformational entropy; protein stability; large proteins; small proteins	J Mol Biol. (2011) May 6; 408(3): 514–528 PMID: 21377472	C. Nick Pace,, Hailong Fu, Katrina Lee Fryar, John Landua, Saul R. Trevino, Bret A. Shirley, Marsha McNutt Hendricks, Satoshi Iimura, Ketan Gajiwala, J. Martin Scholtz,, and Gerald R. Grimsley
14200	Villin-1	P02640	L75A (PDB)	Gallus gallus (Chicken)	1YRI	L75A	-		7.0	-	-0.5	-	2	yes	21377472	Hydrophobic interactions; hydrogen bonds; conformational entropy; protein stability; large proteins; small proteins	J Mol Biol. (2011) May 6; 408(3): 514–528 PMID: 21377472	C. Nick Pace,, Hailong Fu, Katrina Lee Fryar, John Landua, Saul R. Trevino, Bret A. Shirley, Marsha McNutt Hendricks, Satoshi Iimura, Ketan Gajiwala, J. Martin Scholtz,, and Gerald R. Grimsley
14202	Guanyl-specific ribonuclease Sa	P05798	L8A (PDB: L8A)	Kitasatospora aureofaciens (Streptomyces aureofaciens)	1rgg	L8A	Coil	14.2	7.0	-	-1.34	-	2	yes	21377472	Hydrophobic interactions; hydrogen bonds; conformational entropy; protein stability; large proteins; small proteins	J Mol Biol. (2011) May 6; 408(3): 514–528 PMID: 21377472	C. Nick Pace,, Hailong Fu, Katrina Lee Fryar, John Landua, Saul R. Trevino, Bret A. Shirley, Marsha McNutt Hendricks, Satoshi Iimura, Ketan Gajiwala, J. Martin Scholtz,, and Gerald R. Grimsley
14203	Guanyl-specific ribonuclease Sa	P05798	L11A (PDB: L11A)	Kitasatospora aureofaciens (Streptomyces aureofaciens)	1rgg	L11A	Coil	12.02	7.0	-	-3.08	-	2	yes	21377472	Hydrophobic interactions; hydrogen bonds; conformational entropy; protein stability; large proteins; small proteins	J Mol Biol. (2011) May 6; 408(3): 514–528 PMID: 21377472	C. Nick Pace,, Hailong Fu, Katrina Lee Fryar, John Landua, Saul R. Trevino, Bret A. Shirley, Marsha McNutt Hendricks, Satoshi Iimura, Ketan Gajiwala, J. Martin Scholtz,, and Gerald R. Grimsley
14204	Guanyl-specific ribonuclease Sa	P05798	L19A (PDB: L19A)	Kitasatospora aureofaciens (Streptomyces aureofaciens)	1rgg	L19A	Coil	7.1	7.0	-	-3.65	-	2	yes	21377472	Hydrophobic interactions; hydrogen bonds; conformational entropy; protein stability; large proteins; small proteins	J Mol Biol. (2011) May 6; 408(3): 514–528 PMID: 21377472	C. Nick Pace,, Hailong Fu, Katrina Lee Fryar, John Landua, Saul R. Trevino, Bret A. Shirley, Marsha McNutt Hendricks, Satoshi Iimura, Ketan Gajiwala, J. Martin Scholtz,, and Gerald R. Grimsley
14205	Guanyl-specific ribonuclease Sa	P05798	L21A (PDB: L21A)	Kitasatospora aureofaciens (Streptomyces aureofaciens)	1rgg	L21A	Coil	30.04	7.0	-	-0.41	-	2	yes	21377472	Hydrophobic interactions; hydrogen bonds; conformational entropy; protein stability; large proteins; small proteins	J Mol Biol. (2011) May 6; 408(3): 514–528 PMID: 21377472	C. Nick Pace,, Hailong Fu, Katrina Lee Fryar, John Landua, Saul R. Trevino, Bret A. Shirley, Marsha McNutt Hendricks, Satoshi Iimura, Ketan Gajiwala, J. Martin Scholtz,, and Gerald R. Grimsley
14206	Guanyl-specific ribonuclease Sa	P05798	I22V (PDB: I22V)	Kitasatospora aureofaciens (Streptomyces aureofaciens)	1rgg	I22V	Helix	17.3	7.0	-	-1.48	-	2	yes	21377472	Hydrophobic interactions; hydrogen bonds; conformational entropy; protein stability; large proteins; small proteins	J Mol Biol. (2011) May 6; 408(3): 514–528 PMID: 21377472	C. Nick Pace,, Hailong Fu, Katrina Lee Fryar, John Landua, Saul R. Trevino, Bret A. Shirley, Marsha McNutt Hendricks, Satoshi Iimura, Ketan Gajiwala, J. Martin Scholtz,, and Gerald R. Grimsley
14207	Guanyl-specific ribonuclease Sa	P05798	I58V (PDB: I58V)	Kitasatospora aureofaciens (Streptomyces aureofaciens)	1rgg	I58V	Helix	19.46	7.0	-	0	-	2	yes	21377472	Hydrophobic interactions; hydrogen bonds; conformational entropy; protein stability; large proteins; small proteins	J Mol Biol. (2011) May 6; 408(3): 514–528 PMID: 21377472	C. Nick Pace,, Hailong Fu, Katrina Lee Fryar, John Landua, Saul R. Trevino, Bret A. Shirley, Marsha McNutt Hendricks, Satoshi Iimura, Ketan Gajiwala, J. Martin Scholtz,, and Gerald R. Grimsley
14208	Guanyl-specific ribonuclease Sa	P05798	I70V (PDB: I70V)	Kitasatospora aureofaciens (Streptomyces aureofaciens)	1rgg	I70V	Helix	0.0	7.0	-	-0.94	-	2	yes	21377472	Hydrophobic interactions; hydrogen bonds; conformational entropy; protein stability; large proteins; small proteins	J Mol Biol. (2011) May 6; 408(3): 514–528 PMID: 21377472	C. Nick Pace,, Hailong Fu, Katrina Lee Fryar, John Landua, Saul R. Trevino, Bret A. Shirley, Marsha McNutt Hendricks, Satoshi Iimura, Ketan Gajiwala, J. Martin Scholtz,, and Gerald R. Grimsley
14209	Guanyl-specific ribonuclease Sa	P05798	I71V (PDB: I71V)	Kitasatospora aureofaciens (Streptomyces aureofaciens)	1rgg	I71V	Helix	0.0	7.0	-	-0.13	-	2	yes	21377472	Hydrophobic interactions; hydrogen bonds; conformational entropy; protein stability; large proteins; small proteins	J Mol Biol. (2011) May 6; 408(3): 514–528 PMID: 21377472	C. Nick Pace,, Hailong Fu, Katrina Lee Fryar, John Landua, Saul R. Trevino, Bret A. Shirley, Marsha McNutt Hendricks, Satoshi Iimura, Ketan Gajiwala, J. Martin Scholtz,, and Gerald R. Grimsley
14210	Guanyl-specific ribonuclease Sa	P05798	L91A (PDB: L91A)	Kitasatospora aureofaciens (Streptomyces aureofaciens)	1rgg	L91A	Coil	31.13	7.0	-	-0.84	-	2	yes	21377472	Hydrophobic interactions; hydrogen bonds; conformational entropy; protein stability; large proteins; small proteins	J Mol Biol. (2011) May 6; 408(3): 514–528 PMID: 21377472	C. Nick Pace,, Hailong Fu, Katrina Lee Fryar, John Landua, Saul R. Trevino, Bret A. Shirley, Marsha McNutt Hendricks, Satoshi Iimura, Ketan Gajiwala, J. Martin Scholtz,, and Gerald R. Grimsley
14211	Guanyl-specific ribonuclease Sa	P05798	I92V (PDB: I92V)	Kitasatospora aureofaciens (Streptomyces aureofaciens)	1rgg	I92V	Helix	3.78	7.0	-	-1	-	2	yes	21377472	Hydrophobic interactions; hydrogen bonds; conformational entropy; protein stability; large proteins; small proteins	J Mol Biol. (2011) May 6; 408(3): 514–528 PMID: 21377472	C. Nick Pace,, Hailong Fu, Katrina Lee Fryar, John Landua, Saul R. Trevino, Bret A. Shirley, Marsha McNutt Hendricks, Satoshi Iimura, Ketan Gajiwala, J. Martin Scholtz,, and Gerald R. Grimsley
14271	DELTA-stichotoxin-She4a	P81662	E2A (PDB: E2A)	Stichodactyla helianthus (Sun anemone) (Stoichactis helianthus)	2KS4	E2A	Sheet	49.8	7.4	-	-0.23	-	-	-	29138096	Pore-forming-toxin; Equinatoxin; Fragaceatoxin; Oligomerization; Ion-channel	Arch Biochem Biophys. (2017) Dec 15;636:79-89 PMID: 29138096	Esperanza Rivera-de-Torre , Juan Palacios-Ortega , Sara García-Linares , José G Gavilanes , Álvaro Martínez-Del-Pozo
14272	DELTA-stichotoxin-She4a	P81662	D9A (PDB: D9A)	Stichodactyla helianthus (Sun anemone) (Stoichactis helianthus)	2KS4	D9A	Coil	54.82	7.4	-	1.26	-	-	-	29138096	Pore-forming-toxin; Equinatoxin; Fragaceatoxin; Oligomerization; Ion-channel	Arch Biochem Biophys. (2017) Dec 15;636:79-89 PMID: 29138096	Esperanza Rivera-de-Torre , Juan Palacios-Ortega , Sara García-Linares , José G Gavilanes , Álvaro Martínez-Del-Pozo
14274	DELTA-stichotoxin-She4b	P07845	A8D (PDB: A8D)	Stichodactyla helianthus (Sun anemone) (Stoichactis helianthus)	1GWY	A8D	Coil	37.21	7.4	-	-1.6	-	-	-	29138096	Pore-forming-toxin; Equinatoxin; Fragaceatoxin; Oligomerization; Ion-channel	Arch Biochem Biophys. (2017) Dec 15;636:79-89 PMID: 29138096	Esperanza Rivera-de-Torre , Juan Palacios-Ortega , Sara García-Linares , José G Gavilanes , Álvaro Martínez-Del-Pozo
14403	Cold shock protein CspB	P32081	M1R (PDB: M1R)	Bacillus subtilis (strain 168)	1csp	M1R	Coil	66.47	7.0	-	1.75	-	2	Unknown	15784264	protein stability; in vitro selection; phage display; electrostatic interactions; protein design	J Mol Biol. (2005) Apr 15;347(5):1063-76 PMID: 15784264	Michael Wunderlich   , Andreas Martin, Franz X Schmid
14411	Cold shock protein CspB	P32081	L2R (PDB: L2R)	Bacillus subtilis (strain 168)	1csp	L2R	Coil	33.32	7.0	-	-0.36	-	2	Unknown	15784264	protein stability; in vitro selection; phage display; electrostatic interactions; protein design	J Mol Biol. (2005) Apr 15;347(5):1063-76 PMID: 15784264	Michael Wunderlich   , Andreas Martin, Franz X Schmid
14415	Cold shock protein CspB	P32081	E3L (PDB: E3L)	Bacillus subtilis (strain 168)	1csp	E3L	Sheet	42.93	7.0	-	1.63	-	2	Unknown	15784264	protein stability; in vitro selection; phage display; electrostatic interactions; protein design	J Mol Biol. (2005) Apr 15;347(5):1063-76 PMID: 15784264	Michael Wunderlich   , Andreas Martin, Franz X Schmid
14416	Cold shock protein CspB	P32081	E3K (PDB: E3K)	Bacillus subtilis (strain 168)	1csp	E3K	Sheet	42.93	7.0	-	2.76	-	2	Unknown	15784264	protein stability; in vitro selection; phage display; electrostatic interactions; protein design	J Mol Biol. (2005) Apr 15;347(5):1063-76 PMID: 15784264	Michael Wunderlich   , Andreas Martin, Franz X Schmid
14417	Cold shock protein CspB	P32081	E3R (PDB: E3R)	Bacillus subtilis (strain 168)	1csp	E3R	Sheet	42.93	7.0	-	2.66	-	2	Unknown	15784264	protein stability; in vitro selection; phage display; electrostatic interactions; protein design	J Mol Biol. (2005) Apr 15;347(5):1063-76 PMID: 15784264	Michael Wunderlich   , Andreas Martin, Franz X Schmid
14418	Cold shock protein CspB	P32081	E3V (PDB: E3V)	Bacillus subtilis (strain 168)	1csp	E3V	Sheet	42.93	7.0	-	1.78	-	2	Unknown	15784264	protein stability; in vitro selection; phage display; electrostatic interactions; protein design	J Mol Biol. (2005) Apr 15;347(5):1063-76 PMID: 15784264	Michael Wunderlich   , Andreas Martin, Franz X Schmid
14435	Cold shock protein CspB	P32081	E43S (PDB: E43S)	Bacillus subtilis (strain 168)	1csp	E43S	Sheet	88.15	7.0	-	0.29	-	2	Unknown	15784264	protein stability; in vitro selection; phage display; electrostatic interactions; protein design	J Mol Biol. (2005) Apr 15;347(5):1063-76 PMID: 15784264	Michael Wunderlich   , Andreas Martin, Franz X Schmid
14440	Cold shock protein CspB	P32081	A46E (PDB: A46E)	Bacillus subtilis (strain 168)	1csp	A46E	Coil	18.15	7.0	-	-0.6	-	2	Unknown	15784264	protein stability; in vitro selection; phage display; electrostatic interactions; protein design	J Mol Biol. (2005) Apr 15;347(5):1063-76 PMID: 15784264	Michael Wunderlich   , Andreas Martin, Franz X Schmid
14441	Cold shock protein CspB	P32081	A46K (PDB: A46K)	Bacillus subtilis (strain 168)	1csp	A46K	Coil	18.15	7.0	-	1.42	-	2	Unknown	15784264	protein stability; in vitro selection; phage display; electrostatic interactions; protein design	J Mol Biol. (2005) Apr 15;347(5):1063-76 PMID: 15784264	Michael Wunderlich   , Andreas Martin, Franz X Schmid
14442	Cold shock protein CspB	P32081	A46L (PDB: A46L)	Bacillus subtilis (strain 168)	1csp	A46L	Coil	18.15	7.0	-	0.82	-	2	Unknown	15784264	protein stability; in vitro selection; phage display; electrostatic interactions; protein design	J Mol Biol. (2005) Apr 15;347(5):1063-76 PMID: 15784264	Michael Wunderlich   , Andreas Martin, Franz X Schmid
14446	Cold shock protein CspB	P32081	S48K (PDB: S48K)	Bacillus subtilis (strain 168)	1csp	S48K	Coil	31.57	7.0	-	1.42	-	2	Unknown	15784264	protein stability; in vitro selection; phage display; electrostatic interactions; protein design	J Mol Biol. (2005) Apr 15;347(5):1063-76 PMID: 15784264	Michael Wunderlich   , Andreas Martin, Franz X Schmid
14447	Cold shock protein CspB	P32081	S48R (PDB: S48R)	Bacillus subtilis (strain 168)	1csp	S48R	Coil	31.57	7.0	-	1.58	-	2	Unknown	15784264	protein stability; in vitro selection; phage display; electrostatic interactions; protein design	J Mol Biol. (2005) Apr 15;347(5):1063-76 PMID: 15784264	Michael Wunderlich   , Andreas Martin, Franz X Schmid
14449	Cold shock protein CspB	P32081	T64R (PDB: T64R)	Bacillus subtilis (strain 168)	1csp	T64R	Turn	41.1	7.0	-	1.08	-	2	Unknown	15784264	protein stability; in vitro selection; phage display; electrostatic interactions; protein design	J Mol Biol. (2005) Apr 15;347(5):1063-76 PMID: 15784264	Michael Wunderlich   , Andreas Martin, Franz X Schmid
14451	Cold shock protein CspB	P32081	K65I (PDB: K65I)	Bacillus subtilis (strain 168)	1csp	K65I	Coil	47.64	7.0	-	1.54	-	2	Unknown	15784264	protein stability; in vitro selection; phage display; electrostatic interactions; protein design	J Mol Biol. (2005) Apr 15;347(5):1063-76 PMID: 15784264	Michael Wunderlich   , Andreas Martin, Franz X Schmid
14452	Cold shock protein CspB	P32081	E66K (PDB: E66K)	Bacillus subtilis (strain 168)	1csp	E66K	Sheet	22.9	7.0	-	2.18	-	2	Unknown	15784264	protein stability; in vitro selection; phage display; electrostatic interactions; protein design	J Mol Biol. (2005) Apr 15;347(5):1063-76 PMID: 15784264	Michael Wunderlich   , Andreas Martin, Franz X Schmid
14453	Cold shock protein CspB	P32081	E66L (PDB: E66L)	Bacillus subtilis (strain 168)	1csp	E66L	Sheet	22.9	7.0	-	2.11	-	2	Unknown	15784264	protein stability; in vitro selection; phage display; electrostatic interactions; protein design	J Mol Biol. (2005) Apr 15;347(5):1063-76 PMID: 15784264	Michael Wunderlich   , Andreas Martin, Franz X Schmid
14454	Cold shock protein CspB	P32081	E66V (PDB: E66V)	Bacillus subtilis (strain 168)	1csp	E66V	Sheet	22.9	7.0	-	1.73	-	2	Unknown	15784264	protein stability; in vitro selection; phage display; electrostatic interactions; protein design	J Mol Biol. (2005) Apr 15;347(5):1063-76 PMID: 15784264	Michael Wunderlich   , Andreas Martin, Franz X Schmid
14457	Cold shock protein CspB	P32081	M1R (PDB: M1R)	Bacillus subtilis (strain 168)	1csp	M1R	Coil	66.47	7.0	-	0.94	-	2	Unknown	15784264	protein stability; in vitro selection; phage display; electrostatic interactions; protein design	J Mol Biol. (2005) Apr 15;347(5):1063-76 PMID: 15784264	Michael Wunderlich   , Andreas Martin, Franz X Schmid
14465	Cold shock protein CspB	P32081	L2R (PDB: L2R)	Bacillus subtilis (strain 168)	1csp	L2R	Coil	33.32	7.0	-	0.46	-	2	Unknown	15784264	protein stability; in vitro selection; phage display; electrostatic interactions; protein design	J Mol Biol. (2005) Apr 15;347(5):1063-76 PMID: 15784264	Michael Wunderlich   , Andreas Martin, Franz X Schmid
14469	Cold shock protein CspB	P32081	E3L (PDB: E3L)	Bacillus subtilis (strain 168)	1csp	E3L	Sheet	42.93	7.0	-	1.18	-	2	Unknown	15784264	protein stability; in vitro selection; phage display; electrostatic interactions; protein design	J Mol Biol. (2005) Apr 15;347(5):1063-76 PMID: 15784264	Michael Wunderlich   , Andreas Martin, Franz X Schmid
14470	Cold shock protein CspB	P32081	E3K (PDB: E3K)	Bacillus subtilis (strain 168)	1csp	E3K	Sheet	42.93	7.0	-	2.02	-	2	Unknown	15784264	protein stability; in vitro selection; phage display; electrostatic interactions; protein design	J Mol Biol. (2005) Apr 15;347(5):1063-76 PMID: 15784264	Michael Wunderlich   , Andreas Martin, Franz X Schmid
14471	Cold shock protein CspB	P32081	E3R (PDB: E3R)	Bacillus subtilis (strain 168)	1csp	E3R	Sheet	42.93	7.0	-	1.9	-	2	Unknown	15784264	protein stability; in vitro selection; phage display; electrostatic interactions; protein design	J Mol Biol. (2005) Apr 15;347(5):1063-76 PMID: 15784264	Michael Wunderlich   , Andreas Martin, Franz X Schmid
14472	Cold shock protein CspB	P32081	E3V (PDB: E3V)	Bacillus subtilis (strain 168)	1csp	E3V	Sheet	42.93	7.0	-	1.1	-	2	Unknown	15784264	protein stability; in vitro selection; phage display; electrostatic interactions; protein design	J Mol Biol. (2005) Apr 15;347(5):1063-76 PMID: 15784264	Michael Wunderlich   , Andreas Martin, Franz X Schmid
14489	Cold shock protein CspB	P32081	E43S (PDB: E43S)	Bacillus subtilis (strain 168)	1csp	E43S	Sheet	88.15	7.0	-	0.19	-	2	Unknown	15784264	protein stability; in vitro selection; phage display; electrostatic interactions; protein design	J Mol Biol. (2005) Apr 15;347(5):1063-76 PMID: 15784264	Michael Wunderlich   , Andreas Martin, Franz X Schmid
14494	Cold shock protein CspB	P32081	A46E (PDB: A46E)	Bacillus subtilis (strain 168)	1csp	A46E	Coil	18.15	7.0	-	-0.62	-	2	Unknown	15784264	protein stability; in vitro selection; phage display; electrostatic interactions; protein design	J Mol Biol. (2005) Apr 15;347(5):1063-76 PMID: 15784264	Michael Wunderlich   , Andreas Martin, Franz X Schmid
14495	Cold shock protein CspB	P32081	A46K (PDB: A46K)	Bacillus subtilis (strain 168)	1csp	A46K	Coil	18.15	7.0	-	0.65	-	2	Unknown	15784264	protein stability; in vitro selection; phage display; electrostatic interactions; protein design	J Mol Biol. (2005) Apr 15;347(5):1063-76 PMID: 15784264	Michael Wunderlich   , Andreas Martin, Franz X Schmid
14496	Cold shock protein CspB	P32081	A46L (PDB: A46L)	Bacillus subtilis (strain 168)	1csp	A46L	Coil	18.15	7.0	-	0.26	-	2	Unknown	15784264	protein stability; in vitro selection; phage display; electrostatic interactions; protein design	J Mol Biol. (2005) Apr 15;347(5):1063-76 PMID: 15784264	Michael Wunderlich   , Andreas Martin, Franz X Schmid
14500	Cold shock protein CspB	P32081	S48K (PDB: S48K)	Bacillus subtilis (strain 168)	1csp	S48K	Coil	31.57	7.0	-	0.74	-	2	Unknown	15784264	protein stability; in vitro selection; phage display; electrostatic interactions; protein design	J Mol Biol. (2005) Apr 15;347(5):1063-76 PMID: 15784264	Michael Wunderlich   , Andreas Martin, Franz X Schmid
14501	Cold shock protein CspB	P32081	S48R (PDB: S48R)	Bacillus subtilis (strain 168)	1csp	S48R	Coil	31.57	7.0	-	0.62	-	2	Unknown	15784264	protein stability; in vitro selection; phage display; electrostatic interactions; protein design	J Mol Biol. (2005) Apr 15;347(5):1063-76 PMID: 15784264	Michael Wunderlich   , Andreas Martin, Franz X Schmid
14503	Cold shock protein CspB	P32081	T64R (PDB: T64R)	Bacillus subtilis (strain 168)	1csp	T64R	Turn	41.1	7.0	-	0.6	-	2	Unknown	15784264	protein stability; in vitro selection; phage display; electrostatic interactions; protein design	J Mol Biol. (2005) Apr 15;347(5):1063-76 PMID: 15784264	Michael Wunderlich   , Andreas Martin, Franz X Schmid
14505	Cold shock protein CspB	P32081	K65I (PDB: K65I)	Bacillus subtilis (strain 168)	1csp	K65I	Coil	47.64	7.0	-	0	-	2	Unknown	15784264	protein stability; in vitro selection; phage display; electrostatic interactions; protein design	J Mol Biol. (2005) Apr 15;347(5):1063-76 PMID: 15784264	Michael Wunderlich   , Andreas Martin, Franz X Schmid
14506	Cold shock protein CspB	P32081	E66K (PDB: E66K)	Bacillus subtilis (strain 168)	1csp	E66K	Sheet	22.9	7.0	-	1.25	-	2	Unknown	15784264	protein stability; in vitro selection; phage display; electrostatic interactions; protein design	J Mol Biol. (2005) Apr 15;347(5):1063-76 PMID: 15784264	Michael Wunderlich   , Andreas Martin, Franz X Schmid
14507	Cold shock protein CspB	P32081	E66L (PDB: E66L)	Bacillus subtilis (strain 168)	1csp	E66L	Sheet	22.9	7.0	-	0.67	-	2	Unknown	15784264	protein stability; in vitro selection; phage display; electrostatic interactions; protein design	J Mol Biol. (2005) Apr 15;347(5):1063-76 PMID: 15784264	Michael Wunderlich   , Andreas Martin, Franz X Schmid
14508	Cold shock protein CspB	P32081	E66V (PDB: E66V)	Bacillus subtilis (strain 168)	1csp	E66V	Sheet	22.9	7.0	-	0.6	-	2	Unknown	15784264	protein stability; in vitro selection; phage display; electrostatic interactions; protein design	J Mol Biol. (2005) Apr 15;347(5):1063-76 PMID: 15784264	Michael Wunderlich   , Andreas Martin, Franz X Schmid
14511	Cold shock protein CspB	P32081	M1R (PDB: M1R)	Bacillus subtilis (strain 168)	1csp	M1R	Coil	66.47	7.0	-	0.82	-	2	Unknown	15784264	protein stability; in vitro selection; phage display; electrostatic interactions; protein design	J Mol Biol. (2005) Apr 15;347(5):1063-76 PMID: 15784264	Michael Wunderlich   , Andreas Martin, Franz X Schmid
14519	Cold shock protein CspB	P32081	L2R (PDB: L2R)	Bacillus subtilis (strain 168)	1csp	L2R	Coil	33.32	7.0	-	-0.82	-	2	Unknown	15784264	protein stability; in vitro selection; phage display; electrostatic interactions; protein design	J Mol Biol. (2005) Apr 15;347(5):1063-76 PMID: 15784264	Michael Wunderlich   , Andreas Martin, Franz X Schmid
14523	Cold shock protein CspB	P32081	E3L (PDB: E3L)	Bacillus subtilis (strain 168)	1csp	E3L	Sheet	42.93	7.0	-	0.46	-	2	Unknown	15784264	protein stability; in vitro selection; phage display; electrostatic interactions; protein design	J Mol Biol. (2005) Apr 15;347(5):1063-76 PMID: 15784264	Michael Wunderlich   , Andreas Martin, Franz X Schmid
14524	Cold shock protein CspB	P32081	E3K (PDB: E3K)	Bacillus subtilis (strain 168)	1csp	E3K	Sheet	42.93	7.0	-	0.74	-	2	Unknown	15784264	protein stability; in vitro selection; phage display; electrostatic interactions; protein design	J Mol Biol. (2005) Apr 15;347(5):1063-76 PMID: 15784264	Michael Wunderlich   , Andreas Martin, Franz X Schmid
14525	Cold shock protein CspB	P32081	E3R (PDB: E3R)	Bacillus subtilis (strain 168)	1csp	E3R	Sheet	42.93	7.0	-	0.77	-	2	Unknown	15784264	protein stability; in vitro selection; phage display; electrostatic interactions; protein design	J Mol Biol. (2005) Apr 15;347(5):1063-76 PMID: 15784264	Michael Wunderlich   , Andreas Martin, Franz X Schmid
14526	Cold shock protein CspB	P32081	E3V (PDB: E3V)	Bacillus subtilis (strain 168)	1csp	E3V	Sheet	42.93	7.0	-	0.67	-	2	Unknown	15784264	protein stability; in vitro selection; phage display; electrostatic interactions; protein design	J Mol Biol. (2005) Apr 15;347(5):1063-76 PMID: 15784264	Michael Wunderlich   , Andreas Martin, Franz X Schmid
14542	Cold shock protein CspB	P32081	E43S (PDB: E43S)	Bacillus subtilis (strain 168)	1csp	E43S	Sheet	88.15	7.0	-	0.1	-	2	Unknown	15784264	protein stability; in vitro selection; phage display; electrostatic interactions; protein design	J Mol Biol. (2005) Apr 15;347(5):1063-76 PMID: 15784264	Michael Wunderlich   , Andreas Martin, Franz X Schmid
14547	Cold shock protein CspB	P32081	A46E (PDB: A46E)	Bacillus subtilis (strain 168)	1csp	A46E	Coil	18.15	7.0	-	0.02	-	2	Unknown	15784264	protein stability; in vitro selection; phage display; electrostatic interactions; protein design	J Mol Biol. (2005) Apr 15;347(5):1063-76 PMID: 15784264	Michael Wunderlich   , Andreas Martin, Franz X Schmid
14548	Cold shock protein CspB	P32081	A46K (PDB: A46K)	Bacillus subtilis (strain 168)	1csp	A46K	Coil	18.15	7.0	-	0.77	-	2	Unknown	15784264	protein stability; in vitro selection; phage display; electrostatic interactions; protein design	J Mol Biol. (2005) Apr 15;347(5):1063-76 PMID: 15784264	Michael Wunderlich   , Andreas Martin, Franz X Schmid
14549	Cold shock protein CspB	P32081	A46L (PDB: A46L)	Bacillus subtilis (strain 168)	1csp	A46L	Coil	18.15	7.0	-	0.55	-	2	Unknown	15784264	protein stability; in vitro selection; phage display; electrostatic interactions; protein design	J Mol Biol. (2005) Apr 15;347(5):1063-76 PMID: 15784264	Michael Wunderlich   , Andreas Martin, Franz X Schmid
14553	Cold shock protein CspB	P32081	S48K (PDB: S48K)	Bacillus subtilis (strain 168)	1csp	S48K	Coil	31.57	7.0	-	0.62	-	2	Unknown	15784264	protein stability; in vitro selection; phage display; electrostatic interactions; protein design	J Mol Biol. (2005) Apr 15;347(5):1063-76 PMID: 15784264	Michael Wunderlich   , Andreas Martin, Franz X Schmid
14554	Cold shock protein CspB	P32081	S48R (PDB: S48R)	Bacillus subtilis (strain 168)	1csp	S48R	Coil	31.57	7.0	-	0.96	-	2	Unknown	15784264	protein stability; in vitro selection; phage display; electrostatic interactions; protein design	J Mol Biol. (2005) Apr 15;347(5):1063-76 PMID: 15784264	Michael Wunderlich   , Andreas Martin, Franz X Schmid
14556	Cold shock protein CspB	P32081	T64R (PDB: T64R)	Bacillus subtilis (strain 168)	1csp	T64R	Turn	41.1	7.0	-	0.48	-	2	Unknown	15784264	protein stability; in vitro selection; phage display; electrostatic interactions; protein design	J Mol Biol. (2005) Apr 15;347(5):1063-76 PMID: 15784264	Michael Wunderlich   , Andreas Martin, Franz X Schmid
14558	Cold shock protein CspB	P32081	K65I (PDB: K65I)	Bacillus subtilis (strain 168)	1csp	K65I	Coil	47.64	7.0	-	1.54	-	2	Unknown	15784264	protein stability; in vitro selection; phage display; electrostatic interactions; protein design	J Mol Biol. (2005) Apr 15;347(5):1063-76 PMID: 15784264	Michael Wunderlich   , Andreas Martin, Franz X Schmid
14559	Cold shock protein CspB	P32081	E66K (PDB: E66K)	Bacillus subtilis (strain 168)	1csp	E66K	Sheet	22.9	7.0	-	0.94	-	2	Unknown	15784264	protein stability; in vitro selection; phage display; electrostatic interactions; protein design	J Mol Biol. (2005) Apr 15;347(5):1063-76 PMID: 15784264	Michael Wunderlich   , Andreas Martin, Franz X Schmid
14560	Cold shock protein CspB	P32081	E66L (PDB: E66L)	Bacillus subtilis (strain 168)	1csp	E66L	Sheet	22.9	7.0	-	1.44	-	2	Unknown	15784264	protein stability; in vitro selection; phage display; electrostatic interactions; protein design	J Mol Biol. (2005) Apr 15;347(5):1063-76 PMID: 15784264	Michael Wunderlich   , Andreas Martin, Franz X Schmid
14561	Cold shock protein CspB	P32081	E66V (PDB: E66V)	Bacillus subtilis (strain 168)	1csp	E66V	Sheet	22.9	7.0	-	1.13	-	2	Unknown	15784264	protein stability; in vitro selection; phage display; electrostatic interactions; protein design	J Mol Biol. (2005) Apr 15;347(5):1063-76 PMID: 15784264	Michael Wunderlich   , Andreas Martin, Franz X Schmid
14568	Cold shock protein CspB	P32081	M1R (PDB: M1R)	Bacillus subtilis (strain 168)	1csp	M1R	Coil	66.47	7.0	-	1.75	-	2	Unknown	15784264	protein stability; in vitro selection; phage display; electrostatic interactions; protein design	J Mol Biol. (2005) Apr 15;347(5):1063-76 PMID: 15784264	Michael Wunderlich   , Andreas Martin, Franz X Schmid
14569	Cold shock protein CspB	P32081	E3K (PDB: E3K)	Bacillus subtilis (strain 168)	1csp	E3K	Sheet	42.93	7.0	-	2.76	-	2	Unknown	15784264	protein stability; in vitro selection; phage display; electrostatic interactions; protein design	J Mol Biol. (2005) Apr 15;347(5):1063-76 PMID: 15784264	Michael Wunderlich   , Andreas Martin, Franz X Schmid
14570	Cold shock protein CspB	P32081	K65I (PDB: K65I)	Bacillus subtilis (strain 168)	1csp	K65I	Coil	47.64	7.0	-	1.54	-	2	Unknown	15784264	protein stability; in vitro selection; phage display; electrostatic interactions; protein design	J Mol Biol. (2005) Apr 15;347(5):1063-76 PMID: 15784264	Michael Wunderlich   , Andreas Martin, Franz X Schmid
14571	Cold shock protein CspB	P32081	E66K (PDB: E66K)	Bacillus subtilis (strain 168)	1csp	E66K	Sheet	22.9	7.0	-	2.18	-	2	Unknown	15784264	protein stability; in vitro selection; phage display; electrostatic interactions; protein design	J Mol Biol. (2005) Apr 15;347(5):1063-76 PMID: 15784264	Michael Wunderlich   , Andreas Martin, Franz X Schmid
14585	Cold shock protein CspB	P32081	E43S (PDB: E43S)	Bacillus subtilis (strain 168)	1csp	E43S	Sheet	88.15	7.0	-	0.29	-	2	Unknown	15784264	protein stability; in vitro selection; phage display; electrostatic interactions; protein design	J Mol Biol. (2005) Apr 15;347(5):1063-76 PMID: 15784264	Michael Wunderlich   , Andreas Martin, Franz X Schmid
14586	Cold shock protein CspB	P32081	A46K (PDB: A46K)	Bacillus subtilis (strain 168)	1csp	A46K	Coil	18.15	7.0	-	1.42	-	2	Unknown	15784264	protein stability; in vitro selection; phage display; electrostatic interactions; protein design	J Mol Biol. (2005) Apr 15;347(5):1063-76 PMID: 15784264	Michael Wunderlich   , Andreas Martin, Franz X Schmid
14588	Cold shock protein CspB	P32081	S48R (PDB: S48R)	Bacillus subtilis (strain 168)	1csp	S48R	Coil	31.57	7.0	-	1.58	-	2	Unknown	15784264	protein stability; in vitro selection; phage display; electrostatic interactions; protein design	J Mol Biol. (2005) Apr 15;347(5):1063-76 PMID: 15784264	Michael Wunderlich   , Andreas Martin, Franz X Schmid
14594	Cold shock protein CspB	P32081	M1R (PDB: M1R)	Bacillus subtilis (strain 168)	1csp	M1R	Coil	66.47	7.0	-	0.94	-	2	Unknown	15784264	protein stability; in vitro selection; phage display; electrostatic interactions; protein design	J Mol Biol. (2005) Apr 15;347(5):1063-76 PMID: 15784264	Michael Wunderlich   , Andreas Martin, Franz X Schmid
14595	Cold shock protein CspB	P32081	E3K (PDB: E3K)	Bacillus subtilis (strain 168)	1csp	E3K	Sheet	42.93	7.0	-	2.02	-	2	Unknown	15784264	protein stability; in vitro selection; phage display; electrostatic interactions; protein design	J Mol Biol. (2005) Apr 15;347(5):1063-76 PMID: 15784264	Michael Wunderlich   , Andreas Martin, Franz X Schmid
14596	Cold shock protein CspB	P32081	K65I (PDB: K65I)	Bacillus subtilis (strain 168)	1csp	K65I	Coil	47.64	7.0	-	0	-	2	Unknown	15784264	protein stability; in vitro selection; phage display; electrostatic interactions; protein design	J Mol Biol. (2005) Apr 15;347(5):1063-76 PMID: 15784264	Michael Wunderlich   , Andreas Martin, Franz X Schmid
14597	Cold shock protein CspB	P32081	E66K (PDB: E66K)	Bacillus subtilis (strain 168)	1csp	E66K	Sheet	22.9	7.0	-	1.25	-	2	Unknown	15784264	protein stability; in vitro selection; phage display; electrostatic interactions; protein design	J Mol Biol. (2005) Apr 15;347(5):1063-76 PMID: 15784264	Michael Wunderlich   , Andreas Martin, Franz X Schmid
14611	Cold shock protein CspB	P32081	E43S (PDB: E43S)	Bacillus subtilis (strain 168)	1csp	E43S	Sheet	88.15	7.0	-	0.19	-	2	Unknown	15784264	protein stability; in vitro selection; phage display; electrostatic interactions; protein design	J Mol Biol. (2005) Apr 15;347(5):1063-76 PMID: 15784264	Michael Wunderlich   , Andreas Martin, Franz X Schmid
14612	Cold shock protein CspB	P32081	A46K (PDB: A46K)	Bacillus subtilis (strain 168)	1csp	A46K	Coil	18.15	7.0	-	0.65	-	2	Unknown	15784264	protein stability; in vitro selection; phage display; electrostatic interactions; protein design	J Mol Biol. (2005) Apr 15;347(5):1063-76 PMID: 15784264	Michael Wunderlich   , Andreas Martin, Franz X Schmid
14614	Cold shock protein CspB	P32081	S48R (PDB: S48R)	Bacillus subtilis (strain 168)	1csp	S48R	Coil	31.57	7.0	-	0.62	-	2	Unknown	15784264	protein stability; in vitro selection; phage display; electrostatic interactions; protein design	J Mol Biol. (2005) Apr 15;347(5):1063-76 PMID: 15784264	Michael Wunderlich   , Andreas Martin, Franz X Schmid
14620	Cold shock protein CspB	P32081	M1R (PDB: M1R)	Bacillus subtilis (strain 168)	1csp	M1R	Coil	66.47	7.0	-	0.82	-	2	Unknown	15784264	protein stability; in vitro selection; phage display; electrostatic interactions; protein design	J Mol Biol. (2005) Apr 15;347(5):1063-76 PMID: 15784264	Michael Wunderlich   , Andreas Martin, Franz X Schmid
14621	Cold shock protein CspB	P32081	E3K (PDB: E3K)	Bacillus subtilis (strain 168)	1csp	E3K	Sheet	42.93	7.0	-	0.74	-	2	Unknown	15784264	protein stability; in vitro selection; phage display; electrostatic interactions; protein design	J Mol Biol. (2005) Apr 15;347(5):1063-76 PMID: 15784264	Michael Wunderlich   , Andreas Martin, Franz X Schmid
14622	Cold shock protein CspB	P32081	K65I (PDB: K65I)	Bacillus subtilis (strain 168)	1csp	K65I	Coil	47.64	7.0	-	1.54	-	2	Unknown	15784264	protein stability; in vitro selection; phage display; electrostatic interactions; protein design	J Mol Biol. (2005) Apr 15;347(5):1063-76 PMID: 15784264	Michael Wunderlich   , Andreas Martin, Franz X Schmid
14623	Cold shock protein CspB	P32081	E66K (PDB: E66K)	Bacillus subtilis (strain 168)	1csp	E66K	Sheet	22.9	7.0	-	0.94	-	2	Unknown	15784264	protein stability; in vitro selection; phage display; electrostatic interactions; protein design	J Mol Biol. (2005) Apr 15;347(5):1063-76 PMID: 15784264	Michael Wunderlich   , Andreas Martin, Franz X Schmid
14637	Cold shock protein CspB	P32081	E43S (PDB: E43S)	Bacillus subtilis (strain 168)	1csp	E43S	Sheet	88.15	7.0	-	0.1	-	2	Unknown	15784264	protein stability; in vitro selection; phage display; electrostatic interactions; protein design	J Mol Biol. (2005) Apr 15;347(5):1063-76 PMID: 15784264	Michael Wunderlich   , Andreas Martin, Franz X Schmid
14638	Cold shock protein CspB	P32081	A46K (PDB: A46K)	Bacillus subtilis (strain 168)	1csp	A46K	Coil	18.15	7.0	-	0.77	-	2	Unknown	15784264	protein stability; in vitro selection; phage display; electrostatic interactions; protein design	J Mol Biol. (2005) Apr 15;347(5):1063-76 PMID: 15784264	Michael Wunderlich   , Andreas Martin, Franz X Schmid
14640	Cold shock protein CspB	P32081	S48R (PDB: S48R)	Bacillus subtilis (strain 168)	1csp	S48R	Coil	31.57	7.0	-	0.96	-	2	Unknown	15784264	protein stability; in vitro selection; phage display; electrostatic interactions; protein design	J Mol Biol. (2005) Apr 15;347(5):1063-76 PMID: 15784264	Michael Wunderlich   , Andreas Martin, Franz X Schmid
14641	Cold shock protein CspB	P32081	E43S (PDB: E43S)	Bacillus subtilis (strain 168)	1csp	E43S	Sheet	88.15	7.0	-	0.29	-	2	Unknown	15784264	protein stability; in vitro selection; phage display; electrostatic interactions; protein design	J Mol Biol. (2005) Apr 15;347(5):1063-76 PMID: 15784264	Michael Wunderlich   , Andreas Martin, Franz X Schmid
14642	Cold shock protein CspB	P32081	E3V (PDB: E3V)	Bacillus subtilis (strain 168)	1csp	E3V	Sheet	42.93	7.0	-	1.78	-	2	Unknown	15784264	protein stability; in vitro selection; phage display; electrostatic interactions; protein design	J Mol Biol. (2005) Apr 15;347(5):1063-76 PMID: 15784264	Michael Wunderlich   , Andreas Martin, Franz X Schmid
14643	Cold shock protein CspB	P32081	E66L (PDB: E66L)	Bacillus subtilis (strain 168)	1csp	E66L	Sheet	22.9	7.0	-	2.11	-	2	Unknown	15784264	protein stability; in vitro selection; phage display; electrostatic interactions; protein design	J Mol Biol. (2005) Apr 15;347(5):1063-76 PMID: 15784264	Michael Wunderlich   , Andreas Martin, Franz X Schmid
14644	Cold shock protein CspB	P32081	M1R (PDB: M1R)	Bacillus subtilis (strain 168)	1csp	M1R	Coil	66.47	7.0	-	1.75	-	2	Unknown	15784264	protein stability; in vitro selection; phage display; electrostatic interactions; protein design	J Mol Biol. (2005) Apr 15;347(5):1063-76 PMID: 15784264	Michael Wunderlich   , Andreas Martin, Franz X Schmid
14645	Cold shock protein CspB	P32081	E3R (PDB: E3R)	Bacillus subtilis (strain 168)	1csp	E3R	Sheet	42.93	7.0	-	2.66	-	2	Unknown	15784264	protein stability; in vitro selection; phage display; electrostatic interactions; protein design	J Mol Biol. (2005) Apr 15;347(5):1063-76 PMID: 15784264	Michael Wunderlich   , Andreas Martin, Franz X Schmid
14646	Cold shock protein CspB	P32081	E43S (PDB: E43S)	Bacillus subtilis (strain 168)	1csp	E43S	Sheet	88.15	7.0	-	0.19	-	2	Unknown	15784264	protein stability; in vitro selection; phage display; electrostatic interactions; protein design	J Mol Biol. (2005) Apr 15;347(5):1063-76 PMID: 15784264	Michael Wunderlich   , Andreas Martin, Franz X Schmid
14647	Cold shock protein CspB	P32081	E3V (PDB: E3V)	Bacillus subtilis (strain 168)	1csp	E3V	Sheet	42.93	7.0	-	1.1	-	2	Unknown	15784264	protein stability; in vitro selection; phage display; electrostatic interactions; protein design	J Mol Biol. (2005) Apr 15;347(5):1063-76 PMID: 15784264	Michael Wunderlich   , Andreas Martin, Franz X Schmid
14648	Cold shock protein CspB	P32081	E66L (PDB: E66L)	Bacillus subtilis (strain 168)	1csp	E66L	Sheet	22.9	7.0	-	0.67	-	2	Unknown	15784264	protein stability; in vitro selection; phage display; electrostatic interactions; protein design	J Mol Biol. (2005) Apr 15;347(5):1063-76 PMID: 15784264	Michael Wunderlich   , Andreas Martin, Franz X Schmid
14649	Cold shock protein CspB	P32081	M1R (PDB: M1R)	Bacillus subtilis (strain 168)	1csp	M1R	Coil	66.47	7.0	-	0.94	-	2	Unknown	15784264	protein stability; in vitro selection; phage display; electrostatic interactions; protein design	J Mol Biol. (2005) Apr 15;347(5):1063-76 PMID: 15784264	Michael Wunderlich   , Andreas Martin, Franz X Schmid
14650	Cold shock protein CspB	P32081	E3R (PDB: E3R)	Bacillus subtilis (strain 168)	1csp	E3R	Sheet	42.93	7.0	-	1.9	-	2	Unknown	15784264	protein stability; in vitro selection; phage display; electrostatic interactions; protein design	J Mol Biol. (2005) Apr 15;347(5):1063-76 PMID: 15784264	Michael Wunderlich   , Andreas Martin, Franz X Schmid
14651	Cold shock protein CspB	P32081	E43S (PDB: E43S)	Bacillus subtilis (strain 168)	1csp	E43S	Sheet	88.15	7.0	-	0.1	-	2	Unknown	15784264	protein stability; in vitro selection; phage display; electrostatic interactions; protein design	J Mol Biol. (2005) Apr 15;347(5):1063-76 PMID: 15784264	Michael Wunderlich   , Andreas Martin, Franz X Schmid
14652	Cold shock protein CspB	P32081	E3V (PDB: E3V)	Bacillus subtilis (strain 168)	1csp	E3V	Sheet	42.93	7.0	-	0.67	-	2	Unknown	15784264	protein stability; in vitro selection; phage display; electrostatic interactions; protein design	J Mol Biol. (2005) Apr 15;347(5):1063-76 PMID: 15784264	Michael Wunderlich   , Andreas Martin, Franz X Schmid
14653	Cold shock protein CspB	P32081	E66L (PDB: E66L)	Bacillus subtilis (strain 168)	1csp	E66L	Sheet	22.9	7.0	-	1.44	-	2	Unknown	15784264	protein stability; in vitro selection; phage display; electrostatic interactions; protein design	J Mol Biol. (2005) Apr 15;347(5):1063-76 PMID: 15784264	Michael Wunderlich   , Andreas Martin, Franz X Schmid
14654	Cold shock protein CspB	P32081	M1R (PDB: M1R)	Bacillus subtilis (strain 168)	1csp	M1R	Coil	66.47	7.0	-	0.82	-	2	Unknown	15784264	protein stability; in vitro selection; phage display; electrostatic interactions; protein design	J Mol Biol. (2005) Apr 15;347(5):1063-76 PMID: 15784264	Michael Wunderlich   , Andreas Martin, Franz X Schmid
14655	Cold shock protein CspB	P32081	E3R (PDB: E3R)	Bacillus subtilis (strain 168)	1csp	E3R	Sheet	42.93	7.0	-	0.77	-	2	Unknown	15784264	protein stability; in vitro selection; phage display; electrostatic interactions; protein design	J Mol Biol. (2005) Apr 15;347(5):1063-76 PMID: 15784264	Michael Wunderlich   , Andreas Martin, Franz X Schmid
16394	Rubredoxin	P00268	V24I (PDB: V24I)	Clostridium pasteurianum	1IRO	V24I	Sheet	3.25	9.08	107	0.36	-	-	Yes	17118523	Hydrophobic core; Proteins; Thermostability; Thermodynamic additivity; NMR chemical exchange; Chimeric hybrids	BIOPHYS CHEM 125, 483-489 (2007) PMID: 17118523	LeMaster DM, Hernandez G.
16395	Rubredoxin	P00268	I33L (PDB: I33L)	Clostridium pasteurianum	1IRO	I33L	Helix	0.54	9.08	107	0.76	-	-	Yes	17118523	Hydrophobic core; Proteins; Thermostability; Thermodynamic additivity; NMR chemical exchange; Chimeric hybrids	BIOPHYS CHEM 125, 483-489 (2007) PMID: 17118523	LeMaster DM, Hernandez G.
16412	Superoxide dismutase [Mn]	P04179	Y58F (PDB: Y34F)	Homo sapiens (Human)	1N0J	Y34F	Helix	6.55	7.8	88.9	3.1	-	2	Yes	9537987	crystallography, manganese superoxide dismutase, tyrosine 34, mutagenesis.	BIOCHEMISTRY 37, 4722-4730 (1998) PMID: 9537987	Guan Y, Hickey MJ, Borgstahl GE, Hallewell RA, Lepock JR, O'Connor D, Hsieh Y, Nick HS, Silverman DN, Tainer JA.
16413	Superoxide dismutase [Mn]	P04179	Q143N (PDB: Q143N)	Homo sapiens (Human)	1N0J	Q143N	Turn	0.0	7.8	88.9	0.06	-	2	Yes	9537988	manganese superoxide dismutase, glutamine 143, active site, mutagenesis.	BIOCHEMISTRY 37, 4731-4739 (1998) PMID: 9537988	Hsieh Y, Guan Y, Tu C, Bratt PJ, Angerhofer A, Lepock JR, Hickey MJ, Tainer JA, Nick HS, Silverman DN.
16414	Tailspike protein	P12528	G178R (UniProt)	Salmonella phage P22 (Bacteriophage P22)	1CLW	-	Helix	30.5	7.4	88.4	-2.1	-	-	no	2525128	P22 tailspike protein; thermostability; folding intermediate;	J BIOL CHEM 264, 10693-10698 (1989) PMID: 2525128	Sturtevant JM, Yu MH, Haase-Pettingell C, King J
16415	Tailspike protein	P12528	T236I (UniProt)	Salmonella phage P22 (Bacteriophage P22)	1CLW	-	Turn	16.58	7.4	88.4	-1.6	-	-	no	2525128	P22 tailspike protein; thermostability; folding intermediate;	J BIOL CHEM 264, 10693-10698 (1989) PMID: 2525128	Sturtevant JM, Yu MH, Haase-Pettingell C, King J
16416	Tailspike protein	P12528	G245R (UniProt)	Salmonella phage P22 (Bacteriophage P22)	1CLW	-	Helix	48.28	7.4	88.4	-4	-	-	no	2525128	P22 tailspike protein; thermostability; folding intermediate;	J BIOL CHEM 264, 10693-10698 (1989) PMID: 2525128	Sturtevant JM, Yu MH, Haase-Pettingell C, King J
16417	Tailspike protein	P12528	E310V (UniProt)	Salmonella phage P22 (Bacteriophage P22)	1CLW	-	Sheet	21.75	7.4	88.4	-2.3	-	-	no	2525128	P22 tailspike protein; thermostability; folding intermediate;	J BIOL CHEM 264, 10693-10698 (1989) PMID: 2525128	Sturtevant JM, Yu MH, Haase-Pettingell C, King J
16418	Tailspike protein	P12528	R286K (UniProt)	Salmonella phage P22 (Bacteriophage P22)	1CLW	-	Sheet	33.19	7.4	88.4	-10.3	-	-	no	2525128	P22 tailspike protein; thermostability; folding intermediate;	J BIOL CHEM 264, 10693-10698 (1989) PMID: 2525128	Sturtevant JM, Yu MH, Haase-Pettingell C, King J
16419	Tailspike protein	P12528	G324D (UniProt)	Salmonella phage P22 (Bacteriophage P22)	1CLW	-	Helix	16.52	7.4	88.4	-0.4	-	-	no	2525128	P22 tailspike protein; thermostability; folding intermediate;	J BIOL CHEM 264, 10693-10698 (1989) PMID: 2525128	Sturtevant JM, Yu MH, Haase-Pettingell C, King J
16420	Tailspike protein	P12528	R383S (UniProt)	Salmonella phage P22 (Bacteriophage P22)	1CLW	-	Sheet	26.64	7.4	88.4	-17.4	-	-	no	2525128	P22 tailspike protein; thermostability; folding intermediate;	J BIOL CHEM 264, 10693-10698 (1989) PMID: 2525128	Sturtevant JM, Yu MH, Haase-Pettingell C, King J
16421	Thioredoxin	P0AA25	L79K (PDB: L78K)	Escherichia coli (strain K12)	2TRX	L78K	Sheet	0.0	7.0	85.32	-3.9	-	-	yes	7857925	thioredoxin; hydrophobic core; charged residues; heat capacity;	BIOCHEMISTRY 34, 2148-2152 (1995) PMID: 7857925	Ladbury JE, Wynn R, Thomson JA, Sturtevant JM
16422	Thioredoxin	P0AA25	L79R (PDB: L78R)	Escherichia coli (strain K12)	2TRX	L78R	Sheet	0.0	7.0	85.32	-4	-	-	yes	7857925	thioredoxin; hydrophobic core; charged residues; heat capacity;	BIOCHEMISTRY 34, 2148-2152 (1995) PMID: 7857925	Ladbury JE, Wynn R, Thomson JA, Sturtevant JM
16431	Cytochrome c	P00004	L95V (PDB: L94V)	Equus caballus (Horse)	1AKK	L94V	Helix	4.92	2.0	83	-1.2	-	3	Unknown	8946855	molten globule; transient intermediate;	NAT STRUCT BIOL 3, 1019-1025 (1996) PMID: 8946855	Colon W, Roder H
16434	Subtilisin inhibitor	P01006	M134A (UniProt)	Streptomyces albogriseolus	3SSI	-	Helix	0.0	7.0	82.21	-2.32	-	-	yes	7783215	calorimetry; protein stability; hydrophobicity;	J MOL BIOL 249, 625-635 (1995) PMID: 7783215	Tamura A, Sturtevant JM
16435	Subtilisin inhibitor	P01006	M134V (UniProt)	Streptomyces albogriseolus	3SSI	-	Helix	0.0	7.0	82.21	-1.84	-	-	yes	7783215	calorimetry; protein stability; hydrophobicity;	J MOL BIOL 249, 625-635 (1995) PMID: 7783215	Tamura A, Sturtevant JM
16436	Subtilisin inhibitor	P01006	M134I (UniProt)	Streptomyces albogriseolus	3SSI	-	Helix	0.0	7.0	82.21	-1.89	-	-	yes	7783215	calorimetry; protein stability; hydrophobicity;	J MOL BIOL 249, 625-635 (1995) PMID: 7783215	Tamura A, Sturtevant JM
16437	Subtilisin inhibitor	P01006	M134L (UniProt)	Streptomyces albogriseolus	3SSI	-	Helix	0.0	7.0	82.21	0.15	-	-	yes	7783215	calorimetry; protein stability; hydrophobicity;	J MOL BIOL 249, 625-635 (1995) PMID: 7783215	Tamura A, Sturtevant JM
16438	Subtilisin inhibitor	P01006	V44F (UniProt)	Streptomyces albogriseolus	3SSI	-	Sheet	40.99	7.0	82.21	-5.69	-	-	yes	7783216	calorimetry; protein stability; hydrophobicity; mutagenesis;	J MOL BIOL 249, 636-645 (1995) PMID: 7783216	Tamura A, Kojima S, Miura K, Sturtevant JM
16439	Subtilisin inhibitor	P01006	V44I (UniProt)	Streptomyces albogriseolus	3SSI	-	Sheet	40.99	7.0	82.21	-0.84	-	-	yes	7783216	calorimetry; protein stability; hydrophobicity; mutagenesis;	J MOL BIOL 249, 636-645 (1995) PMID: 7783216	Tamura A, Kojima S, Miura K, Sturtevant JM
16440	Subtilisin inhibitor	P01006	V44L (UniProt)	Streptomyces albogriseolus	3SSI	-	Sheet	40.99	7.0	82.21	-2.21	-	-	yes	7783216	calorimetry; protein stability; hydrophobicity; mutagenesis;	J MOL BIOL 249, 636-645 (1995) PMID: 7783216	Tamura A, Kojima S, Miura K, Sturtevant JM
16441	Subtilisin inhibitor	P01006	V44M (UniProt)	Streptomyces albogriseolus	3SSI	-	Sheet	40.99	7.0	82.21	-5.92	-	-	yes	7783216	calorimetry; protein stability; hydrophobicity; mutagenesis;	J MOL BIOL 249, 636-645 (1995) PMID: 7783216	Tamura A, Kojima S, Miura K, Sturtevant JM
16442	Subtilisin inhibitor	P01006	V44F (UniProt)	Streptomyces albogriseolus	3SSI	-	Sheet	40.99	9.5	82.21	-5.33	-	-	yes	7783216	calorimetry; protein stability; hydrophobicity; mutagenesis;	J MOL BIOL 249, 636-645 (1995) PMID: 7783216	Tamura A, Kojima S, Miura K, Sturtevant JM
16443	Subtilisin inhibitor	P01006	V44I (UniProt)	Streptomyces albogriseolus	3SSI	-	Sheet	40.99	9.5	82.21	-0.94	-	-	yes	7783216	calorimetry; protein stability; hydrophobicity; mutagenesis;	J MOL BIOL 249, 636-645 (1995) PMID: 7783216	Tamura A, Kojima S, Miura K, Sturtevant JM
16444	Subtilisin inhibitor	P01006	V44L (UniProt)	Streptomyces albogriseolus	3SSI	-	Sheet	40.99	9.5	82.21	-2.52	-	-	yes	7783216	calorimetry; protein stability; hydrophobicity; mutagenesis;	J MOL BIOL 249, 636-645 (1995) PMID: 7783216	Tamura A, Kojima S, Miura K, Sturtevant JM
16445	Subtilisin inhibitor	P01006	V44M (UniProt)	Streptomyces albogriseolus	3SSI	-	Sheet	40.99	9.5	82.21	-5.43	-	-	yes	7783216	calorimetry; protein stability; hydrophobicity; mutagenesis;	J MOL BIOL 249, 636-645 (1995) PMID: 7783216	Tamura A, Kojima S, Miura K, Sturtevant JM
16468	Myoglobin	P02185	G130A (PDB: G129A)	Physeter macrocephalus (Sperm whale) (Physeter catodon)	1BVC	G129A	Helix	35.58	9.6	82.2	1.1	-	-	yes	8358293	alpha-helix; helix capping; protein folding; secondary	PROTEIN SCI 2, 1099-1105 (1993) PMID: 8358293	Pinker R.J., Lin L., Rose G.D. & Kallenbach N.R.
16469	Myoglobin	P02185	V67A (PDB: V66A)	Physeter macrocephalus (Sperm whale) (Physeter catodon)	1BVC	V66A	Helix	31.23	9.6	82.2	0.8	-	-	yes	8358293	alpha-helix; helix capping; protein folding; secondary	PROTEIN SCI 2, 1099-1105 (1993) PMID: 8358293	Pinker R.J., Lin L., Rose G.D. & Kallenbach N.R.
16470	Myoglobin	P02185	P89A (PDB: P88A)	Physeter macrocephalus (Sperm whale) (Physeter catodon)	1BVC	P88A	Helix	59.2	9.6	82.2	0.6	-	-	yes	8358293	alpha-helix; helix capping; protein folding; secondary	PROTEIN SCI 2, 1099-1105 (1993) PMID: 8358293	Pinker R.J., Lin L., Rose G.D. & Kallenbach N.R.
16471	Myoglobin	P02185	H117A (PDB: H116A)	Physeter macrocephalus (Sperm whale) (Physeter catodon)	1BVC	H116A	Helix	47.83	9.6	82.2	0.2	-	-	yes	8358293	alpha-helix; helix capping; protein folding; secondary	PROTEIN SCI 2, 1099-1105 (1993) PMID: 8358293	Pinker R.J., Lin L., Rose G.D. & Kallenbach N.R.
16472	Myoglobin	P02185	V14A (PDB: V13A)	Physeter macrocephalus (Sperm whale) (Physeter catodon)	1BVC	V13A	Helix	2.6	9.6	82.2	-0.7	-	-	yes	8358293	alpha-helix; helix capping; protein folding; secondary	PROTEIN SCI 2, 1099-1105 (1993) PMID: 8358293	Pinker R.J., Lin L., Rose G.D. & Kallenbach N.R.
16473	Myoglobin	P02185	T68A (PDB: T67A)	Physeter macrocephalus (Sperm whale) (Physeter catodon)	1BVC	T67A	Turn	62.73	9.6	82.2	-0.3	-	-	yes	8358293	alpha-helix; helix capping; protein folding; secondary	PROTEIN SCI 2, 1099-1105 (1993) PMID: 8358293	Pinker R.J., Lin L., Rose G.D. & Kallenbach N.R.
16474	Myoglobin	P02185	S118A (PDB: S117A)	Physeter macrocephalus (Sperm whale) (Physeter catodon)	1BVC	S117A	Coil	59.73	9.6	82.2	-0.3	-	-	yes	8358293	alpha-helix; helix capping; protein folding; secondary	PROTEIN SCI 2, 1099-1105 (1993) PMID: 8358293	Pinker R.J., Lin L., Rose G.D. & Kallenbach N.R.
16475	Myoglobin	P02185	L12A (PDB: L11A)	Physeter macrocephalus (Sperm whale) (Physeter catodon)	1BVC	L11A	Helix	18.02	9.6	82.2	-0.4	-	-	yes	8358293	alpha-helix; helix capping; protein folding; secondary	PROTEIN SCI 2, 1099-1105 (1993) PMID: 8358293	Pinker R.J., Lin L., Rose G.D. & Kallenbach N.R.
16476	Myoglobin	P02185	L10A (PDB: L9A)	Physeter macrocephalus (Sperm whale) (Physeter catodon)	1BVC	L9A	Helix	36.05	9.6	82.2	-0.4	-	-	yes	8358293	alpha-helix; helix capping; protein folding; secondary	PROTEIN SCI 2, 1099-1105 (1993) PMID: 8358293	Pinker R.J., Lin L., Rose G.D. & Kallenbach N.R.
16477	Myoglobin	P02185	G24A (PDB: G23A)	Physeter macrocephalus (Sperm whale) (Physeter catodon)	1BVC	G23A	Helix	10.17	9.6	82.2	-1.1	-	-	yes	8358293	alpha-helix; helix capping; protein folding; secondary	PROTEIN SCI 2, 1099-1105 (1993) PMID: 8358293	Pinker R.J., Lin L., Rose G.D. & Kallenbach N.R.
16478	Myoglobin	P02185	L138A (PDB: L137A)	Physeter macrocephalus (Sperm whale) (Physeter catodon)	1BVC	L137A	Helix	20.75	9.6	82.2	-1.8	-	-	yes	8358293	alpha-helix; helix capping; protein folding; secondary	PROTEIN SCI 2, 1099-1105 (1993) PMID: 8358293	Pinker R.J., Lin L., Rose G.D. & Kallenbach N.R.
16479	Myoglobin	P02185	V115A (PDB: V114A)	Physeter macrocephalus (Sperm whale) (Physeter catodon)	1BVC	V114A	Helix	3.25	9.6	82.2	-1.4	-	-	yes	8358293	alpha-helix; helix capping; protein folding; secondary	PROTEIN SCI 2, 1099-1105 (1993) PMID: 8358293	Pinker R.J., Lin L., Rose G.D. & Kallenbach N.R.
16480	Myoglobin	P02185	T52A (PDB: T51A)	Physeter macrocephalus (Sperm whale) (Physeter catodon)	1BVC	T51A	Turn	45.42	9.6	82.2	-1.4	-	-	yes	8358293	alpha-helix; helix capping; protein folding; secondary	PROTEIN SCI 2, 1099-1105 (1993) PMID: 8358293	Pinker R.J., Lin L., Rose G.D. & Kallenbach N.R.
16481	Myoglobin	P02185	L150A (PDB: L149A)	Physeter macrocephalus (Sperm whale) (Physeter catodon)	1BVC	L149A	Coil	42.6	9.6	82.2	-1.6	-	-	yes	8358293	alpha-helix; helix capping; protein folding; secondary	PROTEIN SCI 2, 1099-1105 (1993) PMID: 8358293	Pinker R.J., Lin L., Rose G.D. & Kallenbach N.R.
16482	Myoglobin	P02185	I143A (PDB: I142A)	Physeter macrocephalus (Sperm whale) (Physeter catodon)	1BVC	I142A	Helix	1.08	9.6	82.2	-1.9	-	-	yes	8358293	alpha-helix; helix capping; protein folding; secondary	PROTEIN SCI 2, 1099-1105 (1993) PMID: 8358293	Pinker R.J., Lin L., Rose G.D. & Kallenbach N.R.
16492	Subtilisin inhibitor	P01006	M134A (UniProt)	Streptomyces albogriseolus	3SSI	-	Helix	0.0	9.5	80.7	-2.8	-	-	yes	7783215	calorimetry; protein stability; hydrophobicity;	J MOL BIOL 249, 625-635 (1995) PMID: 7783215	Tamura A, Sturtevant JM
16493	Subtilisin inhibitor	P01006	M134V (UniProt)	Streptomyces albogriseolus	3SSI	-	Helix	0.0	9.5	80.7	-2.22	-	-	yes	7783215	calorimetry; protein stability; hydrophobicity;	J MOL BIOL 249, 625-635 (1995) PMID: 7783215	Tamura A, Sturtevant JM
16494	Subtilisin inhibitor	P01006	M134I (UniProt)	Streptomyces albogriseolus	3SSI	-	Helix	0.0	9.5	80.7	-2.29	-	-	yes	7783215	calorimetry; protein stability; hydrophobicity;	J MOL BIOL 249, 625-635 (1995) PMID: 7783215	Tamura A, Sturtevant JM
16495	Subtilisin inhibitor	P01006	M134L (UniProt)	Streptomyces albogriseolus	3SSI	-	Helix	0.0	9.5	80.7	-0.29	-	-	yes	7783215	calorimetry; protein stability; hydrophobicity;	J MOL BIOL 249, 625-635 (1995) PMID: 7783215	Tamura A, Sturtevant JM
16509	Cytochrome b5	P00171	V50Y (PDB: V45Y)	Bos taurus (Bovine)	1CYO	V45Y	Helix	46.84	7.0	77.6	-1.55	-	-	Unknown	10631476	cytochrome b5; mutagenesis; redox potential; protein stability	BIOPHYS CHEM 83, 3-17 (2000) PMID: 10631476	Wang ZQ, Wang YH, Wang WH, Xue LL, Wu XZ, Xie Y, Huang ZX
16510	Cytochrome b5	P00171	V50H (PDB: V45H)	Bos taurus (Bovine)	1CYO	V45H	Helix	46.84	7.0	77.6	-1.39	-	-	Unknown	10631476	cytochrome b5; mutagenesis; redox potential; protein stability	BIOPHYS CHEM 83, 3-17 (2000) PMID: 10631476	Wang ZQ, Wang YH, Wang WH, Xue LL, Wu XZ, Xie Y, Huang ZX
16511	Cytochrome b5	P00171	V50E (PDB: V45E)	Bos taurus (Bovine)	1CYO	V45E	Helix	46.84	7.0	77.6	-2.06	-	-	Unknown	10631476	cytochrome b5; mutagenesis; redox potential; protein stability	BIOPHYS CHEM 83, 3-17 (2000) PMID: 10631476	Wang ZQ, Wang YH, Wang WH, Xue LL, Wu XZ, Xie Y, Huang ZX
16512	Myoglobin	P02185	I29L (PDB: I28L)	Physeter macrocephalus (Sperm whale) (Physeter catodon)	1BVC	I28L	Helix	2.16	11.0	76.5	-0.6	-	-	yes	8251481	hydrophobic effects; alpha-helix stability; myoglobin;	BIOCHEMISTRY 32, 12638-12643 (1993) PMID: 8251481	Lin L., Pinker R.J. & Kallenbach N.R.
16513	Myoglobin	P02185	I29M (PDB: I28M)	Physeter macrocephalus (Sperm whale) (Physeter catodon)	1BVC	I28M	Helix	2.16	11.0	76.5	-0.6	-	-	yes	8251481	hydrophobic effects; alpha-helix stability; myoglobin;	BIOCHEMISTRY 32, 12638-12643 (1993) PMID: 8251481	Lin L., Pinker R.J. & Kallenbach N.R.
16514	Myoglobin	P02185	I29V (PDB: I28V)	Physeter macrocephalus (Sperm whale) (Physeter catodon)	1BVC	I28V	Helix	2.16	11.0	76.5	0	-	-	yes	8251481	hydrophobic effects; alpha-helix stability; myoglobin;	BIOCHEMISTRY 32, 12638-12643 (1993) PMID: 8251481	Lin L., Pinker R.J. & Kallenbach N.R.
16515	Myoglobin	P02185	I29A (PDB: I28A)	Physeter macrocephalus (Sperm whale) (Physeter catodon)	1BVC	I28A	Helix	2.16	11.0	76.5	-1.3	-	-	yes	8251481	hydrophobic effects; alpha-helix stability; myoglobin;	BIOCHEMISTRY 32, 12638-12643 (1993) PMID: 8251481	Lin L., Pinker R.J. & Kallenbach N.R.
16516	Myoglobin	P02185	I112L (PDB: I111L)	Physeter macrocephalus (Sperm whale) (Physeter catodon)	1BVC	I111L	Helix	2.7	11.0	76.5	-0.6	-	-	yes	8251481	hydrophobic effects; alpha-helix stability; myoglobin;	BIOCHEMISTRY 32, 12638-12643 (1993) PMID: 8251481	Lin L., Pinker R.J. & Kallenbach N.R.
16517	Myoglobin	P02185	I112M (PDB: I111M)	Physeter macrocephalus (Sperm whale) (Physeter catodon)	1BVC	I111M	Helix	2.7	11.0	76.5	-1.1	-	-	yes	8251481	hydrophobic effects; alpha-helix stability; myoglobin;	BIOCHEMISTRY 32, 12638-12643 (1993) PMID: 8251481	Lin L., Pinker R.J. & Kallenbach N.R.
16518	Myoglobin	P02185	I112A (PDB: I111A)	Physeter macrocephalus (Sperm whale) (Physeter catodon)	1BVC	I111A	Helix	2.7	11.0	76.5	-1.8	-	-	yes	8251481	hydrophobic effects; alpha-helix stability; myoglobin;	BIOCHEMISTRY 32, 12638-12643 (1993) PMID: 8251481	Lin L., Pinker R.J. & Kallenbach N.R.
16519	Myoglobin	P02185	I143L (PDB: I142L)	Physeter macrocephalus (Sperm whale) (Physeter catodon)	1BVC	I142L	Helix	1.08	11.0	76.5	0.6	-	-	yes	8251481	hydrophobic effects; alpha-helix stability; myoglobin;	BIOCHEMISTRY 32, 12638-12643 (1993) PMID: 8251481	Lin L., Pinker R.J. & Kallenbach N.R.
16520	Myoglobin	P02185	I143M (PDB: I142M)	Physeter macrocephalus (Sperm whale) (Physeter catodon)	1BVC	I142M	Helix	1.08	11.0	76.5	0.9	-	-	yes	8251481	hydrophobic effects; alpha-helix stability; myoglobin;	BIOCHEMISTRY 32, 12638-12643 (1993) PMID: 8251481	Lin L., Pinker R.J. & Kallenbach N.R.
16521	Myoglobin	P02185	I143V (PDB: I142V)	Physeter macrocephalus (Sperm whale) (Physeter catodon)	1BVC	I142V	Helix	1.08	11.0	76.5	-0.1	-	-	yes	8251481	hydrophobic effects; alpha-helix stability; myoglobin;	BIOCHEMISTRY 32, 12638-12643 (1993) PMID: 8251481	Lin L., Pinker R.J. & Kallenbach N.R.
16522	Myoglobin	P02185	I143A (PDB: I142A)	Physeter macrocephalus (Sperm whale) (Physeter catodon)	1BVC	I142A	Helix	1.08	11.0	76.5	-1.1	-	-	yes	8251481	hydrophobic effects; alpha-helix stability; myoglobin;	BIOCHEMISTRY 32, 12638-12643 (1993) PMID: 8251481	Lin L., Pinker R.J. & Kallenbach N.R.
16523	Myoglobin	P02185	L30I (PDB: L29I)	Physeter macrocephalus (Sperm whale) (Physeter catodon)	1BVC	L29I	Helix	1.09	11.0	76.5	-1.1	-	-	yes	8251481	hydrophobic effects; alpha-helix stability; myoglobin;	BIOCHEMISTRY 32, 12638-12643 (1993) PMID: 8251481	Lin L., Pinker R.J. & Kallenbach N.R.
16524	Myoglobin	P02185	L30M (PDB: L29M)	Physeter macrocephalus (Sperm whale) (Physeter catodon)	1BVC	L29M	Helix	1.09	11.0	76.5	0.1	-	-	yes	8251481	hydrophobic effects; alpha-helix stability; myoglobin;	BIOCHEMISTRY 32, 12638-12643 (1993) PMID: 8251481	Lin L., Pinker R.J. & Kallenbach N.R.
16525	Myoglobin	P02185	L30V (PDB: L29V)	Physeter macrocephalus (Sperm whale) (Physeter catodon)	1BVC	L29V	Helix	1.09	11.0	76.5	-1.7	-	-	yes	8251481	hydrophobic effects; alpha-helix stability; myoglobin;	BIOCHEMISTRY 32, 12638-12643 (1993) PMID: 8251481	Lin L., Pinker R.J. & Kallenbach N.R.
16526	Myoglobin	P02185	L30A (PDB: L29A)	Physeter macrocephalus (Sperm whale) (Physeter catodon)	1BVC	L29A	Helix	1.09	11.0	76.5	-2.4	-	-	yes	8251481	hydrophobic effects; alpha-helix stability; myoglobin;	BIOCHEMISTRY 32, 12638-12643 (1993) PMID: 8251481	Lin L., Pinker R.J. & Kallenbach N.R.
16527	Myoglobin	P02185	L70I (PDB: L69I)	Physeter macrocephalus (Sperm whale) (Physeter catodon)	1BVC	L69I	Helix	2.18	11.0	76.5	0	-	-	yes	8251481	hydrophobic effects; alpha-helix stability; myoglobin;	BIOCHEMISTRY 32, 12638-12643 (1993) PMID: 8251481	Lin L., Pinker R.J. & Kallenbach N.R.
16528	Myoglobin	P02185	L70M (PDB: L69M)	Physeter macrocephalus (Sperm whale) (Physeter catodon)	1BVC	L69M	Helix	2.18	11.0	76.5	0	-	-	yes	8251481	hydrophobic effects; alpha-helix stability; myoglobin;	BIOCHEMISTRY 32, 12638-12643 (1993) PMID: 8251481	Lin L., Pinker R.J. & Kallenbach N.R.
16529	Myoglobin	P02185	L70V (PDB: L69V)	Physeter macrocephalus (Sperm whale) (Physeter catodon)	1BVC	L69V	Helix	2.18	11.0	76.5	-0.1	-	-	yes	8251481	hydrophobic effects; alpha-helix stability; myoglobin;	BIOCHEMISTRY 32, 12638-12643 (1993) PMID: 8251481	Lin L., Pinker R.J. & Kallenbach N.R.
16530	Myoglobin	P02185	L70A (PDB: L69A)	Physeter macrocephalus (Sperm whale) (Physeter catodon)	1BVC	L69A	Helix	2.18	11.0	76.5	-1.2	-	-	yes	8251481	hydrophobic effects; alpha-helix stability; myoglobin;	BIOCHEMISTRY 32, 12638-12643 (1993) PMID: 8251481	Lin L., Pinker R.J. & Kallenbach N.R.
16531	Myoglobin	P02185	L136I (PDB: L135I)	Physeter macrocephalus (Sperm whale) (Physeter catodon)	1BVC	L135I	Helix	0.55	11.0	76.5	-1.5	-	-	yes	8251481	hydrophobic effects; alpha-helix stability; myoglobin;	BIOCHEMISTRY 32, 12638-12643 (1993) PMID: 8251481	Lin L., Pinker R.J. & Kallenbach N.R.
16532	Myoglobin	P02185	L136M (PDB: L135M)	Physeter macrocephalus (Sperm whale) (Physeter catodon)	1BVC	L135M	Helix	0.55	11.0	76.5	-0.8	-	-	yes	8251481	hydrophobic effects; alpha-helix stability; myoglobin;	BIOCHEMISTRY 32, 12638-12643 (1993) PMID: 8251481	Lin L., Pinker R.J. & Kallenbach N.R.
16533	Myoglobin	P02185	L136V (PDB: L135V)	Physeter macrocephalus (Sperm whale) (Physeter catodon)	1BVC	L135V	Helix	0.55	11.0	76.5	-2.2	-	-	yes	8251481	hydrophobic effects; alpha-helix stability; myoglobin;	BIOCHEMISTRY 32, 12638-12643 (1993) PMID: 8251481	Lin L., Pinker R.J. & Kallenbach N.R.
16534	Myoglobin	P02185	L50I (PDB: L49I)	Physeter macrocephalus (Sperm whale) (Physeter catodon)	1BVC	L49I	Coil	18.02	11.0	76.5	-0.8	-	-	yes	8251481	hydrophobic effects; alpha-helix stability; myoglobin;	BIOCHEMISTRY 32, 12638-12643 (1993) PMID: 8251481	Lin L., Pinker R.J. & Kallenbach N.R.
16544	Cold shock protein	P41016	R56E (PDB: R56E)	Bacillus caldolyticus	1C9O	R56E	Turn	96.07	7.0	75	0.76	-	-	Yes	16720692	cold shock protein; electric dipole moment; electrostatic interactions; protein stabilization	PROTEIN ENG DES SEL 19, 355-358 (2006) PMID: 16720692	Wunderlich M, Schmid FX.
16545	Cold shock protein	P41016	H29E (PDB: H29E)	Bacillus caldolyticus	1C9O	H29E	Helix	32.99	7.0	75	-0.76	-	-	Yes	16720692	cold shock protein; electric dipole moment; electrostatic interactions; protein stabilization	PROTEIN ENG DES SEL 19, 355-358 (2006) PMID: 16720692	Wunderlich M, Schmid FX.
16546	Cold shock protein	P41016	E46K (PDB: E46K)	Bacillus caldolyticus	1C9O	E46K	Sheet	45.79	7.0	75	-0.65	-	-	Yes	16720692	cold shock protein; electric dipole moment; electrostatic interactions; protein stabilization	PROTEIN ENG DES SEL 19, 355-358 (2006) PMID: 16720692	Wunderlich M, Schmid FX.
16547	Cold shock protein	P41016	E21K (PDB: E21K)	Bacillus caldolyticus	1C9O	E21K	Sheet	80.14	7.0	75	-0.26	-	-	Yes	16720692	cold shock protein; electric dipole moment; electrostatic interactions; protein stabilization	PROTEIN ENG DES SEL 19, 355-358 (2006) PMID: 16720692	Wunderlich M, Schmid FX.
16549	Cold shock protein	P41016	N55K (PDB: N55K)	Bacillus caldolyticus	1C9O	N55K	Turn	94.26	7.0	75	0.1	-	-	Yes	16720692	cold shock protein; electric dipole moment; electrostatic interactions; protein stabilization	PROTEIN ENG DES SEL 19, 355-358 (2006) PMID: 16720692	Wunderlich M, Schmid FX.
16550	Cold shock protein	P41016	E36K (PDB: E36K)	Bacillus caldolyticus	1C9O	E36K	Sheet	58.96	7.0	75	-0.19	-	-	Yes	16720692	cold shock protein; electric dipole moment; electrostatic interactions; protein stabilization	PROTEIN ENG DES SEL 19, 355-358 (2006) PMID: 16720692	Wunderlich M, Schmid FX.
16551	Cold shock protein	P41016	E50K (PDB: E50K)	Bacillus caldolyticus	1C9O	E50K	Sheet	25.76	7.0	75	-0.5	-	-	Yes	16720692	cold shock protein; electric dipole moment; electrostatic interactions; protein stabilization	PROTEIN ENG DES SEL 19, 355-358 (2006) PMID: 16720692	Wunderlich M, Schmid FX.
16552	Cold shock protein	P41016	E12K (PDB: E12K)	Bacillus caldolyticus	1C9O	E12K	Sheet	102.46	7.0	75	-0.43	-	-	Yes	16720692	cold shock protein; electric dipole moment; electrostatic interactions; protein stabilization	PROTEIN ENG DES SEL 19, 355-358 (2006) PMID: 16720692	Wunderlich M, Schmid FX.
16553	Cold shock protein	P41016	R56E (PDB: R56E)	Bacillus caldolyticus	1C9O	R56E	Turn	96.07	7.0	75	0.53	-	-	Yes	16720692	cold shock protein; electric dipole moment; electrostatic interactions; protein stabilization	PROTEIN ENG DES SEL 19, 355-358 (2006) PMID: 16720692	Wunderlich M, Schmid FX.
16554	Cold shock protein	P41016	H29E (PDB: H29E)	Bacillus caldolyticus	1C9O	H29E	Helix	32.99	7.0	75	-0.29	-	-	Yes	16720692	cold shock protein; electric dipole moment; electrostatic interactions; protein stabilization	PROTEIN ENG DES SEL 19, 355-358 (2006) PMID: 16720692	Wunderlich M, Schmid FX.
16555	Cold shock protein	P41016	E46K (PDB: E46K)	Bacillus caldolyticus	1C9O	E46K	Sheet	45.79	7.0	75	-0.43	-	-	Yes	16720692	cold shock protein; electric dipole moment; electrostatic interactions; protein stabilization	PROTEIN ENG DES SEL 19, 355-358 (2006) PMID: 16720692	Wunderlich M, Schmid FX.
16556	Cold shock protein	P41016	E21K (PDB: E21K)	Bacillus caldolyticus	1C9O	E21K	Sheet	80.14	7.0	75	-0.43	-	-	Yes	16720692	cold shock protein; electric dipole moment; electrostatic interactions; protein stabilization	PROTEIN ENG DES SEL 19, 355-358 (2006) PMID: 16720692	Wunderlich M, Schmid FX.
16558	Cold shock protein	P41016	N55K (PDB: N55K)	Bacillus caldolyticus	1C9O	N55K	Turn	94.26	7.0	75	-0.29	-	-	Yes	16720692	cold shock protein; electric dipole moment; electrostatic interactions; protein stabilization	PROTEIN ENG DES SEL 19, 355-358 (2006) PMID: 16720692	Wunderlich M, Schmid FX.
16559	Cold shock protein	P41016	E36K (PDB: E36K)	Bacillus caldolyticus	1C9O	E36K	Sheet	58.96	7.0	75	-0.98	-	-	Yes	16720692	cold shock protein; electric dipole moment; electrostatic interactions; protein stabilization	PROTEIN ENG DES SEL 19, 355-358 (2006) PMID: 16720692	Wunderlich M, Schmid FX.
16560	Cold shock protein	P41016	E50K (PDB: E50K)	Bacillus caldolyticus	1C9O	E50K	Sheet	25.76	7.0	75	-0.76	-	-	Yes	16720692	cold shock protein; electric dipole moment; electrostatic interactions; protein stabilization	PROTEIN ENG DES SEL 19, 355-358 (2006) PMID: 16720692	Wunderlich M, Schmid FX.
16561	Cold shock protein	P41016	E12K (PDB: E12K)	Bacillus caldolyticus	1C9O	E12K	Sheet	102.46	7.0	75	-0.1	-	-	Yes	16720692	cold shock protein; electric dipole moment; electrostatic interactions; protein stabilization	PROTEIN ENG DES SEL 19, 355-358 (2006) PMID: 16720692	Wunderlich M, Schmid FX.
16562	Cold shock protein	P41016	R56E (PDB: R56E)	Bacillus caldolyticus	1C9O	R56E	Turn	96.07	7.0	75	0.24	-	-	Yes	16720692	cold shock protein; electric dipole moment; electrostatic interactions; protein stabilization	PROTEIN ENG DES SEL 19, 355-358 (2006) PMID: 16720692	Wunderlich M, Schmid FX.
16563	Cold shock protein	P41016	H29E (PDB: H29E)	Bacillus caldolyticus	1C9O	H29E	Helix	32.99	7.0	75	-0.48	-	-	Yes	16720692	cold shock protein; electric dipole moment; electrostatic interactions; protein stabilization	PROTEIN ENG DES SEL 19, 355-358 (2006) PMID: 16720692	Wunderlich M, Schmid FX.
16564	Cold shock protein	P41016	E46K (PDB: E46K)	Bacillus caldolyticus	1C9O	E46K	Sheet	45.79	7.0	75	-0.22	-	-	Yes	16720692	cold shock protein; electric dipole moment; electrostatic interactions; protein stabilization	PROTEIN ENG DES SEL 19, 355-358 (2006) PMID: 16720692	Wunderlich M, Schmid FX.
16565	Cold shock protein	P41016	E21K (PDB: E21K)	Bacillus caldolyticus	1C9O	E21K	Sheet	80.14	7.0	75	0.17	-	-	Yes	16720692	cold shock protein; electric dipole moment; electrostatic interactions; protein stabilization	PROTEIN ENG DES SEL 19, 355-358 (2006) PMID: 16720692	Wunderlich M, Schmid FX.
16567	Cold shock protein	P41016	N55K (PDB: N55K)	Bacillus caldolyticus	1C9O	N55K	Turn	94.26	7.0	75	0.19	-	-	Yes	16720692	cold shock protein; electric dipole moment; electrostatic interactions; protein stabilization	PROTEIN ENG DES SEL 19, 355-358 (2006) PMID: 16720692	Wunderlich M, Schmid FX.
16568	Cold shock protein	P41016	E36K (PDB: E36K)	Bacillus caldolyticus	1C9O	E36K	Sheet	58.96	7.0	75	0.79	-	-	Yes	16720692	cold shock protein; electric dipole moment; electrostatic interactions; protein stabilization	PROTEIN ENG DES SEL 19, 355-358 (2006) PMID: 16720692	Wunderlich M, Schmid FX.
16569	Cold shock protein	P41016	E50K (PDB: E50K)	Bacillus caldolyticus	1C9O	E50K	Sheet	25.76	7.0	75	0.26	-	-	Yes	16720692	cold shock protein; electric dipole moment; electrostatic interactions; protein stabilization	PROTEIN ENG DES SEL 19, 355-358 (2006) PMID: 16720692	Wunderlich M, Schmid FX.
16570	Cold shock protein	P41016	E12K (PDB: E12K)	Bacillus caldolyticus	1C9O	E12K	Sheet	102.46	7.0	75	-0.29	-	-	Yes	16720692	cold shock protein; electric dipole moment; electrostatic interactions; protein stabilization	PROTEIN ENG DES SEL 19, 355-358 (2006) PMID: 16720692	Wunderlich M, Schmid FX.
16575	Chymotrypsin inhibitor-2	Q40059	K44A (UniProt)	Hordeum vulgare (Barley)	2CI2	-	Helix	3.89	4.15	74.3	0.26	-	-	no	7908135	CI-2; mutagenesis; proline; protein stability; reverse turn; salt bridge	PROTEIN ENG 7, 103-108 (1994) PMID: 7908135	de Prat Gay G, Johnson CM, Fersht AR
16576	Chymotrypsin inhibitor-2	Q40059	E46A (UniProt)	Hordeum vulgare (Barley)	2CI2	-	Sheet	55.52	4.15	74.3	0.82	-	-	no	7908135	CI-2; mutagenesis; proline; protein stability; reverse turn; salt bridge	PROTEIN ENG 7, 103-108 (1994) PMID: 7908135	de Prat Gay G, Johnson CM, Fersht AR
16578	Chymotrypsin inhibitor-2	Q40059	P45A (UniProt)	Hordeum vulgare (Barley)	2CI2	-	Turn	72.59	4.15	74.3	1.82	-	-	no	7908135	CI-2; mutagenesis; proline; protein stability; reverse turn; salt bridge	PROTEIN ENG 7, 103-108 (1994) PMID: 7908135	de Prat Gay G, Johnson CM, Fersht AR
16579	Lysozyme	P00698	F21Y (PDB: F3Y)	Gallus gallus (Chicken)	4LYZ	F3Y	Sheet	7.97	6.4	74	-0.45	-	-	yes	8535242	alpha-helix propensity; avian lysozyme sequences;	PROTEIN SCI 4, 2063-2072 (1995) PMID: 8535242	Shih P, Kirsch JF
16580	Lysozyme	P00698	H33L (PDB: H15L)	Gallus gallus (Chicken)	4LYZ	H15L	Helix	20.89	6.4	74	0.76	-	-	yes	8535242	alpha-helix propensity; avian lysozyme sequences;	PROTEIN SCI 4, 2063-2072 (1995) PMID: 8535242	Shih P, Kirsch JF
16581	Lysozyme	P00698	N37K (PDB: N19K)	Gallus gallus (Chicken)	4LYZ	N19K	Turn	69.67	6.4	74	-1.06	-	-	yes	8535242	alpha-helix propensity; avian lysozyme sequences;	PROTEIN SCI 4, 2063-2072 (1995) PMID: 8535242	Shih P, Kirsch JF
16582	Lysozyme	P00698	R39Q (PDB: R21Q)	Gallus gallus (Chicken)	4LYZ	R21Q	Turn	67.25	6.4	74	-0.15	-	-	yes	8535242	alpha-helix propensity; avian lysozyme sequences;	PROTEIN SCI 4, 2063-2072 (1995) PMID: 8535242	Shih P, Kirsch JF
16583	Lysozyme	P00698	F52Y (PDB: F34Y)	Gallus gallus (Chicken)	4LYZ	F34Y	Helix	34.88	6.4	74	0.19	-	-	yes	8535242	alpha-helix propensity; avian lysozyme sequences;	PROTEIN SCI 4, 2063-2072 (1995) PMID: 8535242	Shih P, Kirsch JF
16584	Lysozyme	P00698	R86K (PDB: R68K)	Gallus gallus (Chicken)	4LYZ	R68K	Coil	51.53	6.4	74	-0.04	-	-	yes	8535242	alpha-helix propensity; avian lysozyme sequences;	PROTEIN SCI 4, 2063-2072 (1995) PMID: 8535242	Shih P, Kirsch JF
16585	Lysozyme	P00698	R91K (PDB: R73K)	Gallus gallus (Chicken)	4LYZ	R73K	Coil	69.0	6.4	74	0.23	-	-	yes	8535242	alpha-helix propensity; avian lysozyme sequences;	PROTEIN SCI 4, 2063-2072 (1995) PMID: 8535242	Shih P, Kirsch JF
16586	Lysozyme	P00698	N77H (PDB: N77H)	Gallus gallus (Chicken)	4LYZ	N77H	Turn	93.58	6.4	74	-0.38	-	-	yes	8535242	alpha-helix propensity; avian lysozyme sequences;	PROTEIN SCI 4, 2063-2072 (1995) PMID: 8535242	Shih P, Kirsch JF
16587	Lysozyme	P00698	D119G (PDB: D101G)	Gallus gallus (Chicken)	4LYZ	D101G	Coil	69.4	6.4	74	0.45	-	-	yes	8535242	alpha-helix propensity; avian lysozyme sequences;	PROTEIN SCI 4, 2063-2072 (1995) PMID: 8535242	Shih P, Kirsch JF
16588	Lysozyme	P00698	G120V (PDB: G102V)	Gallus gallus (Chicken)	4LYZ	G102V	Helix	74.97	6.4	74	-0.04	-	-	yes	8535242	alpha-helix propensity; avian lysozyme sequences;	PROTEIN SCI 4, 2063-2072 (1995) PMID: 8535242	Shih P, Kirsch JF
16589	Lysozyme	P00698	G120R (PDB: G102R)	Gallus gallus (Chicken)	4LYZ	G102R	Helix	74.97	6.4	74	0.38	-	-	yes	8535242	alpha-helix propensity; avian lysozyme sequences;	PROTEIN SCI 4, 2063-2072 (1995) PMID: 8535242	Shih P, Kirsch JF
16590	Lysozyme	P00698	R132H (PDB: R114H)	Gallus gallus (Chicken)	4LYZ	R114H	Coil	62.88	6.4	74	0.68	-	-	yes	8535242	alpha-helix propensity; avian lysozyme sequences;	PROTEIN SCI 4, 2063-2072 (1995) PMID: 8535242	Shih P, Kirsch JF
16591	Lysozyme	P00698	Q139H (PDB: Q121H)	Gallus gallus (Chicken)	4LYZ	Q121H	Coil	68.87	6.4	74	-0.45	-	-	yes	8535242	alpha-helix propensity; avian lysozyme sequences;	PROTEIN SCI 4, 2063-2072 (1995) PMID: 8535242	Shih P, Kirsch JF
16592	Lysozyme	P00698	A49V (PDB: A31V)	Gallus gallus (Chicken)	4LYZ	A31V	Helix	0.91	6.4	74	1.2	-	-	yes	8535242	alpha-helix propensity; avian lysozyme sequences;	PROTEIN SCI 4, 2063-2072 (1995) PMID: 8535242	Shih P, Kirsch JF
16593	Lysozyme	P00698	A49I (PDB: A31I)	Gallus gallus (Chicken)	4LYZ	A31I	Helix	0.91	6.4	74	1.4	-	-	yes	8535242	alpha-helix propensity; avian lysozyme sequences;	PROTEIN SCI 4, 2063-2072 (1995) PMID: 8535242	Shih P, Kirsch JF
16594	Lysozyme	P00698	A49L (PDB: A31L)	Gallus gallus (Chicken)	4LYZ	A31L	Helix	0.91	6.4	74	1.8	-	-	yes	8535242	alpha-helix propensity; avian lysozyme sequences;	PROTEIN SCI 4, 2063-2072 (1995) PMID: 8535242	Shih P, Kirsch JF
16595	Lysozyme	P00698	D119S (PDB: D101S)	Gallus gallus (Chicken)	4LYZ	D101S	Coil	69.4	6.4	74	0.87	-	-	yes	8535242	alpha-helix propensity; avian lysozyme sequences;	PROTEIN SCI 4, 2063-2072 (1995) PMID: 8535242	Shih P, Kirsch JF
16596	Lysozyme	P00698	D119A (PDB: D101A)	Gallus gallus (Chicken)	4LYZ	D101A	Coil	69.4	6.4	74	0.76	-	-	yes	8535242	alpha-helix propensity; avian lysozyme sequences;	PROTEIN SCI 4, 2063-2072 (1995) PMID: 8535242	Shih P, Kirsch JF
16597	Lysozyme	P00698	D119F (PDB: D101F)	Gallus gallus (Chicken)	4LYZ	D101F	Coil	69.4	6.4	74	0.72	-	-	yes	8535242	alpha-helix propensity; avian lysozyme sequences;	PROTEIN SCI 4, 2063-2072 (1995) PMID: 8535242	Shih P, Kirsch JF
16598	Lysozyme	P00698	D119G (PDB: D101G)	Gallus gallus (Chicken)	4LYZ	D101G	Coil	69.4	6.4	74	0.45	-	-	yes	8535242	alpha-helix propensity; avian lysozyme sequences;	PROTEIN SCI 4, 2063-2072 (1995) PMID: 8535242	Shih P, Kirsch JF
16599	Lysozyme	P00698	D119R (PDB: D101R)	Gallus gallus (Chicken)	4LYZ	D101R	Coil	69.4	6.4	74	0.27	-	-	yes	8535242	alpha-helix propensity; avian lysozyme sequences;	PROTEIN SCI 4, 2063-2072 (1995) PMID: 8535242	Shih P, Kirsch JF
16600	Lysozyme	P00698	D119K (PDB: D101K)	Gallus gallus (Chicken)	4LYZ	D101K	Coil	69.4	6.4	74	0.19	-	-	yes	8535242	alpha-helix propensity; avian lysozyme sequences;	PROTEIN SCI 4, 2063-2072 (1995) PMID: 8535242	Shih P, Kirsch JF
16601	Lysozyme	P00698	D119N (PDB: D101N)	Gallus gallus (Chicken)	4LYZ	D101N	Coil	69.4	6.4	74	0.04	-	-	yes	8535242	alpha-helix propensity; avian lysozyme sequences;	PROTEIN SCI 4, 2063-2072 (1995) PMID: 8535242	Shih P, Kirsch JF
16602	Lysozyme	P00698	D119E (PDB: D101E)	Gallus gallus (Chicken)	4LYZ	D101E	Coil	69.4	6.4	74	0	-	-	yes	8535242	alpha-helix propensity; avian lysozyme sequences;	PROTEIN SCI 4, 2063-2072 (1995) PMID: 8535242	Shih P, Kirsch JF
16603	Lysozyme	P00698	D119Q (PDB: D101Q)	Gallus gallus (Chicken)	4LYZ	D101Q	Coil	69.4	6.4	74	-0.08	-	-	yes	8535242	alpha-helix propensity; avian lysozyme sequences;	PROTEIN SCI 4, 2063-2072 (1995) PMID: 8535242	Shih P, Kirsch JF
16605	Lysozyme	P00698	S109T (PDB: S91T)	Gallus gallus (Chicken)	4LYZ	S91T	Coil	0.85	6.4	74	0.99	-	-	yes	8535241	buried water; chicken lysozyme; hydrophobicity; internal packing;	PROTEIN SCI 4, 2050-2062 (1995) PMID: 8535241	Shih P, Holland DR, Kirsch JF
16608	Lysozyme	P00698	S109V (PDB: S91V)	Gallus gallus (Chicken)	4LYZ	S91V	Coil	0.85	6.4	74	-0.08	-	-	yes	8535241	buried water; chicken lysozyme; hydrophobicity; internal packing;	PROTEIN SCI 4, 2050-2062 (1995) PMID: 8535241	Shih P, Holland DR, Kirsch JF
16609	Lysozyme	P00698	S109A (PDB: S91A)	Gallus gallus (Chicken)	4LYZ	S91A	Coil	0.85	6.4	74	-0.15	-	-	yes	8535241	buried water; chicken lysozyme; hydrophobicity; internal packing;	PROTEIN SCI 4, 2050-2062 (1995) PMID: 8535241	Shih P, Holland DR, Kirsch JF
16610	Lysozyme	P00698	T58S (PDB: T40S)	Gallus gallus (Chicken)	4LYZ	T40S	Turn	0.0	6.4	74	-0.27	-	-	yes	8535241	buried water; chicken lysozyme; hydrophobicity; internal packing;	PROTEIN SCI 4, 2050-2062 (1995) PMID: 8535241	Shih P, Holland DR, Kirsch JF
16612	Lysozyme	P00698	I73L (PDB: I55L)	Gallus gallus (Chicken)	4LYZ	I55L	Helix	2.16	6.4	74	-0.45	-	-	yes	8535241	buried water; chicken lysozyme; hydrophobicity; internal packing;	PROTEIN SCI 4, 2050-2062 (1995) PMID: 8535241	Shih P, Holland DR, Kirsch JF
16615	Lysozyme	P00698	I73V (PDB: I55V)	Gallus gallus (Chicken)	4LYZ	I55V	Helix	2.16	6.4	74	-0.91	-	-	yes	8535241	buried water; chicken lysozyme; hydrophobicity; internal packing;	PROTEIN SCI 4, 2050-2062 (1995) PMID: 8535241	Shih P, Holland DR, Kirsch JF
16620	Lysozyme	P00698	T58I (PDB: T40I)	Gallus gallus (Chicken)	4LYZ	T40I	Turn	0.0	6.4	74	-2.2	-	-	yes	8535241	buried water; chicken lysozyme; hydrophobicity; internal packing;	PROTEIN SCI 4, 2050-2062 (1995) PMID: 8535241	Shih P, Holland DR, Kirsch JF
16621	Lysozyme	P00698	I73M (PDB: I55M)	Gallus gallus (Chicken)	4LYZ	I55M	Helix	2.16	6.4	74	-2.27	-	-	yes	8535241	buried water; chicken lysozyme; hydrophobicity; internal packing;	PROTEIN SCI 4, 2050-2062 (1995) PMID: 8535241	Shih P, Holland DR, Kirsch JF
16622	Lysozyme	P00698	S109D (PDB: S91D)	Gallus gallus (Chicken)	4LYZ	S91D	Coil	0.85	6.4	74	-2.31	-	-	yes	8535241	buried water; chicken lysozyme; hydrophobicity; internal packing;	PROTEIN SCI 4, 2050-2062 (1995) PMID: 8535241	Shih P, Holland DR, Kirsch JF
16623	Lysozyme	P00698	I73F (PDB: I55F)	Gallus gallus (Chicken)	4LYZ	I55F	Helix	2.16	6.4	74	-2.46	-	-	yes	8535241	buried water; chicken lysozyme; hydrophobicity; internal packing;	PROTEIN SCI 4, 2050-2062 (1995) PMID: 8535241	Shih P, Holland DR, Kirsch JF
16625	Lysozyme	P00698	S109Y (PDB: S91Y)	Gallus gallus (Chicken)	4LYZ	S91Y	Coil	0.85	6.4	74	-3.07	-	-	yes	8535241	buried water; chicken lysozyme; hydrophobicity; internal packing;	PROTEIN SCI 4, 2050-2062 (1995) PMID: 8535241	Shih P, Holland DR, Kirsch JF
16626	Lysozyme	P00698	I73A (PDB: I55A)	Gallus gallus (Chicken)	4LYZ	I55A	Helix	2.16	6.4	74	-4.4	-	-	yes	8535241	buried water; chicken lysozyme; hydrophobicity; internal packing;	PROTEIN SCI 4, 2050-2062 (1995) PMID: 8535241	Shih P, Holland DR, Kirsch JF
16627	Lysozyme	P00698	I73T (PDB: I55T)	Gallus gallus (Chicken)	4LYZ	I55T	Helix	2.16	6.4	74	-4.96	-	-	yes	8535241	buried water; chicken lysozyme; hydrophobicity; internal packing;	PROTEIN SCI 4, 2050-2062 (1995) PMID: 8535241	Shih P, Holland DR, Kirsch JF
16628	Phosphocarrier protein - HPr protein	P08877	S46D (PDB: S46D)	Bacillus subtilis (strain 168)	2HPR	S46D	Coil	37.54	7.0	73.6	0.7	-	-	yes	8580838	NMR; protein dynamics; protein phosphorylation; protein stability;	PROTEIN SCI 4, 2478-2486 (1995) PMID: 8580838	Pullen K, Rajagopal P, Branchini BR, Huffine ME, Reizer J, Saier MH Jr,
16630	Trypsin inhibitor	P00974	G71S (PDB: G36S)	Bos taurus (Bovine)	1BPI	G36S	Helix	1.27	4.6	72.6	-0.7	-	-	yes	7683491	internal hydration; protein structure; thermal stability; BPTI	BIOCHEMISTRY 32, 4564-4570 (1993) PMID: 7683491	Berndt K.D., Beunink J., Schroeder W. & Wuethrich K.
16632	Cold shock protein	P41016	Q2L (PDB: Q2L)	Bacillus caldolyticus	1C9O	Q2L	Sheet	41.99	7.0	70	0.55	-	-	yes	11800561	cold shock protein; protein stability; coulombic interactions; thermostable protein	J MOL BIOL 313 343-357 (2001) PMID: 11800561	Perl D, Schmid FX
16633	Cold shock protein	P41016	R3L (PDB: R3L)	Bacillus caldolyticus	1C9O	R3L	Sheet	45.41	7.0	70	-0.93	-	-	yes	11800561	cold shock protein; protein stability; coulombic interactions; thermostable protein	J MOL BIOL 313 343-357 (2001) PMID: 11800561	Perl D, Schmid FX
16634	Cold shock protein	P41016	R3K (PDB: R3K)	Bacillus caldolyticus	1C9O	R3K	Sheet	45.41	7.0	70	-0.19	-	-	yes	11800561	cold shock protein; protein stability; coulombic interactions; thermostable protein	J MOL BIOL 313 343-357 (2001) PMID: 11800561	Perl D, Schmid FX
16635	Cold shock protein	P41016	N11S (PDB: N11S)	Bacillus caldolyticus	1C9O	N11S	Turn	84.7	7.0	70	0.33	-	-	yes	11800561	cold shock protein; protein stability; coulombic interactions; thermostable protein	J MOL BIOL 313 343-357 (2001) PMID: 11800561	Perl D, Schmid FX
16636	Cold shock protein	P41016	Y15F (PDB: Y15F)	Bacillus caldolyticus	1C9O	Y15F	Sheet	36.03	7.0	70	-0.05	-	-	yes	11800561	cold shock protein; protein stability; coulombic interactions; thermostable protein	J MOL BIOL 313 343-357 (2001) PMID: 11800561	Perl D, Schmid FX
16637	Cold shock protein	P41016	E21A (PDB: E21A)	Bacillus caldolyticus	1C9O	E21A	Sheet	80.14	7.0	70	-0.29	-	-	yes	11800561	cold shock protein; protein stability; coulombic interactions; thermostable protein	J MOL BIOL 313 343-357 (2001) PMID: 11800561	Perl D, Schmid FX
16638	Cold shock protein	P41016	G23Q (PDB: G23Q)	Bacillus caldolyticus	1C9O	G23Q	Helix	53.37	7.0	70	-0.29	-	-	yes	11800561	cold shock protein; protein stability; coulombic interactions; thermostable protein	J MOL BIOL 313 343-357 (2001) PMID: 11800561	Perl D, Schmid FX
16640	Cold shock protein	P41016	S24D (PDB: S24D)	Bacillus caldolyticus	1C9O	S24D	Coil	87.88	7.0	70	0.22	-	-	yes	11800561	cold shock protein; protein stability; coulombic interactions; thermostable protein	J MOL BIOL 313 343-357 (2001) PMID: 11800561	Perl D, Schmid FX
16641	Cold shock protein	P41016	T31S (PDB: T31S)	Bacillus caldolyticus	1C9O	T31S	Turn	16.58	7.0	70	0.17	-	-	yes	11800561	cold shock protein; protein stability; coulombic interactions; thermostable protein	J MOL BIOL 313 343-357 (2001) PMID: 11800561	Perl D, Schmid FX
16642	Cold shock protein	P41016	E46A (PDB: E46A)	Bacillus caldolyticus	1C9O	E46A	Sheet	45.79	7.0	70	-0.22	-	-	yes	11800561	cold shock protein; protein stability; coulombic interactions; thermostable protein	J MOL BIOL 313 343-357 (2001) PMID: 11800561	Perl D, Schmid FX
16644	Cold shock protein	P41016	Q53E (PDB: Q53E)	Bacillus caldolyticus	1C9O	Q53E	Sheet	48.71	7.0	70	-0.1	-	-	yes	11800561	cold shock protein; protein stability; coulombic interactions; thermostable protein	J MOL BIOL 313 343-357 (2001) PMID: 11800561	Perl D, Schmid FX
16645	Cold shock protein	P41016	V64T (PDB: V64T)	Bacillus caldolyticus	1C9O	V64T	Sheet	33.83	7.0	70	-0.26	-	-	yes	11800561	cold shock protein; protein stability; coulombic interactions; thermostable protein	J MOL BIOL 313 343-357 (2001) PMID: 11800561	Perl D, Schmid FX
16646	Cold shock protein	P41016	L66A (PDB: L66A)	Bacillus caldolyticus	1C9O	L66A	Coil	69.91	7.0	70	0.02	-	-	yes	11800561	cold shock protein; protein stability; coulombic interactions; thermostable protein	J MOL BIOL 313 343-357 (2001) PMID: 11800561	Perl D, Schmid FX
16651	Cold shock protein	P41016	Q2L (PDB: Q2L)	Bacillus caldolyticus	1C9O	Q2L	Sheet	41.99	7.0	70	0.29	-	-	yes	11800561	cold shock protein; protein stability; coulombic interactions; thermostable protein	J MOL BIOL 313 343-357 (2001) PMID: 11800561	Perl D, Schmid FX
16652	Cold shock protein	P41016	R3E (PDB: R3E)	Bacillus caldolyticus	1C9O	R3E	Sheet	45.41	7.0	70	-1	-	-	yes	11800561	cold shock protein; protein stability; coulombic interactions; thermostable protein	J MOL BIOL 313 343-357 (2001) PMID: 11800561	Perl D, Schmid FX
16655	Cold shock protein	P41016	R3L (PDB: R3L)	Bacillus caldolyticus	1C9O	R3L	Sheet	45.41	7.0	70	-0.22	-	-	yes	11800561	cold shock protein; protein stability; coulombic interactions; thermostable protein	J MOL BIOL 313 343-357 (2001) PMID: 11800561	Perl D, Schmid FX
16656	Cold shock protein	P41016	R3K (PDB: R3K)	Bacillus caldolyticus	1C9O	R3K	Sheet	45.41	7.0	70	-0.14	-	-	yes	11800561	cold shock protein; protein stability; coulombic interactions; thermostable protein	J MOL BIOL 313 343-357 (2001) PMID: 11800561	Perl D, Schmid FX
16657	Cold shock protein	P41016	R3A (PDB: R3A)	Bacillus caldolyticus	1C9O	R3A	Sheet	45.41	7.0	70	-1.05	-	-	yes	11800561	cold shock protein; protein stability; coulombic interactions; thermostable protein	J MOL BIOL 313 343-357 (2001) PMID: 11800561	Perl D, Schmid FX
16658	Cold shock protein	P41016	N11S (PDB: N11S)	Bacillus caldolyticus	1C9O	N11S	Turn	84.7	7.0	70	0.22	-	-	yes	11800561	cold shock protein; protein stability; coulombic interactions; thermostable protein	J MOL BIOL 313 343-357 (2001) PMID: 11800561	Perl D, Schmid FX
16659	Cold shock protein	P41016	Y15F (PDB: Y15F)	Bacillus caldolyticus	1C9O	Y15F	Sheet	36.03	7.0	70	0.07	-	-	yes	11800561	cold shock protein; protein stability; coulombic interactions; thermostable protein	J MOL BIOL 313 343-357 (2001) PMID: 11800561	Perl D, Schmid FX
16660	Cold shock protein	P41016	E21A (PDB: E21A)	Bacillus caldolyticus	1C9O	E21A	Sheet	80.14	7.0	70	-0.29	-	-	yes	11800561	cold shock protein; protein stability; coulombic interactions; thermostable protein	J MOL BIOL 313 343-357 (2001) PMID: 11800561	Perl D, Schmid FX
16661	Cold shock protein	P41016	G23Q (PDB: G23Q)	Bacillus caldolyticus	1C9O	G23Q	Helix	53.37	7.0	70	-0.31	-	-	yes	11800561	cold shock protein; protein stability; coulombic interactions; thermostable protein	J MOL BIOL 313 343-357 (2001) PMID: 11800561	Perl D, Schmid FX
16663	Cold shock protein	P41016	S24D (PDB: S24D)	Bacillus caldolyticus	1C9O	S24D	Coil	87.88	7.0	70	0.19	-	-	yes	11800561	cold shock protein; protein stability; coulombic interactions; thermostable protein	J MOL BIOL 313 343-357 (2001) PMID: 11800561	Perl D, Schmid FX
16664	Cold shock protein	P41016	T31S (PDB: T31S)	Bacillus caldolyticus	1C9O	T31S	Turn	16.58	7.0	70	0.19	-	-	yes	11800561	cold shock protein; protein stability; coulombic interactions; thermostable protein	J MOL BIOL 313 343-357 (2001) PMID: 11800561	Perl D, Schmid FX
16665	Cold shock protein	P41016	E46A (PDB: E46A)	Bacillus caldolyticus	1C9O	E46A	Sheet	45.79	7.0	70	-0.12	-	-	yes	11800561	cold shock protein; protein stability; coulombic interactions; thermostable protein	J MOL BIOL 313 343-357 (2001) PMID: 11800561	Perl D, Schmid FX
16668	Cold shock protein	P41016	Q53E (PDB: Q53E)	Bacillus caldolyticus	1C9O	Q53E	Sheet	48.71	7.0	70	0	-	-	yes	11800561	cold shock protein; protein stability; coulombic interactions; thermostable protein	J MOL BIOL 313 343-357 (2001) PMID: 11800561	Perl D, Schmid FX
16669	Cold shock protein	P41016	V64T (PDB: V64T)	Bacillus caldolyticus	1C9O	V64T	Sheet	33.83	7.0	70	-0.19	-	-	yes	11800561	cold shock protein; protein stability; coulombic interactions; thermostable protein	J MOL BIOL 313 343-357 (2001) PMID: 11800561	Perl D, Schmid FX
16671	Cold shock protein	P41016	L66E (PDB: L66E)	Bacillus caldolyticus	1C9O	L66E	Coil	69.91	7.0	70	-1.27	-	-	yes	11800561	cold shock protein; protein stability; coulombic interactions; thermostable protein	J MOL BIOL 313 343-357 (2001) PMID: 11800561	Perl D, Schmid FX
16672	Cold shock protein	P41016	L66A (PDB: L66A)	Bacillus caldolyticus	1C9O	L66A	Coil	69.91	7.0	70	-0.07	-	-	yes	11800561	cold shock protein; protein stability; coulombic interactions; thermostable protein	J MOL BIOL 313 343-357 (2001) PMID: 11800561	Perl D, Schmid FX
16673	Cold shock protein	P32081	E3R (PDB: E3R)	Bacillus subtilis (strain 168)	1CSP	E3R	Sheet	42.93	7.0	70	0.76	-	-	yes	11800561	cold shock protein; protein stability; coulombic interactions; thermostable protein	J MOL BIOL 313 343-357 (2001) PMID: 11800561	Perl D, Schmid FX
16674	Cold shock protein	P32081	E3L (PDB: E3L)	Bacillus subtilis (strain 168)	1CSP	E3L	Sheet	42.93	7.0	70	0.41	-	-	yes	11800561	cold shock protein; protein stability; coulombic interactions; thermostable protein	J MOL BIOL 313 343-357 (2001) PMID: 11800561	Perl D, Schmid FX
16675	Cold shock protein	P32081	A46E (PDB: A46E)	Bacillus subtilis (strain 168)	1CSP	A46E	Sheet	18.15	7.0	70	0.02	-	-	yes	11800561	cold shock protein; protein stability; coulombic interactions; thermostable protein	J MOL BIOL 313 343-357 (2001) PMID: 11800561	Perl D, Schmid FX
16676	Cold shock protein	P32081	E66L (PDB: E66L)	Bacillus subtilis (strain 168)	1CSP	E66L	Sheet	22.9	7.0	70	1.43	-	-	yes	11800561	cold shock protein; protein stability; coulombic interactions; thermostable protein	J MOL BIOL 313 343-357 (2001) PMID: 11800561	Perl D, Schmid FX
16679	Lysozyme	P00720	C54V (PDB: C54V)	Enterobacteria phage T4 (Bacteriophage T4)	2LZM	C54V	Turn	2.85	6.5	70	-0.7	-	-	yes	3277175	folding thermodynamics; irreversible inactivation;	PROC NATL ACAD SCI U S A 85, 401-405 (1988) PMID: 3277175	Wetzel R., Perry L.J., Baase W.A. & Becktel W.J.
16680	Lysozyme	P00720	C54T (PDB: C54T)	Enterobacteria phage T4 (Bacteriophage T4)	2LZM	C54T	Turn	2.85	6.5	70	0.3	-	-	yes	3277175	folding thermodynamics; irreversible inactivation;	PROC NATL ACAD SCI U S A 85, 401-405 (1988) PMID: 3277175	Wetzel R., Perry L.J., Baase W.A. & Becktel W.J.
16681	Lysozyme	P00720	R96H (PDB: R96H)	Enterobacteria phage T4 (Bacteriophage T4)	2LZM	R96H	Helix	34.06	6.5	70	-2.8	-	-	yes	3277175	folding thermodynamics; irreversible inactivation;	PROC NATL ACAD SCI U S A 85, 401-405 (1988) PMID: 3277175	Wetzel R., Perry L.J., Baase W.A. & Becktel W.J.
16682	Lysozyme	P00720	A146T (PDB: A146T)	Enterobacteria phage T4 (Bacteriophage T4)	2LZM	A146T	Helix	0.0	6.5	70	-1.5	-	-	yes	3277175	folding thermodynamics; irreversible inactivation;	PROC NATL ACAD SCI U S A 85, 401-405 (1988) PMID: 3277175	Wetzel R., Perry L.J., Baase W.A. & Becktel W.J.
16684	Superoxide dismutase [Mn]	P04179	I82T (PDB: I58T)	Homo sapiens (Human)	1N0J	I58T	Helix	52.43	7.8	70	-2.7	-	-	yes	8605177	manganese superoxide dismutase; tetrameric interface;	BIOCHEMISTRY 35, 4287-4297 (1996) PMID: 8605177	Borgstahl GE, Parge HE, Hickey MJ, Johnson MJ, Boissinot M,
16685	Cold shock protein	P41016	Q2L (PDB: Q2L)	Bacillus caldolyticus	1C9O	Q2L	Sheet	41.99	7.0	70	0.55	-	-	yes	10802734	systematic mutagenesis; surface-exposed residues;	NAT STRUCT BIOL 7, 380-383 (2000) PMID: 10802734	Perl D, Mueller U, Heinemann U, Schmid FX
16686	Cold shock protein	P41016	N11S (PDB: N11S)	Bacillus caldolyticus	1C9O	N11S	Turn	84.7	7.0	70	0.33	-	-	yes	10802734	systematic mutagenesis; surface-exposed residues;	NAT STRUCT BIOL 7, 380-383 (2000) PMID: 10802734	Perl D, Mueller U, Heinemann U, Schmid FX
16687	Cold shock protein	P41016	Y15F (PDB: Y15F)	Bacillus caldolyticus	1C9O	Y15F	Sheet	36.03	7.0	70	-0.05	-	-	yes	10802734	systematic mutagenesis; surface-exposed residues;	NAT STRUCT BIOL 7, 380-383 (2000) PMID: 10802734	Perl D, Mueller U, Heinemann U, Schmid FX
16688	Cold shock protein	P41016	G23Q (PDB: G23Q)	Bacillus caldolyticus	1C9O	G23Q	Helix	53.37	7.0	70	-0.29	-	-	yes	10802734	systematic mutagenesis; surface-exposed residues;	NAT STRUCT BIOL 7, 380-383 (2000) PMID: 10802734	Perl D, Mueller U, Heinemann U, Schmid FX
16689	Cold shock protein	P41016	S24D (PDB: S24D)	Bacillus caldolyticus	1C9O	S24D	Coil	87.88	7.0	70	0.22	-	-	yes	10802734	systematic mutagenesis; surface-exposed residues;	NAT STRUCT BIOL 7, 380-383 (2000) PMID: 10802734	Perl D, Mueller U, Heinemann U, Schmid FX
16690	Cold shock protein	P41016	T31S (PDB: T31S)	Bacillus caldolyticus	1C9O	T31S	Turn	16.58	7.0	70	0.17	-	-	yes	10802734	systematic mutagenesis; surface-exposed residues;	NAT STRUCT BIOL 7, 380-383 (2000) PMID: 10802734	Perl D, Mueller U, Heinemann U, Schmid FX
16691	Cold shock protein	P41016	E46A (PDB: E46A)	Bacillus caldolyticus	1C9O	E46A	Sheet	45.79	7.0	70	-0.22	-	-	yes	10802734	systematic mutagenesis; surface-exposed residues;	NAT STRUCT BIOL 7, 380-383 (2000) PMID: 10802734	Perl D, Mueller U, Heinemann U, Schmid FX
16692	Cold shock protein	P41016	Q53E (PDB: Q53E)	Bacillus caldolyticus	1C9O	Q53E	Sheet	48.71	7.0	70	-0.1	-	-	yes	10802734	systematic mutagenesis; surface-exposed residues;	NAT STRUCT BIOL 7, 380-383 (2000) PMID: 10802734	Perl D, Mueller U, Heinemann U, Schmid FX
16693	Cold shock protein	P41016	V64T (PDB: V64T)	Bacillus caldolyticus	1C9O	V64T	Sheet	33.83	7.0	70	-0.26	-	-	yes	10802734	systematic mutagenesis; surface-exposed residues;	NAT STRUCT BIOL 7, 380-383 (2000) PMID: 10802734	Perl D, Mueller U, Heinemann U, Schmid FX
16696	Cold shock protein	P41016	Q2L (PDB: Q2L)	Bacillus caldolyticus	1C9O	Q2L	Sheet	41.99	7.0	70	0.29	-	-	yes	10802734	systematic mutagenesis; surface-exposed residues;	NAT STRUCT BIOL 7, 380-383 (2000) PMID: 10802734	Perl D, Mueller U, Heinemann U, Schmid FX
16697	Cold shock protein	P41016	R3E (PDB: R3E)	Bacillus caldolyticus	1C9O	R3E	Sheet	45.41	7.0	70	-1	-	-	yes	10802734	systematic mutagenesis; surface-exposed residues;	NAT STRUCT BIOL 7, 380-383 (2000) PMID: 10802734	Perl D, Mueller U, Heinemann U, Schmid FX
16698	Cold shock protein	P41016	N11S (PDB: N11S)	Bacillus caldolyticus	1C9O	N11S	Turn	84.7	7.0	70	0.22	-	-	yes	10802734	systematic mutagenesis; surface-exposed residues;	NAT STRUCT BIOL 7, 380-383 (2000) PMID: 10802734	Perl D, Mueller U, Heinemann U, Schmid FX
16699	Cold shock protein	P41016	Y15F (PDB: Y15F)	Bacillus caldolyticus	1C9O	Y15F	Sheet	36.03	7.0	70	0.07	-	-	yes	10802734	systematic mutagenesis; surface-exposed residues;	NAT STRUCT BIOL 7, 380-383 (2000) PMID: 10802734	Perl D, Mueller U, Heinemann U, Schmid FX
16700	Cold shock protein	P41016	G23Q (PDB: G23Q)	Bacillus caldolyticus	1C9O	G23Q	Helix	53.37	7.0	70	-0.31	-	-	yes	10802734	systematic mutagenesis; surface-exposed residues;	NAT STRUCT BIOL 7, 380-383 (2000) PMID: 10802734	Perl D, Mueller U, Heinemann U, Schmid FX
16701	Cold shock protein	P41016	S24D (PDB: S24D)	Bacillus caldolyticus	1C9O	S24D	Coil	87.88	7.0	70	0.19	-	-	yes	10802734	systematic mutagenesis; surface-exposed residues;	NAT STRUCT BIOL 7, 380-383 (2000) PMID: 10802734	Perl D, Mueller U, Heinemann U, Schmid FX
16702	Cold shock protein	P41016	T31S (PDB: T31S)	Bacillus caldolyticus	1C9O	T31S	Turn	16.58	7.0	70	0.19	-	-	yes	10802734	systematic mutagenesis; surface-exposed residues;	NAT STRUCT BIOL 7, 380-383 (2000) PMID: 10802734	Perl D, Mueller U, Heinemann U, Schmid FX
16703	Cold shock protein	P41016	E46A (PDB: E46A)	Bacillus caldolyticus	1C9O	E46A	Sheet	45.79	7.0	70	-0.12	-	-	yes	10802734	systematic mutagenesis; surface-exposed residues;	NAT STRUCT BIOL 7, 380-383 (2000) PMID: 10802734	Perl D, Mueller U, Heinemann U, Schmid FX
16704	Cold shock protein	P41016	Q53E (PDB: Q53E)	Bacillus caldolyticus	1C9O	Q53E	Sheet	48.71	7.0	70	0	-	-	yes	10802734	systematic mutagenesis; surface-exposed residues;	NAT STRUCT BIOL 7, 380-383 (2000) PMID: 10802734	Perl D, Mueller U, Heinemann U, Schmid FX
16705	Cold shock protein	P41016	V64T (PDB: V64T)	Bacillus caldolyticus	1C9O	V64T	Sheet	33.83	7.0	70	-0.19	-	-	yes	10802734	systematic mutagenesis; surface-exposed residues;	NAT STRUCT BIOL 7, 380-383 (2000) PMID: 10802734	Perl D, Mueller U, Heinemann U, Schmid FX
16706	Cold shock protein	P41016	L66E (PDB: L66E)	Bacillus caldolyticus	1C9O	L66E	Coil	69.91	7.0	70	-1.27	-	-	yes	10802734	systematic mutagenesis; surface-exposed residues;	NAT STRUCT BIOL 7, 380-383 (2000) PMID: 10802734	Perl D, Mueller U, Heinemann U, Schmid FX
16707	Cold shock protein	P41016	L66A (PDB: L66A)	Bacillus caldolyticus	1C9O	L66A	Coil	69.91	7.0	70	-0.07	-	-	yes	10802734	systematic mutagenesis; surface-exposed residues;	NAT STRUCT BIOL 7, 380-383 (2000) PMID: 10802734	Perl D, Mueller U, Heinemann U, Schmid FX
16709	Cold shock protein	P32081	E3R (PDB: E3R)	Bacillus subtilis (strain 168)	1CSP	E3R	Sheet	42.93	7.0	70	0.76	-	-	yes	10802734	systematic mutagenesis; surface-exposed residues;	NAT STRUCT BIOL 7, 380-383 (2000) PMID: 10802734	Perl D, Mueller U, Heinemann U, Schmid FX
16710	Cold shock protein	P32081	E66L (PDB: E66L)	Bacillus subtilis (strain 168)	1CSP	E66L	Sheet	22.9	7.0	70	1.43	-	-	yes	10802734	systematic mutagenesis; surface-exposed residues;	NAT STRUCT BIOL 7, 380-383 (2000) PMID: 10802734	Perl D, Mueller U, Heinemann U, Schmid FX
16712	Superoxide dismutase [Mn]	P04179	Y58F (PDB: Y34F)	Homo sapiens (Human)	1N0J	Y34F	Helix	6.55	7.8	70	12.7	-	2	Yes	9537987	crystallography, manganese superoxide dismutase, tyrosine 34, mutagenesis.	BIOCHEMISTRY 37, 4722-4730 (1998) PMID: 9537987	Guan Y, Hickey MJ, Borgstahl GE, Hallewell RA, Lepock JR, O'Connor D, Hsieh Y, Nick HS, Silverman DN, Tainer JA.
16713	Superoxide dismutase [Mn]	P04179	Q143N (PDB: Q143N)	Homo sapiens (Human)	1N0J	Q143N	Turn	0.0	7.8	70	2.79	-	2	Yes	9537988	manganese superoxide dismutase, glutamine 143, active site, mutagenesis.	BIOCHEMISTRY 37, 4731-4739 (1998) PMID: 9537988	Hsieh Y, Guan Y, Tu C, Bratt PJ, Angerhofer A, Lepock JR, Hickey MJ, Tainer JA, Nick HS, Silverman DN.
16719	Cold shock protein B	P32081	M1R (PDB: M1R)	Bacillus subtilis (strain 168)	1CSP	M1R	Coil	66.47	7.0	70	1.74	-	-	Unknown	15784264	protein stability; in vitro selection; phage display; electrostatic interactions; protein design	J MOL BIOL 347, 1063-1076 (2005) PMID: 15784264	Wunderlich M, Martin A, Schmid FX
16720	Cold shock protein B	P32081	E3K (PDB: E3K)	Bacillus subtilis (strain 168)	1CSP	E3K	Sheet	42.93	7.0	70	2.75	-	-	Unknown	15784264	protein stability; in vitro selection; phage display; electrostatic interactions; protein design	J MOL BIOL 347, 1063-1076 (2005) PMID: 15784264	Wunderlich M, Martin A, Schmid FX
16721	Cold shock protein B	P32081	K65I (PDB: K65I)	Bacillus subtilis (strain 168)	1CSP	K65I	Sheet	47.64	7.0	70	1.53	-	-	Unknown	15784264	protein stability; in vitro selection; phage display; electrostatic interactions; protein design	J MOL BIOL 347, 1063-1076 (2005) PMID: 15784264	Wunderlich M, Martin A, Schmid FX
16722	Cold shock protein B	P32081	E66K (PDB: E66K)	Bacillus subtilis (strain 168)	1CSP	E66K	Sheet	22.9	7.0	70	2.17	-	-	Unknown	15784264	protein stability; in vitro selection; phage display; electrostatic interactions; protein design	J MOL BIOL 347, 1063-1076 (2005) PMID: 15784264	Wunderlich M, Martin A, Schmid FX
16736	Cold shock protein B	P32081	E43S (PDB: E43S)	Bacillus subtilis (strain 168)	1CSP	E43S	Sheet	88.15	7.0	70	0.29	-	-	Unknown	15784264	protein stability; in vitro selection; phage display; electrostatic interactions; protein design	J MOL BIOL 347, 1063-1076 (2005) PMID: 15784264	Wunderlich M, Martin A, Schmid FX
16737	Cold shock protein B	P32081	A46K (PDB: A46K)	Bacillus subtilis (strain 168)	1CSP	A46K	Sheet	18.15	7.0	70	1.41	-	-	Unknown	15784264	protein stability; in vitro selection; phage display; electrostatic interactions; protein design	J MOL BIOL 347, 1063-1076 (2005) PMID: 15784264	Wunderlich M, Martin A, Schmid FX
16739	Cold shock protein B	P32081	S48R (PDB: S48R)	Bacillus subtilis (strain 168)	1CSP	S48R	Coil	31.57	7.0	70	1.58	-	-	Unknown	15784264	protein stability; in vitro selection; phage display; electrostatic interactions; protein design	J MOL BIOL 347, 1063-1076 (2005) PMID: 15784264	Wunderlich M, Martin A, Schmid FX
16748	Glutamate dehydrogenase	P96110	R191A (UniProt)	Thermotoga maritima (strain ATCC 43589 / MSB8 / DSM 3109 / JCM 10099)	1B26	-	Helix	0.44	7.0	69.5	-0.34	-	-	yes	12501181	ion-pair networks; hyperthermostable proteins; cooperative interactions; cofactor binding domain	BIOCHEMISTRY 41, 15524-15535 (2002) PMID: 12501181	Lebbink JH, Consalvi V, Chiaraluce R, Berndt KD, Ladenstein R.
16749	Glutamate dehydrogenase	P96110	E232A (UniProt)	Thermotoga maritima (strain ATCC 43589 / MSB8 / DSM 3109 / JCM 10099)	1B26	-	Sheet	47.51	7.0	69.5	-0.17	-	-	yes	12501181	ion-pair networks; hyperthermostable proteins; cooperative interactions; cofactor binding domain	BIOCHEMISTRY 41, 15524-15535 (2002) PMID: 12501181	Lebbink JH, Consalvi V, Chiaraluce R, Berndt KD, Ladenstein R.
16750	Glutamate dehydrogenase	P96110	K194A (UniProt)	Thermotoga maritima (strain ATCC 43589 / MSB8 / DSM 3109 / JCM 10099)	1B26	-	Helix	6.81	7.0	69.5	0.23	-	-	yes	12501181	ion-pair networks; hyperthermostable proteins; cooperative interactions; cofactor binding domain	BIOCHEMISTRY 41, 15524-15535 (2002) PMID: 12501181	Lebbink JH, Consalvi V, Chiaraluce R, Berndt KD, Ladenstein R.
16755	Regulatory protein rop (RNA one modulator) (ROM)	P03051	D30G (PDB: D30G)	Escherichia coli	1ROP	D30G	Turn	97.15	7.0	69	2	-	-	Unknown	8548455	protein stability; four-helix bundle; Rop; turns;	NAT STRUCT BIOL 3, 54-58 (1996) PMID: 8548455	Predki PF, Agrawal V, Brunger AT, Regan L
16756	Regulatory protein rop (RNA one modulator) (ROM)	P03051	D30Q (PDB: D30Q)	Escherichia coli	1ROP	D30Q	Turn	97.15	7.0	69	1.8	-	-	Unknown	8548455	protein stability; four-helix bundle; Rop; turns;	NAT STRUCT BIOL 3, 54-58 (1996) PMID: 8548455	Predki PF, Agrawal V, Brunger AT, Regan L
16757	Regulatory protein rop (RNA one modulator) (ROM)	P03051	D30E (PDB: D30E)	Escherichia coli	1ROP	D30E	Turn	97.15	7.0	69	1	-	-	Unknown	8548455	protein stability; four-helix bundle; Rop; turns;	NAT STRUCT BIOL 3, 54-58 (1996) PMID: 8548455	Predki PF, Agrawal V, Brunger AT, Regan L
16758	Regulatory protein rop (RNA one modulator) (ROM)	P03051	D30S (PDB: D30S)	Escherichia coli	1ROP	D30S	Turn	97.15	7.0	69	1	-	-	Unknown	8548455	protein stability; four-helix bundle; Rop; turns;	NAT STRUCT BIOL 3, 54-58 (1996) PMID: 8548455	Predki PF, Agrawal V, Brunger AT, Regan L
16759	Regulatory protein rop (RNA one modulator) (ROM)	P03051	D30K (PDB: D30K)	Escherichia coli	1ROP	D30K	Turn	97.15	7.0	69	0.9	-	-	Unknown	8548455	protein stability; four-helix bundle; Rop; turns;	NAT STRUCT BIOL 3, 54-58 (1996) PMID: 8548455	Predki PF, Agrawal V, Brunger AT, Regan L
16760	Regulatory protein rop (RNA one modulator) (ROM)	P03051	D30H (PDB: D30H)	Escherichia coli	1ROP	D30H	Turn	97.15	7.0	69	0.9	-	-	Unknown	8548455	protein stability; four-helix bundle; Rop; turns;	NAT STRUCT BIOL 3, 54-58 (1996) PMID: 8548455	Predki PF, Agrawal V, Brunger AT, Regan L
16761	Regulatory protein rop (RNA one modulator) (ROM)	P03051	D30C (PDB: D30C)	Escherichia coli	1ROP	D30C	Turn	97.15	7.0	69	0.8	-	-	Unknown	8548455	protein stability; four-helix bundle; Rop; turns;	NAT STRUCT BIOL 3, 54-58 (1996) PMID: 8548455	Predki PF, Agrawal V, Brunger AT, Regan L
16762	Regulatory protein rop (RNA one modulator) (ROM)	P03051	D30R (PDB: D30R)	Escherichia coli	1ROP	D30R	Turn	97.15	7.0	69	0.8	-	-	Unknown	8548455	protein stability; four-helix bundle; Rop; turns;	NAT STRUCT BIOL 3, 54-58 (1996) PMID: 8548455	Predki PF, Agrawal V, Brunger AT, Regan L
16763	Regulatory protein rop (RNA one modulator) (ROM)	P03051	D30N (PDB: D30N)	Escherichia coli	1ROP	D30N	Turn	97.15	7.0	69	0.8	-	-	Unknown	8548455	protein stability; four-helix bundle; Rop; turns;	NAT STRUCT BIOL 3, 54-58 (1996) PMID: 8548455	Predki PF, Agrawal V, Brunger AT, Regan L
16764	Regulatory protein rop (RNA one modulator) (ROM)	P03051	D30M (PDB: D30M)	Escherichia coli	1ROP	D30M	Turn	97.15	7.0	69	0.6	-	-	Unknown	8548455	protein stability; four-helix bundle; Rop; turns;	NAT STRUCT BIOL 3, 54-58 (1996) PMID: 8548455	Predki PF, Agrawal V, Brunger AT, Regan L
16765	Regulatory protein rop (RNA one modulator) (ROM)	P03051	D30A (PDB: D30A)	Escherichia coli	1ROP	D30A	Turn	97.15	7.0	69	0.3	-	-	Unknown	8548455	protein stability; four-helix bundle; Rop; turns;	NAT STRUCT BIOL 3, 54-58 (1996) PMID: 8548455	Predki PF, Agrawal V, Brunger AT, Regan L
16766	Regulatory protein rop (RNA one modulator) (ROM)	P03051	D30Y (PDB: D30Y)	Escherichia coli	1ROP	D30Y	Turn	97.15	7.0	69	0.2	-	-	Unknown	8548455	protein stability; four-helix bundle; Rop; turns;	NAT STRUCT BIOL 3, 54-58 (1996) PMID: 8548455	Predki PF, Agrawal V, Brunger AT, Regan L
16767	Regulatory protein rop (RNA one modulator) (ROM)	P03051	D30L (PDB: D30L)	Escherichia coli	1ROP	D30L	Turn	97.15	7.0	69	-0.1	-	-	Unknown	8548455	protein stability; four-helix bundle; Rop; turns;	NAT STRUCT BIOL 3, 54-58 (1996) PMID: 8548455	Predki PF, Agrawal V, Brunger AT, Regan L
16768	Regulatory protein rop (RNA one modulator) (ROM)	P03051	D30F (PDB: D30F)	Escherichia coli	1ROP	D30F	Turn	97.15	7.0	69	-0.1	-	-	Unknown	8548455	protein stability; four-helix bundle; Rop; turns;	NAT STRUCT BIOL 3, 54-58 (1996) PMID: 8548455	Predki PF, Agrawal V, Brunger AT, Regan L
16769	Regulatory protein rop (RNA one modulator) (ROM)	P03051	D30T (PDB: D30T)	Escherichia coli	1ROP	D30T	Turn	97.15	7.0	69	-0.4	-	-	Unknown	8548455	protein stability; four-helix bundle; Rop; turns;	NAT STRUCT BIOL 3, 54-58 (1996) PMID: 8548455	Predki PF, Agrawal V, Brunger AT, Regan L
16770	Regulatory protein rop (RNA one modulator) (ROM)	P03051	D30V (PDB: D30V)	Escherichia coli	1ROP	D30V	Turn	97.15	7.0	69	-0.4	-	-	Unknown	8548455	protein stability; four-helix bundle; Rop; turns;	NAT STRUCT BIOL 3, 54-58 (1996) PMID: 8548455	Predki PF, Agrawal V, Brunger AT, Regan L
16771	Regulatory protein rop (RNA one modulator) (ROM)	P03051	D30W (PDB: D30W)	Escherichia coli	1ROP	D30W	Turn	97.15	7.0	69	-0.4	-	-	Unknown	8548455	protein stability; four-helix bundle; Rop; turns;	NAT STRUCT BIOL 3, 54-58 (1996) PMID: 8548455	Predki PF, Agrawal V, Brunger AT, Regan L
16772	Regulatory protein rop (RNA one modulator) (ROM)	P03051	D30I (PDB: D30I)	Escherichia coli	1ROP	D30I	Turn	97.15	7.0	69	-0.8	-	-	Unknown	8548455	protein stability; four-helix bundle; Rop; turns;	NAT STRUCT BIOL 3, 54-58 (1996) PMID: 8548455	Predki PF, Agrawal V, Brunger AT, Regan L
16773	Regulatory protein rop (RNA one modulator) (ROM)	P03051	D30P (PDB: D30P)	Escherichia coli	1ROP	D30P	Turn	97.15	7.0	69	-1.6	-	-	Unknown	8548455	protein stability; four-helix bundle; Rop; turns;	NAT STRUCT BIOL 3, 54-58 (1996) PMID: 8548455	Predki PF, Agrawal V, Brunger AT, Regan L
16775	Lysozyme	P61626	P89G (PDB: P71G)	Homo sapiens (Human)	1LZ1	P71G	Turn	47.92	2.8	68.8	-1.6	-	-	yes	1643041	human lysozyme; proline; protein stability; accessibility;	BIOCHEMISTRY 31, 7077-7085 (1992) PMID: 1643041	Herning T., Yutani K., Inaka K.,Kuroki R., Matsushima M. &
16776	Lysozyme	P61626	P121G (PDB: P103G)	Homo sapiens (Human)	1LZ1	P103G	Turn	95.14	2.8	68.8	-0.1	-	-	yes	1643041	human lysozyme; proline; protein stability; accessibility;	BIOCHEMISTRY 31, 7077-7085 (1992) PMID: 1643041	Herning T., Yutani K., Inaka K.,Kuroki R., Matsushima M. &
16778	Lysozyme	P61626	D109P (PDB: D91P)	Homo sapiens (Human)	1LZ1	D91P	Helix	41.64	2.8	68.8	-0.4	-	-	yes	1643041	human lysozyme; proline; protein stability; accessibility;	BIOCHEMISTRY 31, 7077-7085 (1992) PMID: 1643041	Herning T., Yutani K., Inaka K.,Kuroki R., Matsushima M. &
16779	Lysozyme	P61626	A65P (PDB: A47P)	Homo sapiens (Human)	1LZ1	A47P	Coil	69.87	2.8	68.8	0.1	-	-	yes	1643041	human lysozyme; proline; protein stability; accessibility;	BIOCHEMISTRY 31, 7077-7085 (1992) PMID: 1643041	Herning T., Yutani K., Inaka K.,Kuroki R., Matsushima M. &
16780	Lysozyme	P61626	V128P (PDB: V110P)	Homo sapiens (Human)	1LZ1	V110P	Helix	50.75	2.8	68.8	0.5	-	-	yes	1643041	human lysozyme; proline; protein stability; accessibility;	BIOCHEMISTRY 31, 7077-7085 (1992) PMID: 1643041	Herning T., Yutani K., Inaka K.,Kuroki R., Matsushima M. &
16782	Cytochrome b5	P00171	V66E (PDB: V61E)	Bos taurus (Bovine)	1CYO	V61E	Turn	66.36	7.0	67.2	-1.1	-	-	Unknown	10508399	electronic spectra; protein structur; first-order rate constant;	BIOCHEMISTRY 38, 11961-11972 (1999) PMID: 10508399	Xue LL, Wang YH, Xie Y, Yao P, Wang WH, Qian W, Huang ZX, Wu J,
16783	Cytochrome b5	P00171	V66Y (PDB: V61Y)	Bos taurus (Bovine)	1CYO	V61Y	Turn	66.36	7.0	67.2	-1.29	-	-	Unknown	10508399	electronic spectra; protein structur; first-order rate constant;	BIOCHEMISTRY 38, 11961-11972 (1999) PMID: 10508399	Xue LL, Wang YH, Xie Y, Yao P, Wang WH, Qian W, Huang ZX, Wu J,
16784	Cytochrome b5	P00171	V66H (PDB: V61H)	Bos taurus (Bovine)	1CYO	V61H	Turn	66.36	7.0	67.2	-1.63	-	-	Unknown	10508399	electronic spectra; protein structur; first-order rate constant;	BIOCHEMISTRY 38, 11961-11972 (1999) PMID: 10508399	Xue LL, Wang YH, Xie Y, Yao P, Wang WH, Qian W, Huang ZX, Wu J,
16785	Cytochrome b5	P00171	V66K (PDB: V61K)	Bos taurus (Bovine)	1CYO	V61K	Turn	66.36	7.0	67.2	-2.34	-	-	Unknown	10508399	electronic spectra; protein structur; first-order rate constant;	BIOCHEMISTRY 38, 11961-11972 (1999) PMID: 10508399	Xue LL, Wang YH, Xie Y, Yao P, Wang WH, Qian W, Huang ZX, Wu J,
16786	Lysozyme	P00720	K16E (PDB: K16E)	Enterobacteria phage T4 (Bacteriophage T4)	2LZM	K16E	Sheet	58.34	5.3	66.7	0.5	-	-	yes	1942034	protein structure; electrostatics; lysozyme;	J MOL BIOL 221, 873-887 (1991) PMID: 1942034	Dao-pin S., Soderlind E., Baase W.A., Wozniak J.A., Sauer U. &
16787	Lysozyme	P00720	R119E (PDB: R119E)	Enterobacteria phage T4 (Bacteriophage T4)	2LZM	R119E	Helix	49.78	5.3	66.7	-0.04	-	-	yes	1942034	protein structure; electrostatics; lysozyme;	J MOL BIOL 221, 873-887 (1991) PMID: 1942034	Dao-pin S., Soderlind E., Baase W.A., Wozniak J.A., Sauer U. &
16788	Lysozyme	P00720	K135E (PDB: K135E)	Enterobacteria phage T4 (Bacteriophage T4)	2LZM	K135E	Coil	72.44	5.3	66.7	-1	-	-	yes	1942034	protein structure; electrostatics; lysozyme;	J MOL BIOL 221, 873-887 (1991) PMID: 1942034	Dao-pin S., Soderlind E., Baase W.A., Wozniak J.A., Sauer U. &
16789	Lysozyme	P00720	K147E (PDB: K147E)	Enterobacteria phage T4 (Bacteriophage T4)	2LZM	K147E	Helix	39.86	5.3	66.7	-0.7	-	-	yes	1942034	protein structure; electrostatics; lysozyme;	J MOL BIOL 221, 873-887 (1991) PMID: 1942034	Dao-pin S., Soderlind E., Baase W.A., Wozniak J.A., Sauer U. &
16790	Lysozyme	P00720	R154E (PDB: R154E)	Enterobacteria phage T4 (Bacteriophage T4)	2LZM	R154E	Helix	34.93	5.3	66.7	-1.1	-	-	yes	1942034	protein structure; electrostatics; lysozyme;	J MOL BIOL 221, 873-887 (1991) PMID: 1942034	Dao-pin S., Soderlind E., Baase W.A., Wozniak J.A., Sauer U. &
16799	Lysozyme	P00720	T115E (PDB: T115E)	Enterobacteria phage T4 (Bacteriophage T4)	2LZM	T115E	Turn	63.45	5.5	66.7	0	-	-	yes	1854726	salt bridges; T4 lysozyme; electrostatic interactions;	BIOCHEMISTRY 30, 7142-7153 (1991) PMID: 1854726	Dao-pin S., Sauer U., Nicholson H. & Matthews B.W.
16800	Lysozyme	P00720	Q123E (PDB: Q123E)	Enterobacteria phage T4 (Bacteriophage T4)	2LZM	Q123E	Helix	55.43	5.5	66.7	0.1	-	-	yes	1854726	salt bridges; T4 lysozyme; electrostatic interactions;	BIOCHEMISTRY 30, 7142-7153 (1991) PMID: 1854726	Dao-pin S., Sauer U., Nicholson H. & Matthews B.W.
16801	Lysozyme	P00720	N144E (PDB: N144E)	Enterobacteria phage T4 (Bacteriophage T4)	2LZM	N144E	Helix	75.14	5.5	66.7	0.5	-	-	yes	1854726	salt bridges; T4 lysozyme; electrostatic interactions;	BIOCHEMISTRY 30, 7142-7153 (1991) PMID: 1854726	Dao-pin S., Sauer U., Nicholson H. & Matthews B.W.
16803	Cytochrome b5	P00171	V50Y (PDB: V45Y)	Bos taurus (Bovine)	1CYO	V45Y	Helix	46.84	7.0	66.7	-1.53	-	-	Unknown	10631476	cytochrome b5; mutagenesis; redox potential; protein stability	BIOPHYS CHEM 83, 3-17 (2000) PMID: 10631476	Wang ZQ, Wang YH, Wang WH, Xue LL, Wu XZ, Xie Y, Huang ZX
16804	Cytochrome b5	P00171	V50H (PDB: V45H)	Bos taurus (Bovine)	1CYO	V45H	Helix	46.84	7.0	66.7	-1.34	-	-	Unknown	10631476	cytochrome b5; mutagenesis; redox potential; protein stability	BIOPHYS CHEM 83, 3-17 (2000) PMID: 10631476	Wang ZQ, Wang YH, Wang WH, Xue LL, Wu XZ, Xie Y, Huang ZX
16805	Cytochrome b5	P00171	V50E (PDB: V45E)	Bos taurus (Bovine)	1CYO	V45E	Helix	46.84	7.0	66.7	-2.68	-	-	Unknown	10631476	cytochrome b5; mutagenesis; redox potential; protein stability	BIOPHYS CHEM 83, 3-17 (2000) PMID: 10631476	Wang ZQ, Wang YH, Wang WH, Xue LL, Wu XZ, Xie Y, Huang ZX
16806	Lysozyme	P00720	S38D (PDB: S38D)	Enterobacteria phage T4 (Bacteriophage T4)	2LZM	S38D	Coil	46.08	5.4	66.51	0.6	-	-	Unknown	8771182	additivity; genetic engineering; lysozyme; thermostability;	PROTEIN ENG 8, 1017-1022 (1995) PMID: 8771182	Zhang XJ, Baase WA, Shoichet BK, Wilson KP, Matthews BW
16807	Lysozyme	P00720	A82P (PDB: A82P)	Enterobacteria phage T4 (Bacteriophage T4)	2LZM	A82P	Helix	78.95	5.4	66.51	0.57	-	-	Unknown	8771182	additivity; genetic engineering; lysozyme; thermostability;	PROTEIN ENG 8, 1017-1022 (1995) PMID: 8771182	Zhang XJ, Baase WA, Shoichet BK, Wilson KP, Matthews BW
16808	Lysozyme	P00720	N144D (PDB: N144D)	Enterobacteria phage T4 (Bacteriophage T4)	2LZM	N144D	Helix	75.14	5.4	66.51	0.41	-	-	Unknown	8771182	additivity; genetic engineering; lysozyme; thermostability;	PROTEIN ENG 8, 1017-1022 (1995) PMID: 8771182	Zhang XJ, Baase WA, Shoichet BK, Wilson KP, Matthews BW
16809	Lysozyme	P00720	I3L (PDB: I3L)	Enterobacteria phage T4 (Bacteriophage T4)	2LZM	I3L	Helix	10.81	5.4	66.51	0.7	-	-	Unknown	8771182	additivity; genetic engineering; lysozyme; thermostability;	PROTEIN ENG 8, 1017-1022 (1995) PMID: 8771182	Zhang XJ, Baase WA, Shoichet BK, Wilson KP, Matthews BW
16810	Lysozyme	P00720	V131A (PDB: V131A)	Enterobacteria phage T4 (Bacteriophage T4)	2LZM	V131A	Helix	58.56	5.4	66.51	0.39	-	-	Unknown	8771182	additivity; genetic engineering; lysozyme; thermostability;	PROTEIN ENG 8, 1017-1022 (1995) PMID: 8771182	Zhang XJ, Baase WA, Shoichet BK, Wilson KP, Matthews BW
16811	Lysozyme	P00720	A41V (PDB: A41V)	Enterobacteria phage T4 (Bacteriophage T4)	2LZM	A41V	Helix	29.95	5.4	66.51	0.3	-	-	Unknown	8771182	additivity; genetic engineering; lysozyme; thermostability;	PROTEIN ENG 8, 1017-1022 (1995) PMID: 8771182	Zhang XJ, Baase WA, Shoichet BK, Wilson KP, Matthews BW
16812	Lysozyme	P00720	N116D (PDB: N116D)	Enterobacteria phage T4 (Bacteriophage T4)	2LZM	N116D	Helix	60.11	5.4	66.51	0.6	-	-	Unknown	8771182	additivity; genetic engineering; lysozyme; thermostability;	PROTEIN ENG 8, 1017-1022 (1995) PMID: 8771182	Zhang XJ, Baase WA, Shoichet BK, Wilson KP, Matthews BW
16820	Lysozyme	P00720	E11F (PDB: E11F)	Enterobacteria phage T4 (Bacteriophage T4)	2LZM	E11F	Sheet	20.61	5.4	66.48	1.7	-	-	yes	7831309	T4 lysozyme; protein stability; protein function;	PROC NATL ACAD SCI U S A 92, 452-456 (1995) PMID: 7831309	Shoichet BK, Baase WA, Kuroki R, Matthews BW
16821	Lysozyme	P00720	E11M (PDB: E11M)	Enterobacteria phage T4 (Bacteriophage T4)	2LZM	E11M	Sheet	20.61	5.4	66.48	1.6	-	-	yes	7831309	T4 lysozyme; protein stability; protein function;	PROC NATL ACAD SCI U S A 92, 452-456 (1995) PMID: 7831309	Shoichet BK, Baase WA, Kuroki R, Matthews BW
16822	Lysozyme	P00720	E11A (PDB: E11A)	Enterobacteria phage T4 (Bacteriophage T4)	2LZM	E11A	Sheet	20.61	5.4	66.48	1.1	-	-	yes	7831309	T4 lysozyme; protein stability; protein function;	PROC NATL ACAD SCI U S A 92, 452-456 (1995) PMID: 7831309	Shoichet BK, Baase WA, Kuroki R, Matthews BW
16823	Lysozyme	P00720	G30A (PDB: G30A)	Enterobacteria phage T4 (Bacteriophage T4)	2LZM	G30A	Helix	20.33	5.4	66.48	0.1	-	-	yes	7831309	T4 lysozyme; protein stability; protein function;	PROC NATL ACAD SCI U S A 92, 452-456 (1995) PMID: 7831309	Shoichet BK, Baase WA, Kuroki R, Matthews BW
16824	Lysozyme	P00720	G30F (PDB: G30F)	Enterobacteria phage T4 (Bacteriophage T4)	2LZM	G30F	Helix	20.33	5.4	66.48	-1.5	-	-	yes	7831309	T4 lysozyme; protein stability; protein function;	PROC NATL ACAD SCI U S A 92, 452-456 (1995) PMID: 7831309	Shoichet BK, Baase WA, Kuroki R, Matthews BW
16825	Lysozyme	P00720	S117V (PDB: S117V)	Enterobacteria phage T4 (Bacteriophage T4)	2LZM	S117V	Coil	0.0	5.4	66.48	2	-	-	yes	7831309	T4 lysozyme; protein stability; protein function;	PROC NATL ACAD SCI U S A 92, 452-456 (1995) PMID: 7831309	Shoichet BK, Baase WA, Kuroki R, Matthews BW
16826	Lysozyme	P00720	S117I (PDB: S117I)	Enterobacteria phage T4 (Bacteriophage T4)	2LZM	S117I	Coil	0.0	5.4	66.48	1.7	-	-	yes	7831309	T4 lysozyme; protein stability; protein function;	PROC NATL ACAD SCI U S A 92, 452-456 (1995) PMID: 7831309	Shoichet BK, Baase WA, Kuroki R, Matthews BW
16827	Lysozyme	P00720	S117F (PDB: S117F)	Enterobacteria phage T4 (Bacteriophage T4)	2LZM	S117F	Coil	0.0	5.4	66.48	1.1	-	-	yes	7831309	T4 lysozyme; protein stability; protein function;	PROC NATL ACAD SCI U S A 92, 452-456 (1995) PMID: 7831309	Shoichet BK, Baase WA, Kuroki R, Matthews BW
16828	Lysozyme	P00720	N132M (PDB: N132M)	Enterobacteria phage T4 (Bacteriophage T4)	2LZM	N132M	Helix	30.74	5.4	66.48	1.5	-	-	yes	7831309	T4 lysozyme; protein stability; protein function;	PROC NATL ACAD SCI U S A 92, 452-456 (1995) PMID: 7831309	Shoichet BK, Baase WA, Kuroki R, Matthews BW
16829	Lysozyme	P00720	N132F (PDB: N132F)	Enterobacteria phage T4 (Bacteriophage T4)	2LZM	N132F	Helix	30.74	5.4	66.48	1.3	-	-	yes	7831309	T4 lysozyme; protein stability; protein function;	PROC NATL ACAD SCI U S A 92, 452-456 (1995) PMID: 7831309	Shoichet BK, Baase WA, Kuroki R, Matthews BW
16830	Lysozyme	P00720	N132I (PDB: N132I)	Enterobacteria phage T4 (Bacteriophage T4)	2LZM	N132I	Helix	30.74	5.4	66.48	1.2	-	-	yes	7831309	T4 lysozyme; protein stability; protein function;	PROC NATL ACAD SCI U S A 92, 452-456 (1995) PMID: 7831309	Shoichet BK, Baase WA, Kuroki R, Matthews BW
16835	Lysozyme	P81708	V109K (PDB: V109K)	Canis lupus familiaris (Dog) (Canis familiaris)	1EL1	V109K	Helix	67.66	4.5	66.4	-0.43	-	-	yes	11809927	canine milk lysozyme; cooperativity; differential scanning calorimetry;	PROTEIN ENG 14 967-974 (2001) PMID: 11809927	Koshiba T, Kobashigawa Y, Demura M, Nitta K
16836	Lysozyme	P81708	H21G (PDB: H21G)	Canis lupus familiaris (Dog) (Canis familiaris)	1EL1	H21G	Helix	57.17	4.5	66.4	-0.48	-	-	yes	11809927	canine milk lysozyme; cooperativity; differential scanning calorimetry;	PROTEIN ENG 14 967-974 (2001) PMID: 11809927	Koshiba T, Kobashigawa Y, Demura M, Nitta K
16837	Lysozyme	P81708	I56L (PDB: I56L)	Canis lupus familiaris (Dog) (Canis familiaris)	1EL1	I56L	Helix	0.0	4.5	66.4	-0.24	-	-	yes	11809927	canine milk lysozyme; cooperativity; differential scanning calorimetry;	PROTEIN ENG 14 967-974 (2001) PMID: 11809927	Koshiba T, Kobashigawa Y, Demura M, Nitta K
16838	Lysozyme	P81708	A93S (PDB: A93S)	Canis lupus familiaris (Dog) (Canis familiaris)	1EL1	A93S	Helix	58.98	4.5	66.4	-0.26	-	-	yes	11809927	canine milk lysozyme; cooperativity; differential scanning calorimetry;	PROTEIN ENG 14 967-974 (2001) PMID: 11809927	Koshiba T, Kobashigawa Y, Demura M, Nitta K
16839	Lysozyme	P00720	Q105A (PDB: Q105A)	Enterobacteria phage T4 (Bacteriophage T4)	2LZM	Q105A	Helix	33.03	5.8	66.3	-0.6	-	-	yes	8460110	tryptophan; fluorescence; phosphorescence	PROTEINS 15, 401-412 (1993) PMID: 8460110	Pjura P., McIntosh L.P., Wozniak J.A. & Matthews B.W.
16840	Lysozyme	P00720	Q105E (PDB: Q105E)	Enterobacteria phage T4 (Bacteriophage T4)	2LZM	Q105E	Helix	33.03	5.8	66.3	-1.1	-	-	yes	8460110	tryptophan; fluorescence; phosphorescence	PROTEINS 15, 401-412 (1993) PMID: 8460110	Pjura P., McIntosh L.P., Wozniak J.A. & Matthews B.W.
16841	Lysozyme	P00720	Q105G (PDB: Q105G)	Enterobacteria phage T4 (Bacteriophage T4)	2LZM	Q105G	Helix	33.03	5.8	66.3	-1.5	-	-	yes	8460110	tryptophan; fluorescence; phosphorescence	PROTEINS 15, 401-412 (1993) PMID: 8460110	Pjura P., McIntosh L.P., Wozniak J.A. & Matthews B.W.
16842	Cytochrome b5	P00171	F40Y (PDB: F35Y)	Bos taurus (Bovine)	1CYO	F35Y	Helix	11.96	7.0	66.2	0.79	-	-	yes	9215576	cytochrome b5; phenylalanine; hydrophobic patch;	PROTEIN ENG 10, 575-581 (1997) PMID: 9215576	Yao P, Xie Y, Wang YH, Sun YL, Huang ZX, Xiao GT, Wang SD
16843	Cytochrome b5	P00171	F40L (PDB: F35L)	Bos taurus (Bovine)	1CYO	F35L	Helix	11.96	7.0	66.2	-1.87	-	-	yes	9215576	cytochrome b5; phenylalanine; hydrophobic patch;	PROTEIN ENG 10, 575-581 (1997) PMID: 9215576	Yao P, Xie Y, Wang YH, Sun YL, Huang ZX, Xiao GT, Wang SD
16844	Cytochrome b5	P00171	F40H (PDB: F35H)	Bos taurus (Bovine)	1CYO	F35H	Helix	11.96	7.0	66.2	-2.82	-	-	yes	9215576	cytochrome b5; phenylalanine; hydrophobic patch;	PROTEIN ENG 10, 575-581 (1997) PMID: 9215576	Yao P, Xie Y, Wang YH, Sun YL, Huang ZX, Xiao GT, Wang SD
16845	Lysozyme	P00720	S38D (PDB: S38D)	Enterobacteria phage T4 (Bacteriophage T4)	2LZM	S38D	Coil	46.08	6.9	66.1	0.6	-	-	yes	1911773	T4 lysozyme; thermostability; alpha-helix dipole;	BIOCHEMISTRY 30, 9816-9828 (1991) PMID: 1911773	Nicholson H., Anderson D.E., Dao-pin S. & Matthews B.W.
16846	Lysozyme	P00720	T115E (PDB: T115E)	Enterobacteria phage T4 (Bacteriophage T4)	2LZM	T115E	Turn	63.45	6.5	66.1	0.3	-	-	yes	1911773	T4 lysozyme; thermostability; alpha-helix dipole;	BIOCHEMISTRY 30, 9816-9828 (1991) PMID: 1911773	Nicholson H., Anderson D.E., Dao-pin S. & Matthews B.W.
16847	Lysozyme	P00720	N116D (PDB: N116D)	Enterobacteria phage T4 (Bacteriophage T4)	2LZM	N116D	Helix	60.11	5.7	66.1	0.6	-	-	yes	1911773	T4 lysozyme; thermostability; alpha-helix dipole;	BIOCHEMISTRY 30, 9816-9828 (1991) PMID: 1911773	Nicholson H., Anderson D.E., Dao-pin S. & Matthews B.W.
16848	Lysozyme	P00720	R119M (PDB: R119M)	Enterobacteria phage T4 (Bacteriophage T4)	2LZM	R119M	Helix	49.78	5.7	66.1	0.1	-	-	yes	1911773	T4 lysozyme; thermostability; alpha-helix dipole;	BIOCHEMISTRY 30, 9816-9828 (1991) PMID: 1911773	Nicholson H., Anderson D.E., Dao-pin S. & Matthews B.W.
16849	Lysozyme	P00720	N144D (PDB: N144D)	Enterobacteria phage T4 (Bacteriophage T4)	2LZM	N144D	Helix	75.14	6.9	66.1	0.5	-	-	yes	1911773	T4 lysozyme; thermostability; alpha-helix dipole;	BIOCHEMISTRY 30, 9816-9828 (1991) PMID: 1911773	Nicholson H., Anderson D.E., Dao-pin S. & Matthews B.W.
16851	Lysozyme	P00698	M30L (PDB: M12L)	Gallus gallus (Chicken)	4LYZ	M12L	Helix	1.5	2.7	66	-0.57	-	-	Unknown	11266617	cavity-filling mutation; lysozyme; stability; aromatic-aromatic interaction	PROTEIN SCI 10 313-320 (2001) PMID: 11266617	Ohmura T, Ueda T, Ootsuka K, Saito M, Imoto T
16852	Lysozyme	P00698	M30F (PDB: M12F)	Gallus gallus (Chicken)	4LYZ	M12F	Helix	1.5	2.7	66	0.28	-	-	Unknown	11266617	cavity-filling mutation; lysozyme; stability; aromatic-aromatic interaction	PROTEIN SCI 10 313-320 (2001) PMID: 11266617	Ohmura T, Ueda T, Ootsuka K, Saito M, Imoto T
16855	Lysozyme	P00720	H31N (PDB: H31N)	Enterobacteria phage T4 (Bacteriophage T4)	2LZM	H31N	Helix	17.59	5.5	66	-4	-	-	yes	2337607	salt bridge; protonation state; acid groups;	BIOCHEMISTRY 29, 2403-2408 (1990) PMID: 2337607	Anderson DE, Becktel WJ, Dahlquist FW
16857	Lysozyme	P00720	A74P (PDB: A74P)	Enterobacteria phage T4 (Bacteriophage T4)	2LZM	A74P	Helix	8.17	5.5	65.7	-4.5	-	-	yes	1733941	T4 lysozyme; proline; alpha-helix; amino acid substitution;	J BIOL CHEM 267, 2393-2399 (1992) PMID: 1733941	Sauer U.H., Dao-pin S. & Matthews B.W.
16858	Lysozyme	P00698	G67A (PDB: G49A)	Gallus gallus (Chicken)	4LYZ	G49A	Helix	25.41	2.7	65.6	-1.89	-	-	yes	11112507	differential scanning calorimetry; hen lysozyme;	PROTEIN ENG 13, 691-695 (2000) PMID: 11112507	Masumoto K, Ueda T, Motoshima H, Imoto T
16859	Lysozyme	P00698	G67A (PDB: G67A)	Gallus gallus (Chicken)	4LYZ	G67A	Helix	90.22	2.7	65.6	-0.98	-	-	yes	11112507	differential scanning calorimetry; hen lysozyme;	PROTEIN ENG 13, 691-695 (2000) PMID: 11112507	Masumoto K, Ueda T, Motoshima H, Imoto T
16860	Lysozyme	P00698	G89A (PDB: G71A)	Gallus gallus (Chicken)	4LYZ	G71A	Helix	39.39	2.7	65.6	-0.38	-	-	yes	11112507	differential scanning calorimetry; hen lysozyme;	PROTEIN ENG 13, 691-695 (2000) PMID: 11112507	Masumoto K, Ueda T, Motoshima H, Imoto T
16861	Lysozyme	P00698	G120A (PDB: G102A)	Gallus gallus (Chicken)	4LYZ	G102A	Helix	74.97	2.7	65.6	0.02	-	-	yes	11112507	differential scanning calorimetry; hen lysozyme;	PROTEIN ENG 13, 691-695 (2000) PMID: 11112507	Masumoto K, Ueda T, Motoshima H, Imoto T
16862	Lysozyme	P00698	G135A (PDB: G117A)	Gallus gallus (Chicken)	4LYZ	G117A	Helix	102.92	2.7	65.6	-1.46	-	-	yes	11112507	differential scanning calorimetry; hen lysozyme;	PROTEIN ENG 13, 691-695 (2000) PMID: 11112507	Masumoto K, Ueda T, Motoshima H, Imoto T
16869	Lysozyme	P00720	M6I (PDB: M6I)	Enterobacteria phage T4 (Bacteriophage T4)	2LZM	M6I	Helix	0.0	6.0	65.5	-1.38	-	-	Unknown	3689874	T4 lysozyme; protein stability; free energies of unfolding;	BIOPOLYMERS 26, 1859-1877 (1987) PMID: 3689874	Becktel WJ, Schellman JA
16870	Lysozyme	P00720	C54T (PDB: C54T)	Enterobacteria phage T4 (Bacteriophage T4)	2LZM	C54T	Turn	2.85	6.0	65.5	1.36	-	-	Unknown	3689874	T4 lysozyme; protein stability; free energies of unfolding;	BIOPOLYMERS 26, 1859-1877 (1987) PMID: 3689874	Becktel WJ, Schellman JA
16871	Lysozyme	P00720	R96H (PDB: R96H)	Enterobacteria phage T4 (Bacteriophage T4)	2LZM	R96H	Helix	34.06	6.0	65.5	-2.82	-	-	Unknown	3689874	T4 lysozyme; protein stability; free energies of unfolding;	BIOPOLYMERS 26, 1859-1877 (1987) PMID: 3689874	Becktel WJ, Schellman JA
16872	Lysozyme	P00720	A160T (PDB: A160T)	Enterobacteria phage T4 (Bacteriophage T4)	2LZM	A160T	Turn	14.52	6.0	65.5	-1.65	-	-	Unknown	3689874	T4 lysozyme; protein stability; free energies of unfolding;	BIOPOLYMERS 26, 1859-1877 (1987) PMID: 3689874	Becktel WJ, Schellman JA
16874	Lysozyme	P00720	S90H (PDB: S90H)	Enterobacteria phage T4 (Bacteriophage T4)	2LZM	S90H	Coil	30.72	5.5	65.4	-1.1	-	-	yes	1854726	salt bridges; T4 lysozyme; electrostatic interactions;	BIOCHEMISTRY 30, 7142-7153 (1991) PMID: 1854726	Dao-pin S., Sauer U., Nicholson H. & Matthews B.W.
16876	Lysozyme	P00720	I78M (PDB: I78M)	Enterobacteria phage T4 (Bacteriophage T4)	2LZM	I78M	Helix	0.0	5.42	65.3	-1.5	-	-	Unknown	8901549	T4 lysozyme; protein folding; methionine substitutions;	PROC NATL ACAD SCI U S A 93, 12155-12158 (1996) PMID: 8901549	Gassner NC, Baase WA, Matthews BW
16877	Lysozyme	P00720	L84M (PDB: L84M)	Enterobacteria phage T4 (Bacteriophage T4)	2LZM	L84M	Helix	0.0	5.42	65.3	-1.9	-	-	Unknown	8901549	T4 lysozyme; protein folding; methionine substitutions;	PROC NATL ACAD SCI U S A 93, 12155-12158 (1996) PMID: 8901549	Gassner NC, Baase WA, Matthews BW
16878	Lysozyme	P00720	L91M (PDB: L91M)	Enterobacteria phage T4 (Bacteriophage T4)	2LZM	L91M	Coil	3.28	5.42	65.3	-0.8	-	-	Unknown	8901549	T4 lysozyme; protein folding; methionine substitutions;	PROC NATL ACAD SCI U S A 93, 12155-12158 (1996) PMID: 8901549	Gassner NC, Baase WA, Matthews BW
16879	Lysozyme	P00720	L99M (PDB: L99M)	Enterobacteria phage T4 (Bacteriophage T4)	2LZM	L99M	Helix	0.0	5.42	65.3	-0.4	-	-	Unknown	8901549	T4 lysozyme; protein folding; methionine substitutions;	PROC NATL ACAD SCI U S A 93, 12155-12158 (1996) PMID: 8901549	Gassner NC, Baase WA, Matthews BW
16880	Lysozyme	P00720	I100M (PDB: I100M)	Enterobacteria phage T4 (Bacteriophage T4)	2LZM	I100M	Helix	4.32	5.42	65.3	-1.6	-	-	Unknown	8901549	T4 lysozyme; protein folding; methionine substitutions;	PROC NATL ACAD SCI U S A 93, 12155-12158 (1996) PMID: 8901549	Gassner NC, Baase WA, Matthews BW
16881	Lysozyme	P00720	V103M (PDB: V103M)	Enterobacteria phage T4 (Bacteriophage T4)	2LZM	V103M	Helix	5.2	5.42	65.3	-1.2	-	-	Unknown	8901549	T4 lysozyme; protein folding; methionine substitutions;	PROC NATL ACAD SCI U S A 93, 12155-12158 (1996) PMID: 8901549	Gassner NC, Baase WA, Matthews BW
16882	Lysozyme	P00720	L118M (PDB: L118M)	Enterobacteria phage T4 (Bacteriophage T4)	2LZM	L118M	Helix	7.65	5.42	65.3	-0.7	-	-	Unknown	8901549	T4 lysozyme; protein folding; methionine substitutions;	PROC NATL ACAD SCI U S A 93, 12155-12158 (1996) PMID: 8901549	Gassner NC, Baase WA, Matthews BW
16883	Lysozyme	P00720	L121M (PDB: L121M)	Enterobacteria phage T4 (Bacteriophage T4)	2LZM	L121M	Helix	1.09	5.42	65.3	-0.8	-	-	Unknown	8901549	T4 lysozyme; protein folding; methionine substitutions;	PROC NATL ACAD SCI U S A 93, 12155-12158 (1996) PMID: 8901549	Gassner NC, Baase WA, Matthews BW
16884	Lysozyme	P00720	L133M (PDB: L133M)	Enterobacteria phage T4 (Bacteriophage T4)	2LZM	L133M	Helix	0.55	5.42	65.3	-0.4	-	-	Unknown	8901549	T4 lysozyme; protein folding; methionine substitutions;	PROC NATL ACAD SCI U S A 93, 12155-12158 (1996) PMID: 8901549	Gassner NC, Baase WA, Matthews BW
16885	Lysozyme	P00720	F153M (PDB: F153M)	Enterobacteria phage T4 (Bacteriophage T4)	2LZM	F153M	Helix	1.0	5.42	65.3	-0.6	-	-	Unknown	8901549	T4 lysozyme; protein folding; methionine substitutions;	PROC NATL ACAD SCI U S A 93, 12155-12158 (1996) PMID: 8901549	Gassner NC, Baase WA, Matthews BW
16886	Lysozyme	P00720	L121A (PDB: L121A)	Enterobacteria phage T4 (Bacteriophage T4)	2LZM	L121A	Helix	1.09	5.4	65.3	-2.3	-	-	yes	8676387	correlated mutations; hydrophobic core; packing mutants;	J MOL BIOL 259, 542-559 (1996) PMID: 8676387	Baldwin E, Xu J, Hajiseyedjavadi O, Baase WA, Matthews BW
16887	Lysozyme	P00720	A129L (PDB: A129L)	Enterobacteria phage T4 (Bacteriophage T4)	2LZM	A129L	Helix	0.0	5.4	65.3	-1.3	-	-	yes	8676387	correlated mutations; hydrophobic core; packing mutants;	J MOL BIOL 259, 542-559 (1996) PMID: 8676387	Baldwin E, Xu J, Hajiseyedjavadi O, Baase WA, Matthews BW
16888	Lysozyme	P00720	A129M (PDB: A129M)	Enterobacteria phage T4 (Bacteriophage T4)	2LZM	A129M	Helix	0.0	5.4	65.3	-1.9	-	-	yes	8676387	correlated mutations; hydrophobic core; packing mutants;	J MOL BIOL 259, 542-559 (1996) PMID: 8676387	Baldwin E, Xu J, Hajiseyedjavadi O, Baase WA, Matthews BW
16889	Lysozyme	P00720	F153A (PDB: F153A)	Enterobacteria phage T4 (Bacteriophage T4)	2LZM	F153A	Helix	1.0	5.4	65.3	-3.4	-	-	yes	8676387	correlated mutations; hydrophobic core; packing mutants;	J MOL BIOL 259, 542-559 (1996) PMID: 8676387	Baldwin E, Xu J, Hajiseyedjavadi O, Baase WA, Matthews BW
16893	Lysozyme	P00720	M102K (PDB: M102K)	Enterobacteria phage T4 (Bacteriophage T4)	2LZM	M102K	Helix	1.5	5.3	65.3	-6.9	-	-	yes	1747370	T4 lysozyme; alpha-helix; energetic; structural;	BIOCHEMISTRY 30, 11521-11529 (1991) PMID: 1747370	Dao-pin S., Anderson D.E., Baase W.A., Dahlquist F.W. & Matthews B.W.
16894	Lysozyme	P00720	M6A (PDB: M6A)	Enterobacteria phage T4 (Bacteriophage T4)	1L63	M6A	Helix	0.0	5.4	65.3	-1.6	-	2	Yes(80%)	10545167	methionine and alanine substitutions, bacteriophage T4, lysozyme	BIOCHEMISTRY 38, 14451-14460 (1999) PMID: 10545167	Gassner NC, Baase WA, Lindstrom JD, Lu J, Dahlquist FW, Matthews BW.
16895	Lysozyme	P00720	L7A (PDB: L7A)	Enterobacteria phage T4 (Bacteriophage T4)	1L63	L7A	Helix	0.0	5.4	65.3	-2.3	-	2	Yes(80%)	10545167	methionine and alanine substitutions, bacteriophage T4, lysozyme	BIOCHEMISTRY 38, 14451-14460 (1999) PMID: 10545167	Gassner NC, Baase WA, Lindstrom JD, Lu J, Dahlquist FW, Matthews BW.
16896	Lysozyme	P00720	I17A (PDB: I17A)	Enterobacteria phage T4 (Bacteriophage T4)	1L63	I17A	Helix	9.73	5.4	65.3	-2.3	-	2	Yes(80%)	10545167	methionine and alanine substitutions, bacteriophage T4, lysozyme	BIOCHEMISTRY 38, 14451-14460 (1999) PMID: 10545167	Gassner NC, Baase WA, Lindstrom JD, Lu J, Dahlquist FW, Matthews BW.
16897	Lysozyme	P00720	L33A (PDB: L33A)	Enterobacteria phage T4 (Bacteriophage T4)	1L63	L33A	Sheet	7.65	5.4	65.3	-2.9	-	2	Yes(80%)	10545167	methionine and alanine substitutions, bacteriophage T4, lysozyme	BIOCHEMISTRY 38, 14451-14460 (1999) PMID: 10545167	Gassner NC, Baase WA, Lindstrom JD, Lu J, Dahlquist FW, Matthews BW.
16898	Lysozyme	P00720	I50A (PDB: I50A)	Enterobacteria phage T4 (Bacteriophage T4)	1L63	I50A	Helix	20.0	5.4	65.3	-1.6	-	2	Yes(80%)	10545167	methionine and alanine substitutions, bacteriophage T4, lysozyme	BIOCHEMISTRY 38, 14451-14460 (1999) PMID: 10545167	Gassner NC, Baase WA, Lindstrom JD, Lu J, Dahlquist FW, Matthews BW.
16899	Lysozyme	P00720	L66A (PDB: L66A)	Enterobacteria phage T4 (Bacteriophage T4)	1L63	L66A	Helix	1.64	5.4	65.3	-3.3	-	2	Yes(80%)	10545167	methionine and alanine substitutions, bacteriophage T4, lysozyme	BIOCHEMISTRY 38, 14451-14460 (1999) PMID: 10545167	Gassner NC, Baase WA, Lindstrom JD, Lu J, Dahlquist FW, Matthews BW.
16900	Lysozyme	P00720	I78A (PDB: I78A)	Enterobacteria phage T4 (Bacteriophage T4)	1L63	I78A	Helix	0.0	5.4	65.3	-1.2	-	2	Yes(80%)	10545167	methionine and alanine substitutions, bacteriophage T4, lysozyme	BIOCHEMISTRY 38, 14451-14460 (1999) PMID: 10545167	Gassner NC, Baase WA, Lindstrom JD, Lu J, Dahlquist FW, Matthews BW.
16901	Lysozyme	P00720	L84A (PDB: L84A)	Enterobacteria phage T4 (Bacteriophage T4)	1L63	L84A	Helix	0.0	5.4	65.3	-3.7	-	2	Yes(80%)	10545167	methionine and alanine substitutions, bacteriophage T4, lysozyme	BIOCHEMISTRY 38, 14451-14460 (1999) PMID: 10545167	Gassner NC, Baase WA, Lindstrom JD, Lu J, Dahlquist FW, Matthews BW.
16902	Lysozyme	P00720	V87A (PDB: V87A)	Enterobacteria phage T4 (Bacteriophage T4)	1L63	V87A	Helix	1.95	5.4	65.3	-1.5	-	2	Yes(80%)	10545167	methionine and alanine substitutions, bacteriophage T4, lysozyme	BIOCHEMISTRY 38, 14451-14460 (1999) PMID: 10545167	Gassner NC, Baase WA, Lindstrom JD, Lu J, Dahlquist FW, Matthews BW.
16903	Lysozyme	P00720	L91A (PDB: L91A)	Enterobacteria phage T4 (Bacteriophage T4)	1L63	L91A	Coil	3.28	5.4	65.3	-2.6	-	2	Yes(80%)	10545167	methionine and alanine substitutions, bacteriophage T4, lysozyme	BIOCHEMISTRY 38, 14451-14460 (1999) PMID: 10545167	Gassner NC, Baase WA, Lindstrom JD, Lu J, Dahlquist FW, Matthews BW.
16904	Lysozyme	P00720	L99A (PDB: L99A)	Enterobacteria phage T4 (Bacteriophage T4)	1L63	L99A	Helix	0.0	5.4	65.3	-4.1	-	2	Yes(80%)	10545167	methionine and alanine substitutions, bacteriophage T4, lysozyme	BIOCHEMISTRY 38, 14451-14460 (1999) PMID: 10545167	Gassner NC, Baase WA, Lindstrom JD, Lu J, Dahlquist FW, Matthews BW.
16905	Lysozyme	P00720	M102A (PDB: M102A)	Enterobacteria phage T4 (Bacteriophage T4)	1L63	M102A	Helix	1.5	5.4	65.3	-2.9	-	2	Yes(80%)	10545167	methionine and alanine substitutions, bacteriophage T4, lysozyme	BIOCHEMISTRY 38, 14451-14460 (1999) PMID: 10545167	Gassner NC, Baase WA, Lindstrom JD, Lu J, Dahlquist FW, Matthews BW.
16906	Lysozyme	P00720	I100A (PDB: I100A)	Enterobacteria phage T4 (Bacteriophage T4)	1L63	I100A	Helix	4.32	5.4	65.3	-2.5	-	2	Yes(80%)	10545167	methionine and alanine substitutions, bacteriophage T4, lysozyme	BIOCHEMISTRY 38, 14451-14460 (1999) PMID: 10545167	Gassner NC, Baase WA, Lindstrom JD, Lu J, Dahlquist FW, Matthews BW.
16908	Lysozyme	P00720	V103A (PDB: V103A)	Enterobacteria phage T4 (Bacteriophage T4)	1L63	V103A	Helix	5.86	5.4	65.3	-1.6	-	2	Yes(80%)	10545167	methionine and alanine substitutions, bacteriophage T4, lysozyme	BIOCHEMISTRY 38, 14451-14460 (1999) PMID: 10545167	Gassner NC, Baase WA, Lindstrom JD, Lu J, Dahlquist FW, Matthews BW.
16909	Lysozyme	P00720	F104A (PDB: F104A)	Enterobacteria phage T4 (Bacteriophage T4)	1L63	F104A	Helix	16.94	5.4	65.3	-2.7	-	2	Yes(80%)	10545167	methionine and alanine substitutions, bacteriophage T4, lysozyme	BIOCHEMISTRY 38, 14451-14460 (1999) PMID: 10545167	Gassner NC, Baase WA, Lindstrom JD, Lu J, Dahlquist FW, Matthews BW.
16910	Lysozyme	P00720	M106A (PDB: M106A)	Enterobacteria phage T4 (Bacteriophage T4)	1L63	M106A	Helix	25.99	5.4	65.3	-1.9	-	2	Yes(80%)	10545167	methionine and alanine substitutions, bacteriophage T4, lysozyme	BIOCHEMISTRY 38, 14451-14460 (1999) PMID: 10545167	Gassner NC, Baase WA, Lindstrom JD, Lu J, Dahlquist FW, Matthews BW.
16911	Lysozyme	P00720	V111A (PDB: V111A)	Enterobacteria phage T4 (Bacteriophage T4)	1L63	V111A	Helix	0.0	5.4	65.3	-1	-	2	Yes(80%)	10545167	methionine and alanine substitutions, bacteriophage T4, lysozyme	BIOCHEMISTRY 38, 14451-14460 (1999) PMID: 10545167	Gassner NC, Baase WA, Lindstrom JD, Lu J, Dahlquist FW, Matthews BW.
16912	Lysozyme	P00720	L118A (PDB: L118A)	Enterobacteria phage T4 (Bacteriophage T4)	1L63	L118A	Helix	7.1	5.4	65.3	-3.2	-	2	Yes(80%)	10545167	methionine and alanine substitutions, bacteriophage T4, lysozyme	BIOCHEMISTRY 38, 14451-14460 (1999) PMID: 10545167	Gassner NC, Baase WA, Lindstrom JD, Lu J, Dahlquist FW, Matthews BW.
16913	Lysozyme	P00720	L121A (PDB: L121A)	Enterobacteria phage T4 (Bacteriophage T4)	1L63	L121A	Helix	1.09	5.4	65.3	-2.2	-	2	Yes(80%)	10545167	methionine and alanine substitutions, bacteriophage T4, lysozyme	BIOCHEMISTRY 38, 14451-14460 (1999) PMID: 10545167	Gassner NC, Baase WA, Lindstrom JD, Lu J, Dahlquist FW, Matthews BW.
16914	Lysozyme	P00720	V149A (PDB: V149A)	Enterobacteria phage T4 (Bacteriophage T4)	1L63	V149A	Helix	0.0	5.4	65.3	-3.2	-	2	Yes(80%)	10545167	methionine and alanine substitutions, bacteriophage T4, lysozyme	BIOCHEMISTRY 38, 14451-14460 (1999) PMID: 10545167	Gassner NC, Baase WA, Lindstrom JD, Lu J, Dahlquist FW, Matthews BW.
16915	Lysozyme	P00720	F153A (PDB: F153A)	Enterobacteria phage T4 (Bacteriophage T4)	1L63	F153A	Helix	1.0	5.4	65.3	-3.4	-	2	Yes(80%)	10545167	methionine and alanine substitutions, bacteriophage T4, lysozyme	BIOCHEMISTRY 38, 14451-14460 (1999) PMID: 10545167	Gassner NC, Baase WA, Lindstrom JD, Lu J, Dahlquist FW, Matthews BW.
16916	Lysozyme	P00720	I17M (PDB: I17M)	Enterobacteria phage T4 (Bacteriophage T4)	1L63	I17M	Helix	9.73	5.4	65.3	-2.2	-	2	Yes(80%)	10545167	methionine and alanine substitutions, bacteriophage T4, lysozyme	BIOCHEMISTRY 38, 14451-14460 (1999) PMID: 10545167	Gassner NC, Baase WA, Lindstrom JD, Lu J, Dahlquist FW, Matthews BW.
16917	Lysozyme	P00720	I27M (PDB: I27M)	Enterobacteria phage T4 (Bacteriophage T4)	1L63	I27M	Helix	0.0	5.4	65.3	-3.1	-	2	Yes(80%)	10545167	methionine and alanine substitutions, bacteriophage T4, lysozyme	BIOCHEMISTRY 38, 14451-14460 (1999) PMID: 10545167	Gassner NC, Baase WA, Lindstrom JD, Lu J, Dahlquist FW, Matthews BW.
16919	Lysozyme	P00720	L33M (PDB: L33M)	Enterobacteria phage T4 (Bacteriophage T4)	1L63	L33M	Sheet	7.65	5.4	65.3	-2	-	2	Yes(80%)	10545167	methionine and alanine substitutions, bacteriophage T4, lysozyme	BIOCHEMISTRY 38, 14451-14460 (1999) PMID: 10545167	Gassner NC, Baase WA, Lindstrom JD, Lu J, Dahlquist FW, Matthews BW.
16920	Lysozyme	P00720	I50M (PDB: I50M)	Enterobacteria phage T4 (Bacteriophage T4)	1L63	I50M	Helix	20.0	5.4	65.3	-0.4	-	2	Yes(80%)	10545167	methionine and alanine substitutions, bacteriophage T4, lysozyme	BIOCHEMISTRY 38, 14451-14460 (1999) PMID: 10545167	Gassner NC, Baase WA, Lindstrom JD, Lu J, Dahlquist FW, Matthews BW.
16921	Lysozyme	P00720	L66M (PDB: L66M)	Enterobacteria phage T4 (Bacteriophage T4)	1L63	L66M	Helix	1.64	5.4	65.3	-1	-	2	Yes(80%)	10545167	methionine and alanine substitutions, bacteriophage T4, lysozyme	BIOCHEMISTRY 38, 14451-14460 (1999) PMID: 10545167	Gassner NC, Baase WA, Lindstrom JD, Lu J, Dahlquist FW, Matthews BW.
16922	Lysozyme	P00720	V87M (PDB: V87M)	Enterobacteria phage T4 (Bacteriophage T4)	1L63	V87M	Helix	1.95	5.4	65.3	-2.3	-	2	Yes(80%)	10545167	methionine and alanine substitutions, bacteriophage T4, lysozyme	BIOCHEMISTRY 38, 14451-14460 (1999) PMID: 10545167	Gassner NC, Baase WA, Lindstrom JD, Lu J, Dahlquist FW, Matthews BW.
16923	Lysozyme	P00720	I100M (PDB: I100M)	Enterobacteria phage T4 (Bacteriophage T4)	1L63	I100M	Helix	4.32	5.4	65.3	-1.6	-	2	Yes(80%)	10545167	methionine and alanine substitutions, bacteriophage T4, lysozyme	BIOCHEMISTRY 38, 14451-14460 (1999) PMID: 10545167	Gassner NC, Baase WA, Lindstrom JD, Lu J, Dahlquist FW, Matthews BW.
16924	Lysozyme	P00720	F104M (PDB: F104M)	Enterobacteria phage T4 (Bacteriophage T4)	1L63	F104M	Helix	16.94	5.4	65.3	-0.4	-	2	Yes(80%)	10545167	methionine and alanine substitutions, bacteriophage T4, lysozyme	BIOCHEMISTRY 38, 14451-14460 (1999) PMID: 10545167	Gassner NC, Baase WA, Lindstrom JD, Lu J, Dahlquist FW, Matthews BW.
16925	Lysozyme	P00720	V111M (PDB: V111M)	Enterobacteria phage T4 (Bacteriophage T4)	1L63	V111M	Helix	0.0	5.4	65.3	-0.7	-	2	Yes(80%)	10545167	methionine and alanine substitutions, bacteriophage T4, lysozyme	BIOCHEMISTRY 38, 14451-14460 (1999) PMID: 10545167	Gassner NC, Baase WA, Lindstrom JD, Lu J, Dahlquist FW, Matthews BW.
16926	Lysozyme	P00720	A129M (PDB: A129M)	Enterobacteria phage T4 (Bacteriophage T4)	1L63	A129M	Helix	0.0	5.4	65.3	-1.9	-	2	Yes(80%)	10545167	methionine and alanine substitutions, bacteriophage T4, lysozyme	BIOCHEMISTRY 38, 14451-14460 (1999) PMID: 10545167	Gassner NC, Baase WA, Lindstrom JD, Lu J, Dahlquist FW, Matthews BW.
16927	Lysozyme	P00720	V149M (PDB: V149M)	Enterobacteria phage T4 (Bacteriophage T4)	1L63	V149M	Helix	0.0	5.4	65.3	-2.8	-	2	Yes(80%)	10545167	methionine and alanine substitutions, bacteriophage T4, lysozyme	BIOCHEMISTRY 38, 14451-14460 (1999) PMID: 10545167	Gassner NC, Baase WA, Lindstrom JD, Lu J, Dahlquist FW, Matthews BW.
16928	Lysozyme	P00720	E108V (PDB: E108V)	Enterobacteria phage T4 (Bacteriophage T4)	2LZM	E108V	Sheet	29.19	5.4	65.2	0.7	-	-	yes(>80%)	10512706	mutagenesis; compensation; thermal factors; thermostability	J MOL BIOL 292, 1111-1120 (1999) PMID: 10512706	Wray JW, Baase WA, Lindstrom JD, Weaver LH, Poteete AR,
16929	Lysozyme	P00720	L99A (PDB: L99A)	Enterobacteria phage T4 (Bacteriophage T4)	2LZM	L99A	Helix	0.0	5.4	65.2	-4	-	-	yes(>80%)	10512706	mutagenesis; compensation; thermal factors; thermostability	J MOL BIOL 292, 1111-1120 (1999) PMID: 10512706	Wray JW, Baase WA, Lindstrom JD, Weaver LH, Poteete AR,
16931	Lysozyme	P00720	L99G (PDB: L99G)	Enterobacteria phage T4 (Bacteriophage T4)	2LZM	L99G	Helix	0.0	5.4	65.2	-6.3	-	-	yes(>80%)	10512706	mutagenesis; compensation; thermal factors; thermostability	J MOL BIOL 292, 1111-1120 (1999) PMID: 10512706	Wray JW, Baase WA, Lindstrom JD, Weaver LH, Poteete AR,
16933	Lysozyme	P00720	R14K (PDB: R14K)	Enterobacteria phage T4 (Bacteriophage T4)	2LZM	R14K	Sheet	54.59	5.4	65.15	-0.03	-	-	Unknown	7507755	protein stability; screening;mutagenesis	PROTEIN SCI 2, 2217-2225 (1993) PMID: 7507755	Pjura P., Matsumura M., Baase W.A. & Matthews B.W.
16934	Lysozyme	P00720	E22K (PDB: E22K)	Enterobacteria phage T4 (Bacteriophage T4)	2LZM	E22K	Sheet	49.23	5.4	65.15	0.57	-	-	Unknown	7507755	protein stability; screening;mutagenesis	PROTEIN SCI 2, 2217-2225 (1993) PMID: 7507755	Pjura P., Matsumura M., Baase W.A. & Matthews B.W.
16935	Lysozyme	P00720	T26S (PDB: T26S)	Enterobacteria phage T4 (Bacteriophage T4)	2LZM	T26S	Turn	2.88	5.4	65.15	0.57	-	-	Unknown	7507755	protein stability; screening;mutagenesis	PROTEIN SCI 2, 2217-2225 (1993) PMID: 7507755	Pjura P., Matsumura M., Baase W.A. & Matthews B.W.
16936	Lysozyme	P00720	N40D (PDB: N40D)	Enterobacteria phage T4 (Bacteriophage T4)	2LZM	N40D	Helix	86.75	5.4	65.15	0.44	-	-	Unknown	7507755	protein stability; screening;mutagenesis	PROTEIN SCI 2, 2217-2225 (1993) PMID: 7507755	Pjura P., Matsumura M., Baase W.A. & Matthews B.W.
16937	Lysozyme	P00720	A41D (PDB: A41D)	Enterobacteria phage T4 (Bacteriophage T4)	2LZM	A41D	Helix	29.95	5.4	65.15	0.29	-	-	Unknown	7507755	protein stability; screening;mutagenesis	PROTEIN SCI 2, 2217-2225 (1993) PMID: 7507755	Pjura P., Matsumura M., Baase W.A. & Matthews B.W.
16938	Lysozyme	P00720	R80K (PDB: R80K)	Enterobacteria phage T4 (Bacteriophage T4)	2LZM	R80K	Helix	79.91	5.4	65.15	-0.17	-	-	Unknown	7507755	protein stability; screening;mutagenesis	PROTEIN SCI 2, 2217-2225 (1993) PMID: 7507755	Pjura P., Matsumura M., Baase W.A. & Matthews B.W.
16940	Lysozyme	P00720	A93T (PDB: A93T)	Enterobacteria phage T4 (Bacteriophage T4)	2LZM	A93T	Helix	66.24	5.4	65.15	0.06	-	-	Unknown	7507755	protein stability; screening;mutagenesis	PROTEIN SCI 2, 2217-2225 (1993) PMID: 7507755	Pjura P., Matsumura M., Baase W.A. & Matthews B.W.
16941	Lysozyme	P00720	G113E (PDB: G113E)	Enterobacteria phage T4 (Bacteriophage T4)	2LZM	G113E	Helix	68.61	5.4	65.15	0.3	-	-	Unknown	7507755	protein stability; screening;mutagenesis	PROTEIN SCI 2, 2217-2225 (1993) PMID: 7507755	Pjura P., Matsumura M., Baase W.A. & Matthews B.W.
16942	Lysozyme	P00720	R119H (PDB: R119H)	Enterobacteria phage T4 (Bacteriophage T4)	2LZM	R119H	Helix	49.78	5.4	65.15	-0.29	-	-	Unknown	7507755	protein stability; screening;mutagenesis	PROTEIN SCI 2, 2217-2225 (1993) PMID: 7507755	Pjura P., Matsumura M., Baase W.A. & Matthews B.W.
16943	Lysozyme	P00720	T151S (PDB: T151S)	Enterobacteria phage T4 (Bacteriophage T4)	2LZM	T151S	Turn	25.96	5.4	65.15	0.39	-	-	Unknown	7507755	protein stability; screening;mutagenesis	PROTEIN SCI 2, 2217-2225 (1993) PMID: 7507755	Pjura P., Matsumura M., Baase W.A. & Matthews B.W.
16944	Lysozyme	P00720	F153L (PDB: F153L)	Enterobacteria phage T4 (Bacteriophage T4)	2LZM	F153L	Helix	1.0	5.4	65.15	0.35	-	-	Unknown	7507755	protein stability; screening;mutagenesis	PROTEIN SCI 2, 2217-2225 (1993) PMID: 7507755	Pjura P., Matsumura M., Baase W.A. & Matthews B.W.
16945	Lysozyme	P00720	N163D (PDB: N163D)	Enterobacteria phage T4 (Bacteriophage T4)	2LZM	N163D	Coil	89.48	5.4	65.15	-0.21	-	-	Unknown	7507755	protein stability; screening;mutagenesis	PROTEIN SCI 2, 2217-2225 (1993) PMID: 7507755	Pjura P., Matsumura M., Baase W.A. & Matthews B.W.
16946	Lysozyme	P00720	E11H (PDB: E11H)	Enterobacteria phage T4 (Bacteriophage T4)	2LZM	E11H	Sheet	20.61	5.4	65.1	0.1	-	-	yes	7831309	T4 lysozyme; protein stability; protein function;	PROC NATL ACAD SCI U S A 92, 452-456 (1995) PMID: 7831309	Shoichet BK, Baase WA, Kuroki R, Matthews BW
16947	Lysozyme	P00720	E11N (PDB: E11N)	Enterobacteria phage T4 (Bacteriophage T4)	2LZM	E11N	Sheet	20.61	5.4	65.1	-0.1	-	-	yes	7831309	T4 lysozyme; protein stability; protein function;	PROC NATL ACAD SCI U S A 92, 452-456 (1995) PMID: 7831309	Shoichet BK, Baase WA, Kuroki R, Matthews BW
16948	Lysozyme	P00720	D20N (PDB: D20N)	Enterobacteria phage T4 (Bacteriophage T4)	2LZM	D20N	Sheet	38.17	5.4	65.1	1.3	-	-	yes	7831309	T4 lysozyme; protein stability; protein function;	PROC NATL ACAD SCI U S A 92, 452-456 (1995) PMID: 7831309	Shoichet BK, Baase WA, Kuroki R, Matthews BW
16949	Lysozyme	P00720	D20T (PDB: D20T)	Enterobacteria phage T4 (Bacteriophage T4)	2LZM	D20T	Sheet	38.17	5.4	65.1	0.9	-	-	yes	7831309	T4 lysozyme; protein stability; protein function;	PROC NATL ACAD SCI U S A 92, 452-456 (1995) PMID: 7831309	Shoichet BK, Baase WA, Kuroki R, Matthews BW
16950	Lysozyme	P00720	D20S (PDB: D20S)	Enterobacteria phage T4 (Bacteriophage T4)	2LZM	D20S	Sheet	38.17	5.4	65.1	0.7	-	-	yes	7831309	T4 lysozyme; protein stability; protein function;	PROC NATL ACAD SCI U S A 92, 452-456 (1995) PMID: 7831309	Shoichet BK, Baase WA, Kuroki R, Matthews BW
16951	Lysozyme	P00720	D20A (PDB: D20A)	Enterobacteria phage T4 (Bacteriophage T4)	2LZM	D20A	Sheet	38.17	5.4	65.1	-0.3	-	-	yes	7831309	T4 lysozyme; protein stability; protein function;	PROC NATL ACAD SCI U S A 92, 452-456 (1995) PMID: 7831309	Shoichet BK, Baase WA, Kuroki R, Matthews BW
16954	Lysozyme	P00720	S117F (PDB: S117F)	Enterobacteria phage T4 (Bacteriophage T4)	2LZM	S117F	Coil	0.0	5.4	65.09	1.1	-	-	yes	8401213	core plasticity; hydrophobic effect; lysozyme activity;	PROTEIN SCI 2, 1285-1290 (1993) PMID: 8401213	Anderson D.E., Hurley J.H., Nicholson H., Baase W.A. & Matthews B.W.
16955	Lysozyme	P61626	E25Q (PDB: E7Q)	Homo sapiens (Human)	1LZ1	E7Q	Sheet	32.63	4.0	65	-1.43	-	-	yes	11015217	salt bridges; conformational stability; thermodynamic parameters;	BIOCHEMISTRY 39, 12375-12381 (2000) PMID: 11015217	Takano K, Tsuchimori K, Yamagata Y, Yutani K
16956	Lysozyme	P61626	D36N (PDB: D18N)	Homo sapiens (Human)	1LZ1	D18N	Turn	53.44	4.0	65	-1.7	-	-	yes	11015217	salt bridges; conformational stability; thermodynamic parameters;	BIOCHEMISTRY 39, 12375-12381 (2000) PMID: 11015217	Takano K, Tsuchimori K, Yamagata Y, Yutani K
16957	Lysozyme	P61626	D67N (PDB: D49N)	Homo sapiens (Human)	1LZ1	D49N	Turn	47.19	4.0	65	-1	-	-	yes	11015217	salt bridges; conformational stability; thermodynamic parameters;	BIOCHEMISTRY 39, 12375-12381 (2000) PMID: 11015217	Takano K, Tsuchimori K, Yamagata Y, Yutani K
16958	Lysozyme	P61626	D67N (PDB: D67N)	Homo sapiens (Human)	1LZ1	D67N	Coil	22.9	4.0	65	-2.25	-	-	yes	11015217	salt bridges; conformational stability; thermodynamic parameters;	BIOCHEMISTRY 39, 12375-12381 (2000) PMID: 11015217	Takano K, Tsuchimori K, Yamagata Y, Yutani K
16959	Lysozyme	P61626	D120N (PDB: D102N)	Homo sapiens (Human)	1LZ1	D102N	Turn	43.03	4.0	65	-0.67	-	-	yes	11015217	salt bridges; conformational stability; thermodynamic parameters;	BIOCHEMISTRY 39, 12375-12381 (2000) PMID: 11015217	Takano K, Tsuchimori K, Yamagata Y, Yutani K
16960	Lysozyme	P61626	D120N (PDB: D120N)	Homo sapiens (Human)	1LZ1	D120N	Coil	70.09	4.0	65	-0.67	-	-	yes	11015217	salt bridges; conformational stability; thermodynamic parameters;	BIOCHEMISTRY 39, 12375-12381 (2000) PMID: 11015217	Takano K, Tsuchimori K, Yamagata Y, Yutani K
16961	Lysozyme	P61626	E25Q (PDB: E7Q)	Homo sapiens (Human)	1LZ1	E7Q	Sheet	32.63	4.5	65	-1.29	-	-	yes	11015217	salt bridges; conformational stability; thermodynamic parameters;	BIOCHEMISTRY 39, 12375-12381 (2000) PMID: 11015217	Takano K, Tsuchimori K, Yamagata Y, Yutani K
16962	Lysozyme	P61626	D67N (PDB: D67N)	Homo sapiens (Human)	1LZ1	D67N	Coil	22.9	4.5	65	-1.7	-	-	yes	11015217	salt bridges; conformational stability; thermodynamic parameters;	BIOCHEMISTRY 39, 12375-12381 (2000) PMID: 11015217	Takano K, Tsuchimori K, Yamagata Y, Yutani K
16963	Lysozyme	P61626	D120N (PDB: D102N)	Homo sapiens (Human)	1LZ1	D102N	Turn	43.03	4.5	65	0.07	-	-	yes	11015217	salt bridges; conformational stability; thermodynamic parameters;	BIOCHEMISTRY 39, 12375-12381 (2000) PMID: 11015217	Takano K, Tsuchimori K, Yamagata Y, Yutani K
16964	Lysozyme	P61626	D120N (PDB: D120N)	Homo sapiens (Human)	1LZ1	D120N	Coil	70.09	4.5	65	0.05	-	-	yes	11015217	salt bridges; conformational stability; thermodynamic parameters;	BIOCHEMISTRY 39, 12375-12381 (2000) PMID: 11015217	Takano K, Tsuchimori K, Yamagata Y, Yutani K
16971	Ubiquitin	P39940	E34L (PDB)	Saccharomyces cerevisiae (strain ATCC 204508 / S288c) (Baker's yeast)	1OTR	E34L	Sheet	51.52	3.0	65	1.36	-	-	yes(>90%)	12215419	helix termination; C-capping motifs; statistical analysis; hydrophobic interactions; differential scanning calorimetry	J MOL BIOL 322, 123-135 (2002) PMID: 12215419	Ermolenko DN, Thomas ST, Aurora R, Gronenborn AM, Makhatadze GI.
16972	Ubiquitin	P39940	E34T (PDB)	Saccharomyces cerevisiae (strain ATCC 204508 / S288c) (Baker's yeast)	1OTR	E34T	Sheet	51.52	3.0	65	1.51	-	-	yes(>90%)	12215419	helix termination; C-capping motifs; statistical analysis; hydrophobic interactions; differential scanning calorimetry	J MOL BIOL 322, 123-135 (2002) PMID: 12215419	Ermolenko DN, Thomas ST, Aurora R, Gronenborn AM, Makhatadze GI.
16973	Ubiquitin	P39940	E34I (PDB)	Saccharomyces cerevisiae (strain ATCC 204508 / S288c) (Baker's yeast)	1OTR	E34I	Sheet	51.52	3.0	65	1.65	-	-	yes(>90%)	12215419	helix termination; C-capping motifs; statistical analysis; hydrophobic interactions; differential scanning calorimetry	J MOL BIOL 322, 123-135 (2002) PMID: 12215419	Ermolenko DN, Thomas ST, Aurora R, Gronenborn AM, Makhatadze GI.
16974	Ubiquitin	P39940	E34W (PDB)	Saccharomyces cerevisiae (strain ATCC 204508 / S288c) (Baker's yeast)	1OTR	E34W	Sheet	51.52	3.0	65	1.31	-	-	yes(>90%)	12215419	helix termination; C-capping motifs; statistical analysis; hydrophobic interactions; differential scanning calorimetry	J MOL BIOL 322, 123-135 (2002) PMID: 12215419	Ermolenko DN, Thomas ST, Aurora R, Gronenborn AM, Makhatadze GI.
16975	Ubiquitin	P39940	E34C (PDB)	Saccharomyces cerevisiae (strain ATCC 204508 / S288c) (Baker's yeast)	1OTR	E34C	Sheet	51.52	3.0	65	0.91	-	-	yes(>90%)	12215419	helix termination; C-capping motifs; statistical analysis; hydrophobic interactions; differential scanning calorimetry	J MOL BIOL 322, 123-135 (2002) PMID: 12215419	Ermolenko DN, Thomas ST, Aurora R, Gronenborn AM, Makhatadze GI.
16976	Ubiquitin	P39940	E34V (PDB)	Saccharomyces cerevisiae (strain ATCC 204508 / S288c) (Baker's yeast)	1OTR	E34V	Sheet	51.52	3.0	65	0.86	-	-	yes(>90%)	12215419	helix termination; C-capping motifs; statistical analysis; hydrophobic interactions; differential scanning calorimetry	J MOL BIOL 322, 123-135 (2002) PMID: 12215419	Ermolenko DN, Thomas ST, Aurora R, Gronenborn AM, Makhatadze GI.
16986	Lysozyme	P61626	L26T (PDB: L8T)	Homo sapiens (Human)	1LZ1	L8T	Helix	0.0	2.7	64.9	-3.73	-	-	yes	11294653	buried polar groups; conformational stability; low-energy penalty;	BIOCHEMISTRY 40 4853-4858 (2001) PMID: 11294653	Takano K, Yamagata Y, Yutani K
16987	Lysozyme	P61626	A27S (PDB: A9S)	Homo sapiens (Human)	1LZ1	A9S	Helix	0.0	2.7	64.9	-0.02	-	-	yes	11294653	buried polar groups; conformational stability; low-energy penalty;	BIOCHEMISTRY 40 4853-4858 (2001) PMID: 11294653	Takano K, Yamagata Y, Yutani K
16988	Lysozyme	P61626	A50S (PDB: A32S)	Homo sapiens (Human)	1LZ1	A32S	Helix	0.0	2.7	64.9	-0.33	-	-	yes	11294653	buried polar groups; conformational stability; low-energy penalty;	BIOCHEMISTRY 40 4853-4858 (2001) PMID: 11294653	Takano K, Yamagata Y, Yutani K
16989	Lysozyme	P61626	A110S (PDB: A92S)	Homo sapiens (Human)	1LZ1	A92S	Helix	4.54	2.7	64.9	0.81	-	-	yes	11294653	buried polar groups; conformational stability; low-energy penalty;	BIOCHEMISTRY 40 4853-4858 (2001) PMID: 11294653	Takano K, Yamagata Y, Yutani K
16990	Lysozyme	P61626	V111T (PDB: V93T)	Homo sapiens (Human)	1LZ1	V93T	Helix	1.95	2.7	64.9	-0.67	-	-	yes	11294653	buried polar groups; conformational stability; low-energy penalty;	BIOCHEMISTRY 40 4853-4858 (2001) PMID: 11294653	Takano K, Yamagata Y, Yutani K
16991	Lysozyme	P61626	A114S (PDB: A96S)	Homo sapiens (Human)	1LZ1	A96S	Helix	0.0	2.7	64.9	-1	-	-	yes	11294653	buried polar groups; conformational stability; low-energy penalty;	BIOCHEMISTRY 40 4853-4858 (2001) PMID: 11294653	Takano K, Yamagata Y, Yutani K
16992	Lysozyme	P61626	V117T (PDB: V99T)	Homo sapiens (Human)	1LZ1	V99T	Helix	2.6	2.7	64.9	-0.5	-	-	yes	11294653	buried polar groups; conformational stability; low-energy penalty;	BIOCHEMISTRY 40 4853-4858 (2001) PMID: 11294653	Takano K, Yamagata Y, Yutani K
16993	Lysozyme	P61626	V118T (PDB: V100T)	Homo sapiens (Human)	1LZ1	V100T	Coil	0.65	2.7	64.9	-0.29	-	-	yes	11294653	buried polar groups; conformational stability; low-energy penalty;	BIOCHEMISTRY 40 4853-4858 (2001) PMID: 11294653	Takano K, Yamagata Y, Yutani K
16994	Lysozyme	P61626	R39A (PDB: R21A)	Homo sapiens (Human)	1LZ1	R21A	Turn	69.87	2.7	64.9	1.31	-	-	yes	11455596	differential scanning calorimetry; X-ray crystallography;	PROTEINS 44 233-243 (2001) PMID: 11455596	Takano K, Yamagata Y, Yutani K
16995	Lysozyme	P61626	R39G (PDB: R21G)	Homo sapiens (Human)	1LZ1	R21G	Turn	69.87	2.7	64.9	1.15	-	-	yes	11455596	differential scanning calorimetry; X-ray crystallography;	PROTEINS 44 233-243 (2001) PMID: 11455596	Takano K, Yamagata Y, Yutani K
16996	Lysozyme	P61626	Y38A (PDB: Y38A)	Homo sapiens (Human)	1LZ1	Y38A	Sheet	9.83	2.7	64.9	-2.49	-	-	yes	11455596	differential scanning calorimetry; X-ray crystallography;	PROTEINS 44 233-243 (2001) PMID: 11455596	Takano K, Yamagata Y, Yutani K
16997	Lysozyme	P61626	Y38G (PDB: Y38G)	Homo sapiens (Human)	1LZ1	Y38G	Sheet	9.83	2.7	64.9	-2.32	-	-	yes	11455596	differential scanning calorimetry; X-ray crystallography;	PROTEINS 44 233-243 (2001) PMID: 11455596	Takano K, Yamagata Y, Yutani K
16998	Lysozyme	P61626	R68A (PDB: R50A)	Homo sapiens (Human)	1LZ1	R50A	Coil	67.69	2.7	64.9	0.43	-	-	yes	11455596	differential scanning calorimetry; X-ray crystallography;	PROTEINS 44 233-243 (2001) PMID: 11455596	Takano K, Yamagata Y, Yutani K
16999	Lysozyme	P61626	Q76A (PDB: Q58A)	Homo sapiens (Human)	1LZ1	Q58A	Turn	4.48	2.7	64.9	0.91	-	-	yes	11455596	differential scanning calorimetry; X-ray crystallography;	PROTEINS 44 233-243 (2001) PMID: 11455596	Takano K, Yamagata Y, Yutani K
17000	Lysozyme	P61626	H96A (PDB: H78A)	Homo sapiens (Human)	1LZ1	H78A	Helix	87.96	2.7	64.9	-0.14	-	-	yes	11455596	differential scanning calorimetry; X-ray crystallography;	PROTEINS 44 233-243 (2001) PMID: 11455596	Takano K, Yamagata Y, Yutani K
17001	Lysozyme	P61626	N136A (PDB: N118A)	Homo sapiens (Human)	1LZ1	N118A	Turn	112.02	2.7	64.9	0.19	-	-	yes	11455596	differential scanning calorimetry; X-ray crystallography;	PROTEINS 44 233-243 (2001) PMID: 11455596	Takano K, Yamagata Y, Yutani K
17002	Lysozyme	P61626	N136G (PDB: N118G)	Homo sapiens (Human)	1LZ1	N118G	Turn	112.02	2.7	64.9	0.05	-	-	yes	11455596	differential scanning calorimetry; X-ray crystallography;	PROTEINS 44 233-243 (2001) PMID: 11455596	Takano K, Yamagata Y, Yutani K
17003	Lysozyme	P61626	G34A (PDB: G16A)	Homo sapiens (Human)	1LZ1	G16A	Helix	50.83	2.7	64.9	-1.39	-	-	yes	11599030	differential scanning calorimetry; X-ray crystallography; mutant protein;	PROTEINS 45 274-280 (2001) PMID: 11599030	Takano K, Yamagata Y, Yutani K
17004	Lysozyme	P61626	G37A (PDB: G19A)	Homo sapiens (Human)	1LZ1	G19A	Helix	53.37	2.7	64.9	-1.77	-	-	yes	11599030	differential scanning calorimetry; X-ray crystallography; mutant protein;	PROTEINS 45 274-280 (2001) PMID: 11599030	Takano K, Yamagata Y, Yutani K
17005	Lysozyme	P61626	G40A (PDB: G22A)	Homo sapiens (Human)	1LZ1	G22A	Helix	95.3	2.7	64.9	-1.79	-	-	yes	11599030	differential scanning calorimetry; X-ray crystallography; mutant protein;	PROTEINS 45 274-280 (2001) PMID: 11599030	Takano K, Yamagata Y, Yutani K
17006	Lysozyme	P61626	G37A (PDB: G37A)	Homo sapiens (Human)	1LZ1	G37A	Helix	48.28	2.7	64.9	-0.29	-	-	yes	11599030	differential scanning calorimetry; X-ray crystallography; mutant protein;	PROTEINS 45 274-280 (2001) PMID: 11599030	Takano K, Yamagata Y, Yutani K
17007	Lysozyme	P61626	G66A (PDB: G48A)	Homo sapiens (Human)	1LZ1	G48A	Helix	106.73	2.7	64.9	0.45	-	-	yes	11599030	differential scanning calorimetry; X-ray crystallography; mutant protein;	PROTEINS 45 274-280 (2001) PMID: 11599030	Takano K, Yamagata Y, Yutani K
17008	Lysozyme	P61626	G86A (PDB: G68A)	Homo sapiens (Human)	1LZ1	G68A	Helix	81.32	2.7	64.9	-0.12	-	-	yes	11599030	differential scanning calorimetry; X-ray crystallography; mutant protein;	PROTEINS 45 274-280 (2001) PMID: 11599030	Takano K, Yamagata Y, Yutani K
17009	Lysozyme	P61626	G90A (PDB: G72A)	Homo sapiens (Human)	1LZ1	G72A	Helix	78.78	2.7	64.9	-0.36	-	-	yes	11599030	differential scanning calorimetry; X-ray crystallography; mutant protein;	PROTEINS 45 274-280 (2001) PMID: 11599030	Takano K, Yamagata Y, Yutani K
17010	Lysozyme	P61626	G123A (PDB: G105A)	Homo sapiens (Human)	1LZ1	G105A	Helix	16.52	2.7	64.9	-0.62	-	-	yes	11599030	differential scanning calorimetry; X-ray crystallography; mutant protein;	PROTEINS 45 274-280 (2001) PMID: 11599030	Takano K, Yamagata Y, Yutani K
17011	Lysozyme	P61626	G145A (PDB: G127A)	Homo sapiens (Human)	1LZ1	G127A	Helix	97.84	2.7	64.9	-0.55	-	-	yes	11599030	differential scanning calorimetry; X-ray crystallography; mutant protein;	PROTEINS 45 274-280 (2001) PMID: 11599030	Takano K, Yamagata Y, Yutani K
17012	Lysozyme	P61626	G147A (PDB: G129A)	Homo sapiens (Human)	1LZ1	G129A	Helix	94.03	2.7	64.9	0.14	-	-	yes	11599030	differential scanning calorimetry; X-ray crystallography; mutant protein;	PROTEINS 45 274-280 (2001) PMID: 11599030	Takano K, Yamagata Y, Yutani K
17013	Lysozyme	P61626	I41V (PDB: I23V)	Homo sapiens (Human)	1LZ1	I23V	Helix	8.11	2.7	64.9	-0.36	-	-	yes	7473760	protein stability; hydrophobicity; cavity; calorimetry; human lysozyme	J MOL BIOL 254, 62-76 (1995) PMID: 7473760	Takano K, Ogasahara K, Kaneda H, Yamagata Y, Fujii S, Kanaya E,
17014	Lysozyme	P61626	I74V (PDB: I56V)	Homo sapiens (Human)	1LZ1	I56V	Helix	0.54	2.7	64.9	-1.2	-	-	yes	7473760	protein stability; hydrophobicity; cavity; calorimetry; human lysozyme	J MOL BIOL 254, 62-76 (1995) PMID: 7473760	Takano K, Ogasahara K, Kaneda H, Yamagata Y, Fujii S, Kanaya E,
17015	Lysozyme	P61626	I77V (PDB: I59V)	Homo sapiens (Human)	1LZ1	I59V	Helix	1.62	2.7	64.9	-1.1	-	-	yes	7473760	protein stability; hydrophobicity; cavity; calorimetry; human lysozyme	J MOL BIOL 254, 62-76 (1995) PMID: 7473760	Takano K, Ogasahara K, Kaneda H, Yamagata Y, Fujii S, Kanaya E,
17016	Lysozyme	P61626	I107V (PDB: I89V)	Homo sapiens (Human)	1LZ1	I89V	Helix	3.78	2.7	64.9	-0.48	-	-	yes	7473760	protein stability; hydrophobicity; cavity; calorimetry; human lysozyme	J MOL BIOL 254, 62-76 (1995) PMID: 7473760	Takano K, Ogasahara K, Kaneda H, Yamagata Y, Fujii S, Kanaya E,
17017	Lysozyme	P61626	I124V (PDB: I106V)	Homo sapiens (Human)	1LZ1	I106V	Helix	2.16	2.7	64.9	-0.72	-	-	yes	7473760	protein stability; hydrophobicity; cavity; calorimetry; human lysozyme	J MOL BIOL 254, 62-76 (1995) PMID: 7473760	Takano K, Ogasahara K, Kaneda H, Yamagata Y, Fujii S, Kanaya E,
17018	Lysozyme	P61626	I74T (PDB: I56T)	Homo sapiens (Human)	1LZ1	I56T	Helix	0.54	2.7	64.9	-3.64	-	-	yes	9010773	amyloid formation; denatured state of a protein; human lysozyme;	J BIOCHEM 120, 1216-1223 (1996) PMID: 9010773	Funahashi J, Takano K, Ogasahara K, Yamagata Y, Yutani K
17019	Lysozyme	P61626	V20A (PDB: V2A)	Homo sapiens (Human)	1LZ1	V2A	Sheet	63.11	2.7	64.9	-1.51	-	-	yes	9020766	human lysozyme; calorimetry; hydrophobic effect; conformational stability;	BIOCHEMISTRY 36, 688-698 (1997) PMID: 9020766	Takano K, Yamagata Y, Fujii S, Yutani K
17020	Lysozyme	P61626	V92A (PDB: V74A)	Homo sapiens (Human)	1LZ1	V74A	Coil	56.6	2.7	64.9	-0.36	-	-	yes	9020766	human lysozyme; calorimetry; hydrophobic effect; conformational stability;	BIOCHEMISTRY 36, 688-698 (1997) PMID: 9020766	Takano K, Yamagata Y, Fujii S, Yutani K
17021	Lysozyme	P61626	V111A (PDB: V93A)	Homo sapiens (Human)	1LZ1	V93A	Helix	1.95	2.7	64.9	-0.74	-	-	yes	9020766	human lysozyme; calorimetry; hydrophobic effect; conformational stability;	BIOCHEMISTRY 36, 688-698 (1997) PMID: 9020766	Takano K, Yamagata Y, Fujii S, Yutani K
17022	Lysozyme	P61626	V117A (PDB: V99A)	Homo sapiens (Human)	1LZ1	V99A	Helix	2.6	2.7	64.9	-0.98	-	-	yes	9020766	human lysozyme; calorimetry; hydrophobic effect; conformational stability;	BIOCHEMISTRY 36, 688-698 (1997) PMID: 9020766	Takano K, Yamagata Y, Fujii S, Yutani K
17023	Lysozyme	P61626	V118A (PDB: V100A)	Homo sapiens (Human)	1LZ1	V100A	Coil	0.65	2.7	64.9	-0.26	-	-	yes	9020766	human lysozyme; calorimetry; hydrophobic effect; conformational stability;	BIOCHEMISTRY 36, 688-698 (1997) PMID: 9020766	Takano K, Yamagata Y, Fujii S, Yutani K
17024	Lysozyme	P61626	V128A (PDB: V110A)	Homo sapiens (Human)	1LZ1	V110A	Turn	50.75	2.7	64.9	0.53	-	-	yes	9020766	human lysozyme; calorimetry; hydrophobic effect; conformational stability;	BIOCHEMISTRY 36, 688-698 (1997) PMID: 9020766	Takano K, Yamagata Y, Fujii S, Yutani K
17025	Lysozyme	P61626	V139A (PDB: V121A)	Homo sapiens (Human)	1LZ1	V121A	Turn	8.46	2.7	64.9	-1.44	-	-	yes	9020766	human lysozyme; calorimetry; hydrophobic effect; conformational stability;	BIOCHEMISTRY 36, 688-698 (1997) PMID: 9020766	Takano K, Yamagata Y, Fujii S, Yutani K
17026	Lysozyme	P61626	V143A (PDB: V125A)	Homo sapiens (Human)	1LZ1	V125A	Turn	17.57	2.7	64.9	-1.32	-	-	yes	9020766	human lysozyme; calorimetry; hydrophobic effect; conformational stability;	BIOCHEMISTRY 36, 688-698 (1997) PMID: 9020766	Takano K, Yamagata Y, Fujii S, Yutani K
17027	Lysozyme	P61626	V148A (PDB: V130A)	Homo sapiens (Human)	1LZ1	V130A	Coil	55.3	2.7	64.9	-0.84	-	-	yes	9020766	human lysozyme; calorimetry; hydrophobic effect; conformational stability;	BIOCHEMISTRY 36, 688-698 (1997) PMID: 9020766	Takano K, Yamagata Y, Fujii S, Yutani K
17028	Lysozyme	P61626	Y38F (PDB: Y20F)	Homo sapiens (Human)	1LZ1	Y20F	Turn	25.74	2.7	64.9	-0.5	-	-	yes	9649316	conformational stability; hydrogen bonds; tyrosine;	BIOCHEMISTRY 37, 9355-9362 (1998) PMID: 9649316	Yamagata Y, Kubota M, Sumikawa Y, Funahashi J, Takano K,
17029	Lysozyme	P61626	Y38F (PDB: Y38F)	Homo sapiens (Human)	1LZ1	Y38F	Sheet	9.83	2.7	64.9	-0.19	-	-	yes	9649316	conformational stability; hydrogen bonds; tyrosine;	BIOCHEMISTRY 37, 9355-9362 (1998) PMID: 9649316	Yamagata Y, Kubota M, Sumikawa Y, Funahashi J, Takano K,
17030	Lysozyme	P61626	Y63F (PDB: Y45F)	Homo sapiens (Human)	1LZ1	Y45F	Sheet	59.9	2.7	64.9	0.07	-	-	yes	9649316	conformational stability; hydrogen bonds; tyrosine;	BIOCHEMISTRY 37, 9355-9362 (1998) PMID: 9649316	Yamagata Y, Kubota M, Sumikawa Y, Funahashi J, Takano K,
17031	Lysozyme	P61626	Y72F (PDB: Y54F)	Homo sapiens (Human)	1LZ1	Y54F	Sheet	10.76	2.7	64.9	-0.96	-	-	yes	9649316	conformational stability; hydrogen bonds; tyrosine;	BIOCHEMISTRY 37, 9355-9362 (1998) PMID: 9649316	Yamagata Y, Kubota M, Sumikawa Y, Funahashi J, Takano K,
17032	Lysozyme	P61626	Y63F (PDB: Y63F)	Homo sapiens (Human)	1LZ1	Y63F	Coil	56.62	2.7	64.9	-0.24	-	-	yes	9649316	conformational stability; hydrogen bonds; tyrosine;	BIOCHEMISTRY 37, 9355-9362 (1998) PMID: 9649316	Yamagata Y, Kubota M, Sumikawa Y, Funahashi J, Takano K,
17033	Lysozyme	P61626	Y142F (PDB: Y124F)	Homo sapiens (Human)	1LZ1	Y124F	Turn	9.36	2.7	64.9	-0.36	-	-	yes	9649316	conformational stability; hydrogen bonds; tyrosine;	BIOCHEMISTRY 37, 9355-9362 (1998) PMID: 9649316	Yamagata Y, Kubota M, Sumikawa Y, Funahashi J, Takano K,
17035	Lysozyme	P61626	I41A (PDB: I23A)	Homo sapiens (Human)	1LZ1	I23A	Helix	8.11	2.7	64.9	-2.54	-	-	yes	9398521	water molecule; protein stability; cavity;	J MOL BIOL 274, 132-142 (1997) PMID: 9398521	Takano K, Funahashi J, Yamagata Y, Fujii S, Yutani K
17036	Lysozyme	P61626	I74A (PDB: I56A)	Homo sapiens (Human)	1LZ1	I56A	Helix	0.54	2.7	64.9	-3.71	-	-	yes	9398521	water molecule; protein stability; cavity;	J MOL BIOL 274, 132-142 (1997) PMID: 9398521	Takano K, Funahashi J, Yamagata Y, Fujii S, Yutani K
17037	Lysozyme	P61626	I77A (PDB: I59A)	Homo sapiens (Human)	1LZ1	I59A	Helix	1.62	2.7	64.9	-1.72	-	-	yes	9398521	water molecule; protein stability; cavity;	J MOL BIOL 274, 132-142 (1997) PMID: 9398521	Takano K, Funahashi J, Yamagata Y, Fujii S, Yutani K
17038	Lysozyme	P61626	I107A (PDB: I89A)	Homo sapiens (Human)	1LZ1	I89A	Helix	3.78	2.7	64.9	-2.7	-	-	yes	9398521	water molecule; protein stability; cavity;	J MOL BIOL 274, 132-142 (1997) PMID: 9398521	Takano K, Funahashi J, Yamagata Y, Fujii S, Yutani K
17039	Lysozyme	P61626	I124A (PDB: I106A)	Homo sapiens (Human)	1LZ1	I106A	Helix	2.16	2.7	64.9	-0.93	-	-	yes	9398521	water molecule; protein stability; cavity;	J MOL BIOL 274, 132-142 (1997) PMID: 9398521	Takano K, Funahashi J, Yamagata Y, Fujii S, Yutani K
17040	Lysozyme	P61626	I77G (PDB: I59G)	Homo sapiens (Human)	1LZ1	I59G	Helix	1.62	2.7	64.9	-3.83	-	-	yes	9398521	water molecule; protein stability; cavity;	J MOL BIOL 274, 132-142 (1997) PMID: 9398521	Takano K, Funahashi J, Yamagata Y, Fujii S, Yutani K
17041	Lysozyme	P61626	A50L (PDB: A32L)	Homo sapiens (Human)	1LZ1	A32L	Helix	0.0	2.7	64.9	-0.1	-	-	yes	10469827	3D-1D compatibility evaluation; human lysozyme;	PROTEIN ENG 12, 663-672 (1999) PMID: 10469827	Takano K, Ota M, Ogasahara K, Yamagata Y, Nishikawa K, Yutani K
17042	Lysozyme	P61626	E53L (PDB: E35L)	Homo sapiens (Human)	1LZ1	E35L	Sheet	23.47	2.7	64.9	-0.53	-	-	yes	10469827	3D-1D compatibility evaluation; human lysozyme;	PROTEIN ENG 12, 663-672 (1999) PMID: 10469827	Takano K, Ota M, Ogasahara K, Yamagata Y, Nishikawa K, Yutani K
17043	Lysozyme	P61626	G37Q (PDB: G37Q)	Homo sapiens (Human)	1LZ1	G37Q	Helix	48.28	2.7	64.9	-0.26	-	-	yes	10469827	3D-1D compatibility evaluation; human lysozyme;	PROTEIN ENG 12, 663-672 (1999) PMID: 10469827	Takano K, Ota M, Ogasahara K, Yamagata Y, Nishikawa K, Yutani K
17044	Lysozyme	P61626	R68G (PDB: R50G)	Homo sapiens (Human)	1LZ1	R50G	Turn	67.69	2.7	64.9	0.26	-	-	yes	10469827	3D-1D compatibility evaluation; human lysozyme;	PROTEIN ENG 12, 663-672 (1999) PMID: 10469827	Takano K, Ota M, Ogasahara K, Yamagata Y, Nishikawa K, Yutani K
17045	Lysozyme	P61626	Q76G (PDB: Q58G)	Homo sapiens (Human)	1LZ1	Q58G	Turn	4.48	2.7	64.9	1.86	-	-	yes	10469827	3D-1D compatibility evaluation; human lysozyme;	PROTEIN ENG 12, 663-672 (1999) PMID: 10469827	Takano K, Ota M, Ogasahara K, Yamagata Y, Nishikawa K, Yutani K
17046	Lysozyme	P61626	V92S (PDB: V74S)	Homo sapiens (Human)	1LZ1	V74S	Coil	56.6	2.7	64.9	-0.38	-	-	yes	10469827	3D-1D compatibility evaluation; human lysozyme; mutant stability; pseudo-energy potential; stability profile	PROTEIN ENG 12, 663-672 (1999) PMID: 10469827	Takano K, Ota M, Ogasahara K, Yamagata Y, Nishikawa K, Yutani K
17047	Lysozyme	P61626	H96G (PDB: H78G)	Homo sapiens (Human)	1LZ1	H78G	Helix	87.96	2.7	64.9	-0.12	-	-	yes	10469827	3D-1D compatibility evaluation; human lysozyme;	PROTEIN ENG 12, 663-672 (1999) PMID: 10469827	Takano K, Ota M, Ogasahara K, Yamagata Y, Nishikawa K, Yutani K
17048	Lysozyme	P61626	A114M (PDB: A96M)	Homo sapiens (Human)	1LZ1	A96M	Helix	0.0	2.7	64.9	0.02	-	-	yes	10469827	3D-1D compatibility evaluation; human lysozyme;	PROTEIN ENG 12, 663-672 (1999) PMID: 10469827	Takano K, Ota M, Ogasahara K, Yamagata Y, Nishikawa K, Yutani K
17049	Lysozyme	P61626	V118F (PDB: V100F)	Homo sapiens (Human)	1LZ1	V100F	Turn	0.65	2.7	64.9	-1.65	-	-	yes	10469827	3D-1D compatibility evaluation; human lysozyme;	PROTEIN ENG 12, 663-672 (1999) PMID: 10469827	Takano K, Ota M, Ogasahara K, Yamagata Y, Nishikawa K, Yutani K
17050	Lysozyme	P61626	I74A (PDB: I56A)	Homo sapiens (Human)	1LZ1	I56A	Helix	0.54	2.7	64.9	-3.7	-	-	yes	10556244	calorimetry; human lysozyme; mutant protein; protein stability;	PROTEIN ENG 12, 841-850 (1999) PMID: 10556244	Funahashi J, Takano K, Yamagata Y, Yutani K
17051	Lysozyme	P61626	I74V (PDB: I56V)	Homo sapiens (Human)	1LZ1	I56V	Helix	0.54	2.7	64.9	-1.2	-	-	yes	10556244	calorimetry; human lysozyme; mutant protein; protein stability;	PROTEIN ENG 12, 841-850 (1999) PMID: 10556244	Funahashi J, Takano K, Yamagata Y, Yutani K
17052	Lysozyme	P61626	I74L (PDB: I56L)	Homo sapiens (Human)	1LZ1	I56L	Helix	0.54	2.7	64.9	-0.1	-	-	yes	10556244	calorimetry; human lysozyme; mutant protein; protein stability;	PROTEIN ENG 12, 841-850 (1999) PMID: 10556244	Funahashi J, Takano K, Yamagata Y, Yutani K
17053	Lysozyme	P61626	I74M (PDB: I56M)	Homo sapiens (Human)	1LZ1	I56M	Helix	0.54	2.7	64.9	-1.77	-	-	yes	10556244	calorimetry; human lysozyme; mutant protein; protein stability;	PROTEIN ENG 12, 841-850 (1999) PMID: 10556244	Funahashi J, Takano K, Yamagata Y, Yutani K
17054	Lysozyme	P61626	I74F (PDB: I56F)	Homo sapiens (Human)	1LZ1	I56F	Helix	0.54	2.7	64.9	-4.09	-	-	yes	10556244	calorimetry; human lysozyme; mutant protein; protein stability;	PROTEIN ENG 12, 841-850 (1999) PMID: 10556244	Funahashi J, Takano K, Yamagata Y, Yutani K
17055	Lysozyme	P61626	I74T (PDB: I56T)	Homo sapiens (Human)	1LZ1	I56T	Helix	0.54	2.7	64.9	-3.63	-	-	yes	10556244	calorimetry; human lysozyme; mutant protein; protein stability;	PROTEIN ENG 12, 841-850 (1999) PMID: 10556244	Funahashi J, Takano K, Yamagata Y, Yutani K
17056	Lysozyme	P61626	I77G (PDB: I59G)	Homo sapiens (Human)	1LZ1	I59G	Helix	1.62	2.7	64.9	-3.82	-	-	yes	10556244	calorimetry; human lysozyme; mutant protein; protein stability;	PROTEIN ENG 12, 841-850 (1999) PMID: 10556244	Funahashi J, Takano K, Yamagata Y, Yutani K
17057	Lysozyme	P61626	I77A (PDB: I59A)	Homo sapiens (Human)	1LZ1	I59A	Helix	1.62	2.7	64.9	-1.72	-	-	yes	10556244	calorimetry; human lysozyme; mutant protein; protein stability;	PROTEIN ENG 12, 841-850 (1999) PMID: 10556244	Funahashi J, Takano K, Yamagata Y, Yutani K
17058	Lysozyme	P61626	I77V (PDB: I59V)	Homo sapiens (Human)	1LZ1	I59V	Helix	1.62	2.7	64.9	-1.1	-	-	yes	10556244	calorimetry; human lysozyme; mutant protein; protein stability;	PROTEIN ENG 12, 841-850 (1999) PMID: 10556244	Funahashi J, Takano K, Yamagata Y, Yutani K
17059	Lysozyme	P61626	I77L (PDB: I59L)	Homo sapiens (Human)	1LZ1	I59L	Helix	1.62	2.7	64.9	0	-	-	yes	10556244	calorimetry; human lysozyme; mutant protein; protein stability;	PROTEIN ENG 12, 841-850 (1999) PMID: 10556244	Funahashi J, Takano K, Yamagata Y, Yutani K
17060	Lysozyme	P61626	I77M (PDB: I59M)	Homo sapiens (Human)	1LZ1	I59M	Helix	1.62	2.7	64.9	-1.29	-	-	yes	10556244	calorimetry; human lysozyme; mutant protein; protein stability;	PROTEIN ENG 12, 841-850 (1999) PMID: 10556244	Funahashi J, Takano K, Yamagata Y, Yutani K
17061	Lysozyme	P61626	I77F (PDB: I59F)	Homo sapiens (Human)	1LZ1	I59F	Helix	1.62	2.7	64.9	-0.81	-	-	yes	10556244	calorimetry; human lysozyme; mutant protein; protein stability;	PROTEIN ENG 12, 841-850 (1999) PMID: 10556244	Funahashi J, Takano K, Yamagata Y, Yutani K
17062	Lysozyme	P61626	I77S (PDB: I59S)	Homo sapiens (Human)	1LZ1	I59S	Helix	1.62	2.7	64.9	-3.59	-	-	yes	10556244	calorimetry; human lysozyme; mutant protein; protein stability;	PROTEIN ENG 12, 841-850 (1999) PMID: 10556244	Funahashi J, Takano K, Yamagata Y, Yutani K
17063	Lysozyme	P61626	I77T (PDB: I59T)	Homo sapiens (Human)	1LZ1	I59T	Helix	1.62	2.7	64.9	-2.22	-	-	yes	10556244	calorimetry; human lysozyme; mutant protein; protein stability;	PROTEIN ENG 12, 841-850 (1999) PMID: 10556244	Funahashi J, Takano K, Yamagata Y, Yutani K
17064	Lysozyme	P61626	I77Y (PDB: I59Y)	Homo sapiens (Human)	1LZ1	I59Y	Helix	1.62	2.7	64.9	-3.78	-	-	yes	10556244	calorimetry; human lysozyme; mutant protein; protein stability;	PROTEIN ENG 12, 841-850 (1999) PMID: 10556244	Funahashi J, Takano K, Yamagata Y, Yutani K
17065	Lysozyme	P61626	R68G (PDB: R50G)	Homo sapiens (Human)	1LZ1	R50G	Turn	67.69	2.7	64.9	0.26	-	-	yes	10913274	turn; conformational stability; conformational entropy;	BIOCHEMISTRY 39, 8655-8665 (2000) PMID: 10913274	Takano K, Yamagata Y, Yutani K
17066	Lysozyme	P61626	Q76G (PDB: Q58G)	Homo sapiens (Human)	1LZ1	Q58G	Turn	4.48	2.7	64.9	1.86	-	-	yes	10913274	turn; conformational stability; conformational entropy;	BIOCHEMISTRY 39, 8655-8665 (2000) PMID: 10913274	Takano K, Yamagata Y, Yutani K
17067	Lysozyme	P61626	H96G (PDB: H78G)	Homo sapiens (Human)	1LZ1	H78G	Helix	87.96	2.7	64.9	-0.12	-	-	yes	10913274	turn; conformational stability; conformational entropy;	BIOCHEMISTRY 39, 8655-8665 (2000) PMID: 10913274	Takano K, Yamagata Y, Yutani K
17068	Lysozyme	P61626	G37Q (PDB: G37Q)	Homo sapiens (Human)	1LZ1	G37Q	Helix	48.28	2.7	64.9	-0.26	-	-	yes	10913274	turn; conformational stability; conformational entropy;	BIOCHEMISTRY 39, 8655-8665 (2000) PMID: 10913274	Takano K, Yamagata Y, Yutani K
17069	Lysozyme	P61626	K19M (PDB: K1M)	Homo sapiens (Human)	1LZ1	K1M	Coil	32.09	2.7	64.9	-0.12	-	-	yes	10561612	extra N-terminal residue; human lysozyme; protein stability;	EUR J BIOCHEM 266, 675-682 (1999) PMID: 10561612	Takano K, Tsuchimori K, Yamagata Y, Yutani K
17070	Lysozyme	P61626	K19A (PDB: K1A)	Homo sapiens (Human)	1LZ1	K1A	Coil	32.09	2.7	64.9	-0.6	-	-	yes	10561612	extra N-terminal residue; human lysozyme; protein stability;	EUR J BIOCHEM 266, 675-682 (1999) PMID: 10561612	Takano K, Tsuchimori K, Yamagata Y, Yutani K
17071	Lysozyme	P61626	V20G (PDB: V2G)	Homo sapiens (Human)	1LZ1	V2G	Sheet	63.11	2.7	64.9	-2.29	-	-	yes	11087397	surface; alpha-helix; beta-sheet; loop;	BIOCHEMISTRY 39, 14448-14456 (2000) PMID: 11087397	Funahashi J, Takano K, Yamagata Y, Yutani K
17072	Lysozyme	P61626	V20I (PDB: V2I)	Homo sapiens (Human)	1LZ1	V2I	Sheet	63.11	2.7	64.9	1.1	-	-	yes	11087397	surface; alpha-helix; beta-sheet; loop;	BIOCHEMISTRY 39, 14448-14456 (2000) PMID: 11087397	Funahashi J, Takano K, Yamagata Y, Yutani K
17073	Lysozyme	P61626	V20L (PDB: V2L)	Homo sapiens (Human)	1LZ1	V2L	Sheet	63.11	2.7	64.9	-0.05	-	-	yes	11087397	surface; alpha-helix; beta-sheet; loop;	BIOCHEMISTRY 39, 14448-14456 (2000) PMID: 11087397	Funahashi J, Takano K, Yamagata Y, Yutani K
17074	Lysozyme	P61626	V20M (PDB: V2M)	Homo sapiens (Human)	1LZ1	V2M	Sheet	63.11	2.7	64.9	-0.31	-	-	yes	11087397	surface; alpha-helix; beta-sheet; loop;	BIOCHEMISTRY 39, 14448-14456 (2000) PMID: 11087397	Funahashi J, Takano K, Yamagata Y, Yutani K
17075	Lysozyme	P61626	V20F (PDB: V2F)	Homo sapiens (Human)	1LZ1	V2F	Sheet	63.11	2.7	64.9	-0.86	-	-	yes	11087397	surface; alpha-helix; beta-sheet; loop;	BIOCHEMISTRY 39, 14448-14456 (2000) PMID: 11087397	Funahashi J, Takano K, Yamagata Y, Yutani K
17076	Lysozyme	P61626	V92G (PDB: V74G)	Homo sapiens (Human)	1LZ1	V74G	Coil	56.6	2.7	64.9	-0.22	-	-	yes	11087397	surface; alpha-helix; beta-sheet; loop;	BIOCHEMISTRY 39, 14448-14456 (2000) PMID: 11087397	Funahashi J, Takano K, Yamagata Y, Yutani K
17077	Lysozyme	P61626	V92I (PDB: V74I)	Homo sapiens (Human)	1LZ1	V74I	Coil	56.6	2.7	64.9	0.45	-	-	yes	11087397	surface; alpha-helix; beta-sheet; loop;	BIOCHEMISTRY 39, 14448-14456 (2000) PMID: 11087397	Funahashi J, Takano K, Yamagata Y, Yutani K
17078	Lysozyme	P61626	V92L (PDB: V74L)	Homo sapiens (Human)	1LZ1	V74L	Coil	56.6	2.7	64.9	0.19	-	-	yes	11087397	surface; alpha-helix; beta-sheet; loop;	BIOCHEMISTRY 39, 14448-14456 (2000) PMID: 11087397	Funahashi J, Takano K, Yamagata Y, Yutani K
17079	Lysozyme	P61626	V92M (PDB: V74M)	Homo sapiens (Human)	1LZ1	V74M	Coil	56.6	2.7	64.9	0.65	-	-	yes	11087397	surface; alpha-helix; beta-sheet; loop;	BIOCHEMISTRY 39, 14448-14456 (2000) PMID: 11087397	Funahashi J, Takano K, Yamagata Y, Yutani K
17080	Lysozyme	P61626	V92F (PDB: V74F)	Homo sapiens (Human)	1LZ1	V74F	Coil	56.6	2.7	64.9	-0.29	-	-	yes	11087397	surface; alpha-helix; beta-sheet; loop;	BIOCHEMISTRY 39, 14448-14456 (2000) PMID: 11087397	Funahashi J, Takano K, Yamagata Y, Yutani K
17081	Lysozyme	P61626	V128G (PDB: V110G)	Homo sapiens (Human)	1LZ1	V110G	Turn	50.75	2.7	64.9	0.48	-	-	yes	11087397	surface; alpha-helix; beta-sheet; loop;	BIOCHEMISTRY 39, 14448-14456 (2000) PMID: 11087397	Funahashi J, Takano K, Yamagata Y, Yutani K
17082	Lysozyme	P61626	V128I (PDB: V110I)	Homo sapiens (Human)	1LZ1	V110I	Turn	50.75	2.7	64.9	0.86	-	-	yes	11087397	surface; alpha-helix; beta-sheet; loop;	BIOCHEMISTRY 39, 14448-14456 (2000) PMID: 11087397	Funahashi J, Takano K, Yamagata Y, Yutani K
17083	Lysozyme	P61626	V128L (PDB: V110L)	Homo sapiens (Human)	1LZ1	V110L	Turn	50.75	2.7	64.9	0.07	-	-	yes	11087397	surface; alpha-helix; beta-sheet; loop;	BIOCHEMISTRY 39, 14448-14456 (2000) PMID: 11087397	Funahashi J, Takano K, Yamagata Y, Yutani K
17084	Lysozyme	P61626	V128M (PDB: V110M)	Homo sapiens (Human)	1LZ1	V110M	Turn	50.75	2.7	64.9	0.53	-	-	yes	11087397	surface; alpha-helix; beta-sheet; loop;	BIOCHEMISTRY 39, 14448-14456 (2000) PMID: 11087397	Funahashi J, Takano K, Yamagata Y, Yutani K
17085	Lysozyme	P61626	V128F (PDB: V110F)	Homo sapiens (Human)	1LZ1	V110F	Turn	50.75	2.7	64.9	-0.05	-	-	yes	11087397	surface; alpha-helix; beta-sheet; loop;	BIOCHEMISTRY 39, 14448-14456 (2000) PMID: 11087397	Funahashi J, Takano K, Yamagata Y, Yutani K
17086	Lysozyme	P61626	V20S (PDB: V2S)	Homo sapiens (Human)	1LZ1	V2S	Sheet	63.11	2.7	64.9	-1.41	-	-	Unknown	11927576	hydration structure; surface; alpha-helix; beta-sheet;	J BIOL CHEM 277, 21792-21800 (2002) PMID: 11927576	Funahashi J, Takano K, Yamagata Y, Yutani K.
17087	Lysozyme	P61626	V20Y (PDB: V2Y)	Homo sapiens (Human)	1LZ1	V2Y	Sheet	63.11	2.7	64.9	-0.36	-	-	Unknown	11927576	hydration structure; surface; alpha-helix; beta-sheet;	J BIOL CHEM 277, 21792-21800 (2002) PMID: 11927576	Funahashi J, Takano K, Yamagata Y, Yutani K.
17088	Lysozyme	P61626	V20D (PDB: V2D)	Homo sapiens (Human)	1LZ1	V2D	Sheet	63.11	2.7	64.9	-1.43	-	-	Unknown	11927576	hydration structure; surface; alpha-helix; beta-sheet;	J BIOL CHEM 277, 21792-21800 (2002) PMID: 11927576	Funahashi J, Takano K, Yamagata Y, Yutani K.
17089	Lysozyme	P61626	V20N (PDB: V2N)	Homo sapiens (Human)	1LZ1	V2N	Coil	63.11	2.7	64.9	-1.34	-	-	Unknown	11927576	hydration structure; surface; alpha-helix; beta-sheet;	J BIOL CHEM 277, 21792-21800 (2002) PMID: 11927576	Funahashi J, Takano K, Yamagata Y, Yutani K.
17090	Lysozyme	P61626	V20R (PDB: V2R)	Homo sapiens (Human)	1LZ1	V2R	Sheet	63.11	2.7	64.9	-0.38	-	-	Unknown	11927576	hydration structure; surface; alpha-helix; beta-sheet;	J BIOL CHEM 277, 21792-21800 (2002) PMID: 11927576	Funahashi J, Takano K, Yamagata Y, Yutani K.
17091	Lysozyme	P61626	V92S (PDB: V74S)	Homo sapiens (Human)	1LZ1	V74S	Coil	56.6	2.7	64.9	-0.38	-	-	Unknown	11927576	hydration structure; surface; alpha-helix; beta-sheet;	J BIOL CHEM 277, 21792-21800 (2002) PMID: 11927576	Funahashi J, Takano K, Yamagata Y, Yutani K.
17092	Lysozyme	P61626	V92Y (PDB: V74Y)	Homo sapiens (Human)	1LZ1	V74Y	Coil	56.6	2.7	64.9	-0.24	-	-	Unknown	11927576	hydration structure; surface; alpha-helix; beta-sheet;	J BIOL CHEM 277, 21792-21800 (2002) PMID: 11927576	Funahashi J, Takano K, Yamagata Y, Yutani K.
17093	Lysozyme	P61626	V92D (PDB: V74D)	Homo sapiens (Human)	1LZ1	V74D	Coil	56.6	2.7	64.9	-0.43	-	-	Unknown	11927576	hydration structure; surface; alpha-helix; beta-sheet;	J BIOL CHEM 277, 21792-21800 (2002) PMID: 11927576	Funahashi J, Takano K, Yamagata Y, Yutani K.
17094	Lysozyme	P61626	V92N (PDB: V74N)	Homo sapiens (Human)	1LZ1	V74N	Coil	56.6	2.7	64.9	-0.33	-	-	Unknown	11927576	hydration structure; surface; alpha-helix; beta-sheet;	J BIOL CHEM 277, 21792-21800 (2002) PMID: 11927576	Funahashi J, Takano K, Yamagata Y, Yutani K.
17095	Lysozyme	P61626	V92R (PDB: V74R)	Homo sapiens (Human)	1LZ1	V74R	Coil	56.6	2.7	64.9	-0.07	-	-	Unknown	11927576	hydration structure; surface; alpha-helix; beta-sheet;	J BIOL CHEM 277, 21792-21800 (2002) PMID: 11927576	Funahashi J, Takano K, Yamagata Y, Yutani K.
17096	Lysozyme	P61626	V128Y (PDB: V110Y)	Homo sapiens (Human)	1LZ1	V110Y	Helix	50.75	2.7	64.9	-0.14	-	-	Unknown	11927576	hydration structure; surface; alpha-helix; beta-sheet;	J BIOL CHEM 277, 21792-21800 (2002) PMID: 11927576	Funahashi J, Takano K, Yamagata Y, Yutani K.
17097	Lysozyme	P61626	V128D (PDB: V110D)	Homo sapiens (Human)	1LZ1	V110D	Helix	50.75	2.7	64.9	0.17	-	-	Unknown	11927576	hydration structure; surface; alpha-helix; beta-sheet;	J BIOL CHEM 277, 21792-21800 (2002) PMID: 11927576	Funahashi J, Takano K, Yamagata Y, Yutani K.
17098	Lysozyme	P61626	V128N (PDB: V110N)	Homo sapiens (Human)	1LZ1	V110N	Helix	50.75	2.7	64.9	0.07	-	-	Unknown	11927576	hydration structure; surface; alpha-helix; beta-sheet;	J BIOL CHEM 277, 21792-21800 (2002) PMID: 11927576	Funahashi J, Takano K, Yamagata Y, Yutani K.
17099	Lysozyme	P61626	V128R (PDB: V110R)	Homo sapiens (Human)	1LZ1	V110R	Helix	50.75	2.7	64.9	0.88	-	-	Unknown	11927576	hydration structure; surface; alpha-helix; beta-sheet;	J BIOL CHEM 277, 21792-21800 (2002) PMID: 11927576	Funahashi J, Takano K, Yamagata Y, Yutani K.
17100	Lysozyme	P00720	M102L (PDB: M102L)	Enterobacteria phage T4 (Bacteriophage T4)	2LZM	M102L	Helix	1.5	5.7	64.89	-0.82	-	-	yes	1569571	hydrophobic core packing; protein design; energy minimization;	J MOL BIOL 224, 1143-1159 (1992) PMID: 1569571	Hurley J.H., Baase W.A. & Matthews B.W.
17101	Lysozyme	P00720	V111F (PDB: V111F)	Enterobacteria phage T4 (Bacteriophage T4)	2LZM	V111F	Helix	0.0	5.7	64.89	-1.69	-	-	yes	1569571	hydrophobic core packing; protein design; energy minimization;	J MOL BIOL 224, 1143-1159 (1992) PMID: 1569571	Hurley J.H., Baase W.A. & Matthews B.W.
17102	Lysozyme	P00720	V111I (PDB: V111I)	Enterobacteria phage T4 (Bacteriophage T4)	2LZM	V111I	Helix	0.0	5.7	64.89	-0.85	-	-	yes	1569571	hydrophobic core packing; protein design; energy minimization;	J MOL BIOL 224, 1143-1159 (1992) PMID: 1569571	Hurley J.H., Baase W.A. & Matthews B.W.
17112	Lysozyme	P00720	L99A (PDB: L99A)	Enterobacteria phage T4 (Bacteriophage T4)	2LZM	L99A	Helix	0.0	5.7	64.88	-4.5	-	-	yes	8433369	mutagenesis; protein design; protein structure;	J MOL BIOL 229, 747-769 (1993) PMID: 8433369	Eriksson A.E., Baase W.A. & Matthews B.W.
17113	Lysozyme	P00720	L99V (PDB: L99V)	Enterobacteria phage T4 (Bacteriophage T4)	2LZM	L99V	Helix	0.0	5.7	64.88	-2	-	-	yes	8433369	mutagenesis; protein design; protein structure;	J MOL BIOL 229, 747-769 (1993) PMID: 8433369	Eriksson A.E., Baase W.A. & Matthews B.W.
17114	Lysozyme	P00720	L99I (PDB: L99I)	Enterobacteria phage T4 (Bacteriophage T4)	2LZM	L99I	Helix	0.0	5.7	64.88	-1.5	-	-	yes	8433369	mutagenesis; protein design; protein structure;	J MOL BIOL 229, 747-769 (1993) PMID: 8433369	Eriksson A.E., Baase W.A. & Matthews B.W.
17115	Lysozyme	P00720	L99M (PDB: L99M)	Enterobacteria phage T4 (Bacteriophage T4)	2LZM	L99M	Helix	0.0	5.7	64.88	-0.6	-	-	yes	8433369	mutagenesis; protein design; protein structure;	J MOL BIOL 229, 747-769 (1993) PMID: 8433369	Eriksson A.E., Baase W.A. & Matthews B.W.
17116	Lysozyme	P00720	L99F (PDB: L99F)	Enterobacteria phage T4 (Bacteriophage T4)	2LZM	L99F	Helix	0.0	5.7	64.88	-0.3	-	-	yes	8433369	mutagenesis; protein design; protein structure;	J MOL BIOL 229, 747-769 (1993) PMID: 8433369	Eriksson A.E., Baase W.A. & Matthews B.W.
17117	Lysozyme	P00720	F153A (PDB: F153A)	Enterobacteria phage T4 (Bacteriophage T4)	2LZM	F153A	Helix	1.0	5.7	64.88	-3.8	-	-	yes	8433369	mutagenesis; protein design; protein structure;	J MOL BIOL 229, 747-769 (1993) PMID: 8433369	Eriksson A.E., Baase W.A. & Matthews B.W.
17118	Lysozyme	P00720	F153V (PDB: F153V)	Enterobacteria phage T4 (Bacteriophage T4)	2LZM	F153V	Helix	1.0	5.7	64.88	-1.8	-	-	yes	8433369	mutagenesis; protein design; protein structure;	J MOL BIOL 229, 747-769 (1993) PMID: 8433369	Eriksson A.E., Baase W.A. & Matthews B.W.
17119	Lysozyme	P00720	F153I (PDB: F153I)	Enterobacteria phage T4 (Bacteriophage T4)	2LZM	F153I	Helix	1.0	5.7	64.88	-0.2	-	-	yes	8433369	mutagenesis; protein design; protein structure;	J MOL BIOL 229, 747-769 (1993) PMID: 8433369	Eriksson A.E., Baase W.A. & Matthews B.W.
17120	Lysozyme	P00720	F153L (PDB: F153L)	Enterobacteria phage T4 (Bacteriophage T4)	2LZM	F153L	Helix	1.0	5.7	64.88	0.3	-	-	yes	8433369	mutagenesis; protein design; protein structure;	J MOL BIOL 229, 747-769 (1993) PMID: 8433369	Eriksson A.E., Baase W.A. & Matthews B.W.
17121	Lysozyme	P00720	F153M (PDB: F153M)	Enterobacteria phage T4 (Bacteriophage T4)	2LZM	F153M	Helix	1.0	5.7	64.88	-0.6	-	-	yes	8433369	mutagenesis; protein design; protein structure;	J MOL BIOL 229, 747-769 (1993) PMID: 8433369	Eriksson A.E., Baase W.A. & Matthews B.W.
17123	Lysozyme	P00720	G77A (PDB: G77A)	Enterobacteria phage T4 (Bacteriophage T4)	2LZM	G77A	Helix	3.81	6.5	64.7	0.4	-	-	yes	3477797	lysozyme; protein structure; protein design; proline;	PROC NATL ACAD SCI U S A 84, 6663-6667 (1987) PMID: 3477797	Matthews B.W., Nicholson H. & Becktel W.J.
17124	Lysozyme	P00720	A82P (PDB: A82P)	Enterobacteria phage T4 (Bacteriophage T4)	2LZM	A82P	Helix	78.95	6.5	64.7	0.8	-	-	yes	3477797	lysozyme; protein structure; protein design; proline;	PROC NATL ACAD SCI U S A 84, 6663-6667 (1987) PMID: 3477797	Matthews B.W., Nicholson H. & Becktel W.J.
17125	Lysozyme	P00720	N55G (PDB: N55G)	Enterobacteria phage T4 (Bacteriophage T4)	2LZM	N55G	Turn	83.33	6.5	64.7	-0.6	-	-	yes	2511328	T4 lysozyme; thermodynamic stability; conformational energy;	J MOL BIOL 210, 181-193 (1989) PMID: 2511328	Nicholson H, Soderlind E, Tronrud DE, Matthews B
17126	Lysozyme	P00720	K124G (PDB: K124G)	Enterobacteria phage T4 (Bacteriophage T4)	2LZM	K124G	Coil	46.67	6.5	64.7	-0.1	-	-	yes	2511328	T4 lysozyme; thermodynamic stability; conformational energy;	J MOL BIOL 210, 181-193 (1989) PMID: 2511328	Nicholson H, Soderlind E, Tronrud DE, Matthews B
17127	Lysozyme	P00720	I3W (PDB: I3W)	Enterobacteria phage T4 (Bacteriophage T4)	2LZM	I3W	Helix	10.81	6.5	64.7	-2.8	-	-	yes	3405287	bacteriophage T4; hydrophobicity; protein folding;	NATURE 334, 406-410 (1988) PMID: 3405287	Matsumura M., Becktel W.J. & Matthews B.W.
17128	Lysozyme	P00720	I3Y (PDB: I3Y)	Enterobacteria phage T4 (Bacteriophage T4)	2LZM	I3Y	Helix	10.81	6.5	64.7	-2.3	-	-	yes	3405287	bacteriophage T4; hydrophobicity; protein folding;	NATURE 334, 406-410 (1988) PMID: 3405287	Matsumura M., Becktel W.J. & Matthews B.W.
17129	Lysozyme	P00720	I3F (PDB: I3F)	Enterobacteria phage T4 (Bacteriophage T4)	2LZM	I3F	Helix	10.81	6.5	64.7	-1.1	-	-	yes	3405287	bacteriophage T4; hydrophobicity; protein folding;	NATURE 334, 406-410 (1988) PMID: 3405287	Matsumura M., Becktel W.J. & Matthews B.W.
17130	Lysozyme	P00720	I3L (PDB: I3L)	Enterobacteria phage T4 (Bacteriophage T4)	2LZM	I3L	Helix	10.81	6.5	64.7	0.4	-	-	yes	3405287	bacteriophage T4; hydrophobicity; protein folding;	NATURE 334, 406-410 (1988) PMID: 3405287	Matsumura M., Becktel W.J. & Matthews B.W.
17131	Lysozyme	P00720	I3V (PDB: I3V)	Enterobacteria phage T4 (Bacteriophage T4)	2LZM	I3V	Helix	10.81	6.5	64.7	-0.4	-	-	yes	3405287	bacteriophage T4; hydrophobicity; protein folding;	NATURE 334, 406-410 (1988) PMID: 3405287	Matsumura M., Becktel W.J. & Matthews B.W.
17132	Lysozyme	P00720	I3M (PDB: I3M)	Enterobacteria phage T4 (Bacteriophage T4)	2LZM	I3M	Helix	10.81	6.5	64.7	-0.9	-	-	yes	3405287	bacteriophage T4; hydrophobicity; protein folding;	NATURE 334, 406-410 (1988) PMID: 3405287	Matsumura M., Becktel W.J. & Matthews B.W.
17133	Lysozyme	P00720	I3C (PDB: I3C)	Enterobacteria phage T4 (Bacteriophage T4)	2LZM	I3C	Helix	10.81	6.5	64.7	-1.2	-	-	yes	3405287	bacteriophage T4; hydrophobicity; protein folding;	NATURE 334, 406-410 (1988) PMID: 3405287	Matsumura M., Becktel W.J. & Matthews B.W.
17134	Lysozyme	P00720	I3C (PDB: I3C)	Enterobacteria phage T4 (Bacteriophage T4)	2LZM	I3C	Helix	10.81	6.5	64.7	1.2	-	-	yes	3405287	bacteriophage T4; hydrophobicity; protein folding;	NATURE 334, 406-410 (1988) PMID: 3405287	Matsumura M., Becktel W.J. & Matthews B.W.
17135	Lysozyme	P00720	I3A (PDB: I3A)	Enterobacteria phage T4 (Bacteriophage T4)	2LZM	I3A	Helix	10.81	6.5	64.7	-0.7	-	-	yes	3405287	bacteriophage T4; hydrophobicity; protein folding;	NATURE 334, 406-410 (1988) PMID: 3405287	Matsumura M., Becktel W.J. & Matthews B.W.
17136	Lysozyme	P00720	I3T (PDB: I3T)	Enterobacteria phage T4 (Bacteriophage T4)	2LZM	I3T	Helix	10.81	6.5	64.7	-2.3	-	-	yes	3405287	bacteriophage T4; hydrophobicity; protein folding;	NATURE 334, 406-410 (1988) PMID: 3405287	Matsumura M., Becktel W.J. & Matthews B.W.
17137	Lysozyme	P00720	I3S (PDB: I3S)	Enterobacteria phage T4 (Bacteriophage T4)	2LZM	I3S	Helix	10.81	6.5	64.7	-1.7	-	-	yes	3405287	bacteriophage T4; hydrophobicity; protein folding;	NATURE 334, 406-410 (1988) PMID: 3405287	Matsumura M., Becktel W.J. & Matthews B.W.
17138	Lysozyme	P00720	I3G (PDB: I3G)	Enterobacteria phage T4 (Bacteriophage T4)	2LZM	I3G	Helix	10.81	6.5	64.7	-2.1	-	-	yes	3405287	bacteriophage T4; hydrophobicity; protein folding;	NATURE 334, 406-410 (1988) PMID: 3405287	Matsumura M., Becktel W.J. & Matthews B.W.
17139	Lysozyme	P00720	I3E (PDB: I3E)	Enterobacteria phage T4 (Bacteriophage T4)	2LZM	I3E	Helix	10.81	6.5	64.7	-2	-	-	yes	3405287	bacteriophage T4; hydrophobicity; protein folding;	NATURE 334, 406-410 (1988) PMID: 3405287	Matsumura M., Becktel W.J. & Matthews B.W.
17140	Lysozyme	P00720	I3D (PDB: I3D)	Enterobacteria phage T4 (Bacteriophage T4)	2LZM	I3D	Helix	10.81	6.5	64.7	-3.2	-	-	yes	3405287	bacteriophage T4; hydrophobicity; protein folding;	NATURE 334, 406-410 (1988) PMID: 3405287	Matsumura M., Becktel W.J. & Matthews B.W.
17141	Lysozyme	P00720	K60P (PDB: K60P)	Enterobacteria phage T4 (Bacteriophage T4)	2LZM	K60P	Helix	52.02	6.5	64.7	0	-	-	yes	1457724	phage T4 lysozyme; thermostability; alpha-helix;	BIOPOLYMERS 32, 1431-1441 (1992) PMID: 1457724	Nicholson H., Tronrud D.E., Becktel W.J. & Matthews B.W.
17142	Lysozyme	P00720	G77A (PDB: G77A)	Enterobacteria phage T4 (Bacteriophage T4)	2LZM	G77A	Helix	3.81	6.5	64.7	0.4	-	-	yes	1457724	phage T4 lysozyme; thermostability; alpha-helix;	BIOPOLYMERS 32, 1431-1441 (1992) PMID: 1457724	Nicholson H., Tronrud D.E., Becktel W.J. & Matthews B.W.
17143	Lysozyme	P00720	A82P (PDB: A82P)	Enterobacteria phage T4 (Bacteriophage T4)	2LZM	A82P	Helix	78.95	6.5	64.7	0.8	-	-	yes	1457724	phage T4 lysozyme; thermostability; alpha-helix;	BIOPOLYMERS 32, 1431-1441 (1992) PMID: 1457724	Nicholson H., Tronrud D.E., Becktel W.J. & Matthews B.W.
17144	Lysozyme	P00720	A93P (PDB: A93P)	Enterobacteria phage T4 (Bacteriophage T4)	2LZM	A93P	Helix	66.24	6.5	64.7	0.1	-	-	yes	1457724	phage T4 lysozyme; thermostability; alpha-helix;	BIOPOLYMERS 32, 1431-1441 (1992) PMID: 1457724	Nicholson H., Tronrud D.E., Becktel W.J. & Matthews B.W.
17145	Lysozyme	P00720	G113A (PDB: G113A)	Enterobacteria phage T4 (Bacteriophage T4)	2LZM	G113A	Helix	68.61	6.5	64.7	0.3	-	-	yes	1457724	phage T4 lysozyme; thermostability; alpha-helix;	BIOPOLYMERS 32, 1431-1441 (1992) PMID: 1457724	Nicholson H., Tronrud D.E., Becktel W.J. & Matthews B.W.
17146	Lysozyme	P00720	G156D (PDB: G156D)	Enterobacteria phage T4 (Bacteriophage T4)	2LZM	G156D	Helix	21.6	6.5	64.7	-2.3	-	-	yes	3680274	T4 lysozyme; temperature-sensitive; crystallographic refinement;	J BIOL CHEM 262, 16858-16864 (1987) PMID: 3680274	Gray T.M. & Matthews B.W.
17147	Lysozyme	P00720	L133D (PDB: L133D)	Enterobacteria phage T4 (Bacteriophage T4)	2LZM	L133D	Helix	0.55	4.4	64.6	-5.5	-	-	yes	1747370	T4 lysozyme; alpha-helix; energetic; structural;	BIOCHEMISTRY 30, 11521-11529 (1991) PMID: 1747370	Dao-pin S., Anderson D.E., Baase W.A., Dahlquist F.W. & Matthews B.W.
17148	Lysozyme	P00720	T115E (PDB: T115E)	Enterobacteria phage T4 (Bacteriophage T4)	2LZM	T115E	Turn	63.45	6.5	64.6	0.3	-	-	yes	1854726	salt bridges; T4 lysozyme; electrostatic interactions;	BIOCHEMISTRY 30, 7142-7153 (1991) PMID: 1854726	Dao-pin S., Sauer U., Nicholson H. & Matthews B.W.
17156	Soluble cytochrome b562	P0ABE7	M55A (PDB: M33A)	Unknown	1yyx	M33A	-		5.0	64.6	3.5	-	-	Unknown	15533036	intermediate; hydrophobic; phi-value analysis; non-native interactions	BIOCHEMISTRY 43, 14325-14331 (2004) PMID: 15533036	Feng H, Vu ND, Zhou Z, Bai Y
17157	Soluble cytochrome b562	P0ABE7	A58G (PDB: A36G)	Unknown	1yyx	A36G	-		5.0	64.6	2.71	-	-	Unknown	15533036	intermediate; hydrophobic; phi-value analysis; non-native interactions	BIOCHEMISTRY 43, 14325-14331 (2004) PMID: 15533036	Feng H, Vu ND, Zhou Z, Bai Y
17158	Soluble cytochrome b562	P0ABE7	L70A (PDB: L48A)	Unknown	1yyx	L48A	-		5.0	64.6	4.23	-	-	Unknown	15533036	intermediate; hydrophobic; phi-value analysis; non-native interactions	BIOCHEMISTRY 43, 14325-14331 (2004) PMID: 15533036	Feng H, Vu ND, Zhou Z, Bai Y
17159	Soluble cytochrome b562	P0ABE7	M80A (PDB: M58A)	Unknown	1yyx	M58A	-		5.0	64.6	3.61	-	-	Unknown	15533036	intermediate; hydrophobic; phi-value analysis; non-native interactions	BIOCHEMISTRY 43, 14325-14331 (2004) PMID: 15533036	Feng H, Vu ND, Zhou Z, Bai Y
17160	Soluble cytochrome b562	P0ABE7	F83A (PDB: F61A)	Unknown	1yyx	F61A	-		5.0	64.6	5.45	-	-	Unknown	15533036	intermediate; hydrophobic; phi-value analysis; non-native interactions	BIOCHEMISTRY 43, 14325-14331 (2004) PMID: 15533036	Feng H, Vu ND, Zhou Z, Bai Y
17161	Soluble cytochrome b562	P0ABE7	F87A (PDB: F65A)	Unknown	1yyx	F65A	-		5.0	64.6	2.5	-	-	Unknown	15533036	intermediate; hydrophobic; phi-value analysis; non-native interactions	BIOCHEMISTRY 43, 14325-14331 (2004) PMID: 15533036	Feng H, Vu ND, Zhou Z, Bai Y
17162	Soluble cytochrome b562	P0ABE7	L90A (PDB: L68A)	Unknown	1yyx	L68A	-		5.0	64.6	4.03	-	-	Unknown	15533036	intermediate; hydrophobic; phi-value analysis; non-native interactions	BIOCHEMISTRY 43, 14325-14331 (2004) PMID: 15533036	Feng H, Vu ND, Zhou Z, Bai Y
17163	Soluble cytochrome b562	P0ABE7	I94A (PDB: I72A)	Unknown	1yyx	I72A	-		5.0	64.6	4.67	-	-	Unknown	15533036	intermediate; hydrophobic; phi-value analysis; non-native interactions	BIOCHEMISTRY 43, 14325-14331 (2004) PMID: 15533036	Feng H, Vu ND, Zhou Z, Bai Y
17164	Soluble cytochrome b562	P0ABE7	L98A (PDB: L76A)	Unknown	1yyx	L76A	-		5.0	64.6	3.43	-	-	Unknown	15533036	intermediate; hydrophobic; phi-value analysis; non-native interactions	BIOCHEMISTRY 43, 14325-14331 (2004) PMID: 15533036	Feng H, Vu ND, Zhou Z, Bai Y
17165	Soluble cytochrome b562	P0ABE7	V106A (PDB: V84A)	Unknown	1yyx	V84A	-		5.0	64.6	3.85	-	-	Unknown	15533036	intermediate; hydrophobic; phi-value analysis; non-native interactions	BIOCHEMISTRY 43, 14325-14331 (2004) PMID: 15533036	Feng H, Vu ND, Zhou Z, Bai Y
17166	Soluble cytochrome b562	P0ABE7	A109G (PDB: A87G)	Unknown	1yyx	A87G	-		5.0	64.6	3.03	-	-	Unknown	15533036	intermediate; hydrophobic; phi-value analysis; non-native interactions	BIOCHEMISTRY 43, 14325-14331 (2004) PMID: 15533036	Feng H, Vu ND, Zhou Z, Bai Y
17167	Soluble cytochrome b562	P0ABE7	A112G (PDB: A90G)	Unknown	1yyx	A90G	-		5.0	64.6	2.87	-	-	Unknown	15533036	intermediate; hydrophobic; phi-value analysis; non-native interactions	BIOCHEMISTRY 43, 14325-14331 (2004) PMID: 15533036	Feng H, Vu ND, Zhou Z, Bai Y
17168	Soluble cytochrome b562	P0ABE7	L116A (PDB: L94A)	Unknown	1yyx	L94A	-		5.0	64.6	1.73	-	-	Unknown	15533036	intermediate; hydrophobic; phi-value analysis; non-native interactions	BIOCHEMISTRY 43, 14325-14331 (2004) PMID: 15533036	Feng H, Vu ND, Zhou Z, Bai Y
17169	Soluble cytochrome b562	P0ABE7	I98A (UniProt)	Unknown	AF-P0ABE7-F1	-	-		5.0	64.6	3.83	-	-	Unknown	15533036	intermediate; hydrophobic; phi-value analysis; non-native interactions	BIOCHEMISTRY 43, 14325-14331 (2004) PMID: 15533036	Feng H, Vu ND, Zhou Z, Bai Y
17170	Lysozyme	P00720	T157I (PDB: T157I)	Enterobacteria phage T4 (Bacteriophage T4)	2LZM	T157I	Turn	35.33	6.0	64.5	-1.2	-	-	yes	3681997	T4 lysozyme; thermal denaturation; hydrogen bonds;	J MOL BIOL 197, 315-329 (1987) PMID: 3681997	Gruetter M.G., Gray T.M., Weaver L.H., Alber T., Wilson K.
17171	Lysozyme	P00720	Q123E (PDB: Q123E)	Enterobacteria phage T4 (Bacteriophage T4)	2LZM	Q123E	Helix	55.43	6.5	64.5	0.4	-	-	yes	1854726	salt bridges; T4 lysozyme; electrostatic interactions;	BIOCHEMISTRY 30, 7142-7153 (1991) PMID: 1854726	Dao-pin S., Sauer U., Nicholson H. & Matthews B.W.
17172	Lysozyme	P00720	N144E (PDB: N144E)	Enterobacteria phage T4 (Bacteriophage T4)	2LZM	N144E	Helix	75.14	6.5	64.5	0.5	-	-	yes	1854726	salt bridges; T4 lysozyme; electrostatic interactions;	BIOCHEMISTRY 30, 7142-7153 (1991) PMID: 1854726	Dao-pin S., Sauer U., Nicholson H. & Matthews B.W.
17173	Plasminogen activator kringle-2 domain	P00750	V280I (UniProt)	Homo sapiens (Human)	1TPK	-	Sheet	0.0	4.5	64.3	0.3	-	-	yes	2502177	valine; stability profile; kringle fold; beta-branched residue;	BIOCHEMISTRY 28, 4047-4054 (1989) PMID: 2502177	Kelley RF, Cleary S
17174	Plasminogen activator kringle-2 domain	P00750	V280T (UniProt)	Homo sapiens (Human)	1TPK	-	Sheet	0.0	4.5	64.3	-1	-	-	yes	2502177	valine; stability profile; kringle fold; beta-branched residue;	BIOCHEMISTRY 28, 4047-4054 (1989) PMID: 2502177	Kelley RF, Cleary S
17175	Plasminogen activator kringle-2 domain	P00750	V280L (UniProt)	Homo sapiens (Human)	1TPK	-	Sheet	0.0	4.5	64.3	-1.9	-	-	yes	2502177	valine; stability profile; kringle fold; beta-branched residue;	BIOCHEMISTRY 28, 4047-4054 (1989) PMID: 2502177	Kelley RF, Cleary S
17176	Plasminogen activator kringle-2 domain	P00750	V280A (UniProt)	Homo sapiens (Human)	1TPK	-	Sheet	0.0	4.5	64.3	-2	-	-	yes	2502177	valine; stability profile; kringle fold; beta-branched residue;	BIOCHEMISTRY 28, 4047-4054 (1989) PMID: 2502177	Kelley RF, Cleary S
17177	Plasminogen activator kringle-2 domain	P00750	V280M (UniProt)	Homo sapiens (Human)	1TPK	-	Sheet	0.0	4.5	64.3	-2.2	-	-	yes	2502177	valine; stability profile; kringle fold; beta-branched residue;	BIOCHEMISTRY 28, 4047-4054 (1989) PMID: 2502177	Kelley RF, Cleary S
17178	Plasminogen activator kringle-2 domain	P00750	V280S (UniProt)	Homo sapiens (Human)	1TPK	-	Sheet	0.0	4.5	64.3	-2.4	-	-	yes	2502177	valine; stability profile; kringle fold; beta-branched residue;	BIOCHEMISTRY 28, 4047-4054 (1989) PMID: 2502177	Kelley RF, Cleary S
17180	HU DNA-binding protein	P0A3H0	A27S (PDB: A27S)	Geobacillus stearothermophilus (Bacillus stearothermophilus)	1HUE	A27S	Helix	0.0	7.0	63.9	-1.19	-	-	yes	9685334	thermostability; DNA-binding protein HU; structural;	J BIOL CHEM 273, 19982-19987 (1998) PMID: 9685334	Kawamura S, Abe Y, Ueda T, Masumoto K, Imoto T, Yamasaki N,
17181	HU DNA-binding protein	P0A3H0	S31T (PDB: S31T)	Geobacillus stearothermophilus (Bacillus stearothermophilus)	1HUE	S31T	Coil	27.3	7.0	63.9	0.41	-	-	yes	9685334	thermostability; DNA-binding protein HU; structural;	J BIOL CHEM 273, 19982-19987 (1998) PMID: 9685334	Kawamura S, Abe Y, Ueda T, Masumoto K, Imoto T, Yamasaki N,
17182	HU DNA-binding protein	P0A3H0	V42I (PDB: V42I)	Geobacillus stearothermophilus (Bacillus stearothermophilus)	1HUE	V42I	Sheet	1.3	7.0	63.9	-0.82	-	-	yes	9685334	thermostability; DNA-binding protein HU; structural;	J BIOL CHEM 273, 19982-19987 (1998) PMID: 9685334	Kawamura S, Abe Y, Ueda T, Masumoto K, Imoto T, Yamasaki N,
17183	HU DNA-binding protein	P0A3H0	A56S (PDB: A56S)	Geobacillus stearothermophilus (Bacillus stearothermophilus)	1HUE	A56S	Coil	80.76	7.0	63.9	-0.13	-	-	yes	9685334	thermostability; DNA-binding protein HU; structural;	J BIOL CHEM 273, 19982-19987 (1998) PMID: 9685334	Kawamura S, Abe Y, Ueda T, Masumoto K, Imoto T, Yamasaki N,
17184	HU DNA-binding protein	P0A3H0	M69I (PDB: M69I)	Geobacillus stearothermophilus (Bacillus stearothermophilus)	1HUE	M69I	Coil	39.48	7.0	63.9	0	-	-	yes	9685334	thermostability; DNA-binding protein HU; structural;	J BIOL CHEM 273, 19982-19987 (1998) PMID: 9685334	Kawamura S, Abe Y, Ueda T, Masumoto K, Imoto T, Yamasaki N,
17185	Lysozyme	P00720	T115E (PDB: T115E)	Enterobacteria phage T4 (Bacteriophage T4)	2LZM	T115E	Turn	63.45	4.0	63.6	-0.1	-	-	yes	1854726	salt bridges; T4 lysozyme; electrostatic interactions;	BIOCHEMISTRY 30, 7142-7153 (1991) PMID: 1854726	Dao-pin S., Sauer U., Nicholson H. & Matthews B.W.
17186	Lysozyme	P00720	D72P (PDB: D72P)	Enterobacteria phage T4 (Bacteriophage T4)	2LZM	D72P	Helix	57.6	6.5	63.4	-2.7	-	-	yes	1733941	T4 lysozyme; proline; alpha-helix; amino acid substitution;	J BIOL CHEM 267, 2393-2399 (1992) PMID: 1733941	Sauer U.H., Dao-pin S. & Matthews B.W.
17187	Phosphocarrier protein - HPr protein	P0AA04	K49E (PDB: K49E)	Escherichia coli (strain K12)	1POH	K49E	Helix	44.73	7.0	63.4	2.1	-	-	Unknown	10064718	N-capping; NMR; hydrogen bonds; protein engineering;	J MOL BIOL 286, 1609-1619 (1999) PMID: 10064718	Peterson RW, Nicholson EM, Thapar R, Klevit RE, Scholtz JM
17188	Ribonuclease pancreatic	P61823	Y123F (PDB: Y97F)	Bos taurus (Bovine)	1RTB	Y97F	Sheet	4.21	5.0	63.3	-3.54	-	-	yes	8844858	bovine pancreatic ribonuclease A; hydrogen bond; hydrophobic effect;	PROTEIN SCI 5, 1697-1703 (1996) PMID: 8844858	Eberhardt ES, Wittmayer PK, Templer BM, Raines RT
17189	Ribonuclease pancreatic	P61823	Y123A (PDB: Y97A)	Bos taurus (Bovine)	1RTB	Y97A	Sheet	4.21	5.0	63.3	-12	-	-	yes	8844858	bovine pancreatic ribonuclease A; hydrogen bond; hydrophobic effect;	PROTEIN SCI 5, 1697-1703 (1996) PMID: 8844858	Eberhardt ES, Wittmayer PK, Templer BM, Raines RT
17190	Ribonuclease pancreatic	P61823	Y123G (PDB: Y97G)	Bos taurus (Bovine)	1RTB	Y97G	Sheet	4.21	5.0	63.3	-11.7	-	-	yes	8844858	bovine pancreatic ribonuclease A; hydrogen bond; hydrophobic effect;	PROTEIN SCI 5, 1697-1703 (1996) PMID: 8844858	Eberhardt ES, Wittmayer PK, Templer BM, Raines RT
17191	Lysozyme	P00720	Q69P (PDB: Q69P)	Enterobacteria phage T4 (Bacteriophage T4)	2LZM	Q69P	Helix	54.31	6.5	63.2	-2.9	-	-	yes	1733941	T4 lysozyme; proline; alpha-helix; amino acid substitution;	J BIOL CHEM 267, 2393-2399 (1992) PMID: 1733941	Sauer U.H., Dao-pin S. & Matthews B.W.
17192	Lysozyme	P00720	K60H (PDB: K60H)	Enterobacteria phage T4 (Bacteriophage T4)	2LZM	K60H	Helix	52.02	6.5	63	-0.1	-	-	yes	1854726	salt bridges; T4 lysozyme; electrostatic interactions;	BIOCHEMISTRY 30, 7142-7153 (1991) PMID: 1854726	Dao-pin S., Sauer U., Nicholson H. & Matthews B.W.
17193	Lysozyme	P00720	S90H (PDB: S90H)	Enterobacteria phage T4 (Bacteriophage T4)	2LZM	S90H	Coil	30.72	6.5	63	-1.1	-	-	yes	1854726	salt bridges; T4 lysozyme; electrostatic interactions;	BIOCHEMISTRY 30, 7142-7153 (1991) PMID: 1854726	Dao-pin S., Sauer U., Nicholson H. & Matthews B.W.
17194	Lysozyme	P00720	K83H (PDB: K83H)	Enterobacteria phage T4 (Bacteriophage T4)	2LZM	K83H	Helix	66.6	6.5	63	-0.4	-	-	yes	1854726	salt bridges; T4 lysozyme; electrostatic interactions;	BIOCHEMISTRY 30, 7142-7153 (1991) PMID: 1854726	Dao-pin S., Sauer U., Nicholson H. & Matthews B.W.
17196	Lysozyme	P00720	T59N (PDB: T59N)	Enterobacteria phage T4 (Bacteriophage T4)	2LZM	T59N	Turn	47.58	6.5	63	-1.1	-	-	yes	1567817	T4 lysozyme; threonine; helix capping; structural;	BIOCHEMISTRY 31, 3590-3596 (1992) PMID: 1567817	Bell J.A., Becktel W.J., Sauer U., Baase W.A. & Matthews B.W.
17197	Lysozyme	P00720	T59S (PDB: T59S)	Enterobacteria phage T4 (Bacteriophage T4)	2LZM	T59S	Turn	47.58	6.5	63	-0.2	-	-	yes	1567817	T4 lysozyme; threonine; helix capping; structural;	BIOCHEMISTRY 31, 3590-3596 (1992) PMID: 1567817	Bell J.A., Becktel W.J., Sauer U., Baase W.A. & Matthews B.W.
17198	Lysozyme	P00720	T59D (PDB: T59D)	Enterobacteria phage T4 (Bacteriophage T4)	2LZM	T59D	Turn	47.58	6.5	63	-1.2	-	-	yes	1567817	T4 lysozyme; threonine; helix capping; structural;	BIOCHEMISTRY 31, 3590-3596 (1992) PMID: 1567817	Bell J.A., Becktel W.J., Sauer U., Baase W.A. & Matthews B.W.
17199	Lysozyme	P00720	T59G (PDB: T59G)	Enterobacteria phage T4 (Bacteriophage T4)	2LZM	T59G	Turn	47.58	6.5	63	-1.6	-	-	yes	1567817	T4 lysozyme; threonine; helix capping; structural;	BIOCHEMISTRY 31, 3590-3596 (1992) PMID: 1567817	Bell J.A., Becktel W.J., Sauer U., Baase W.A. & Matthews B.W.
17200	Lysozyme	P00720	T59V (PDB: T59V)	Enterobacteria phage T4 (Bacteriophage T4)	2LZM	T59V	Turn	47.58	6.5	63	-1.5	-	-	yes	1567817	T4 lysozyme; threonine; helix capping; structural;	BIOCHEMISTRY 31, 3590-3596 (1992) PMID: 1567817	Bell J.A., Becktel W.J., Sauer U., Baase W.A. & Matthews B.W.
17201	Lysozyme	P00720	T59A (PDB: T59A)	Enterobacteria phage T4 (Bacteriophage T4)	2LZM	T59A	Turn	47.58	6.5	63	-1.5	-	-	yes	1567817	T4 lysozyme; threonine; helix capping; structural;	BIOCHEMISTRY 31, 3590-3596 (1992) PMID: 1567817	Bell J.A., Becktel W.J., Sauer U., Baase W.A. & Matthews B.W.
17202	Protein G	P06654	T279Y (PDB: T53Y)	Streptococcus sp. group G	1PGA	T53Y	Turn	26.68	5.2	63	4.29	-	-	Unknown	10574793	beta sheet; protein design; protein stability; sidechain interactions; strand register	STRUCTURE FOLD DES 7, 1333-1343 (1999) PMID: 10574793	Merkel JS, Sturtevant JM, Regan L
17203	Protein G	P06654	T279F (PDB: T53F)	Streptococcus sp. group G	1PGA	T53F	Turn	26.68	5.2	63	4.1	-	-	Unknown	10574793	beta sheet; protein design; protein stability; sidechain interactions; strand register	STRUCTURE FOLD DES 7, 1333-1343 (1999) PMID: 10574793	Merkel JS, Sturtevant JM, Regan L
17204	Protein G	P06654	T279I (PDB: T53I)	Streptococcus sp. group G	1PGA	T53I	Turn	26.68	5.2	63	3.81	-	-	Unknown	10574793	beta sheet; protein design; protein stability; sidechain interactions; strand register	STRUCTURE FOLD DES 7, 1333-1343 (1999) PMID: 10574793	Merkel JS, Sturtevant JM, Regan L
17207	Protein G	P06654	T279V (PDB: T53V)	Streptococcus sp. group G	1PGA	T53V	Turn	26.68	5.2	63	3.38	-	-	Unknown	10574793	beta sheet; protein design; protein stability; sidechain interactions; strand register	STRUCTURE FOLD DES 7, 1333-1343 (1999) PMID: 10574793	Merkel JS, Sturtevant JM, Regan L
17216	Protein G	P06654	I232N (PDB: I6N)	Streptococcus sp. group G	1PGA	I6N	Helix	32.43	5.2	63	1.82	-	-	Unknown	10574793	beta sheet; protein design; protein stability; sidechain interactions; strand register	STRUCTURE FOLD DES 7, 1333-1343 (1999) PMID: 10574793	Merkel JS, Sturtevant JM, Regan L
17217	Protein G	P06654	I232T (PDB: I6T)	Streptococcus sp. group G	1PGA	I6T	Helix	32.43	5.2	63	1.76	-	-	Unknown	10574793	beta sheet; protein design; protein stability; sidechain interactions; strand register	STRUCTURE FOLD DES 7, 1333-1343 (1999) PMID: 10574793	Merkel JS, Sturtevant JM, Regan L
17221	Maltose binding protein	P0AEX9	P74S (PDB: P48S)	Escherichia coli (strain K12)	3MBP	P48S	Helix	26.07	7.4	63	0.3	-	-	yes	14635128	Mutant; stability; hydrogen bond	PROTEINS 53, 863-871 (2003) PMID: 14635128	Prajapati RS, Lingaraju GM, Bacchawat K, Surolia A, Varadarajan R
17222	Maltose binding protein	P0AEX9	P133S (PDB: P133S)	Escherichia coli (strain K12)	3MBP	P133S	Helix	25.37	7.4	63	-2.1	-	-	yes	14635128	Mutant; stability; hydrogen bond	PROTEINS 53, 863-871 (2003) PMID: 14635128	Prajapati RS, Lingaraju GM, Bacchawat K, Surolia A, Varadarajan R
17223	Maltose binding protein	P0AEX9	P159S (PDB: P159S)	Escherichia coli (strain K12)	3MBP	P159S	Turn	2.82	7.4	63	-2.1	-	-	yes	14635128	Mutant; stability; hydrogen bond	PROTEINS 53, 863-871 (2003) PMID: 14635128	Prajapati RS, Lingaraju GM, Bacchawat K, Surolia A, Varadarajan R
17224	Maltose binding protein	P0AEX9	P74A (PDB: P48A)	Escherichia coli (strain K12)	3MBP	P48A	Helix	26.07	7.4	63	0.5	-	-	yes	14635128	Mutant; stability; hydrogen bond	PROTEINS 53, 863-871 (2003) PMID: 14635128	Prajapati RS, Lingaraju GM, Bacchawat K, Surolia A, Varadarajan R
17225	Maltose binding protein	P0AEX9	P133A (PDB: P133A)	Escherichia coli (strain K12)	3MBP	P133A	Helix	25.37	7.4	63	-0.3	-	-	yes	14635128	Mutant; stability; hydrogen bond	PROTEINS 53, 863-871 (2003) PMID: 14635128	Prajapati RS, Lingaraju GM, Bacchawat K, Surolia A, Varadarajan R
17226	Maltose binding protein	P0AEX9	P159A (PDB: P159A)	Escherichia coli (strain K12)	3MBP	P159A	Turn	2.82	7.4	63	-1.8	-	-	yes	14635128	Mutant; stability; hydrogen bond	PROTEINS 53, 863-871 (2003) PMID: 14635128	Prajapati RS, Lingaraju GM, Bacchawat K, Surolia A, Varadarajan R
17227	Lysozyme	P00720	A74P (PDB: A74P)	Enterobacteria phage T4 (Bacteriophage T4)	2LZM	A74P	Helix	8.17	6.5	62.9	-4.6	-	-	yes	1733941	T4 lysozyme; proline; alpha-helix; amino acid substitution;	J BIOL CHEM 267, 2393-2399 (1992) PMID: 1733941	Sauer U.H., Dao-pin S. & Matthews B.W.
17228	Lysozyme	P00720	T157I (PDB: T157I)	Enterobacteria phage T4 (Bacteriophage T4)	2LZM	T157I	Turn	35.33	4.0	62.8	-2.1	-	-	yes	3681997	T4 lysozyme; thermal denaturation; hydrogen bonds;	J MOL BIOL 197, 315-329 (1987) PMID: 3681997	Gruetter M.G., Gray T.M., Weaver L.H., Alber T., Wilson K.
17229	Ribonuclease pancreatic	P61823	A30S (PDB: A4S)	Bos taurus (Bovine)	1RTB	A4S	Helix	47.19	7.1	62.8	-0.22	-	-	Yes (>90%)	16953565	apolarity, site-directed mutagenesis, oligomerization, RNase A	BIOCHEMISTRY 45, 10795-10806 (2006) PMID: 16953565	Gotte G, Donadelli M, Laurents DV, Vottariello F, Morbio M, Libonati M.
17230	Ribonuclease pancreatic	P61823	A31S (PDB: A5S)	Bos taurus (Bovine)	1RTB	A5S	Helix	25.41	7.1	62.8	0.08	-	-	Yes (>90%)	16953565	apolarity, site-directed mutagenesis, oligomerization, RNase A	BIOCHEMISTRY 45, 10795-10806 (2006) PMID: 16953565	Gotte G, Donadelli M, Laurents DV, Vottariello F, Morbio M, Libonati M.
17231	Ribonuclease pancreatic	P61823	S149A (PDB: S123A)	Bos taurus (Bovine)	1RTB	S123A	Coil	24.74	7.1	62.8	1.14	-	-	Yes (>90%)	16953565	apolarity, site-directed mutagenesis, oligomerization, RNase A	BIOCHEMISTRY 45, 10795-10806 (2006) PMID: 16953565	Gotte G, Donadelli M, Laurents DV, Vottariello F, Morbio M, Libonati M.
17235	Cytochrome c551	P00099	V100I (PDB: V78I)	Pseudomonas aeruginosa (strain ATCC 15692 / DSM 22644 / CIP 104116 / JCM 14847 / LMG 12228 / 1C / PRS 101 / PAO1)	451C	V78I	Helix	5.2	3.6	62.6	1.11	-	-	yes	12082163	combined mutant; cytochrome c; differential scanning calorimetry (DSC); protein stability	PROTEIN ENG 15, 455-461 (2002) PMID: 12082163	Uchiyama S, Hasegawa J, Tanimoto Y, Moriguchi H, Mizutani M, Igarashi Y, Sambongi Y, Kobayashi Y.
17241	Lysozyme	P00720	S38N (PDB: S38N)	Enterobacteria phage T4 (Bacteriophage T4)	2LZM	S38N	Coil	46.08	6.7	62.4	0	-	-	yes	1911773	T4 lysozyme; thermostability; alpha-helix dipole;	BIOCHEMISTRY 30, 9816-9828 (1991) PMID: 1911773	Nicholson H., Anderson D.E., Dao-pin S. & Matthews B.W.
17242	Lysozyme	P00720	D92N (PDB: D92N)	Enterobacteria phage T4 (Bacteriophage T4)	2LZM	D92N	Coil	38.86	6.7	62.4	-1.4	-	-	yes	1911773	T4 lysozyme; thermostability; alpha-helix dipole;	BIOCHEMISTRY 30, 9816-9828 (1991) PMID: 1911773	Nicholson H., Anderson D.E., Dao-pin S. & Matthews B.W.
17243	Lysozyme	P00720	T109D (PDB: T109D)	Enterobacteria phage T4 (Bacteriophage T4)	2LZM	T109D	Turn	84.35	6.7	62.4	0.6	-	-	yes	1911773	T4 lysozyme; thermostability; alpha-helix dipole;	BIOCHEMISTRY 30, 9816-9828 (1991) PMID: 1911773	Nicholson H., Anderson D.E., Dao-pin S. & Matthews B.W.
17244	Lysozyme	P00720	T109N (PDB: T109N)	Enterobacteria phage T4 (Bacteriophage T4)	2LZM	T109N	Turn	84.35	6.7	62.4	0.1	-	-	yes	1911773	T4 lysozyme; thermostability; alpha-helix dipole;	BIOCHEMISTRY 30, 9816-9828 (1991) PMID: 1911773	Nicholson H., Anderson D.E., Dao-pin S. & Matthews B.W.
17245	Lysozyme	P00720	N144H (PDB: N144H)	Enterobacteria phage T4 (Bacteriophage T4)	2LZM	N144H	Helix	75.14	6.7	62.4	0.3	-	-	yes	1911773	T4 lysozyme; thermostability; alpha-helix dipole;	BIOCHEMISTRY 30, 9816-9828 (1991) PMID: 1911773	Nicholson H., Anderson D.E., Dao-pin S. & Matthews B.W.
17246	Lysozyme	P00720	N40A (PDB: N40A)	Enterobacteria phage T4 (Bacteriophage T4)	2LZM	N40A	Helix	86.75	6.7	62.2	0.32	-	-	yes	1570293	alpha helix; protein folding; bacteriophage T4;	PROC NATL ACAD SCI U S A 89, 3751-3755 (1992) PMID: 1570293	Heinz D.W., Baase W.A. & Matthews B.W.
17247	Lysozyme	P00720	K43A (PDB: K43A)	Enterobacteria phage T4 (Bacteriophage T4)	2LZM	K43A	Helix	21.39	6.7	62.2	-1.03	-	-	yes	1570293	alpha helix; protein folding; bacteriophage T4;	PROC NATL ACAD SCI U S A 89, 3751-3755 (1992) PMID: 1570293	Heinz D.W., Baase W.A. & Matthews B.W.
17248	Lysozyme	P00720	S44A (PDB: S44A)	Enterobacteria phage T4 (Bacteriophage T4)	2LZM	S44A	Coil	59.73	6.7	62.2	0.34	-	-	yes	1570293	alpha helix; protein folding; bacteriophage T4;	PROC NATL ACAD SCI U S A 89, 3751-3755 (1992) PMID: 1570293	Heinz D.W., Baase W.A. & Matthews B.W.
17249	Lysozyme	P00720	E45A (PDB: E45A)	Enterobacteria phage T4 (Bacteriophage T4)	2LZM	E45A	Sheet	36.63	6.7	62.2	0.01	-	-	yes	1570293	alpha helix; protein folding; bacteriophage T4;	PROC NATL ACAD SCI U S A 89, 3751-3755 (1992) PMID: 1570293	Heinz D.W., Baase W.A. & Matthews B.W.
17250	Lysozyme	P00720	L46A (PDB: L46A)	Enterobacteria phage T4 (Bacteriophage T4)	2LZM	L46A	Helix	0.0	6.7	62.2	-1.86	-	-	yes	1570293	alpha helix; protein folding; bacteriophage T4;	PROC NATL ACAD SCI U S A 89, 3751-3755 (1992) PMID: 1570293	Heinz D.W., Baase W.A. & Matthews B.W.
17251	Lysozyme	P00720	D47A (PDB: D47A)	Enterobacteria phage T4 (Bacteriophage T4)	2LZM	D47A	Helix	24.29	6.7	62.2	-0.95	-	-	yes	1570293	alpha helix; protein folding; bacteriophage T4;	PROC NATL ACAD SCI U S A 89, 3751-3755 (1992) PMID: 1570293	Heinz D.W., Baase W.A. & Matthews B.W.
17252	Lysozyme	P00720	K48A (PDB: K48A)	Enterobacteria phage T4 (Bacteriophage T4)	2LZM	K48A	Helix	70.49	6.7	62.2	-0.56	-	-	yes	1570293	alpha helix; protein folding; bacteriophage T4;	PROC NATL ACAD SCI U S A 89, 3751-3755 (1992) PMID: 1570293	Heinz D.W., Baase W.A. & Matthews B.W.
17254	Lysozyme	P00720	A74P (PDB: A74P)	Enterobacteria phage T4 (Bacteriophage T4)	2LZM	A74P	Helix	8.17	4.0	62.2	-5	-	-	yes	1733941	T4 lysozyme; proline; alpha-helix; amino acid substitution;	J BIOL CHEM 267, 2393-2399 (1992) PMID: 1733941	Sauer U.H., Dao-pin S. & Matthews B.W.
17255	Lysozyme	P00720	L133D (PDB: L133D)	Enterobacteria phage T4 (Bacteriophage T4)	2LZM	L133D	Helix	0.55	6.5	61.9	-5.7	-	-	yes(50-75%)	1747370	T4 lysozyme; alpha-helix; energetic; structural;	BIOCHEMISTRY 30, 11521-11529 (1991) PMID: 1747370	Dao-pin S., Anderson D.E., Baase W.A., Dahlquist F.W. & Matthews B.W.
17256	Ribonuclease pancreatic	P61823	P119G (PDB: P93G)	Bos taurus (Bovine)	1RTB	P93G	Coil	69.77	6.0	61.8	-2.6	-	-	yes	9684895	beta-turn; cis proline; endonuclease; protein stability;	PROTEIN SCI 7, 1620-1625 (1998) PMID: 9684895	Schultz LW, Hargraves SR, Klink TA, Raines RT
17257	Ribonuclease pancreatic	P61823	P140G (PDB: P114G)	Bos taurus (Bovine)	1RTB	P114G	Sheet	65.54	6.0	61.8	-3.6	-	-	yes	9684895	beta-turn; cis proline; endonuclease; protein stability;	PROTEIN SCI 7, 1620-1625 (1998) PMID: 9684895	Schultz LW, Hargraves SR, Klink TA, Raines RT
17258	Ribonuclease pancreatic	P61823	A30S (PDB: A4S)	Bos taurus (Bovine)	1RTB	A4S	Helix	47.19	7.0	61.7	-0.57	-	-	Yes (>90%)	16953565	apolarity, site-directed mutagenesis, oligomerization, RNase A	BIOCHEMISTRY 45, 10795-10806 (2006) PMID: 16953565	Gotte G, Donadelli M, Laurents DV, Vottariello F, Morbio M, Libonati M.
17259	Ribonuclease pancreatic	P61823	A31S (PDB: A5S)	Bos taurus (Bovine)	1RTB	A5S	Helix	25.41	7.0	61.7	-0.37	-	-	Yes (>90%)	16953565	apolarity, site-directed mutagenesis, oligomerization, RNase A	BIOCHEMISTRY 45, 10795-10806 (2006) PMID: 16953565	Gotte G, Donadelli M, Laurents DV, Vottariello F, Morbio M, Libonati M.
17260	Ribonuclease pancreatic	P61823	S149A (PDB: S123A)	Bos taurus (Bovine)	1RTB	S123A	Coil	24.74	7.0	61.7	0.46	-	-	Yes (>90%)	16953565	apolarity, site-directed mutagenesis, oligomerization, RNase A	BIOCHEMISTRY 45, 10795-10806 (2006) PMID: 16953565	Gotte G, Donadelli M, Laurents DV, Vottariello F, Morbio M, Libonati M.
17261	Ribonuclease pancreatic	P61823	P119G (PDB: P93G)	Bos taurus (Bovine)	1RTB	P93G	Coil	69.77	6.0	61.6	-2.2	-	-	yes	9684895	beta-turn; cis proline; endonuclease; protein stability;	PROTEIN SCI 7, 1620-1625 (1998) PMID: 9684895	Schultz LW, Hargraves SR, Klink TA, Raines RT
17262	Ribonuclease pancreatic	P61823	P140G (PDB: P114G)	Bos taurus (Bovine)	1RTB	P114G	Sheet	65.54	6.0	61.6	-3.3	-	-	yes	9684895	beta-turn; cis proline; endonuclease; protein stability;	PROTEIN SCI 7, 1620-1625 (1998) PMID: 9684895	Schultz LW, Hargraves SR, Klink TA, Raines RT
17263	Ribonuclease pancreatic	P61823	A30S (PDB: A4S)	Bos taurus (Bovine)	1RTB	A4S	Helix	47.19	7.1	61.4	-0.62	-	-	Yes (>90%)	16953565	apolarity, site-directed mutagenesis, oligomerization, RNase A	BIOCHEMISTRY 45, 10795-10806 (2006) PMID: 16953565	Gotte G, Donadelli M, Laurents DV, Vottariello F, Morbio M, Libonati M.
17264	Ribonuclease pancreatic	P61823	A31S (PDB: A5S)	Bos taurus (Bovine)	1RTB	A5S	Helix	25.41	7.1	61.4	-0.52	-	-	Yes (>90%)	16953565	apolarity, site-directed mutagenesis, oligomerization, RNase A	BIOCHEMISTRY 45, 10795-10806 (2006) PMID: 16953565	Gotte G, Donadelli M, Laurents DV, Vottariello F, Morbio M, Libonati M.
17265	Ribonuclease pancreatic	P61823	S149A (PDB: S123A)	Bos taurus (Bovine)	1RTB	S123A	Coil	24.74	7.1	61.4	0.47	-	-	Yes (>90%)	16953565	apolarity, site-directed mutagenesis, oligomerization, RNase A	BIOCHEMISTRY 45, 10795-10806 (2006) PMID: 16953565	Gotte G, Donadelli M, Laurents DV, Vottariello F, Morbio M, Libonati M.
17266	Ribonuclease pancreatic	P61823	S101A (PDB: S75A)	Bos taurus (Bovine)	1RTB	S75A	Coil	0.0	7.4	61.1	-2.5	-	-	Unknown	17656580	conformational stability; genetic selection; hydrogen bond; hydrophobic core; molecular evolution; ribonucleases	PROTEIN SCI 16, 1609-1616 (2007) PMID: 17656580	Johnson RJ, Lin SR, Raines RT.
17267	Ribonuclease pancreatic	P61823	S101T (PDB: S75T)	Bos taurus (Bovine)	1RTB	S75T	Coil	0.0	7.4	61.1	-2.8	-	-	Unknown	17656580	conformational stability; genetic selection; hydrogen bond; hydrophobic core; molecular evolution; ribonucleases	PROTEIN SCI 16, 1609-1616 (2007) PMID: 17656580	Johnson RJ, Lin SR, Raines RT.
17268	Lysozyme	P00720	I78V (PDB: I78V)	Enterobacteria phage T4 (Bacteriophage T4)	2LZM	I78V	Helix	0.0	5.35	61	-0.8	-	-	Unknown	12963380	ORBIT; single-site revertants; T4 lysozyme; repacking	J MOL BIOL 332, 741-756 (2003) PMID: 12963380	Mooers BH, Datta D, Baase WA, Zollars ES, Mayo SL, Matthews BW.
17269	Lysozyme	P00720	L118I (PDB: L118I)	Enterobacteria phage T4 (Bacteriophage T4)	2LZM	L118I	Helix	7.65	5.35	61	-1.2	-	-	Unknown	12963380	ORBIT; single-site revertants; T4 lysozyme; repacking	J MOL BIOL 332, 741-756 (2003) PMID: 12963380	Mooers BH, Datta D, Baase WA, Zollars ES, Mayo SL, Matthews BW.
17270	Lysozyme	P00720	V87I (PDB: V87I)	Enterobacteria phage T4 (Bacteriophage T4)	2LZM	V87I	Helix	1.3	5.35	61	-0.3	-	-	Unknown	12963380	ORBIT; single-site revertants; T4 lysozyme; repacking	J MOL BIOL 332, 741-756 (2003) PMID: 12963380	Mooers BH, Datta D, Baase WA, Zollars ES, Mayo SL, Matthews BW.
17271	Lysozyme	P00720	I100V (PDB: I100V)	Enterobacteria phage T4 (Bacteriophage T4)	2LZM	I100V	Helix	4.32	5.35	61	-0.4	-	-	Unknown	12963380	ORBIT; single-site revertants; T4 lysozyme; repacking	J MOL BIOL 332, 741-756 (2003) PMID: 12963380	Mooers BH, Datta D, Baase WA, Zollars ES, Mayo SL, Matthews BW.
17272	Lysozyme	P00720	M102L (PDB: M102L)	Enterobacteria phage T4 (Bacteriophage T4)	2LZM	M102L	Helix	1.5	5.35	61	-1	-	-	Unknown	12963380	ORBIT; single-site revertants; T4 lysozyme; repacking	J MOL BIOL 332, 741-756 (2003) PMID: 12963380	Mooers BH, Datta D, Baase WA, Zollars ES, Mayo SL, Matthews BW.
17273	Lysozyme	P00720	V103I (PDB: V103I)	Enterobacteria phage T4 (Bacteriophage T4)	2LZM	V103I	Helix	5.2	5.35	61	-0.5	-	-	Unknown	12963380	ORBIT; single-site revertants; T4 lysozyme; repacking	J MOL BIOL 332, 741-756 (2003) PMID: 12963380	Mooers BH, Datta D, Baase WA, Zollars ES, Mayo SL, Matthews BW.
17274	Lysozyme	P00720	M106I (PDB: M106I)	Enterobacteria phage T4 (Bacteriophage T4)	2LZM	M106I	Helix	27.99	5.35	61	0.2	-	-	Unknown	12963380	ORBIT; single-site revertants; T4 lysozyme; repacking	J MOL BIOL 332, 741-756 (2003) PMID: 12963380	Mooers BH, Datta D, Baase WA, Zollars ES, Mayo SL, Matthews BW.
17275	Lysozyme	P00720	V111A (PDB: V111A)	Enterobacteria phage T4 (Bacteriophage T4)	2LZM	V111A	Helix	0.0	5.35	61	-1.1	-	-	Unknown	12963380	ORBIT; single-site revertants; T4 lysozyme; repacking	J MOL BIOL 332, 741-756 (2003) PMID: 12963380	Mooers BH, Datta D, Baase WA, Zollars ES, Mayo SL, Matthews BW.
17276	Lysozyme	P00720	M120Y (PDB: M120Y)	Enterobacteria phage T4 (Bacteriophage T4)	2LZM	M120Y	Helix	14.99	5.35	61	-0.1	-	-	Unknown	12963380	ORBIT; single-site revertants; T4 lysozyme; repacking	J MOL BIOL 332, 741-756 (2003) PMID: 12963380	Mooers BH, Datta D, Baase WA, Zollars ES, Mayo SL, Matthews BW.
17277	Lysozyme	P00720	L133F (PDB: L133F)	Enterobacteria phage T4 (Bacteriophage T4)	2LZM	L133F	Helix	0.55	5.35	61	-0.3	-	-	Unknown	12963380	ORBIT; single-site revertants; T4 lysozyme; repacking	J MOL BIOL 332, 741-756 (2003) PMID: 12963380	Mooers BH, Datta D, Baase WA, Zollars ES, Mayo SL, Matthews BW.
17278	Lysozyme	P00720	V149I (PDB: V149I)	Enterobacteria phage T4 (Bacteriophage T4)	2LZM	V149I	Helix	0.0	5.35	61	0	-	-	Unknown	12963380	ORBIT; single-site revertants; T4 lysozyme; repacking	J MOL BIOL 332, 741-756 (2003) PMID: 12963380	Mooers BH, Datta D, Baase WA, Zollars ES, Mayo SL, Matthews BW.
17286	Protein G	P06654	T279Y (PDB: T53Y)	Streptococcus sp. group G	1PGA	T53Y	Turn	26.68	5.2	60	1.63	-	-	yes	8180173	thermodynamic scale; beta-sheet; amino acids; protein G;	BIOCHEMISTRY 33, 5510-5517 (1994) PMID: 8180173	Smith CK, Withka JM, Regan L
17287	Protein G	P06654	T279T (PDB: T53T)	Streptococcus sp. group G	1PGA	T53T	Turn	26.68	5.2	60	1.36	-	-	yes	8180173	thermodynamic scale; beta-sheet; amino acids; protein G;	BIOCHEMISTRY 33, 5510-5517 (1994) PMID: 8180173	Smith CK, Withka JM, Regan L
17288	Protein G	P06654	T279I (PDB: T53I)	Streptococcus sp. group G	1PGA	T53I	Turn	26.68	5.2	60	1.25	-	-	yes	8180173	thermodynamic scale; beta-sheet; amino acids; protein G;	BIOCHEMISTRY 33, 5510-5517 (1994) PMID: 8180173	Smith CK, Withka JM, Regan L
17289	Protein G	P06654	T279F (PDB: T53F)	Streptococcus sp. group G	1PGA	T53F	Turn	26.68	5.2	60	1.08	-	-	yes	8180173	thermodynamic scale; beta-sheet; amino acids; protein G;	BIOCHEMISTRY 33, 5510-5517 (1994) PMID: 8180173	Smith CK, Withka JM, Regan L
17290	Protein G	P06654	T279W (PDB: T53W)	Streptococcus sp. group G	1PGA	T53W	Turn	26.68	5.2	60	1.04	-	-	yes	8180173	thermodynamic scale; beta-sheet; amino acids; protein G;	BIOCHEMISTRY 33, 5510-5517 (1994) PMID: 8180173	Smith CK, Withka JM, Regan L
17291	Protein G	P06654	T279V (PDB: T53V)	Streptococcus sp. group G	1PGA	T53V	Turn	26.68	5.2	60	0.94	-	-	yes	8180173	thermodynamic scale; beta-sheet; amino acids; protein G;	BIOCHEMISTRY 33, 5510-5517 (1994) PMID: 8180173	Smith CK, Withka JM, Regan L
17292	Protein G	P06654	T279S (PDB: T53S)	Streptococcus sp. group G	1PGA	T53S	Turn	26.68	5.2	60	0.87	-	-	yes	8180173	thermodynamic scale; beta-sheet; amino acids; protein G;	BIOCHEMISTRY 33, 5510-5517 (1994) PMID: 8180173	Smith CK, Withka JM, Regan L
17293	Protein G	P06654	T279M (PDB: T53M)	Streptococcus sp. group G	1PGA	T53M	Turn	26.68	5.2	60	0.9	-	-	yes	8180173	thermodynamic scale; beta-sheet; amino acids; protein G;	BIOCHEMISTRY 33, 5510-5517 (1994) PMID: 8180173	Smith CK, Withka JM, Regan L
17294	Protein G	P06654	T279C (PDB: T53C)	Streptococcus sp. group G	1PGA	T53C	Turn	26.68	5.2	60	0.78	-	-	yes	8180173	thermodynamic scale; beta-sheet; amino acids; protein G;	BIOCHEMISTRY 33, 5510-5517 (1994) PMID: 8180173	Smith CK, Withka JM, Regan L
17295	Protein G	P06654	T279L (PDB: T53L)	Streptococcus sp. group G	1PGA	T53L	Turn	26.68	5.2	60	0.45	-	-	yes	8180173	thermodynamic scale; beta-sheet; amino acids; protein G;	BIOCHEMISTRY 33, 5510-5517 (1994) PMID: 8180173	Smith CK, Withka JM, Regan L
17296	Protein G	P06654	T279R (PDB: T53R)	Streptococcus sp. group G	1PGA	T53R	Turn	26.68	5.2	60	0.4	-	-	yes	8180173	thermodynamic scale; beta-sheet; amino acids; protein G;	BIOCHEMISTRY 33, 5510-5517 (1994) PMID: 8180173	Smith CK, Withka JM, Regan L
17297	Protein G	P06654	T279N (PDB: T53N)	Streptococcus sp. group G	1PGA	T53N	Turn	26.68	5.2	60	0.52	-	-	yes	8180173	thermodynamic scale; beta-sheet; amino acids; protein G;	BIOCHEMISTRY 33, 5510-5517 (1994) PMID: 8180173	Smith CK, Withka JM, Regan L
17298	Protein G	P06654	T279H (PDB: T53H)	Streptococcus sp. group G	1PGA	T53H	Turn	26.68	5.2	60	0.37	-	-	yes	8180173	thermodynamic scale; beta-sheet; amino acids; protein G;	BIOCHEMISTRY 33, 5510-5517 (1994) PMID: 8180173	Smith CK, Withka JM, Regan L
17299	Protein G	P06654	T279Q (PDB: T53Q)	Streptococcus sp. group G	1PGA	T53Q	Turn	26.68	5.2	60	0.38	-	-	yes	8180173	thermodynamic scale; beta-sheet; amino acids; protein G;	BIOCHEMISTRY 33, 5510-5517 (1994) PMID: 8180173	Smith CK, Withka JM, Regan L
17300	Protein G	P06654	T279K (PDB: T53K)	Streptococcus sp. group G	1PGA	T53K	Turn	26.68	5.2	60	0.35	-	-	yes	8180173	thermodynamic scale; beta-sheet; amino acids; protein G;	BIOCHEMISTRY 33, 5510-5517 (1994) PMID: 8180173	Smith CK, Withka JM, Regan L
17301	Protein G	P06654	T279E (PDB: T53E)	Streptococcus sp. group G	1PGA	T53E	Turn	26.68	5.2	60	0.23	-	-	yes	8180173	thermodynamic scale; beta-sheet; amino acids; protein G;	BIOCHEMISTRY 33, 5510-5517 (1994) PMID: 8180173	Smith CK, Withka JM, Regan L
17302	Protein G	P06654	T279D (PDB: T53D)	Streptococcus sp. group G	1PGA	T53D	Turn	26.68	5.2	60	-0.85	-	-	yes	8180173	thermodynamic scale; beta-sheet; amino acids; protein G;	BIOCHEMISTRY 33, 5510-5517 (1994) PMID: 8180173	Smith CK, Withka JM, Regan L
17303	Protein G	P06654	T279G (PDB: T53G)	Streptococcus sp. group G	1PGA	T53G	Turn	26.68	5.2	60	-1.21	-	-	yes	8180173	thermodynamic scale; beta-sheet; amino acids; protein G;	BIOCHEMISTRY 33, 5510-5517 (1994) PMID: 8180173	Smith CK, Withka JM, Regan L
17304	Cold shock protein	P32081	F27A (PDB: F27A)	Bacillus subtilis (strain 168)	1CSP	F27A	Sheet	35.38	7.0	60	-0.69	-	-	yes	9533624	protein stability; cold shock protein; nucleic acid binding;	PROTEINS 30, 401-406 (1998) PMID: 9533624	Schindler T, Perl D, Graumann P, Sieber V, Marahiel MA, Schmid FX
17305	Cold shock protein	P32081	F17A (PDB: F17A)	Bacillus subtilis (strain 168)	1CSP	F17A	Sheet	28.9	7.0	60	-1.34	-	-	yes	9533624	protein stability; cold shock protein; nucleic acid binding;	PROTEINS 30, 401-406 (1998) PMID: 9533624	Schindler T, Perl D, Graumann P, Sieber V, Marahiel MA, Schmid FX
17306	Cold shock protein	P32081	F15A (PDB: F15A)	Bacillus subtilis (strain 168)	1CSP	F15A	Sheet	26.91	7.0	60	-1.67	-	-	yes	9533624	protein stability; cold shock protein; nucleic acid binding;	PROTEINS 30, 401-406 (1998) PMID: 9533624	Schindler T, Perl D, Graumann P, Sieber V, Marahiel MA, Schmid FX
17307	Cold shock protein	P32081	F38A (PDB: F38A)	Bacillus subtilis (strain 168)	1CSP	F38A	Coil	80.72	7.0	60	0.31	-	-	yes	9533624	protein stability; cold shock protein; nucleic acid binding;	PROTEINS 30, 401-406 (1998) PMID: 9533624	Schindler T, Perl D, Graumann P, Sieber V, Marahiel MA, Schmid FX
17308	Lambda repressor	P03034	Y89C (UniProt)	Escherichia phage lambda (Bacteriophage lambda)	1LRP	-	Helix	26.02	8.0	60	2.4	-	-	yes (95%)	3061460	thermostable mutations; cysteine; alanine substitutions;	BIOCHEMISTRY 27, 7571-7574 (1988) PMID: 3061460	Stearman RS, Frankel AD, Freire E, Liu BS, Pabo CO
17348	Lysozyme	P00720	I58T (PDB: I58T)	Enterobacteria phage T4 (Bacteriophage T4)	2LZM	I58T	Helix	3.78	5.4	59	-3.4	-	-	Unknown	11316887	cavities; hydration; water; hydrogen bonds; T4 lysozyme	PROTEIN SCI 10 1067-1078 (2001) PMID: 11316887	Xu J, Baase WA, Quillin ML, Baldwin EP, Matthews BW
17349	Lysozyme	P00720	N101A (PDB: N101A)	Enterobacteria phage T4 (Bacteriophage T4)	2LZM	N101A	Helix	0.0	5.4	59	-1.5	-	-	Unknown	11316887	cavities; hydration; water; hydrogen bonds; T4 lysozyme	PROTEIN SCI 10 1067-1078 (2001) PMID: 11316887	Xu J, Baase WA, Quillin ML, Baldwin EP, Matthews BW
17350	Lysozyme	P00720	Q105M (PDB: Q105M)	Enterobacteria phage T4 (Bacteriophage T4)	2LZM	Q105M	Helix	33.03	5.4	59	-1.2	-	-	Unknown	11316887	cavities; hydration; water; hydrogen bonds; T4 lysozyme	PROTEIN SCI 10 1067-1078 (2001) PMID: 11316887	Xu J, Baase WA, Quillin ML, Baldwin EP, Matthews BW
17351	Lysozyme	P00720	V149A (PDB: V149A)	Enterobacteria phage T4 (Bacteriophage T4)	2LZM	V149A	Helix	0.0	5.4	59	-3.1	-	-	Unknown	11316887	cavities; hydration; water; hydrogen bonds; T4 lysozyme	PROTEIN SCI 10 1067-1078 (2001) PMID: 11316887	Xu J, Baase WA, Quillin ML, Baldwin EP, Matthews BW
17352	Lysozyme	P00720	V149S (PDB: V149S)	Enterobacteria phage T4 (Bacteriophage T4)	2LZM	V149S	Helix	0.0	5.4	59	-4.4	-	-	Unknown	11316887	cavities; hydration; water; hydrogen bonds; T4 lysozyme	PROTEIN SCI 10 1067-1078 (2001) PMID: 11316887	Xu J, Baase WA, Quillin ML, Baldwin EP, Matthews BW
17353	Lysozyme	P00720	V149C (PDB: V149C)	Enterobacteria phage T4 (Bacteriophage T4)	2LZM	V149C	Helix	0.0	5.4	59	-2	-	-	Unknown	11316887	cavities; hydration; water; hydrogen bonds; T4 lysozyme	PROTEIN SCI 10 1067-1078 (2001) PMID: 11316887	Xu J, Baase WA, Quillin ML, Baldwin EP, Matthews BW
17354	Lysozyme	P00720	V149T (PDB: V149T)	Enterobacteria phage T4 (Bacteriophage T4)	2LZM	V149T	Helix	0.0	5.4	59	-3	-	-	Unknown	11316887	cavities; hydration; water; hydrogen bonds; T4 lysozyme	PROTEIN SCI 10 1067-1078 (2001) PMID: 11316887	Xu J, Baase WA, Quillin ML, Baldwin EP, Matthews BW
17355	Lysozyme	P00720	V149I (PDB: V149I)	Enterobacteria phage T4 (Bacteriophage T4)	2LZM	V149I	Helix	0.0	5.4	59	-0.1	-	-	Unknown	11316887	cavities; hydration; water; hydrogen bonds; T4 lysozyme	PROTEIN SCI 10 1067-1078 (2001) PMID: 11316887	Xu J, Baase WA, Quillin ML, Baldwin EP, Matthews BW
17356	Lysozyme	P00720	V149G (PDB: V149G)	Enterobacteria phage T4 (Bacteriophage T4)	2LZM	V149G	Helix	0.0	5.4	59	-4.9	-	-	Unknown	11316887	cavities; hydration; water; hydrogen bonds; T4 lysozyme	PROTEIN SCI 10 1067-1078 (2001) PMID: 11316887	Xu J, Baase WA, Quillin ML, Baldwin EP, Matthews BW
17357	Lysozyme	P00720	T152A (PDB: T152A)	Enterobacteria phage T4 (Bacteriophage T4)	2LZM	T152A	Turn	0.0	5.4	59	-1.5	-	-	Unknown	11316887	cavities; hydration; water; hydrogen bonds; T4 lysozyme	PROTEIN SCI 10 1067-1078 (2001) PMID: 11316887	Xu J, Baase WA, Quillin ML, Baldwin EP, Matthews BW
17358	Lysozyme	P00720	T152S (PDB: T152S)	Enterobacteria phage T4 (Bacteriophage T4)	2LZM	T152S	Turn	0.0	5.4	59	-2	-	-	Unknown	11316887	cavities; hydration; water; hydrogen bonds; T4 lysozyme	PROTEIN SCI 10 1067-1078 (2001) PMID: 11316887	Xu J, Baase WA, Quillin ML, Baldwin EP, Matthews BW
17359	Lysozyme	P00720	T152C (PDB: T152C)	Enterobacteria phage T4 (Bacteriophage T4)	2LZM	T152C	Turn	0.0	5.4	59	-0.5	-	-	Unknown	11316887	cavities; hydration; water; hydrogen bonds; T4 lysozyme	PROTEIN SCI 10 1067-1078 (2001) PMID: 11316887	Xu J, Baase WA, Quillin ML, Baldwin EP, Matthews BW
17360	Lysozyme	P00720	T152V (PDB: T152V)	Enterobacteria phage T4 (Bacteriophage T4)	2LZM	T152V	Turn	0.0	5.4	59	0.2	-	-	Unknown	11316887	cavities; hydration; water; hydrogen bonds; T4 lysozyme	PROTEIN SCI 10 1067-1078 (2001) PMID: 11316887	Xu J, Baase WA, Quillin ML, Baldwin EP, Matthews BW
17361	Lysozyme	P00720	T152I (PDB: T152I)	Enterobacteria phage T4 (Bacteriophage T4)	2LZM	T152I	Turn	0.0	5.4	59	-0.4	-	-	Unknown	11316887	cavities; hydration; water; hydrogen bonds; T4 lysozyme	PROTEIN SCI 10 1067-1078 (2001) PMID: 11316887	Xu J, Baase WA, Quillin ML, Baldwin EP, Matthews BW
17363	Alpha-lactalbumin	P00712	T57A (PDB: T38A)	Capra hircus (Goat)	1HFY	T38A	Turn	0.0	7.0	59	-1.6	-	-	Yes	16236317	equilibrium experiments; kinetic experiments; molecular dynamics simulations; protein unfolding; unfolding dynamics	J MOL BIOL 354, 164-172 (2005) PMID: 16236317	Oroguchi T, Ikeguchi M, Saeki K, Kamagata K, Sawano Y, Tanokura M, Kidera A, Kuwajima K.
17365	Subtilisin BPN'	P00782	N325S (PDB: N218S)	Bacillus amyloliquefaciens (Bacillus velezensis)	1SUP	N218S	Coil	66.26	8.0	58.8	1.07	-	-	yes	2684274	subtilisin BPN'; amino acid substitutions; hydrophobic; structural changes;	BIOCHEMISTRY 28, 7205-7213 (1989) PMID: 2684274	Pantoliano MW, Whitlow M, Wood JF, Dodd SW, Hardman KD, Rollence ML, Bryan PN
17366	Subtilisin BPN'	P00782	G276A (PDB: G169A)	Bacillus amyloliquefaciens (Bacillus velezensis)	1SUP	G169A	Helix	1.27	8.0	58.8	0.3	-	-	yes	2684274	subtilisin BPN'; amino acid substitutions; hydrophobic; structural changes;	BIOCHEMISTRY 28, 7205-7213 (1989) PMID: 2684274	Pantoliano MW, Whitlow M, Wood JF, Dodd SW, Hardman KD, Rollence ML, Bryan PN
17367	Subtilisin BPN'	P00782	M157F (PDB: M50F)	Bacillus amyloliquefaciens (Bacillus velezensis)	1SUP	M50F	Coil	16.49	8.0	58.8	0.48	-	-	yes	2684274	subtilisin BPN'; amino acid substitutions; hydrophobic; structural changes;	BIOCHEMISTRY 28, 7205-7213 (1989) PMID: 2684274	Pantoliano MW, Whitlow M, Wood JF, Dodd SW, Hardman KD, Rollence ML, Bryan PN
17368	Subtilisin BPN'	P00782	Y324K (PDB: Y217K)	Bacillus amyloliquefaciens (Bacillus velezensis)	1SUP	Y217K	Sheet	33.22	8.0	58.8	0.72	-	-	yes	2684274	subtilisin BPN'; amino acid substitutions; hydrophobic; structural changes;	BIOCHEMISTRY 28, 7205-7213 (1989) PMID: 2684274	Pantoliano MW, Whitlow M, Wood JF, Dodd SW, Hardman KD, Rollence ML, Bryan PN
17369	Subtilisin BPN'	P00782	Q313C (PDB: Q206C)	Bacillus amyloliquefaciens (Bacillus velezensis)	1SUP	Q206C	Sheet	41.43	8.0	58.8	1.25	-	-	yes	2684274	subtilisin BPN'; amino acid substitutions; hydrophobic; structural changes;	BIOCHEMISTRY 28, 7205-7213 (1989) PMID: 2684274	Pantoliano MW, Whitlow M, Wood JF, Dodd SW, Hardman KD, Rollence ML, Bryan PN
17370	Subtilisin BPN'	P00782	N183D (PDB: N76D)	Bacillus amyloliquefaciens (Bacillus velezensis)	1SUP	N76D	Coil	68.99	8.0	58.8	0.45	-	-	yes	2684274	subtilisin BPN'; amino acid substitutions; hydrophobic; structural changes;	BIOCHEMISTRY 28, 7205-7213 (1989) PMID: 2684274	Pantoliano MW, Whitlow M, Wood JF, Dodd SW, Hardman KD, Rollence ML, Bryan PN
17371	Lysozyme	P00720	R96K (PDB: R96K)	Enterobacteria phage T4 (Bacteriophage T4)	2LZM	R96K	Helix	34.06	5.35	58	0	-	-	Unknown	19384988	Bacteriophage T4 lysozyme; electrostatics; strain; temperature-sensitive mutant	PROTEIN SCI 18, 871-880 (2009) PMID: 19384988	Mooers BH, Baase WA, Wray JW, Matthews BW.
17372	Lysozyme	P00720	R96Q (PDB: R96Q)	Enterobacteria phage T4 (Bacteriophage T4)	2LZM	R96Q	Helix	34.06	5.35	58	-0.3	-	-	Unknown	19384988	Bacteriophage T4 lysozyme; electrostatics; strain; temperature-sensitive mutant	PROTEIN SCI 18, 871-880 (2009) PMID: 19384988	Mooers BH, Baase WA, Wray JW, Matthews BW.
17373	Lysozyme	P00720	R96A (PDB: R96A)	Enterobacteria phage T4 (Bacteriophage T4)	2LZM	R96A	Helix	34.06	5.35	58	-2	-	-	Unknown	19384988	Bacteriophage T4 lysozyme; electrostatics; strain; temperature-sensitive mutant	PROTEIN SCI 18, 871-880 (2009) PMID: 19384988	Mooers BH, Baase WA, Wray JW, Matthews BW.
17374	Lysozyme	P00720	R96V (PDB: R96V)	Enterobacteria phage T4 (Bacteriophage T4)	2LZM	R96V	Helix	34.06	5.35	58	-2.4	-	-	Unknown	19384988	Bacteriophage T4 lysozyme; electrostatics; strain; temperature-sensitive mutant	PROTEIN SCI 18, 871-880 (2009) PMID: 19384988	Mooers BH, Baase WA, Wray JW, Matthews BW.
17375	Lysozyme	P00720	R96S (PDB: R96S)	Enterobacteria phage T4 (Bacteriophage T4)	2LZM	R96S	Helix	34.06	5.35	58	-2.6	-	-	Unknown	19384988	Bacteriophage T4 lysozyme; electrostatics; strain; temperature-sensitive mutant	PROTEIN SCI 18, 871-880 (2009) PMID: 19384988	Mooers BH, Baase WA, Wray JW, Matthews BW.
17376	Lysozyme	P00720	R96E (PDB: R96E)	Enterobacteria phage T4 (Bacteriophage T4)	2LZM	R96E	Helix	34.06	5.35	58	-2.5	-	-	Unknown	19384988	Bacteriophage T4 lysozyme; electrostatics; strain; temperature-sensitive mutant	PROTEIN SCI 18, 871-880 (2009) PMID: 19384988	Mooers BH, Baase WA, Wray JW, Matthews BW.
17377	Lysozyme	P00720	R96G (PDB: R96G)	Enterobacteria phage T4 (Bacteriophage T4)	2LZM	R96G	Helix	34.06	5.35	58	-2.6	-	-	Unknown	19384988	Bacteriophage T4 lysozyme; electrostatics; strain; temperature-sensitive mutant	PROTEIN SCI 18, 871-880 (2009) PMID: 19384988	Mooers BH, Baase WA, Wray JW, Matthews BW.
17378	Lysozyme	P00720	R96M (PDB: R96M)	Enterobacteria phage T4 (Bacteriophage T4)	2LZM	R96M	Helix	34.06	5.35	58	-2.7	-	-	Unknown	19384988	Bacteriophage T4 lysozyme; electrostatics; strain; temperature-sensitive mutant	PROTEIN SCI 18, 871-880 (2009) PMID: 19384988	Mooers BH, Baase WA, Wray JW, Matthews BW.
17379	Lysozyme	P00720	R96T (PDB: R96T)	Enterobacteria phage T4 (Bacteriophage T4)	2LZM	R96T	Helix	34.06	5.35	58	-2.8	-	-	Unknown	19384988	Bacteriophage T4 lysozyme; electrostatics; strain; temperature-sensitive mutant	PROTEIN SCI 18, 871-880 (2009) PMID: 19384988	Mooers BH, Baase WA, Wray JW, Matthews BW.
17380	Lysozyme	P00720	R96C (PDB: R96C)	Enterobacteria phage T4 (Bacteriophage T4)	2LZM	R96C	Helix	34.06	5.35	58	-2.9	-	-	Unknown	19384988	Bacteriophage T4 lysozyme; electrostatics; strain; temperature-sensitive mutant	PROTEIN SCI 18, 871-880 (2009) PMID: 19384988	Mooers BH, Baase WA, Wray JW, Matthews BW.
17381	Lysozyme	P00720	R96I (PDB: R96I)	Enterobacteria phage T4 (Bacteriophage T4)	2LZM	R96I	Helix	34.06	5.35	58	-2.9	-	-	Unknown	19384988	Bacteriophage T4 lysozyme; electrostatics; strain; temperature-sensitive mutant	PROTEIN SCI 18, 871-880 (2009) PMID: 19384988	Mooers BH, Baase WA, Wray JW, Matthews BW.
17382	Lysozyme	P00720	R96N (PDB: R96N)	Enterobacteria phage T4 (Bacteriophage T4)	2LZM	R96N	Helix	34.06	5.35	58	-3	-	-	Unknown	19384988	Bacteriophage T4 lysozyme; electrostatics; strain; temperature-sensitive mutant	PROTEIN SCI 18, 871-880 (2009) PMID: 19384988	Mooers BH, Baase WA, Wray JW, Matthews BW.
17383	Lysozyme	P00720	R96H (PDB: R96H)	Enterobacteria phage T4 (Bacteriophage T4)	2LZM	R96H	Helix	34.06	5.35	58	-3.1	-	-	Unknown	19384988	Bacteriophage T4 lysozyme; electrostatics; strain; temperature-sensitive mutant	PROTEIN SCI 18, 871-880 (2009) PMID: 19384988	Mooers BH, Baase WA, Wray JW, Matthews BW.
17384	Lysozyme	P00720	R96L (PDB: R96L)	Enterobacteria phage T4 (Bacteriophage T4)	2LZM	R96L	Helix	34.06	5.35	58	-3.2	-	-	Unknown	19384988	Bacteriophage T4 lysozyme; electrostatics; strain; temperature-sensitive mutant	PROTEIN SCI 18, 871-880 (2009) PMID: 19384988	Mooers BH, Baase WA, Wray JW, Matthews BW.
17385	Lysozyme	P00720	R96D (PDB: R96D)	Enterobacteria phage T4 (Bacteriophage T4)	2LZM	R96D	Helix	34.06	5.35	58	-3.5	-	-	Unknown	19384988	Bacteriophage T4 lysozyme; electrostatics; strain; temperature-sensitive mutant	PROTEIN SCI 18, 871-880 (2009) PMID: 19384988	Mooers BH, Baase WA, Wray JW, Matthews BW.
17386	Lysozyme	P00720	R96F (PDB: R96F)	Enterobacteria phage T4 (Bacteriophage T4)	2LZM	R96F	Helix	34.06	5.35	58	-4.2	-	-	Unknown	19384988	Bacteriophage T4 lysozyme; electrostatics; strain; temperature-sensitive mutant	PROTEIN SCI 18, 871-880 (2009) PMID: 19384988	Mooers BH, Baase WA, Wray JW, Matthews BW.
17387	Lysozyme	P00720	R96W (PDB: R96W)	Enterobacteria phage T4 (Bacteriophage T4)	2LZM	R96W	Helix	34.06	5.35	58	-4.5	-	-	Unknown	19384988	Bacteriophage T4 lysozyme; electrostatics; strain; temperature-sensitive mutant	PROTEIN SCI 18, 871-880 (2009) PMID: 19384988	Mooers BH, Baase WA, Wray JW, Matthews BW.
17388	Lysozyme	P00720	R96Y (PDB: R96Y)	Enterobacteria phage T4 (Bacteriophage T4)	2LZM	R96Y	Helix	34.06	5.35	58	-4.7	-	-	Unknown	19384988	Bacteriophage T4 lysozyme; electrostatics; strain; temperature-sensitive mutant	PROTEIN SCI 18, 871-880 (2009) PMID: 19384988	Mooers BH, Baase WA, Wray JW, Matthews BW.
17389	Lysozyme	P00720	R96P (PDB: R96P)	Enterobacteria phage T4 (Bacteriophage T4)	2LZM	R96P	Helix	34.06	5.35	58	-5.5	-	-	Unknown	19384988	Bacteriophage T4 lysozyme; electrostatics; strain; temperature-sensitive mutant	PROTEIN SCI 18, 871-880 (2009) PMID: 19384988	Mooers BH, Baase WA, Wray JW, Matthews BW.
17390	Lysozyme	P00720	K85A (PDB: K85A)	Enterobacteria phage T4 (Bacteriophage T4)	2LZM	K85A	Helix	39.38	5.35	58	-0.6	-	-	Unknown	19384988	Bacteriophage T4 lysozyme; electrostatics; strain; temperature-sensitive mutant	PROTEIN SCI 18, 871-880 (2009) PMID: 19384988	Mooers BH, Baase WA, Wray JW, Matthews BW.
17391	Lysozyme	P00720	D89A (PDB: D89A)	Enterobacteria phage T4 (Bacteriophage T4)	2LZM	D89A	Helix	53.44	5.35	58	-0.5	-	-	Unknown	19384988	Bacteriophage T4 lysozyme; electrostatics; strain; temperature-sensitive mutant	PROTEIN SCI 18, 871-880 (2009) PMID: 19384988	Mooers BH, Baase WA, Wray JW, Matthews BW.
17394	Tryptophan synthase alpha-subunit	P0A877	G211R (PDB: G211R)	Escherichia coli (strain K12)	1WQ5	G211R	Helix	0.0	7.8	57.8	0.1	-	-	yes	6992862	thermal stability; free energy; Escherichia coli;	BIOCHEMISTRY 19, 1290-1293 (1980) PMID: 6992862	Matthews CR, Crisanti MM, Gepner GL, Velicelebi G, Sturtevant JM
17395	Tryptophan synthase alpha-subunit	P0A877	G211E (PDB: G211E)	Escherichia coli (strain K12)	1WQ5	G211E	Helix	0.0	7.8	57.8	0.6	-	-	yes	6992862	thermal stability; free energy; Escherichia coli;	BIOCHEMISTRY 19, 1290-1293 (1980) PMID: 6992862	Matthews CR, Crisanti MM, Gepner GL, Velicelebi G, Sturtevant JM
17396	Lysozyme	P00720	A74P (PDB: A74P)	Enterobacteria phage T4 (Bacteriophage T4)	2LZM	A74P	Helix	8.17	3.5	57.5	-5.7	-	-	yes	1733941	T4 lysozyme; proline; alpha-helix; amino acid substitution;	J BIOL CHEM 267, 2393-2399 (1992) PMID: 1733941	Sauer U.H., Dao-pin S. & Matthews B.W.
17397	Iso-1 cytochrome c	P00044	C108T (UniProt)	Saccharomyces cerevisiae (strain ATCC 204508 / S288c) (Baker's yeast)	1YCC	-	Coil	0.0	6.0	57.1	0.8	-	-	yes	10366726	cytochrome c; differential stability; mutagenesis; scanning calorimetry	BIOCHIM BIOPHYS ACTA 1432, 40-48 (1999) PMID: 10366726	Lett CM, Rosu-Myles MD, Frey HE, Guillemette JG
17398	Iso-1 cytochrome c	P00044	C108T (UniProt)	Saccharomyces cerevisiae (strain ATCC 204508 / S288c) (Baker's yeast)	1YCC	-	Coil	0.0	6.0	57.1	5.7	-	-	yes	10366726	cytochrome c; differential stability; mutagenesis; scanning calorimetry	BIOCHIM BIOPHYS ACTA 1432, 40-48 (1999) PMID: 10366726	Lett CM, Rosu-Myles MD, Frey HE, Guillemette JG
17407	Lysozyme	P61626	C95A (PDB: C77A)	Homo sapiens (Human)	1LZ1	C77A	Turn	15.67	3.0	57	-4.6	-	-	yes	1525170	human lysozyme; enthalpic destabilization; protein stability;	BIOCHEMISTRY 31, 8323-8328 (1992) PMID: 1525170	Kuroki R., Inaka K., Taniyama Y., Kidokoro S., Matsushima M.,
17412	Guanyl-specific ribonuclease T1n	P61823	P119A (UniProt)	Bos taurus (Bovine)	1RTB	-	Coil	69.77	4.2	56.2	-2.7	-	-	yes	1338975	cis peptide bond; cis proline mutants; ribonuclease A;	PROTEIN SCI 1, 910-916 (1992) PMID: 1338975	Schultz D.A. & Baldwin R.L.
17413	Guanyl-specific ribonuclease T1n	P61823	P119S (UniProt)	Bos taurus (Bovine)	1RTB	-	Coil	69.77	4.2	56.2	-2.1	-	-	yes	1338975	cis peptide bond; cis proline mutants; ribonuclease A;	PROTEIN SCI 1, 910-916 (1992) PMID: 1338975	Schultz D.A. & Baldwin R.L.
17414	Guanyl-specific ribonuclease T1n	P61823	P140A (UniProt)	Bos taurus (Bovine)	1RTB	-	Sheet	65.54	4.2	56.2	-3.2	-	-	yes	1338975	cis peptide bond; cis proline mutants; ribonuclease A;	PROTEIN SCI 1, 910-916 (1992) PMID: 1338975	Schultz D.A. & Baldwin R.L.
17415	Guanyl-specific ribonuclease T1n	P61823	P140G (UniProt)	Bos taurus (Bovine)	1RTB	-	Sheet	65.54	4.2	56.2	-2.8	-	-	yes	1338975	cis peptide bond; cis proline mutants; ribonuclease A;	PROTEIN SCI 1, 910-916 (1992) PMID: 1338975	Schultz D.A. & Baldwin R.L.
17419	Ribonuclease Sa	P05798	Q38A (PDB: Q38A)	Kitasatospora aureofaciens (Streptomyces aureofaciens)	1RGG	Q38A	Coil	63.83	5.5	55.6	0.4	-	-	yes (90-95%)	14500895	Ribonuclease Sa; active-site mutants; catalytic activity; specificity; thermal stability	PROTEIN SCI 12, 2367-2373 (2003) PMID: 14500895	Yakovlev GI, Mitkevich VA, Shaw KL, Trevino S, Newsom S, Pace CN, Makarov AA
17420	Ribonuclease Sa	P05798	E41K (PDB: E41K)	Kitasatospora aureofaciens (Streptomyces aureofaciens)	1RGG	E41K	Sheet	96.74	5.5	55.6	-1.5	-	-	yes (90-95%)	14500895	Ribonuclease Sa; active-site mutants; catalytic activity; specificity; thermal stability	PROTEIN SCI 12, 2367-2373 (2003) PMID: 14500895	Yakovlev GI, Mitkevich VA, Shaw KL, Trevino S, Newsom S, Pace CN, Makarov AA
17421	Ribonuclease Sa	P05798	E54Q (PDB: E54Q)	Kitasatospora aureofaciens (Streptomyces aureofaciens)	1RGG	E54Q	Sheet	10.3	5.5	55.6	-2.3	-	-	yes (90-95%)	14500895	Ribonuclease Sa; active-site mutants; catalytic activity; specificity; thermal stability	PROTEIN SCI 12, 2367-2373 (2003) PMID: 14500895	Yakovlev GI, Mitkevich VA, Shaw KL, Trevino S, Newsom S, Pace CN, Makarov AA
17422	Ribonuclease Sa	P05798	R65A (PDB: R65A)	Kitasatospora aureofaciens (Streptomyces aureofaciens)	1RGG	R65A	Coil	25.76	5.5	55.6	-1.3	-	-	yes (90-95%)	14500895	Ribonuclease Sa; active-site mutants; catalytic activity; specificity; thermal stability	PROTEIN SCI 12, 2367-2373 (2003) PMID: 14500895	Yakovlev GI, Mitkevich VA, Shaw KL, Trevino S, Newsom S, Pace CN, Makarov AA
17423	Ribonuclease Sa	P05798	E74K (PDB: E74K)	Kitasatospora aureofaciens (Streptomyces aureofaciens)	1RGG	E74K	Sheet	79.56	5.5	55.6	0.1	-	-	yes (90-95%)	14500895	Ribonuclease Sa; active-site mutants; catalytic activity; specificity; thermal stability	PROTEIN SCI 12, 2367-2373 (2003) PMID: 14500895	Yakovlev GI, Mitkevich VA, Shaw KL, Trevino S, Newsom S, Pace CN, Makarov AA
17424	Ribonuclease Sa	P05798	H85Q (PDB: H85Q)	Kitasatospora aureofaciens (Streptomyces aureofaciens)	1RGG	H85Q	Helix	54.43	5.5	55.6	0	-	-	yes (90-95%)	14500895	Ribonuclease Sa; active-site mutants; catalytic activity; specificity; thermal stability	PROTEIN SCI 12, 2367-2373 (2003) PMID: 14500895	Yakovlev GI, Mitkevich VA, Shaw KL, Trevino S, Newsom S, Pace CN, Makarov AA
17433	Cold shock protein B	P32081	E3R (PDB: E3R)	Bacillus subtilis (strain 168)	1CSP	E3R	Sheet	42.93	7.5	55	2.41	-	-	Unknown	17188709	protein stability; protein halophilicity; charge-charge interactions; computational modeling; amino acid substitutions	J MOL BIOL 366, 842-856 (2007) PMID: 17188709	Gribenko AV, Makhatadze GI.
17434	Cold shock protein B	P32081	E3R (PDB: E3R)	Bacillus subtilis (strain 168)	1CSP	E3R	Sheet	42.93	7.5	55	2.25	-	-	Unknown	17188709	protein stability; protein halophilicity; charge-charge interactions; computational modeling; amino acid substitutions	J MOL BIOL 366, 842-856 (2007) PMID: 17188709	Gribenko AV, Makhatadze GI.
17435	Cold shock protein B	P32081	E3R (PDB: E3R)	Bacillus subtilis (strain 168)	1CSP	E3R	Sheet	42.93	7.5	55	2.1	-	-	Unknown	17188709	protein stability; protein halophilicity; charge-charge interactions; computational modeling; amino acid substitutions	J MOL BIOL 366, 842-856 (2007) PMID: 17188709	Gribenko AV, Makhatadze GI.
17436	Cold shock protein B	P32081	E3Q (PDB: E3Q)	Bacillus subtilis (strain 168)	1CSP	E3Q	Sheet	42.93	7.5	55	1.39	-	-	Unknown	17188709	protein stability; protein halophilicity; charge-charge interactions; computational modeling; amino acid substitutions	J MOL BIOL 366, 842-856 (2007) PMID: 17188709	Gribenko AV, Makhatadze GI.
17437	Cold shock protein B	P32081	N10D (PDB: N10D)	Bacillus subtilis (strain 168)	1CSP	N10D	Sheet	39.62	7.5	55	0.26	-	-	Unknown	17188709	protein stability; protein halophilicity; charge-charge interactions; computational modeling; amino acid substitutions	J MOL BIOL 366, 842-856 (2007) PMID: 17188709	Gribenko AV, Makhatadze GI.
17440	Cold shock protein B	P32081	E43K (PDB: E43K)	Bacillus subtilis (strain 168)	1CSP	E43K	Sheet	88.15	7.5	55	0.22	-	-	Unknown	17188709	protein stability; protein halophilicity; charge-charge interactions; computational modeling; amino acid substitutions	J MOL BIOL 366, 842-856 (2007) PMID: 17188709	Gribenko AV, Makhatadze GI.
17441	Cold shock protein B	P32081	S48K (PDB: S48K)	Bacillus subtilis (strain 168)	1CSP	S48K	Coil	31.57	7.5	55	0.72	-	-	Unknown	17188709	protein stability; protein halophilicity; charge-charge interactions; computational modeling; amino acid substitutions	J MOL BIOL 366, 842-856 (2007) PMID: 17188709	Gribenko AV, Makhatadze GI.
17442	Cold shock protein B	P32081	S48K (PDB: S48K)	Bacillus subtilis (strain 168)	1CSP	S48K	Coil	31.57	7.5	55	0.76	-	-	Unknown	17188709	protein stability; protein halophilicity; charge-charge interactions; computational modeling; amino acid substitutions	J MOL BIOL 366, 842-856 (2007) PMID: 17188709	Gribenko AV, Makhatadze GI.
17443	Cold shock protein B	P32081	E53Q (PDB: E53Q)	Bacillus subtilis (strain 168)	1CSP	E53Q	Sheet	78.99	7.5	55	0.17	-	-	Unknown	17188709	protein stability; protein halophilicity; charge-charge interactions; computational modeling; amino acid substitutions	J MOL BIOL 366, 842-856 (2007) PMID: 17188709	Gribenko AV, Makhatadze GI.
17444	Cold shock protein B	P32081	N55D (PDB: N55D)	Bacillus subtilis (strain 168)	1CSP	N55D	Turn	118.17	7.5	55	0.48	-	-	Unknown	17188709	protein stability; protein halophilicity; charge-charge interactions; computational modeling; amino acid substitutions	J MOL BIOL 366, 842-856 (2007) PMID: 17188709	Gribenko AV, Makhatadze GI.
17446	Cold shock protein B	P32081	E3R (PDB: E3R)	Bacillus subtilis (strain 168)	1CSP	E3R	Sheet	42.93	7.5	55	2.27	-	-	Unknown	17188709	protein stability; protein halophilicity; charge-charge interactions; computational modeling; amino acid substitutions	J MOL BIOL 366, 842-856 (2007) PMID: 17188709	Gribenko AV, Makhatadze GI.
17447	Cold shock protein B	P32081	E3R (PDB: E3R)	Bacillus subtilis (strain 168)	1CSP	E3R	Sheet	42.93	7.5	55	2.03	-	-	Unknown	17188709	protein stability; protein halophilicity; charge-charge interactions; computational modeling; amino acid substitutions	J MOL BIOL 366, 842-856 (2007) PMID: 17188709	Gribenko AV, Makhatadze GI.
17448	Cold shock protein B	P32081	E3R (PDB: E3R)	Bacillus subtilis (strain 168)	1CSP	E3R	Sheet	42.93	7.5	55	2.01	-	-	Unknown	17188709	protein stability; protein halophilicity; charge-charge interactions; computational modeling; amino acid substitutions	J MOL BIOL 366, 842-856 (2007) PMID: 17188709	Gribenko AV, Makhatadze GI.
17449	Cold shock protein B	P32081	E3Q (PDB: E3Q)	Bacillus subtilis (strain 168)	1CSP	E3Q	Sheet	42.93	7.5	55	1.31	-	-	Unknown	17188709	protein stability; protein halophilicity; charge-charge interactions; computational modeling; amino acid substitutions	J MOL BIOL 366, 842-856 (2007) PMID: 17188709	Gribenko AV, Makhatadze GI.
17450	Cold shock protein B	P32081	N10D (PDB: N10D)	Bacillus subtilis (strain 168)	1CSP	N10D	Sheet	39.62	7.5	55	0.31	-	-	Unknown	17188709	protein stability; protein halophilicity; charge-charge interactions; computational modeling; amino acid substitutions	J MOL BIOL 366, 842-856 (2007) PMID: 17188709	Gribenko AV, Makhatadze GI.
17452	Cold shock protein B	P32081	K39Q (PDB: K39Q)	Bacillus subtilis (strain 168)	1CSP	K39Q	Coil	39.38	7.5	55	-0.02	-	-	Unknown	17188709	protein stability; protein halophilicity; charge-charge interactions; computational modeling; amino acid substitutions	J MOL BIOL 366, 842-856 (2007) PMID: 17188709	Gribenko AV, Makhatadze GI.
17453	Cold shock protein B	P32081	E42K (PDB: E42K)	Bacillus subtilis (strain 168)	1CSP	E42K	Sheet	78.99	7.5	55	0.02	-	-	Unknown	17188709	protein stability; protein halophilicity; charge-charge interactions; computational modeling; amino acid substitutions	J MOL BIOL 366, 842-856 (2007) PMID: 17188709	Gribenko AV, Makhatadze GI.
17454	Cold shock protein B	P32081	E43K (PDB: E43K)	Bacillus subtilis (strain 168)	1CSP	E43K	Sheet	88.15	7.5	55	0.17	-	-	Unknown	17188709	protein stability; protein halophilicity; charge-charge interactions; computational modeling; amino acid substitutions	J MOL BIOL 366, 842-856 (2007) PMID: 17188709	Gribenko AV, Makhatadze GI.
17455	Cold shock protein B	P32081	E43Q (PDB: E43Q)	Bacillus subtilis (strain 168)	1CSP	E43Q	Sheet	88.15	7.5	55	0.05	-	-	Unknown	17188709	protein stability; protein halophilicity; charge-charge interactions; computational modeling; amino acid substitutions	J MOL BIOL 366, 842-856 (2007) PMID: 17188709	Gribenko AV, Makhatadze GI.
17456	Cold shock protein B	P32081	S48K (PDB: S48K)	Bacillus subtilis (strain 168)	1CSP	S48K	Coil	31.57	7.5	55	0.74	-	-	Unknown	17188709	protein stability; protein halophilicity; charge-charge interactions; computational modeling; amino acid substitutions	J MOL BIOL 366, 842-856 (2007) PMID: 17188709	Gribenko AV, Makhatadze GI.
17457	Cold shock protein B	P32081	S48K (PDB: S48K)	Bacillus subtilis (strain 168)	1CSP	S48K	Coil	31.57	7.5	55	0.81	-	-	Unknown	17188709	protein stability; protein halophilicity; charge-charge interactions; computational modeling; amino acid substitutions	J MOL BIOL 366, 842-856 (2007) PMID: 17188709	Gribenko AV, Makhatadze GI.
17458	Cold shock protein B	P32081	E53Q (PDB: E53Q)	Bacillus subtilis (strain 168)	1CSP	E53Q	Sheet	78.99	7.5	55	0.19	-	-	Unknown	17188709	protein stability; protein halophilicity; charge-charge interactions; computational modeling; amino acid substitutions	J MOL BIOL 366, 842-856 (2007) PMID: 17188709	Gribenko AV, Makhatadze GI.
17459	Cold shock protein B	P32081	N55D (PDB: N55D)	Bacillus subtilis (strain 168)	1CSP	N55D	Turn	118.17	7.5	55	0.5	-	-	Unknown	17188709	protein stability; protein halophilicity; charge-charge interactions; computational modeling; amino acid substitutions	J MOL BIOL 366, 842-856 (2007) PMID: 17188709	Gribenko AV, Makhatadze GI.
17460	Cold shock protein B	P32081	R56Q (PDB: R56Q)	Bacillus subtilis (strain 168)	1CSP	R56Q	Turn	103.93	7.5	55	0.38	-	-	Unknown	17188709	protein stability; protein halophilicity; charge-charge interactions; computational modeling; amino acid substitutions	J MOL BIOL 366, 842-856 (2007) PMID: 17188709	Gribenko AV, Makhatadze GI.
17462	Cold shock protein B	P32081	E3R (PDB: E3R)	Bacillus subtilis (strain 168)	1CSP	E3R	Sheet	42.93	7.5	55	2.08	-	-	Unknown	17188709	protein stability; protein halophilicity; charge-charge interactions; computational modeling; amino acid substitutions	J MOL BIOL 366, 842-856 (2007) PMID: 17188709	Gribenko AV, Makhatadze GI.
17463	Cold shock protein B	P32081	E3R (PDB: E3R)	Bacillus subtilis (strain 168)	1CSP	E3R	Sheet	42.93	7.5	55	1.82	-	-	Unknown	17188709	protein stability; protein halophilicity; charge-charge interactions; computational modeling; amino acid substitutions	J MOL BIOL 366, 842-856 (2007) PMID: 17188709	Gribenko AV, Makhatadze GI.
17464	Cold shock protein B	P32081	E3R (PDB: E3R)	Bacillus subtilis (strain 168)	1CSP	E3R	Sheet	42.93	7.5	55	1.84	-	-	Unknown	17188709	protein stability; protein halophilicity; charge-charge interactions; computational modeling; amino acid substitutions	J MOL BIOL 366, 842-856 (2007) PMID: 17188709	Gribenko AV, Makhatadze GI.
17465	Cold shock protein B	P32081	E3Q (PDB: E3Q)	Bacillus subtilis (strain 168)	1CSP	E3Q	Sheet	42.93	7.5	55	1.2	-	-	Unknown	17188709	protein stability; protein halophilicity; charge-charge interactions; computational modeling; amino acid substitutions	J MOL BIOL 366, 842-856 (2007) PMID: 17188709	Gribenko AV, Makhatadze GI.
17466	Cold shock protein B	P32081	N10D (PDB: N10D)	Bacillus subtilis (strain 168)	1CSP	N10D	Sheet	39.62	7.5	55	0.33	-	-	Unknown	17188709	protein stability; protein halophilicity; charge-charge interactions; computational modeling; amino acid substitutions	J MOL BIOL 366, 842-856 (2007) PMID: 17188709	Gribenko AV, Makhatadze GI.
17468	Cold shock protein B	P32081	K39Q (PDB: K39Q)	Bacillus subtilis (strain 168)	1CSP	K39Q	Coil	39.38	7.5	55	-0.1	-	-	Unknown	17188709	protein stability; protein halophilicity; charge-charge interactions; computational modeling; amino acid substitutions	J MOL BIOL 366, 842-856 (2007) PMID: 17188709	Gribenko AV, Makhatadze GI.
17469	Cold shock protein B	P32081	E42K (PDB: E42K)	Bacillus subtilis (strain 168)	1CSP	E42K	Sheet	78.99	7.5	55	0	-	-	Unknown	17188709	protein stability; protein halophilicity; charge-charge interactions; computational modeling; amino acid substitutions	J MOL BIOL 366, 842-856 (2007) PMID: 17188709	Gribenko AV, Makhatadze GI.
17470	Cold shock protein B	P32081	E43K (PDB: E43K)	Bacillus subtilis (strain 168)	1CSP	E43K	Sheet	88.15	7.5	55	0.14	-	-	Unknown	17188709	protein stability; protein halophilicity; charge-charge interactions; computational modeling; amino acid substitutions	J MOL BIOL 366, 842-856 (2007) PMID: 17188709	Gribenko AV, Makhatadze GI.
17471	Cold shock protein B	P32081	E43Q (PDB: E43Q)	Bacillus subtilis (strain 168)	1CSP	E43Q	Sheet	88.15	7.5	55	0.02	-	-	Unknown	17188709	protein stability; protein halophilicity; charge-charge interactions; computational modeling; amino acid substitutions	J MOL BIOL 366, 842-856 (2007) PMID: 17188709	Gribenko AV, Makhatadze GI.
17472	Cold shock protein B	P32081	S48K (PDB: S48K)	Bacillus subtilis (strain 168)	1CSP	S48K	Coil	31.57	7.5	55	0.67	-	-	Unknown	17188709	protein stability; protein halophilicity; charge-charge interactions; computational modeling; amino acid substitutions	J MOL BIOL 366, 842-856 (2007) PMID: 17188709	Gribenko AV, Makhatadze GI.
17473	Cold shock protein B	P32081	S48K (PDB: S48K)	Bacillus subtilis (strain 168)	1CSP	S48K	Coil	31.57	7.5	55	0.79	-	-	Unknown	17188709	protein stability; protein halophilicity; charge-charge interactions; computational modeling; amino acid substitutions	J MOL BIOL 366, 842-856 (2007) PMID: 17188709	Gribenko AV, Makhatadze GI.
17474	Cold shock protein B	P32081	E53Q (PDB: E53Q)	Bacillus subtilis (strain 168)	1CSP	E53Q	Sheet	78.99	7.5	55	0.14	-	-	Unknown	17188709	protein stability; protein halophilicity; charge-charge interactions; computational modeling; amino acid substitutions	J MOL BIOL 366, 842-856 (2007) PMID: 17188709	Gribenko AV, Makhatadze GI.
17475	Cold shock protein B	P32081	N55K (PDB: N55K)	Bacillus subtilis (strain 168)	1CSP	N55K	Turn	118.17	7.5	55	-0.12	-	-	Unknown	17188709	protein stability; protein halophilicity; charge-charge interactions; computational modeling; amino acid substitutions	J MOL BIOL 366, 842-856 (2007) PMID: 17188709	Gribenko AV, Makhatadze GI.
17476	Cold shock protein B	P32081	N55D (PDB: N55D)	Bacillus subtilis (strain 168)	1CSP	N55D	Turn	118.17	7.5	55	0.43	-	-	Unknown	17188709	protein stability; protein halophilicity; charge-charge interactions; computational modeling; amino acid substitutions	J MOL BIOL 366, 842-856 (2007) PMID: 17188709	Gribenko AV, Makhatadze GI.
17477	Cold shock protein B	P32081	R56Q (PDB: R56Q)	Bacillus subtilis (strain 168)	1CSP	R56Q	Turn	103.93	7.5	55	0.29	-	-	Unknown	17188709	protein stability; protein halophilicity; charge-charge interactions; computational modeling; amino acid substitutions	J MOL BIOL 366, 842-856 (2007) PMID: 17188709	Gribenko AV, Makhatadze GI.
17480	Cold shock protein B	P32081	E3R (PDB: E3R)	Bacillus subtilis (strain 168)	1CSP	E3R	Sheet	42.93	7.5	55	1.84	-	-	Unknown	17188709	protein stability; protein halophilicity; charge-charge interactions; computational modeling; amino acid substitutions	J MOL BIOL 366, 842-856 (2007) PMID: 17188709	Gribenko AV, Makhatadze GI.
17481	Cold shock protein B	P32081	E3R (PDB: E3R)	Bacillus subtilis (strain 168)	1CSP	E3R	Sheet	42.93	7.5	55	1.6	-	-	Unknown	17188709	protein stability; protein halophilicity; charge-charge interactions; computational modeling; amino acid substitutions	J MOL BIOL 366, 842-856 (2007) PMID: 17188709	Gribenko AV, Makhatadze GI.
17482	Cold shock protein B	P32081	E3R (PDB: E3R)	Bacillus subtilis (strain 168)	1CSP	E3R	Sheet	42.93	7.5	55	1.6	-	-	Unknown	17188709	protein stability; protein halophilicity; charge-charge interactions; computational modeling; amino acid substitutions	J MOL BIOL 366, 842-856 (2007) PMID: 17188709	Gribenko AV, Makhatadze GI.
17483	Cold shock protein B	P32081	E3Q (PDB: E3Q)	Bacillus subtilis (strain 168)	1CSP	E3Q	Sheet	42.93	7.5	55	1.05	-	-	Unknown	17188709	protein stability; protein halophilicity; charge-charge interactions; computational modeling; amino acid substitutions	J MOL BIOL 366, 842-856 (2007) PMID: 17188709	Gribenko AV, Makhatadze GI.
17484	Cold shock protein B	P32081	N10D (PDB: N10D)	Bacillus subtilis (strain 168)	1CSP	N10D	Sheet	39.62	7.5	55	0.33	-	-	Unknown	17188709	protein stability; protein halophilicity; charge-charge interactions; computational modeling; amino acid substitutions	J MOL BIOL 366, 842-856 (2007) PMID: 17188709	Gribenko AV, Makhatadze GI.
17485	Cold shock protein B	P32081	K13Q (PDB: K13Q)	Bacillus subtilis (strain 168)	1CSP	K13Q	Turn	69.52	7.5	55	-0.24	-	-	Unknown	17188709	protein stability; protein halophilicity; charge-charge interactions; computational modeling; amino acid substitutions	J MOL BIOL 366, 842-856 (2007) PMID: 17188709	Gribenko AV, Makhatadze GI.
17486	Cold shock protein B	P32081	E19Q (PDB: E19Q)	Bacillus subtilis (strain 168)	1CSP	E19Q	Sheet	54.38	7.5	55	-0.31	-	-	Unknown	17188709	protein stability; protein halophilicity; charge-charge interactions; computational modeling; amino acid substitutions	J MOL BIOL 366, 842-856 (2007) PMID: 17188709	Gribenko AV, Makhatadze GI.
17488	Cold shock protein B	P32081	E21K (PDB: E21K)	Bacillus subtilis (strain 168)	1CSP	E21K	Sheet	56.1	7.5	55	-0.19	-	-	Unknown	17188709	protein stability; protein halophilicity; charge-charge interactions; computational modeling; amino acid substitutions	J MOL BIOL 366, 842-856 (2007) PMID: 17188709	Gribenko AV, Makhatadze GI.
17489	Cold shock protein B	P32081	K39E (PDB: K39E)	Bacillus subtilis (strain 168)	1CSP	K39E	Coil	39.38	7.5	55	-0.31	-	-	Unknown	17188709	protein stability; protein halophilicity; charge-charge interactions; computational modeling; amino acid substitutions	J MOL BIOL 366, 842-856 (2007) PMID: 17188709	Gribenko AV, Makhatadze GI.
17490	Cold shock protein B	P32081	K39Q (PDB: K39Q)	Bacillus subtilis (strain 168)	1CSP	K39Q	Coil	39.38	7.5	55	-0.14	-	-	Unknown	17188709	protein stability; protein halophilicity; charge-charge interactions; computational modeling; amino acid substitutions	J MOL BIOL 366, 842-856 (2007) PMID: 17188709	Gribenko AV, Makhatadze GI.
17491	Cold shock protein B	P32081	E42K (PDB: E42K)	Bacillus subtilis (strain 168)	1CSP	E42K	Sheet	78.99	7.5	55	-0.02	-	-	Unknown	17188709	protein stability; protein halophilicity; charge-charge interactions; computational modeling; amino acid substitutions	J MOL BIOL 366, 842-856 (2007) PMID: 17188709	Gribenko AV, Makhatadze GI.
17492	Cold shock protein B	P32081	E42Q (PDB: E42Q)	Bacillus subtilis (strain 168)	1CSP	E42Q	Sheet	78.99	7.5	55	-0.14	-	-	Unknown	17188709	protein stability; protein halophilicity; charge-charge interactions; computational modeling; amino acid substitutions	J MOL BIOL 366, 842-856 (2007) PMID: 17188709	Gribenko AV, Makhatadze GI.
17493	Cold shock protein B	P32081	E43K (PDB: E43K)	Bacillus subtilis (strain 168)	1CSP	E43K	Sheet	88.15	7.5	55	0.17	-	-	Unknown	17188709	protein stability; protein halophilicity; charge-charge interactions; computational modeling; amino acid substitutions	J MOL BIOL 366, 842-856 (2007) PMID: 17188709	Gribenko AV, Makhatadze GI.
17494	Cold shock protein B	P32081	E43Q (PDB: E43Q)	Bacillus subtilis (strain 168)	1CSP	E43Q	Sheet	88.15	7.5	55	-0.02	-	-	Unknown	17188709	protein stability; protein halophilicity; charge-charge interactions; computational modeling; amino acid substitutions	J MOL BIOL 366, 842-856 (2007) PMID: 17188709	Gribenko AV, Makhatadze GI.
17495	Cold shock protein B	P32081	S48K (PDB: S48K)	Bacillus subtilis (strain 168)	1CSP	S48K	Coil	31.57	7.5	55	0.6	-	-	Unknown	17188709	protein stability; protein halophilicity; charge-charge interactions; computational modeling; amino acid substitutions	J MOL BIOL 366, 842-856 (2007) PMID: 17188709	Gribenko AV, Makhatadze GI.
17496	Cold shock protein B	P32081	S48K (PDB: S48K)	Bacillus subtilis (strain 168)	1CSP	S48K	Coil	31.57	7.5	55	0.65	-	-	Unknown	17188709	protein stability; protein halophilicity; charge-charge interactions; computational modeling; amino acid substitutions	J MOL BIOL 366, 842-856 (2007) PMID: 17188709	Gribenko AV, Makhatadze GI.
17497	Cold shock protein B	P32081	S48E (PDB: S48E)	Bacillus subtilis (strain 168)	1CSP	S48E	Coil	31.57	7.5	55	0.05	-	-	Unknown	17188709	protein stability; protein halophilicity; charge-charge interactions; computational modeling; amino acid substitutions	J MOL BIOL 366, 842-856 (2007) PMID: 17188709	Gribenko AV, Makhatadze GI.
17498	Cold shock protein B	P32081	E53K (PDB: E53K)	Bacillus subtilis (strain 168)	1CSP	E53K	Sheet	78.99	7.5	55	-0.24	-	-	Unknown	17188709	protein stability; protein halophilicity; charge-charge interactions; computational modeling; amino acid substitutions	J MOL BIOL 366, 842-856 (2007) PMID: 17188709	Gribenko AV, Makhatadze GI.
17499	Cold shock protein B	P32081	E53Q (PDB: E53Q)	Bacillus subtilis (strain 168)	1CSP	E53Q	Sheet	78.99	7.5	55	0.12	-	-	Unknown	17188709	protein stability; protein halophilicity; charge-charge interactions; computational modeling; amino acid substitutions	J MOL BIOL 366, 842-856 (2007) PMID: 17188709	Gribenko AV, Makhatadze GI.
17500	Cold shock protein B	P32081	N55K (PDB: N55K)	Bacillus subtilis (strain 168)	1CSP	N55K	Turn	118.17	7.5	55	-0.1	-	-	Unknown	17188709	protein stability; protein halophilicity; charge-charge interactions; computational modeling; amino acid substitutions	J MOL BIOL 366, 842-856 (2007) PMID: 17188709	Gribenko AV, Makhatadze GI.
17501	Cold shock protein B	P32081	N55D (PDB: N55D)	Bacillus subtilis (strain 168)	1CSP	N55D	Turn	118.17	7.5	55	0.38	-	-	Unknown	17188709	protein stability; protein halophilicity; charge-charge interactions; computational modeling; amino acid substitutions	J MOL BIOL 366, 842-856 (2007) PMID: 17188709	Gribenko AV, Makhatadze GI.
17502	Cold shock protein B	P32081	R56Q (PDB: R56Q)	Bacillus subtilis (strain 168)	1CSP	R56Q	Turn	103.93	7.5	55	0.24	-	-	Unknown	17188709	protein stability; protein halophilicity; charge-charge interactions; computational modeling; amino acid substitutions	J MOL BIOL 366, 842-856 (2007) PMID: 17188709	Gribenko AV, Makhatadze GI.
17506	Cold shock protein B	P32081	E3R (PDB: E3R)	Bacillus subtilis (strain 168)	1CSP	E3R	Sheet	42.93	7.5	55	1.46	-	-	Unknown	17188709	protein stability; protein halophilicity; charge-charge interactions; computational modeling; amino acid substitutions	J MOL BIOL 366, 842-856 (2007) PMID: 17188709	Gribenko AV, Makhatadze GI.
17507	Cold shock protein B	P32081	E3R (PDB: E3R)	Bacillus subtilis (strain 168)	1CSP	E3R	Sheet	42.93	7.5	55	1.29	-	-	Unknown	17188709	protein stability; protein halophilicity; charge-charge interactions; computational modeling; amino acid substitutions	J MOL BIOL 366, 842-856 (2007) PMID: 17188709	Gribenko AV, Makhatadze GI.
17508	Cold shock protein B	P32081	E3R (PDB: E3R)	Bacillus subtilis (strain 168)	1CSP	E3R	Sheet	42.93	7.5	55	1.2	-	-	Unknown	17188709	protein stability; protein halophilicity; charge-charge interactions; computational modeling; amino acid substitutions	J MOL BIOL 366, 842-856 (2007) PMID: 17188709	Gribenko AV, Makhatadze GI.
17509	Cold shock protein B	P32081	E3Q (PDB: E3Q)	Bacillus subtilis (strain 168)	1CSP	E3Q	Sheet	42.93	7.5	55	0.88	-	-	Unknown	17188709	protein stability; protein halophilicity; charge-charge interactions; computational modeling; amino acid substitutions	J MOL BIOL 366, 842-856 (2007) PMID: 17188709	Gribenko AV, Makhatadze GI.
17510	Cold shock protein B	P32081	N10D (PDB: N10D)	Bacillus subtilis (strain 168)	1CSP	N10D	Sheet	39.62	7.5	55	0.55	-	-	Unknown	17188709	protein stability; protein halophilicity; charge-charge interactions; computational modeling; amino acid substitutions	J MOL BIOL 366, 842-856 (2007) PMID: 17188709	Gribenko AV, Makhatadze GI.
17511	Cold shock protein B	P32081	E12K (PDB: E12K)	Bacillus subtilis (strain 168)	1CSP	E12K	Sheet	115.63	7.5	55	-0.29	-	-	Unknown	17188709	protein stability; protein halophilicity; charge-charge interactions; computational modeling; amino acid substitutions	J MOL BIOL 366, 842-856 (2007) PMID: 17188709	Gribenko AV, Makhatadze GI.
17512	Cold shock protein B	P32081	K13E (PDB: K13E)	Bacillus subtilis (strain 168)	1CSP	K13E	Turn	69.52	7.5	55	-0.43	-	-	Unknown	17188709	protein stability; protein halophilicity; charge-charge interactions; computational modeling; amino acid substitutions	J MOL BIOL 366, 842-856 (2007) PMID: 17188709	Gribenko AV, Makhatadze GI.
17513	Cold shock protein B	P32081	K13Q (PDB: K13Q)	Bacillus subtilis (strain 168)	1CSP	K13Q	Turn	69.52	7.5	55	-0.17	-	-	Unknown	17188709	protein stability; protein halophilicity; charge-charge interactions; computational modeling; amino acid substitutions	J MOL BIOL 366, 842-856 (2007) PMID: 17188709	Gribenko AV, Makhatadze GI.
17514	Cold shock protein B	P32081	E19Q (PDB: E19Q)	Bacillus subtilis (strain 168)	1CSP	E19Q	Sheet	54.38	7.5	55	-0.31	-	-	Unknown	17188709	protein stability; protein halophilicity; charge-charge interactions; computational modeling; amino acid substitutions	J MOL BIOL 366, 842-856 (2007) PMID: 17188709	Gribenko AV, Makhatadze GI.
17516	Cold shock protein B	P32081	E21K (PDB: E21K)	Bacillus subtilis (strain 168)	1CSP	E21K	Sheet	56.1	7.5	55	-0.17	-	-	Unknown	17188709	protein stability; protein halophilicity; charge-charge interactions; computational modeling; amino acid substitutions	J MOL BIOL 366, 842-856 (2007) PMID: 17188709	Gribenko AV, Makhatadze GI.
17517	Cold shock protein B	P32081	E21Q (PDB: E21Q)	Bacillus subtilis (strain 168)	1CSP	E21Q	Sheet	56.1	7.5	55	-0.31	-	-	Unknown	17188709	protein stability; protein halophilicity; charge-charge interactions; computational modeling; amino acid substitutions	J MOL BIOL 366, 842-856 (2007) PMID: 17188709	Gribenko AV, Makhatadze GI.
17519	Cold shock protein B	P32081	D24K (PDB: D24K)	Bacillus subtilis (strain 168)	1CSP	D24K	Coil	96.46	7.5	55	-0.36	-	-	Unknown	17188709	protein stability; protein halophilicity; charge-charge interactions; computational modeling; amino acid substitutions	J MOL BIOL 366, 842-856 (2007) PMID: 17188709	Gribenko AV, Makhatadze GI.
17520	Cold shock protein B	P32081	D24N (PDB: D24N)	Bacillus subtilis (strain 168)	1CSP	D24N	Coil	96.46	7.5	55	-0.55	-	-	Unknown	17188709	protein stability; protein halophilicity; charge-charge interactions; computational modeling; amino acid substitutions	J MOL BIOL 366, 842-856 (2007) PMID: 17188709	Gribenko AV, Makhatadze GI.
17521	Cold shock protein B	P32081	K39E (PDB: K39E)	Bacillus subtilis (strain 168)	1CSP	K39E	Coil	39.38	7.5	55	-0.17	-	-	Unknown	17188709	protein stability; protein halophilicity; charge-charge interactions; computational modeling; amino acid substitutions	J MOL BIOL 366, 842-856 (2007) PMID: 17188709	Gribenko AV, Makhatadze GI.
17522	Cold shock protein B	P32081	K39Q (PDB: K39Q)	Bacillus subtilis (strain 168)	1CSP	K39Q	Coil	39.38	7.5	55	-0.07	-	-	Unknown	17188709	protein stability; protein halophilicity; charge-charge interactions; computational modeling; amino acid substitutions	J MOL BIOL 366, 842-856 (2007) PMID: 17188709	Gribenko AV, Makhatadze GI.
17523	Cold shock protein B	P32081	E42K (PDB: E42K)	Bacillus subtilis (strain 168)	1CSP	E42K	Sheet	78.99	7.5	55	0.12	-	-	Unknown	17188709	protein stability; protein halophilicity; charge-charge interactions; computational modeling; amino acid substitutions	J MOL BIOL 366, 842-856 (2007) PMID: 17188709	Gribenko AV, Makhatadze GI.
17524	Cold shock protein B	P32081	E42Q (PDB: E42Q)	Bacillus subtilis (strain 168)	1CSP	E42Q	Sheet	78.99	7.5	55	-0.17	-	-	Unknown	17188709	protein stability; protein halophilicity; charge-charge interactions; computational modeling; amino acid substitutions	J MOL BIOL 366, 842-856 (2007) PMID: 17188709	Gribenko AV, Makhatadze GI.
17525	Cold shock protein B	P32081	E43K (PDB: E43K)	Bacillus subtilis (strain 168)	1CSP	E43K	Sheet	88.15	7.5	55	0.29	-	-	Unknown	17188709	protein stability; protein halophilicity; charge-charge interactions; computational modeling; amino acid substitutions	J MOL BIOL 366, 842-856 (2007) PMID: 17188709	Gribenko AV, Makhatadze GI.
17526	Cold shock protein B	P32081	E43Q (PDB: E43Q)	Bacillus subtilis (strain 168)	1CSP	E43Q	Sheet	88.15	7.5	55	0.07	-	-	Unknown	17188709	protein stability; protein halophilicity; charge-charge interactions; computational modeling; amino acid substitutions	J MOL BIOL 366, 842-856 (2007) PMID: 17188709	Gribenko AV, Makhatadze GI.
17527	Cold shock protein B	P32081	S48K (PDB: S48K)	Bacillus subtilis (strain 168)	1CSP	S48K	Coil	31.57	7.5	55	0.55	-	-	Unknown	17188709	protein stability; protein halophilicity; charge-charge interactions; computational modeling; amino acid substitutions	J MOL BIOL 366, 842-856 (2007) PMID: 17188709	Gribenko AV, Makhatadze GI.
17528	Cold shock protein B	P32081	S48K (PDB: S48K)	Bacillus subtilis (strain 168)	1CSP	S48K	Coil	31.57	7.5	55	0.62	-	-	Unknown	17188709	protein stability; protein halophilicity; charge-charge interactions; computational modeling; amino acid substitutions	J MOL BIOL 366, 842-856 (2007) PMID: 17188709	Gribenko AV, Makhatadze GI.
17529	Cold shock protein B	P32081	S48E (PDB: S48E)	Bacillus subtilis (strain 168)	1CSP	S48E	Coil	31.57	7.5	55	0	-	-	Unknown	17188709	protein stability; protein halophilicity; charge-charge interactions; computational modeling; amino acid substitutions	J MOL BIOL 366, 842-856 (2007) PMID: 17188709	Gribenko AV, Makhatadze GI.
17530	Cold shock protein B	P32081	E50K (PDB: E50K)	Bacillus subtilis (strain 168)	1CSP	E50K	Sheet	45.22	7.5	55	-0.45	-	-	Unknown	17188709	protein stability; protein halophilicity; charge-charge interactions; computational modeling; amino acid substitutions	J MOL BIOL 366, 842-856 (2007) PMID: 17188709	Gribenko AV, Makhatadze GI.
17531	Cold shock protein B	P32081	E50K (PDB: E50K)	Bacillus subtilis (strain 168)	1CSP	E50K	Sheet	45.22	7.5	55	-0.07	-	-	Unknown	17188709	protein stability; protein halophilicity; charge-charge interactions; computational modeling; amino acid substitutions	J MOL BIOL 366, 842-856 (2007) PMID: 17188709	Gribenko AV, Makhatadze GI.
17532	Cold shock protein B	P32081	E53K (PDB: E53K)	Bacillus subtilis (strain 168)	1CSP	E53K	Sheet	78.99	7.5	55	-0.14	-	-	Unknown	17188709	protein stability; protein halophilicity; charge-charge interactions; computational modeling; amino acid substitutions	J MOL BIOL 366, 842-856 (2007) PMID: 17188709	Gribenko AV, Makhatadze GI.
17533	Cold shock protein B	P32081	E53Q (PDB: E53Q)	Bacillus subtilis (strain 168)	1CSP	E53Q	Sheet	78.99	7.5	55	0.29	-	-	Unknown	17188709	protein stability; protein halophilicity; charge-charge interactions; computational modeling; amino acid substitutions	J MOL BIOL 366, 842-856 (2007) PMID: 17188709	Gribenko AV, Makhatadze GI.
17534	Cold shock protein B	P32081	N55K (PDB: N55K)	Bacillus subtilis (strain 168)	1CSP	N55K	Turn	118.17	7.5	55	0.1	-	-	Unknown	17188709	protein stability; protein halophilicity; charge-charge interactions; computational modeling; amino acid substitutions	J MOL BIOL 366, 842-856 (2007) PMID: 17188709	Gribenko AV, Makhatadze GI.
17535	Cold shock protein B	P32081	N55D (PDB: N55D)	Bacillus subtilis (strain 168)	1CSP	N55D	Turn	118.17	7.5	55	0.45	-	-	Unknown	17188709	protein stability; protein halophilicity; charge-charge interactions; computational modeling; amino acid substitutions	J MOL BIOL 366, 842-856 (2007) PMID: 17188709	Gribenko AV, Makhatadze GI.
17536	Cold shock protein B	P32081	R56Q (PDB: R56Q)	Bacillus subtilis (strain 168)	1CSP	R56Q	Turn	103.93	7.5	55	0.19	-	-	Unknown	17188709	protein stability; protein halophilicity; charge-charge interactions; computational modeling; amino acid substitutions	J MOL BIOL 366, 842-856 (2007) PMID: 17188709	Gribenko AV, Makhatadze GI.
17537	Cold shock protein B	P32081	K65Q (PDB: K65Q)	Bacillus subtilis (strain 168)	1CSP	K65Q	Sheet	47.64	7.5	55	-0.45	-	-	Unknown	17188709	protein stability; protein halophilicity; charge-charge interactions; computational modeling; amino acid substitutions	J MOL BIOL 366, 842-856 (2007) PMID: 17188709	Gribenko AV, Makhatadze GI.
17541	Cold shock protein B	P32081	E3R (PDB: E3R)	Bacillus subtilis (strain 168)	1CSP	E3R	Sheet	42.93	7.5	55	1.15	-	-	Unknown	17188709	protein stability; protein halophilicity; charge-charge interactions; computational modeling; amino acid substitutions	J MOL BIOL 366, 842-856 (2007) PMID: 17188709	Gribenko AV, Makhatadze GI.
17542	Cold shock protein B	P32081	E3R (PDB: E3R)	Bacillus subtilis (strain 168)	1CSP	E3R	Sheet	42.93	7.5	55	1.1	-	-	Unknown	17188709	protein stability; protein halophilicity; charge-charge interactions; computational modeling; amino acid substitutions	J MOL BIOL 366, 842-856 (2007) PMID: 17188709	Gribenko AV, Makhatadze GI.
17543	Cold shock protein B	P32081	E3R (PDB: E3R)	Bacillus subtilis (strain 168)	1CSP	E3R	Sheet	42.93	7.5	55	0.98	-	-	Unknown	17188709	protein stability; protein halophilicity; charge-charge interactions; computational modeling; amino acid substitutions	J MOL BIOL 366, 842-856 (2007) PMID: 17188709	Gribenko AV, Makhatadze GI.
17544	Cold shock protein B	P32081	E3Q (PDB: E3Q)	Bacillus subtilis (strain 168)	1CSP	E3Q	Sheet	42.93	7.5	55	0.74	-	-	Unknown	17188709	protein stability; protein halophilicity; charge-charge interactions; computational modeling; amino acid substitutions	J MOL BIOL 366, 842-856 (2007) PMID: 17188709	Gribenko AV, Makhatadze GI.
17545	Cold shock protein B	P32081	K5Q (PDB: K5Q)	Bacillus subtilis (strain 168)	1CSP	K5Q	Sheet	49.1	7.5	55	-0.74	-	-	Unknown	17188709	protein stability; protein halophilicity; charge-charge interactions; computational modeling; amino acid substitutions	J MOL BIOL 366, 842-856 (2007) PMID: 17188709	Gribenko AV, Makhatadze GI.
17546	Cold shock protein B	P32081	N10D (PDB: N10D)	Bacillus subtilis (strain 168)	1CSP	N10D	Sheet	39.62	7.5	55	0.65	-	-	Unknown	17188709	protein stability; protein halophilicity; charge-charge interactions; computational modeling; amino acid substitutions	J MOL BIOL 366, 842-856 (2007) PMID: 17188709	Gribenko AV, Makhatadze GI.
17547	Cold shock protein B	P32081	E12K (PDB: E12K)	Bacillus subtilis (strain 168)	1CSP	E12K	Sheet	115.63	7.5	55	-0.19	-	-	Unknown	17188709	protein stability; protein halophilicity; charge-charge interactions; computational modeling; amino acid substitutions	J MOL BIOL 366, 842-856 (2007) PMID: 17188709	Gribenko AV, Makhatadze GI.
17548	Cold shock protein B	P32081	K13E (PDB: K13E)	Bacillus subtilis (strain 168)	1CSP	K13E	Turn	69.52	7.5	55	-0.43	-	-	Unknown	17188709	protein stability; protein halophilicity; charge-charge interactions; computational modeling; amino acid substitutions	J MOL BIOL 366, 842-856 (2007) PMID: 17188709	Gribenko AV, Makhatadze GI.
17549	Cold shock protein B	P32081	K13Q (PDB: K13Q)	Bacillus subtilis (strain 168)	1CSP	K13Q	Turn	69.52	7.5	55	-0.07	-	-	Unknown	17188709	protein stability; protein halophilicity; charge-charge interactions; computational modeling; amino acid substitutions	J MOL BIOL 366, 842-856 (2007) PMID: 17188709	Gribenko AV, Makhatadze GI.
17550	Cold shock protein B	P32081	E19K (PDB: E19K)	Bacillus subtilis (strain 168)	1CSP	E19K	Sheet	54.38	7.5	55	-0.62	-	-	Unknown	17188709	protein stability; protein halophilicity; charge-charge interactions; computational modeling; amino acid substitutions	J MOL BIOL 366, 842-856 (2007) PMID: 17188709	Gribenko AV, Makhatadze GI.
17551	Cold shock protein B	P32081	E19Q (PDB: E19Q)	Bacillus subtilis (strain 168)	1CSP	E19Q	Sheet	54.38	7.5	55	-0.31	-	-	Unknown	17188709	protein stability; protein halophilicity; charge-charge interactions; computational modeling; amino acid substitutions	J MOL BIOL 366, 842-856 (2007) PMID: 17188709	Gribenko AV, Makhatadze GI.
17554	Cold shock protein B	P32081	E21K (PDB: E21K)	Bacillus subtilis (strain 168)	1CSP	E21K	Sheet	56.1	7.5	55	-0.12	-	-	Unknown	17188709	protein stability; protein halophilicity; charge-charge interactions; computational modeling; amino acid substitutions	J MOL BIOL 366, 842-856 (2007) PMID: 17188709	Gribenko AV, Makhatadze GI.
17555	Cold shock protein B	P32081	E21Q (PDB: E21Q)	Bacillus subtilis (strain 168)	1CSP	E21Q	Sheet	56.1	7.5	55	-0.33	-	-	Unknown	17188709	protein stability; protein halophilicity; charge-charge interactions; computational modeling; amino acid substitutions	J MOL BIOL 366, 842-856 (2007) PMID: 17188709	Gribenko AV, Makhatadze GI.
17557	Cold shock protein B	P32081	D24K (PDB: D24K)	Bacillus subtilis (strain 168)	1CSP	D24K	Coil	96.46	7.5	55	-0.41	-	-	Unknown	17188709	protein stability; protein halophilicity; charge-charge interactions; computational modeling; amino acid substitutions	J MOL BIOL 366, 842-856 (2007) PMID: 17188709	Gribenko AV, Makhatadze GI.
17558	Cold shock protein B	P32081	D24N (PDB: D24N)	Bacillus subtilis (strain 168)	1CSP	D24N	Coil	96.46	7.5	55	-0.45	-	-	Unknown	17188709	protein stability; protein halophilicity; charge-charge interactions; computational modeling; amino acid substitutions	J MOL BIOL 366, 842-856 (2007) PMID: 17188709	Gribenko AV, Makhatadze GI.
17560	Cold shock protein B	P32081	D25K (PDB: D25K)	Bacillus subtilis (strain 168)	1CSP	D25K	Coil	45.11	7.5	55	-1.08	-	-	Unknown	17188709	protein stability; protein halophilicity; charge-charge interactions; computational modeling; amino acid substitutions	J MOL BIOL 366, 842-856 (2007) PMID: 17188709	Gribenko AV, Makhatadze GI.
17561	Cold shock protein B	P32081	D25Q (PDB: D25Q)	Bacillus subtilis (strain 168)	1CSP	D25Q	Coil	45.11	7.5	55	-0.41	-	-	Unknown	17188709	protein stability; protein halophilicity; charge-charge interactions; computational modeling; amino acid substitutions	J MOL BIOL 366, 842-856 (2007) PMID: 17188709	Gribenko AV, Makhatadze GI.
17563	Cold shock protein B	P32081	K39E (PDB: K39E)	Bacillus subtilis (strain 168)	1CSP	K39E	Coil	39.38	7.5	55	-0.05	-	-	Unknown	17188709	protein stability; protein halophilicity; charge-charge interactions; computational modeling; amino acid substitutions	J MOL BIOL 366, 842-856 (2007) PMID: 17188709	Gribenko AV, Makhatadze GI.
17564	Cold shock protein B	P32081	K39Q (PDB: K39Q)	Bacillus subtilis (strain 168)	1CSP	K39Q	Coil	39.38	7.5	55	0	-	-	Unknown	17188709	protein stability; protein halophilicity; charge-charge interactions; computational modeling; amino acid substitutions	J MOL BIOL 366, 842-856 (2007) PMID: 17188709	Gribenko AV, Makhatadze GI.
17565	Cold shock protein B	P32081	E42K (PDB: E42K)	Bacillus subtilis (strain 168)	1CSP	E42K	Sheet	78.99	7.5	55	0.19	-	-	Unknown	17188709	protein stability; protein halophilicity; charge-charge interactions; computational modeling; amino acid substitutions	J MOL BIOL 366, 842-856 (2007) PMID: 17188709	Gribenko AV, Makhatadze GI.
17566	Cold shock protein B	P32081	E42Q (PDB: E42Q)	Bacillus subtilis (strain 168)	1CSP	E42Q	Sheet	78.99	7.5	55	-0.19	-	-	Unknown	17188709	protein stability; protein halophilicity; charge-charge interactions; computational modeling; amino acid substitutions	J MOL BIOL 366, 842-856 (2007) PMID: 17188709	Gribenko AV, Makhatadze GI.
17567	Cold shock protein B	P32081	E43K (PDB: E43K)	Bacillus subtilis (strain 168)	1CSP	E43K	Sheet	88.15	7.5	55	0.38	-	-	Unknown	17188709	protein stability; protein halophilicity; charge-charge interactions; computational modeling; amino acid substitutions	J MOL BIOL 366, 842-856 (2007) PMID: 17188709	Gribenko AV, Makhatadze GI.
17568	Cold shock protein B	P32081	E43Q (PDB: E43Q)	Bacillus subtilis (strain 168)	1CSP	E43Q	Sheet	88.15	7.5	55	0.17	-	-	Unknown	17188709	protein stability; protein halophilicity; charge-charge interactions; computational modeling; amino acid substitutions	J MOL BIOL 366, 842-856 (2007) PMID: 17188709	Gribenko AV, Makhatadze GI.
17569	Cold shock protein B	P32081	S48K (PDB: S48K)	Bacillus subtilis (strain 168)	1CSP	S48K	Coil	31.57	7.5	55	0.48	-	-	Unknown	17188709	protein stability; protein halophilicity; charge-charge interactions; computational modeling; amino acid substitutions	J MOL BIOL 366, 842-856 (2007) PMID: 17188709	Gribenko AV, Makhatadze GI.
17570	Cold shock protein B	P32081	S48K (PDB: S48K)	Bacillus subtilis (strain 168)	1CSP	S48K	Coil	31.57	7.5	55	0.69	-	-	Unknown	17188709	protein stability; protein halophilicity; charge-charge interactions; computational modeling; amino acid substitutions	J MOL BIOL 366, 842-856 (2007) PMID: 17188709	Gribenko AV, Makhatadze GI.
17571	Cold shock protein B	P32081	S48E (PDB: S48E)	Bacillus subtilis (strain 168)	1CSP	S48E	Coil	31.57	7.5	55	0.02	-	-	Unknown	17188709	protein stability; protein halophilicity; charge-charge interactions; computational modeling; amino acid substitutions	J MOL BIOL 366, 842-856 (2007) PMID: 17188709	Gribenko AV, Makhatadze GI.
17572	Cold shock protein B	P32081	E50K (PDB: E50K)	Bacillus subtilis (strain 168)	1CSP	E50K	Sheet	45.22	7.5	55	-0.41	-	-	Unknown	17188709	protein stability; protein halophilicity; charge-charge interactions; computational modeling; amino acid substitutions	J MOL BIOL 366, 842-856 (2007) PMID: 17188709	Gribenko AV, Makhatadze GI.
17573	Cold shock protein B	P32081	E50K (PDB: E50K)	Bacillus subtilis (strain 168)	1CSP	E50K	Sheet	45.22	7.5	55	0.02	-	-	Unknown	17188709	protein stability; protein halophilicity; charge-charge interactions; computational modeling; amino acid substitutions	J MOL BIOL 366, 842-856 (2007) PMID: 17188709	Gribenko AV, Makhatadze GI.
17574	Cold shock protein B	P32081	E50Q (PDB: E50Q)	Bacillus subtilis (strain 168)	1CSP	E50Q	Sheet	45.22	7.5	55	-0.96	-	-	Unknown	17188709	protein stability; protein halophilicity; charge-charge interactions; computational modeling; amino acid substitutions	J MOL BIOL 366, 842-856 (2007) PMID: 17188709	Gribenko AV, Makhatadze GI.
17575	Cold shock protein B	P32081	E53K (PDB: E53K)	Bacillus subtilis (strain 168)	1CSP	E53K	Sheet	78.99	7.5	55	-0.05	-	-	Unknown	17188709	protein stability; protein halophilicity; charge-charge interactions; computational modeling; amino acid substitutions	J MOL BIOL 366, 842-856 (2007) PMID: 17188709	Gribenko AV, Makhatadze GI.
17576	Cold shock protein B	P32081	E53Q (PDB: E53Q)	Bacillus subtilis (strain 168)	1CSP	E53Q	Sheet	78.99	7.5	55	0.31	-	-	Unknown	17188709	protein stability; protein halophilicity; charge-charge interactions; computational modeling; amino acid substitutions	J MOL BIOL 366, 842-856 (2007) PMID: 17188709	Gribenko AV, Makhatadze GI.
17577	Cold shock protein B	P32081	N55K (PDB: N55K)	Bacillus subtilis (strain 168)	1CSP	N55K	Turn	118.17	7.5	55	0.19	-	-	Unknown	17188709	protein stability; protein halophilicity; charge-charge interactions; computational modeling; amino acid substitutions	J MOL BIOL 366, 842-856 (2007) PMID: 17188709	Gribenko AV, Makhatadze GI.
17578	Cold shock protein B	P32081	N55D (PDB: N55D)	Bacillus subtilis (strain 168)	1CSP	N55D	Turn	118.17	7.5	55	0.53	-	-	Unknown	17188709	protein stability; protein halophilicity; charge-charge interactions; computational modeling; amino acid substitutions	J MOL BIOL 366, 842-856 (2007) PMID: 17188709	Gribenko AV, Makhatadze GI.
17579	Cold shock protein B	P32081	R56Q (PDB: R56Q)	Bacillus subtilis (strain 168)	1CSP	R56Q	Turn	103.93	7.5	55	0.17	-	-	Unknown	17188709	protein stability; protein halophilicity; charge-charge interactions; computational modeling; amino acid substitutions	J MOL BIOL 366, 842-856 (2007) PMID: 17188709	Gribenko AV, Makhatadze GI.
17580	Cold shock protein B	P32081	K65E (PDB: K65E)	Bacillus subtilis (strain 168)	1CSP	K65E	Sheet	47.64	7.5	55	-0.93	-	-	Unknown	17188709	protein stability; protein halophilicity; charge-charge interactions; computational modeling; amino acid substitutions	J MOL BIOL 366, 842-856 (2007) PMID: 17188709	Gribenko AV, Makhatadze GI.
17581	Cold shock protein B	P32081	K65Q (PDB: K65Q)	Bacillus subtilis (strain 168)	1CSP	K65Q	Sheet	47.64	7.5	55	-0.29	-	-	Unknown	17188709	protein stability; protein halophilicity; charge-charge interactions; computational modeling; amino acid substitutions	J MOL BIOL 366, 842-856 (2007) PMID: 17188709	Gribenko AV, Makhatadze GI.
17582	Cold shock protein B	P32081	K65Q (PDB: K65Q)	Bacillus subtilis (strain 168)	1CSP	K65Q	Sheet	47.64	7.5	55	-0.12	-	-	Unknown	17188709	protein stability; protein halophilicity; charge-charge interactions; computational modeling; amino acid substitutions	J MOL BIOL 366, 842-856 (2007) PMID: 17188709	Gribenko AV, Makhatadze GI.
17586	Cold shock protein B; synthetic	-	R3Q (Based on Paper)	Bacillus subtilis (strain 168) - Synthetic	-	-	-		7.5	55	-1.12	-	-	Unknown	17188709	protein stability; protein halophilicity; charge-charge interactions; computational modeling; amino acid substitutions	J MOL BIOL 366, 842-856 (2007) PMID: 17188709	Gribenko AV, Makhatadze GI.
17587	Cold shock protein B; synthetic	-	K5Q (Based on Paper)	Bacillus subtilis (strain 168) - Synthetic	-	-	-		7.5	55	-0.72	-	-	Unknown	17188709	protein stability; protein halophilicity; charge-charge interactions; computational modeling; amino acid substitutions	J MOL BIOL 366, 842-856 (2007) PMID: 17188709	Gribenko AV, Makhatadze GI.
17588	Cold shock protein B; synthetic	-	K5Q (Based on Paper)	Bacillus subtilis (strain 168) - Synthetic	-	-	-		7.5	55	-0.84	-	-	Unknown	17188709	protein stability; protein halophilicity; charge-charge interactions; computational modeling; amino acid substitutions	J MOL BIOL 366, 842-856 (2007) PMID: 17188709	Gribenko AV, Makhatadze GI.
17589	Cold shock protein B; synthetic	-	K7Q (Based on Paper)	Bacillus subtilis (strain 168) - Synthetic	-	-	-		7.5	55	-1.31	-	-	Unknown	17188709	protein stability; protein halophilicity; charge-charge interactions; computational modeling; amino acid substitutions	J MOL BIOL 366, 842-856 (2007) PMID: 17188709	Gribenko AV, Makhatadze GI.
17590	Cold shock protein B; synthetic	-	K12E (Based on Paper)	Bacillus subtilis (strain 168) - Synthetic	-	-	-		7.5	55	0.5	-	-	Unknown	17188709	protein stability; protein halophilicity; charge-charge interactions; computational modeling; amino acid substitutions	J MOL BIOL 366, 842-856 (2007) PMID: 17188709	Gribenko AV, Makhatadze GI.
17591	Cold shock protein B; synthetic	-	K12Q (Based on Paper)	Bacillus subtilis (strain 168) - Synthetic	-	-	-		7.5	55	0.6	-	-	Unknown	17188709	protein stability; protein halophilicity; charge-charge interactions; computational modeling; amino acid substitutions	J MOL BIOL 366, 842-856 (2007) PMID: 17188709	Gribenko AV, Makhatadze GI.
17592	Cold shock protein B; synthetic	-	K13E (Based on Paper)	Bacillus subtilis (strain 168) - Synthetic	-	-	-		7.5	55	-0.24	-	-	Unknown	17188709	protein stability; protein halophilicity; charge-charge interactions; computational modeling; amino acid substitutions	J MOL BIOL 366, 842-856 (2007) PMID: 17188709	Gribenko AV, Makhatadze GI.
17593	Cold shock protein B; synthetic	-	K13Q (Based on Paper)	Bacillus subtilis (strain 168) - Synthetic	-	-	-		7.5	55	0.17	-	-	Unknown	17188709	protein stability; protein halophilicity; charge-charge interactions; computational modeling; amino acid substitutions	J MOL BIOL 366, 842-856 (2007) PMID: 17188709	Gribenko AV, Makhatadze GI.
17594	Cold shock protein B; synthetic	-	K20E (Based on Paper)	Bacillus subtilis (strain 168) - Synthetic	-	-	-		7.5	55	-1.48	-	-	Unknown	17188709	protein stability; protein halophilicity; charge-charge interactions; computational modeling; amino acid substitutions	J MOL BIOL 366, 842-856 (2007) PMID: 17188709	Gribenko AV, Makhatadze GI.
17595	Cold shock protein B; synthetic	-	K20Q (Based on Paper)	Bacillus subtilis (strain 168) - Synthetic	-	-	-		7.5	55	-0.07	-	-	Unknown	17188709	protein stability; protein halophilicity; charge-charge interactions; computational modeling; amino acid substitutions	J MOL BIOL 366, 842-856 (2007) PMID: 17188709	Gribenko AV, Makhatadze GI.
17596	Cold shock protein B; synthetic	-	K20V (Based on Paper)	Bacillus subtilis (strain 168) - Synthetic	-	-	-		7.5	55	2.13	-	-	Unknown	17188709	protein stability; protein halophilicity; charge-charge interactions; computational modeling; amino acid substitutions	J MOL BIOL 366, 842-856 (2007) PMID: 17188709	Gribenko AV, Makhatadze GI.
17597	Cold shock protein B; synthetic	-	K20V (Based on Paper)	Bacillus subtilis (strain 168) - Synthetic	-	-	-		7.5	55	2.08	-	-	Unknown	17188709	protein stability; protein halophilicity; charge-charge interactions; computational modeling; amino acid substitutions	J MOL BIOL 366, 842-856 (2007) PMID: 17188709	Gribenko AV, Makhatadze GI.
17598	Cold shock protein B; synthetic	-	E21K (Based on Paper)	Bacillus subtilis (strain 168) - Synthetic	-	-	-		7.5	55	-0.98	-	-	Unknown	17188709	protein stability; protein halophilicity; charge-charge interactions; computational modeling; amino acid substitutions	J MOL BIOL 366, 842-856 (2007) PMID: 17188709	Gribenko AV, Makhatadze GI.
17599	Cold shock protein B; synthetic	-	E21Q (Based on Paper)	Bacillus subtilis (strain 168) - Synthetic	-	-	-		7.5	55	-0.36	-	-	Unknown	17188709	protein stability; protein halophilicity; charge-charge interactions; computational modeling; amino acid substitutions	J MOL BIOL 366, 842-856 (2007) PMID: 17188709	Gribenko AV, Makhatadze GI.
17600	Cold shock protein B; synthetic	-	D24K (Based on Paper)	Bacillus subtilis (strain 168) - Synthetic	-	-	-		7.5	55	-0.33	-	-	Unknown	17188709	protein stability; protein halophilicity; charge-charge interactions; computational modeling; amino acid substitutions	J MOL BIOL 366, 842-856 (2007) PMID: 17188709	Gribenko AV, Makhatadze GI.
17601	Cold shock protein B; synthetic	-	D24N (Based on Paper)	Bacillus subtilis (strain 168) - Synthetic	-	-	-		7.5	55	-0.31	-	-	Unknown	17188709	protein stability; protein halophilicity; charge-charge interactions; computational modeling; amino acid substitutions	J MOL BIOL 366, 842-856 (2007) PMID: 17188709	Gribenko AV, Makhatadze GI.
17602	Cold shock protein B; synthetic	-	D25K (Based on Paper)	Bacillus subtilis (strain 168) - Synthetic	-	-	-		7.5	55	-0.96	-	-	Unknown	17188709	protein stability; protein halophilicity; charge-charge interactions; computational modeling; amino acid substitutions	J MOL BIOL 366, 842-856 (2007) PMID: 17188709	Gribenko AV, Makhatadze GI.
17603	Cold shock protein B; synthetic	-	D25N (Based on Paper)	Bacillus subtilis (strain 168) - Synthetic	-	-	-		7.5	55	-0.69	-	-	Unknown	17188709	protein stability; protein halophilicity; charge-charge interactions; computational modeling; amino acid substitutions	J MOL BIOL 366, 842-856 (2007) PMID: 17188709	Gribenko AV, Makhatadze GI.
17604	Cold shock protein B; synthetic	-	K39E (Based on Paper)	Bacillus subtilis (strain 168) - Synthetic	-	-	-		7.5	55	0.19	-	-	Unknown	17188709	protein stability; protein halophilicity; charge-charge interactions; computational modeling; amino acid substitutions	J MOL BIOL 366, 842-856 (2007) PMID: 17188709	Gribenko AV, Makhatadze GI.
17605	Cold shock protein B; synthetic	-	K39Q (Based on Paper)	Bacillus subtilis (strain 168) - Synthetic	-	-	-		7.5	55	0.48	-	-	Unknown	17188709	protein stability; protein halophilicity; charge-charge interactions; computational modeling; amino acid substitutions	J MOL BIOL 366, 842-856 (2007) PMID: 17188709	Gribenko AV, Makhatadze GI.
17606	Cold shock protein B; synthetic	-	K42E (Based on Paper)	Bacillus subtilis (strain 168) - Synthetic	-	-	-		7.5	55	-0.22	-	-	Unknown	17188709	protein stability; protein halophilicity; charge-charge interactions; computational modeling; amino acid substitutions	J MOL BIOL 366, 842-856 (2007) PMID: 17188709	Gribenko AV, Makhatadze GI.
17607	Cold shock protein B; synthetic	-	K42Q (Based on Paper)	Bacillus subtilis (strain 168) - Synthetic	-	-	-		7.5	55	0.07	-	-	Unknown	17188709	protein stability; protein halophilicity; charge-charge interactions; computational modeling; amino acid substitutions	J MOL BIOL 366, 842-856 (2007) PMID: 17188709	Gribenko AV, Makhatadze GI.
17608	Cold shock protein B; synthetic	-	E43K (Based on Paper)	Bacillus subtilis (strain 168) - Synthetic	-	-	-		7.5	55	-0.41	-	-	Unknown	17188709	protein stability; protein halophilicity; charge-charge interactions; computational modeling; amino acid substitutions	J MOL BIOL 366, 842-856 (2007) PMID: 17188709	Gribenko AV, Makhatadze GI.
17609	Cold shock protein B; synthetic	-	E43Q (Based on Paper)	Bacillus subtilis (strain 168) - Synthetic	-	-	-		7.5	55	-0.14	-	-	Unknown	17188709	protein stability; protein halophilicity; charge-charge interactions; computational modeling; amino acid substitutions	J MOL BIOL 366, 842-856 (2007) PMID: 17188709	Gribenko AV, Makhatadze GI.
17610	Cold shock protein B; synthetic	-	E48K (Based on Paper)	Bacillus subtilis (strain 168) - Synthetic	-	-	-		7.5	55	-1.39	-	-	Unknown	17188709	protein stability; protein halophilicity; charge-charge interactions; computational modeling; amino acid substitutions	J MOL BIOL 366, 842-856 (2007) PMID: 17188709	Gribenko AV, Makhatadze GI.
17611	Cold shock protein B; synthetic	-	E48K (Based on Paper)	Bacillus subtilis (strain 168) - Synthetic	-	-	-		7.5	55	-1.24	-	-	Unknown	17188709	protein stability; protein halophilicity; charge-charge interactions; computational modeling; amino acid substitutions	J MOL BIOL 366, 842-856 (2007) PMID: 17188709	Gribenko AV, Makhatadze GI.
17612	Cold shock protein B; synthetic	-	E48Q (Based on Paper)	Bacillus subtilis (strain 168) - Synthetic	-	-	-		7.5	55	-0.5	-	-	Unknown	17188709	protein stability; protein halophilicity; charge-charge interactions; computational modeling; amino acid substitutions	J MOL BIOL 366, 842-856 (2007) PMID: 17188709	Gribenko AV, Makhatadze GI.
17613	Cold shock protein B; synthetic	-	E50K (Based on Paper)	Bacillus subtilis (strain 168) - Synthetic	-	-	-		7.5	55	-0.1	-	-	Unknown	17188709	protein stability; protein halophilicity; charge-charge interactions; computational modeling; amino acid substitutions	J MOL BIOL 366, 842-856 (2007) PMID: 17188709	Gribenko AV, Makhatadze GI.
17614	Cold shock protein B; synthetic	-	E50K (Based on Paper)	Bacillus subtilis (strain 168) - Synthetic	-	-	-		7.5	55	0.45	-	-	Unknown	17188709	protein stability; protein halophilicity; charge-charge interactions; computational modeling; amino acid substitutions	J MOL BIOL 366, 842-856 (2007) PMID: 17188709	Gribenko AV, Makhatadze GI.
17615	Cold shock protein B; synthetic	-	E50Q (Based on Paper)	Bacillus subtilis (strain 168) - Synthetic	-	-	-		7.5	55	0.24	-	-	Unknown	17188709	protein stability; protein halophilicity; charge-charge interactions; computational modeling; amino acid substitutions	J MOL BIOL 366, 842-856 (2007) PMID: 17188709	Gribenko AV, Makhatadze GI.
17616	Cold shock protein B; synthetic	-	E53K (Based on Paper)	Bacillus subtilis (strain 168) - Synthetic	-	-	-		7.5	55	0.12	-	-	Unknown	17188709	protein stability; protein halophilicity; charge-charge interactions; computational modeling; amino acid substitutions	J MOL BIOL 366, 842-856 (2007) PMID: 17188709	Gribenko AV, Makhatadze GI.
17617	Cold shock protein B; synthetic	-	E53Q (Based on Paper)	Bacillus subtilis (strain 168) - Synthetic	-	-	-		7.5	55	0.36	-	-	Unknown	17188709	protein stability; protein halophilicity; charge-charge interactions; computational modeling; amino acid substitutions	J MOL BIOL 366, 842-856 (2007) PMID: 17188709	Gribenko AV, Makhatadze GI.
17618	Cold shock protein B; synthetic	-	K55E (Based on Paper)	Bacillus subtilis (strain 168) - Synthetic	-	-	-		7.5	55	0.91	-	-	Unknown	17188709	protein stability; protein halophilicity; charge-charge interactions; computational modeling; amino acid substitutions	J MOL BIOL 366, 842-856 (2007) PMID: 17188709	Gribenko AV, Makhatadze GI.
17619	Cold shock protein B; synthetic	-	K55Q (Based on Paper)	Bacillus subtilis (strain 168) - Synthetic	-	-	-		7.5	55	0.86	-	-	Unknown	17188709	protein stability; protein halophilicity; charge-charge interactions; computational modeling; amino acid substitutions	J MOL BIOL 366, 842-856 (2007) PMID: 17188709	Gribenko AV, Makhatadze GI.
17623	Cold shock protein B; synthetic	-	R3Q (Based on Paper)	Bacillus subtilis (strain 168) - Synthetic	-	-	-		7.5	55	-1	-	-	Unknown	17188709	protein stability; protein halophilicity; charge-charge interactions; computational modeling; amino acid substitutions	J MOL BIOL 366, 842-856 (2007) PMID: 17188709	Gribenko AV, Makhatadze GI.
17624	Cold shock protein B; synthetic	-	K5E (Based on Paper)	Bacillus subtilis (strain 168) - Synthetic	-	-	-		7.5	55	-1.91	-	-	Unknown	17188709	protein stability; protein halophilicity; charge-charge interactions; computational modeling; amino acid substitutions	J MOL BIOL 366, 842-856 (2007) PMID: 17188709	Gribenko AV, Makhatadze GI.
17625	Cold shock protein B; synthetic	-	K5Q (Based on Paper)	Bacillus subtilis (strain 168) - Synthetic	-	-	-		7.5	55	-0.65	-	-	Unknown	17188709	protein stability; protein halophilicity; charge-charge interactions; computational modeling; amino acid substitutions	J MOL BIOL 366, 842-856 (2007) PMID: 17188709	Gribenko AV, Makhatadze GI.
17626	Cold shock protein B; synthetic	-	K5Q (Based on Paper)	Bacillus subtilis (strain 168) - Synthetic	-	-	-		7.5	55	-0.72	-	-	Unknown	17188709	protein stability; protein halophilicity; charge-charge interactions; computational modeling; amino acid substitutions	J MOL BIOL 366, 842-856 (2007) PMID: 17188709	Gribenko AV, Makhatadze GI.
17627	Cold shock protein B; synthetic	-	K7Q (Based on Paper)	Bacillus subtilis (strain 168) - Synthetic	-	-	-		7.5	55	-1.22	-	-	Unknown	17188709	protein stability; protein halophilicity; charge-charge interactions; computational modeling; amino acid substitutions	J MOL BIOL 366, 842-856 (2007) PMID: 17188709	Gribenko AV, Makhatadze GI.
17628	Cold shock protein B; synthetic	-	E12K (Based on Paper)	Bacillus subtilis (strain 168) - Synthetic	-	-	-		7.5	55	0.43	-	-	Unknown	17188709	protein stability; protein halophilicity; charge-charge interactions; computational modeling; amino acid substitutions	J MOL BIOL 366, 842-856 (2007) PMID: 17188709	Gribenko AV, Makhatadze GI.
17629	Cold shock protein B; synthetic	-	K12Q (Based on Paper)	Bacillus subtilis (strain 168) - Synthetic	-	-	-		7.5	55	0.53	-	-	Unknown	17188709	protein stability; protein halophilicity; charge-charge interactions; computational modeling; amino acid substitutions	J MOL BIOL 366, 842-856 (2007) PMID: 17188709	Gribenko AV, Makhatadze GI.
17630	Cold shock protein B; synthetic	-	K13E (Based on Paper)	Bacillus subtilis (strain 168) - Synthetic	-	-	-		7.5	55	-0.31	-	-	Unknown	17188709	protein stability; protein halophilicity; charge-charge interactions; computational modeling; amino acid substitutions	J MOL BIOL 366, 842-856 (2007) PMID: 17188709	Gribenko AV, Makhatadze GI.
17631	Cold shock protein B; synthetic	-	K13Q (Based on Paper)	Bacillus subtilis (strain 168) - Synthetic	-	-	-		7.5	55	0.1	-	-	Unknown	17188709	protein stability; protein halophilicity; charge-charge interactions; computational modeling; amino acid substitutions	J MOL BIOL 366, 842-856 (2007) PMID: 17188709	Gribenko AV, Makhatadze GI.
17632	Cold shock protein B; synthetic	-	K20E (Based on Paper)	Bacillus subtilis (strain 168) - Synthetic	-	-	-		7.5	55	-1.31	-	-	Unknown	17188709	protein stability; protein halophilicity; charge-charge interactions; computational modeling; amino acid substitutions	J MOL BIOL 366, 842-856 (2007) PMID: 17188709	Gribenko AV, Makhatadze GI.
17634	Cold shock protein B; synthetic	-	K20V (Based on Paper)	Bacillus subtilis (strain 168) - Synthetic	-	-	-		7.5	55	2.17	-	-	Unknown	17188709	protein stability; protein halophilicity; charge-charge interactions; computational modeling; amino acid substitutions	J MOL BIOL 366, 842-856 (2007) PMID: 17188709	Gribenko AV, Makhatadze GI.
17635	Cold shock protein B; synthetic	-	K20V (Based on Paper)	Bacillus subtilis (strain 168) - Synthetic	-	-	-		7.5	55	2.22	-	-	Unknown	17188709	protein stability; protein halophilicity; charge-charge interactions; computational modeling; amino acid substitutions	J MOL BIOL 366, 842-856 (2007) PMID: 17188709	Gribenko AV, Makhatadze GI.
17636	Cold shock protein B; synthetic	-	E21K (Based on Paper)	Bacillus subtilis (strain 168) - Synthetic	-	-	-		7.5	55	-0.96	-	-	Unknown	17188709	protein stability; protein halophilicity; charge-charge interactions; computational modeling; amino acid substitutions	J MOL BIOL 366, 842-856 (2007) PMID: 17188709	Gribenko AV, Makhatadze GI.
17637	Cold shock protein B; synthetic	-	E21Q (Based on Paper)	Bacillus subtilis (strain 168) - Synthetic	-	-	-		7.5	55	-0.38	-	-	Unknown	17188709	protein stability; protein halophilicity; charge-charge interactions; computational modeling; amino acid substitutions	J MOL BIOL 366, 842-856 (2007) PMID: 17188709	Gribenko AV, Makhatadze GI.
17638	Cold shock protein B; synthetic	-	D24K (Based on Paper)	Bacillus subtilis (strain 168) - Synthetic	-	-	-		7.5	55	-0.33	-	-	Unknown	17188709	protein stability; protein halophilicity; charge-charge interactions; computational modeling; amino acid substitutions	J MOL BIOL 366, 842-856 (2007) PMID: 17188709	Gribenko AV, Makhatadze GI.
17639	Cold shock protein B; synthetic	-	D24N (Based on Paper)	Bacillus subtilis (strain 168) - Synthetic	-	-	-		7.5	55	-0.26	-	-	Unknown	17188709	protein stability; protein halophilicity; charge-charge interactions; computational modeling; amino acid substitutions	J MOL BIOL 366, 842-856 (2007) PMID: 17188709	Gribenko AV, Makhatadze GI.
17640	Cold shock protein B; synthetic	-	D25K (Based on Paper)	Bacillus subtilis (strain 168) - Synthetic	-	-	-		7.5	55	-0.91	-	-	Unknown	17188709	protein stability; protein halophilicity; charge-charge interactions; computational modeling; amino acid substitutions	J MOL BIOL 366, 842-856 (2007) PMID: 17188709	Gribenko AV, Makhatadze GI.
17641	Cold shock protein B; synthetic	-	D25N (Based on Paper)	Bacillus subtilis (strain 168) - Synthetic	-	-	-		7.5	55	-0.72	-	-	Unknown	17188709	protein stability; protein halophilicity; charge-charge interactions; computational modeling; amino acid substitutions	J MOL BIOL 366, 842-856 (2007) PMID: 17188709	Gribenko AV, Makhatadze GI.
17642	Cold shock protein B; synthetic	-	K39E (Based on Paper)	Bacillus subtilis (strain 168) - Synthetic	-	-	-		7.5	55	0.19	-	-	Unknown	17188709	protein stability; protein halophilicity; charge-charge interactions; computational modeling; amino acid substitutions	J MOL BIOL 366, 842-856 (2007) PMID: 17188709	Gribenko AV, Makhatadze GI.
17643	Cold shock protein B; synthetic	-	K39Q (Based on Paper)	Bacillus subtilis (strain 168) - Synthetic	-	-	-		7.5	55	0.43	-	-	Unknown	17188709	protein stability; protein halophilicity; charge-charge interactions; computational modeling; amino acid substitutions	J MOL BIOL 366, 842-856 (2007) PMID: 17188709	Gribenko AV, Makhatadze GI.
17644	Cold shock protein B; synthetic	-	K42E (Based on Paper)	Bacillus subtilis (strain 168) - Synthetic	-	-	-		7.5	55	-0.22	-	-	Unknown	17188709	protein stability; protein halophilicity; charge-charge interactions; computational modeling; amino acid substitutions	J MOL BIOL 366, 842-856 (2007) PMID: 17188709	Gribenko AV, Makhatadze GI.
17645	Cold shock protein B; synthetic	-	K42Q (Based on Paper)	Bacillus subtilis (strain 168) - Synthetic	-	-	-		7.5	55	0.07	-	-	Unknown	17188709	protein stability; protein halophilicity; charge-charge interactions; computational modeling; amino acid substitutions	J MOL BIOL 366, 842-856 (2007) PMID: 17188709	Gribenko AV, Makhatadze GI.
17646	Cold shock protein B; synthetic	-	E43K (Based on Paper)	Bacillus subtilis (strain 168) - Synthetic	-	-	-		7.5	55	-0.22	-	-	Unknown	17188709	protein stability; protein halophilicity; charge-charge interactions; computational modeling; amino acid substitutions	J MOL BIOL 366, 842-856 (2007) PMID: 17188709	Gribenko AV, Makhatadze GI.
17647	Cold shock protein B; synthetic	-	E43Q (Based on Paper)	Bacillus subtilis (strain 168) - Synthetic	-	-	-		7.5	55	-0.14	-	-	Unknown	17188709	protein stability; protein halophilicity; charge-charge interactions; computational modeling; amino acid substitutions	J MOL BIOL 366, 842-856 (2007) PMID: 17188709	Gribenko AV, Makhatadze GI.
17648	Cold shock protein B; synthetic	-	E48K (Based on Paper)	Bacillus subtilis (strain 168) - Synthetic	-	-	-		7.5	55	-1.34	-	-	Unknown	17188709	protein stability; protein halophilicity; charge-charge interactions; computational modeling; amino acid substitutions	J MOL BIOL 366, 842-856 (2007) PMID: 17188709	Gribenko AV, Makhatadze GI.
17649	Cold shock protein B; synthetic	-	E48Q (Based on Paper)	Bacillus subtilis (strain 168) - Synthetic	-	-	-		7.5	55	-0.45	-	-	Unknown	17188709	protein stability; protein halophilicity; charge-charge interactions; computational modeling; amino acid substitutions	J MOL BIOL 366, 842-856 (2007) PMID: 17188709	Gribenko AV, Makhatadze GI.
17650	Cold shock protein B; synthetic	-	E50K (Based on Paper)	Bacillus subtilis (strain 168) - Synthetic	-	-	-		7.5	55	-0.19	-	-	Unknown	17188709	protein stability; protein halophilicity; charge-charge interactions; computational modeling; amino acid substitutions	J MOL BIOL 366, 842-856 (2007) PMID: 17188709	Gribenko AV, Makhatadze GI.
17651	Cold shock protein B; synthetic	-	E50K (Based on Paper)	Bacillus subtilis (strain 168) - Synthetic	-	-	-		7.5	55	0.38	-	-	Unknown	17188709	protein stability; protein halophilicity; charge-charge interactions; computational modeling; amino acid substitutions	J MOL BIOL 366, 842-856 (2007) PMID: 17188709	Gribenko AV, Makhatadze GI.
17652	Cold shock protein B; synthetic	-	E50Q (Based on Paper)	Bacillus subtilis (strain 168) - Synthetic	-	-	-		7.5	55	0.24	-	-	Unknown	17188709	protein stability; protein halophilicity; charge-charge interactions; computational modeling; amino acid substitutions	J MOL BIOL 366, 842-856 (2007) PMID: 17188709	Gribenko AV, Makhatadze GI.
17653	Cold shock protein B; synthetic	-	E53K (Based on Paper)	Bacillus subtilis (strain 168) - Synthetic	-	-	-		7.5	55	0.07	-	-	Unknown	17188709	protein stability; protein halophilicity; charge-charge interactions; computational modeling; amino acid substitutions	J MOL BIOL 366, 842-856 (2007) PMID: 17188709	Gribenko AV, Makhatadze GI.
17654	Cold shock protein B; synthetic	-	E53Q (Based on Paper)	Bacillus subtilis (strain 168) - Synthetic	-	-	-		7.5	55	0.31	-	-	Unknown	17188709	protein stability; protein halophilicity; charge-charge interactions; computational modeling; amino acid substitutions	J MOL BIOL 366, 842-856 (2007) PMID: 17188709	Gribenko AV, Makhatadze GI.
17655	Cold shock protein B; synthetic	-	K55E (Based on Paper)	Bacillus subtilis (strain 168) - Synthetic	-	-	-		7.5	55	0.81	-	-	Unknown	17188709	protein stability; protein halophilicity; charge-charge interactions; computational modeling; amino acid substitutions	J MOL BIOL 366, 842-856 (2007) PMID: 17188709	Gribenko AV, Makhatadze GI.
17656	Cold shock protein B; synthetic	-	K55Q (Based on Paper)	Bacillus subtilis (strain 168) - Synthetic	-	-	-		7.5	55	0.79	-	-	Unknown	17188709	protein stability; protein halophilicity; charge-charge interactions; computational modeling; amino acid substitutions	J MOL BIOL 366, 842-856 (2007) PMID: 17188709	Gribenko AV, Makhatadze GI.
17660	Cold shock protein B; synthetic	-	R3Q (Based on Paper)	Bacillus subtilis (strain 168) - Synthetic	-	-	-		7.5	55	-1.03	-	-	Unknown	17188709	protein stability; protein halophilicity; charge-charge interactions; computational modeling; amino acid substitutions	J MOL BIOL 366, 842-856 (2007) PMID: 17188709	Gribenko AV, Makhatadze GI.
17661	Cold shock protein B; synthetic	-	K5E (Based on Paper)	Bacillus subtilis (strain 168) - Synthetic	-	-	-		7.5	55	-1.72	-	-	Unknown	17188709	protein stability; protein halophilicity; charge-charge interactions; computational modeling; amino acid substitutions	J MOL BIOL 366, 842-856 (2007) PMID: 17188709	Gribenko AV, Makhatadze GI.
17662	Cold shock protein B; synthetic	-	K5Q (Based on Paper)	Bacillus subtilis (strain 168) - Synthetic	-	-	-		7.5	55	-0.65	-	-	Unknown	17188709	protein stability; protein halophilicity; charge-charge interactions; computational modeling; amino acid substitutions	J MOL BIOL 366, 842-856 (2007) PMID: 17188709	Gribenko AV, Makhatadze GI.
17663	Cold shock protein B; synthetic	-	K5Q (Based on Paper)	Bacillus subtilis (strain 168) - Synthetic	-	-	-		7.5	55	-0.48	-	-	Unknown	17188709	protein stability; protein halophilicity; charge-charge interactions; computational modeling; amino acid substitutions	J MOL BIOL 366, 842-856 (2007) PMID: 17188709	Gribenko AV, Makhatadze GI.
17664	Cold shock protein B; synthetic	-	K7Q (Based on Paper)	Bacillus subtilis (strain 168) - Synthetic	-	-	-		7.5	55	-1.29	-	-	Unknown	17188709	protein stability; protein halophilicity; charge-charge interactions; computational modeling; amino acid substitutions	J MOL BIOL 366, 842-856 (2007) PMID: 17188709	Gribenko AV, Makhatadze GI.
17665	Cold shock protein B; synthetic	-	K12E (Based on Paper)	Bacillus subtilis (strain 168) - Synthetic	-	-	-		7.5	55	0.29	-	-	Unknown	17188709	protein stability; protein halophilicity; charge-charge interactions; computational modeling; amino acid substitutions	J MOL BIOL 366, 842-856 (2007) PMID: 17188709	Gribenko AV, Makhatadze GI.
17666	Cold shock protein B; synthetic	-	K12Q (Based on Paper)	Bacillus subtilis (strain 168) - Synthetic	-	-	-		7.5	55	0.43	-	-	Unknown	17188709	protein stability; protein halophilicity; charge-charge interactions; computational modeling; amino acid substitutions	J MOL BIOL 366, 842-856 (2007) PMID: 17188709	Gribenko AV, Makhatadze GI.
17667	Cold shock protein B; synthetic	-	K13E (Based on Paper)	Bacillus subtilis (strain 168) - Synthetic	-	-	-		7.5	55	-0.45	-	-	Unknown	17188709	protein stability; protein halophilicity; charge-charge interactions; computational modeling; amino acid substitutions	J MOL BIOL 366, 842-856 (2007) PMID: 17188709	Gribenko AV, Makhatadze GI.
17668	Cold shock protein B; synthetic	-	K13Q (Based on Paper)	Bacillus subtilis (strain 168) - Synthetic	-	-	-		7.5	55	-0.07	-	-	Unknown	17188709	protein stability; protein halophilicity; charge-charge interactions; computational modeling; amino acid substitutions	J MOL BIOL 366, 842-856 (2007) PMID: 17188709	Gribenko AV, Makhatadze GI.
17669	Cold shock protein B; synthetic	-	K20E (Based on Paper)	Bacillus subtilis (strain 168) - Synthetic	-	-	-		7.5	55	-1.34	-	-	Unknown	17188709	protein stability; protein halophilicity; charge-charge interactions; computational modeling; amino acid substitutions	J MOL BIOL 366, 842-856 (2007) PMID: 17188709	Gribenko AV, Makhatadze GI.
17670	Cold shock protein B; synthetic	-	K20Q (Based on Paper)	Bacillus subtilis (strain 168) - Synthetic	-	-	-		7.5	55	-0.05	-	-	Unknown	17188709	protein stability; protein halophilicity; charge-charge interactions; computational modeling; amino acid substitutions	J MOL BIOL 366, 842-856 (2007) PMID: 17188709	Gribenko AV, Makhatadze GI.
17671	Cold shock protein B; synthetic	-	K20V (Based on Paper)	Bacillus subtilis (strain 168) - Synthetic	-	-	-		7.5	55	2.06	-	-	Unknown	17188709	protein stability; protein halophilicity; charge-charge interactions; computational modeling; amino acid substitutions	J MOL BIOL 366, 842-856 (2007) PMID: 17188709	Gribenko AV, Makhatadze GI.
17672	Cold shock protein B; synthetic	-	K20V (Based on Paper)	Bacillus subtilis (strain 168) - Synthetic	-	-	-		7.5	55	2.22	-	-	Unknown	17188709	protein stability; protein halophilicity; charge-charge interactions; computational modeling; amino acid substitutions	J MOL BIOL 366, 842-856 (2007) PMID: 17188709	Gribenko AV, Makhatadze GI.
17673	Cold shock protein B; synthetic	-	E21K (Based on Paper)	Bacillus subtilis (strain 168) - Synthetic	-	-	-		7.5	55	-0.98	-	-	Unknown	17188709	protein stability; protein halophilicity; charge-charge interactions; computational modeling; amino acid substitutions	J MOL BIOL 366, 842-856 (2007) PMID: 17188709	Gribenko AV, Makhatadze GI.
17674	Cold shock protein B; synthetic	-	E21Q (Based on Paper)	Bacillus subtilis (strain 168) - Synthetic	-	-	-		7.5	55	-0.45	-	-	Unknown	17188709	protein stability; protein halophilicity; charge-charge interactions; computational modeling; amino acid substitutions	J MOL BIOL 366, 842-856 (2007) PMID: 17188709	Gribenko AV, Makhatadze GI.
17675	Cold shock protein B; synthetic	-	D24K (Based on Paper)	Bacillus subtilis (strain 168) - Synthetic	-	-	-		7.5	55	-0.41	-	-	Unknown	17188709	protein stability; protein halophilicity; charge-charge interactions; computational modeling; amino acid substitutions	J MOL BIOL 366, 842-856 (2007) PMID: 17188709	Gribenko AV, Makhatadze GI.
17676	Cold shock protein B; synthetic	-	D24N (Based on Paper)	Bacillus subtilis (strain 168) - Synthetic	-	-	-		7.5	55	-0.41	-	-	Unknown	17188709	protein stability; protein halophilicity; charge-charge interactions; computational modeling; amino acid substitutions	J MOL BIOL 366, 842-856 (2007) PMID: 17188709	Gribenko AV, Makhatadze GI.
17677	Cold shock protein B; synthetic	-	D25K (Based on Paper)	Bacillus subtilis (strain 168) - Synthetic	-	-	-		7.5	55	-0.91	-	-	Unknown	17188709	protein stability; protein halophilicity; charge-charge interactions; computational modeling; amino acid substitutions	J MOL BIOL 366, 842-856 (2007) PMID: 17188709	Gribenko AV, Makhatadze GI.
17678	Cold shock protein B; synthetic	-	D25N (Based on Paper)	Bacillus subtilis (strain 168) - Synthetic	-	-	-		7.5	55	-0.76	-	-	Unknown	17188709	protein stability; protein halophilicity; charge-charge interactions; computational modeling; amino acid substitutions	J MOL BIOL 366, 842-856 (2007) PMID: 17188709	Gribenko AV, Makhatadze GI.
17679	Cold shock protein B; synthetic	-	K39E (Based on Paper)	Bacillus subtilis (strain 168) - Synthetic	-	-	-		7.5	55	0.1	-	-	Unknown	17188709	protein stability; protein halophilicity; charge-charge interactions; computational modeling; amino acid substitutions	J MOL BIOL 366, 842-856 (2007) PMID: 17188709	Gribenko AV, Makhatadze GI.
17680	Cold shock protein B; synthetic	-	K39Q (Based on Paper)	Bacillus subtilis (strain 168) - Synthetic	-	-	-		7.5	55	0.26	-	-	Unknown	17188709	protein stability; protein halophilicity; charge-charge interactions; computational modeling; amino acid substitutions	J MOL BIOL 366, 842-856 (2007) PMID: 17188709	Gribenko AV, Makhatadze GI.
17681	Cold shock protein B; synthetic	-	K42E (Based on Paper)	Bacillus subtilis (strain 168) - Synthetic	-	-	-		7.5	55	-0.33	-	-	Unknown	17188709	protein stability; protein halophilicity; charge-charge interactions; computational modeling; amino acid substitutions	J MOL BIOL 366, 842-856 (2007) PMID: 17188709	Gribenko AV, Makhatadze GI.
17682	Cold shock protein B; synthetic	-	K42Q (Based on Paper)	Bacillus subtilis (strain 168) - Synthetic	-	-	-		7.5	55	-0.02	-	-	Unknown	17188709	protein stability; protein halophilicity; charge-charge interactions; computational modeling; amino acid substitutions	J MOL BIOL 366, 842-856 (2007) PMID: 17188709	Gribenko AV, Makhatadze GI.
17683	Cold shock protein B; synthetic	-	E43K (Based on Paper)	Bacillus subtilis (strain 168) - Synthetic	-	-	-		7.5	55	-0.24	-	-	Unknown	17188709	protein stability; protein halophilicity; charge-charge interactions; computational modeling; amino acid substitutions	J MOL BIOL 366, 842-856 (2007) PMID: 17188709	Gribenko AV, Makhatadze GI.
17684	Cold shock protein B; synthetic	-	E43Q (Based on Paper)	Bacillus subtilis (strain 168) - Synthetic	-	-	-		7.5	55	-0.19	-	-	Unknown	17188709	protein stability; protein halophilicity; charge-charge interactions; computational modeling; amino acid substitutions	J MOL BIOL 366, 842-856 (2007) PMID: 17188709	Gribenko AV, Makhatadze GI.
17685	Cold shock protein B; synthetic	-	E48K (Based on Paper)	Bacillus subtilis (strain 168) - Synthetic	-	-	-		7.5	55	-1.39	-	-	Unknown	17188709	protein stability; protein halophilicity; charge-charge interactions; computational modeling; amino acid substitutions	J MOL BIOL 366, 842-856 (2007) PMID: 17188709	Gribenko AV, Makhatadze GI.
17686	Cold shock protein B; synthetic	-	E48Q (Based on Paper)	Bacillus subtilis (strain 168) - Synthetic	-	-	-		7.5	55	-0.5	-	-	Unknown	17188709	protein stability; protein halophilicity; charge-charge interactions; computational modeling; amino acid substitutions	J MOL BIOL 366, 842-856 (2007) PMID: 17188709	Gribenko AV, Makhatadze GI.
17687	Cold shock protein B; synthetic	-	E50K (Based on Paper)	Bacillus subtilis (strain 168) - Synthetic	-	-	-		7.5	55	-0.26	-	-	Unknown	17188709	protein stability; protein halophilicity; charge-charge interactions; computational modeling; amino acid substitutions	J MOL BIOL 366, 842-856 (2007) PMID: 17188709	Gribenko AV, Makhatadze GI.
17688	Cold shock protein B; synthetic	-	E50K (Based on Paper)	Bacillus subtilis (strain 168) - Synthetic	-	-	-		7.5	55	0.33	-	-	Unknown	17188709	protein stability; protein halophilicity; charge-charge interactions; computational modeling; amino acid substitutions	J MOL BIOL 366, 842-856 (2007) PMID: 17188709	Gribenko AV, Makhatadze GI.
17689	Cold shock protein B; synthetic	-	E50Q (Based on Paper)	Bacillus subtilis (strain 168) - Synthetic	-	-	-		7.5	55	0.17	-	-	Unknown	17188709	protein stability; protein halophilicity; charge-charge interactions; computational modeling; amino acid substitutions	J MOL BIOL 366, 842-856 (2007) PMID: 17188709	Gribenko AV, Makhatadze GI.
17690	Cold shock protein B; synthetic	-	E53K (Based on Paper)	Bacillus subtilis (strain 168) - Synthetic	-	-	-		7.5	55	0.02	-	-	Unknown	17188709	protein stability; protein halophilicity; charge-charge interactions; computational modeling; amino acid substitutions	J MOL BIOL 366, 842-856 (2007) PMID: 17188709	Gribenko AV, Makhatadze GI.
17691	Cold shock protein B; synthetic	-	E53Q (Based on Paper)	Bacillus subtilis (strain 168) - Synthetic	-	-	-		7.5	55	0.19	-	-	Unknown	17188709	protein stability; protein halophilicity; charge-charge interactions; computational modeling; amino acid substitutions	J MOL BIOL 366, 842-856 (2007) PMID: 17188709	Gribenko AV, Makhatadze GI.
17692	Cold shock protein B; synthetic	-	K55E (Based on Paper)	Bacillus subtilis (strain 168) - Synthetic	-	-	-		7.5	55	0.6	-	-	Unknown	17188709	protein stability; protein halophilicity; charge-charge interactions; computational modeling; amino acid substitutions	J MOL BIOL 366, 842-856 (2007) PMID: 17188709	Gribenko AV, Makhatadze GI.
17693	Cold shock protein B; synthetic	-	K55Q (Based on Paper)	Bacillus subtilis (strain 168) - Synthetic	-	-	-		7.5	55	0.57	-	-	Unknown	17188709	protein stability; protein halophilicity; charge-charge interactions; computational modeling; amino acid substitutions	J MOL BIOL 366, 842-856 (2007) PMID: 17188709	Gribenko AV, Makhatadze GI.
17697	Cold shock protein B; synthetic	-	R3Q (Based on Paper)	Bacillus subtilis (strain 168) - Synthetic	-	-	-		7.5	55	-0.86	-	-	Unknown	17188709	protein stability; protein halophilicity; charge-charge interactions; computational modeling; amino acid substitutions	J MOL BIOL 366, 842-856 (2007) PMID: 17188709	Gribenko AV, Makhatadze GI.
17698	Cold shock protein B; synthetic	-	K5E (Based on Paper)	Bacillus subtilis (strain 168) - Synthetic	-	-	-		7.5	55	-1.53	-	-	Unknown	17188709	protein stability; protein halophilicity; charge-charge interactions; computational modeling; amino acid substitutions	J MOL BIOL 366, 842-856 (2007) PMID: 17188709	Gribenko AV, Makhatadze GI.
17699	Cold shock protein B; synthetic	-	K5Q (Based on Paper)	Bacillus subtilis (strain 168) - Synthetic	-	-	-		7.5	55	-0.57	-	-	Unknown	17188709	protein stability; protein halophilicity; charge-charge interactions; computational modeling; amino acid substitutions	J MOL BIOL 366, 842-856 (2007) PMID: 17188709	Gribenko AV, Makhatadze GI.
17700	Cold shock protein B; synthetic	-	K5Q (Based on Paper)	Bacillus subtilis (strain 168) - Synthetic	-	-	-		7.5	55	-0.62	-	-	Unknown	17188709	protein stability; protein halophilicity; charge-charge interactions; computational modeling; amino acid substitutions	J MOL BIOL 366, 842-856 (2007) PMID: 17188709	Gribenko AV, Makhatadze GI.
17701	Cold shock protein B; synthetic	-	K7Q (Based on Paper)	Bacillus subtilis (strain 168) - Synthetic	-	-	-		7.5	55	-1.15	-	-	Unknown	17188709	protein stability; protein halophilicity; charge-charge interactions; computational modeling; amino acid substitutions	J MOL BIOL 366, 842-856 (2007) PMID: 17188709	Gribenko AV, Makhatadze GI.
17702	Cold shock protein B; synthetic	-	K12E (Based on Paper)	Bacillus subtilis (strain 168) - Synthetic	-	-	-		7.5	55	0.29	-	-	Unknown	17188709	protein stability; protein halophilicity; charge-charge interactions; computational modeling; amino acid substitutions	J MOL BIOL 366, 842-856 (2007) PMID: 17188709	Gribenko AV, Makhatadze GI.
17703	Cold shock protein B; synthetic	-	K12Q (Based on Paper)	Bacillus subtilis (strain 168) - Synthetic	-	-	-		7.5	55	0.5	-	-	Unknown	17188709	protein stability; protein halophilicity; charge-charge interactions; computational modeling; amino acid substitutions	J MOL BIOL 366, 842-856 (2007) PMID: 17188709	Gribenko AV, Makhatadze GI.
17704	Cold shock protein B; synthetic	-	K13E (Based on Paper)	Bacillus subtilis (strain 168) - Synthetic	-	-	-		7.5	55	-0.43	-	-	Unknown	17188709	protein stability; protein halophilicity; charge-charge interactions; computational modeling; amino acid substitutions	J MOL BIOL 366, 842-856 (2007) PMID: 17188709	Gribenko AV, Makhatadze GI.
17705	Cold shock protein B; synthetic	-	K13Q (Based on Paper)	Bacillus subtilis (strain 168) - Synthetic	-	-	-		7.5	55	-0.07	-	-	Unknown	17188709	protein stability; protein halophilicity; charge-charge interactions; computational modeling; amino acid substitutions	J MOL BIOL 366, 842-856 (2007) PMID: 17188709	Gribenko AV, Makhatadze GI.
17706	Cold shock protein B; synthetic	-	K20E (Based on Paper)	Bacillus subtilis (strain 168) - Synthetic	-	-	-		7.5	55	-1.2	-	-	Unknown	17188709	protein stability; protein halophilicity; charge-charge interactions; computational modeling; amino acid substitutions	J MOL BIOL 366, 842-856 (2007) PMID: 17188709	Gribenko AV, Makhatadze GI.
17707	Cold shock protein B; synthetic	-	K20Q (Based on Paper)	Bacillus subtilis (strain 168) - Synthetic	-	-	-		7.5	55	0.05	-	-	Unknown	17188709	protein stability; protein halophilicity; charge-charge interactions; computational modeling; amino acid substitutions	J MOL BIOL 366, 842-856 (2007) PMID: 17188709	Gribenko AV, Makhatadze GI.
17708	Cold shock protein B; synthetic	-	K20V (Based on Paper)	Bacillus subtilis (strain 168) - Synthetic	-	-	-		7.5	55	2.08	-	-	Unknown	17188709	protein stability; protein halophilicity; charge-charge interactions; computational modeling; amino acid substitutions	J MOL BIOL 366, 842-856 (2007) PMID: 17188709	Gribenko AV, Makhatadze GI.
17709	Cold shock protein B; synthetic	-	K20V (Based on Paper)	Bacillus subtilis (strain 168) - Synthetic	-	-	-		7.5	55	2.17	-	-	Unknown	17188709	protein stability; protein halophilicity; charge-charge interactions; computational modeling; amino acid substitutions	J MOL BIOL 366, 842-856 (2007) PMID: 17188709	Gribenko AV, Makhatadze GI.
17710	Cold shock protein B; synthetic	-	E21K (Based on Paper)	Bacillus subtilis (strain 168) - Synthetic	-	-	-		7.5	55	-0.81	-	-	Unknown	17188709	protein stability; protein halophilicity; charge-charge interactions; computational modeling; amino acid substitutions	J MOL BIOL 366, 842-856 (2007) PMID: 17188709	Gribenko AV, Makhatadze GI.
17711	Cold shock protein B; synthetic	-	E21Q (Based on Paper)	Bacillus subtilis (strain 168) - Synthetic	-	-	-		7.5	55	-0.45	-	-	Unknown	17188709	protein stability; protein halophilicity; charge-charge interactions; computational modeling; amino acid substitutions	J MOL BIOL 366, 842-856 (2007) PMID: 17188709	Gribenko AV, Makhatadze GI.
17712	Cold shock protein B; synthetic	-	D24K (Based on Paper)	Bacillus subtilis (strain 168) - Synthetic	-	-	-		7.5	55	-0.33	-	-	Unknown	17188709	protein stability; protein halophilicity; charge-charge interactions; computational modeling; amino acid substitutions	J MOL BIOL 366, 842-856 (2007) PMID: 17188709	Gribenko AV, Makhatadze GI.
17713	Cold shock protein B; synthetic	-	D24N (Based on Paper)	Bacillus subtilis (strain 168) - Synthetic	-	-	-		7.5	55	-0.36	-	-	Unknown	17188709	protein stability; protein halophilicity; charge-charge interactions; computational modeling; amino acid substitutions	J MOL BIOL 366, 842-856 (2007) PMID: 17188709	Gribenko AV, Makhatadze GI.
17714	Cold shock protein B; synthetic	-	D25K (Based on Paper)	Bacillus subtilis (strain 168) - Synthetic	-	-	-		7.5	55	-0.84	-	-	Unknown	17188709	protein stability; protein halophilicity; charge-charge interactions; computational modeling; amino acid substitutions	J MOL BIOL 366, 842-856 (2007) PMID: 17188709	Gribenko AV, Makhatadze GI.
17715	Cold shock protein B; synthetic	-	D25N (Based on Paper)	Bacillus subtilis (strain 168) - Synthetic	-	-	-		7.5	55	-0.74	-	-	Unknown	17188709	protein stability; protein halophilicity; charge-charge interactions; computational modeling; amino acid substitutions	J MOL BIOL 366, 842-856 (2007) PMID: 17188709	Gribenko AV, Makhatadze GI.
17716	Cold shock protein B; synthetic	-	K39E (Based on Paper)	Bacillus subtilis (strain 168) - Synthetic	-	-	-		7.5	55	0.07	-	-	Unknown	17188709	protein stability; protein halophilicity; charge-charge interactions; computational modeling; amino acid substitutions	J MOL BIOL 366, 842-856 (2007) PMID: 17188709	Gribenko AV, Makhatadze GI.
17717	Cold shock protein B; synthetic	-	K39Q (Based on Paper)	Bacillus subtilis (strain 168) - Synthetic	-	-	-		7.5	55	0.24	-	-	Unknown	17188709	protein stability; protein halophilicity; charge-charge interactions; computational modeling; amino acid substitutions	J MOL BIOL 366, 842-856 (2007) PMID: 17188709	Gribenko AV, Makhatadze GI.
17718	Cold shock protein B; synthetic	-	K42E (Based on Paper)	Bacillus subtilis (strain 168) - Synthetic	-	-	-		7.5	55	-0.24	-	-	Unknown	17188709	protein stability; protein halophilicity; charge-charge interactions; computational modeling; amino acid substitutions	J MOL BIOL 366, 842-856 (2007) PMID: 17188709	Gribenko AV, Makhatadze GI.
17720	Cold shock protein B; synthetic	-	E43K (Based on Paper)	Bacillus subtilis (strain 168) - Synthetic	-	-	-		7.5	55	-0.05	-	-	Unknown	17188709	protein stability; protein halophilicity; charge-charge interactions; computational modeling; amino acid substitutions	J MOL BIOL 366, 842-856 (2007) PMID: 17188709	Gribenko AV, Makhatadze GI.
17721	Cold shock protein B; synthetic	-	E43Q (Based on Paper)	Bacillus subtilis (strain 168) - Synthetic	-	-	-		7.5	55	-0.14	-	-	Unknown	17188709	protein stability; protein halophilicity; charge-charge interactions; computational modeling; amino acid substitutions	J MOL BIOL 366, 842-856 (2007) PMID: 17188709	Gribenko AV, Makhatadze GI.
17722	Cold shock protein B; synthetic	-	E48K (Based on Paper)	Bacillus subtilis (strain 168) - Synthetic	-	-	-		7.5	55	-1.29	-	-	Unknown	17188709	protein stability; protein halophilicity; charge-charge interactions; computational modeling; amino acid substitutions	J MOL BIOL 366, 842-856 (2007) PMID: 17188709	Gribenko AV, Makhatadze GI.
17723	Cold shock protein B; synthetic	-	E48Q (Based on Paper)	Bacillus subtilis (strain 168) - Synthetic	-	-	-		7.5	55	-0.45	-	-	Unknown	17188709	protein stability; protein halophilicity; charge-charge interactions; computational modeling; amino acid substitutions	J MOL BIOL 366, 842-856 (2007) PMID: 17188709	Gribenko AV, Makhatadze GI.
17724	Cold shock protein B; synthetic	-	E50K (Based on Paper)	Bacillus subtilis (strain 168) - Synthetic	-	-	-		7.5	55	-0.24	-	-	Unknown	17188709	protein stability; protein halophilicity; charge-charge interactions; computational modeling; amino acid substitutions	J MOL BIOL 366, 842-856 (2007) PMID: 17188709	Gribenko AV, Makhatadze GI.
17725	Cold shock protein B; synthetic	-	E50K (Based on Paper)	Bacillus subtilis (strain 168) - Synthetic	-	-	-		7.5	55	0.22	-	-	Unknown	17188709	protein stability; protein halophilicity; charge-charge interactions; computational modeling; amino acid substitutions	J MOL BIOL 366, 842-856 (2007) PMID: 17188709	Gribenko AV, Makhatadze GI.
17726	Cold shock protein B; synthetic	-	E50Q (Based on Paper)	Bacillus subtilis (strain 168) - Synthetic	-	-	-		7.5	55	0.17	-	-	Unknown	17188709	protein stability; protein halophilicity; charge-charge interactions; computational modeling; amino acid substitutions	J MOL BIOL 366, 842-856 (2007) PMID: 17188709	Gribenko AV, Makhatadze GI.
17727	Cold shock protein B; synthetic	-	E53K (Based on Paper)	Bacillus subtilis (strain 168) - Synthetic	-	-	-		7.5	55	0.12	-	-	Unknown	17188709	protein stability; protein halophilicity; charge-charge interactions; computational modeling; amino acid substitutions	J MOL BIOL 366, 842-856 (2007) PMID: 17188709	Gribenko AV, Makhatadze GI.
17728	Cold shock protein B; synthetic	-	E53Q (Based on Paper)	Bacillus subtilis (strain 168) - Synthetic	-	-	-		7.5	55	0.22	-	-	Unknown	17188709	protein stability; protein halophilicity; charge-charge interactions; computational modeling; amino acid substitutions	J MOL BIOL 366, 842-856 (2007) PMID: 17188709	Gribenko AV, Makhatadze GI.
17729	Cold shock protein B; synthetic	-	K55E (Based on Paper)	Bacillus subtilis (strain 168) - Synthetic	-	-	-		7.5	55	0.57	-	-	Unknown	17188709	protein stability; protein halophilicity; charge-charge interactions; computational modeling; amino acid substitutions	J MOL BIOL 366, 842-856 (2007) PMID: 17188709	Gribenko AV, Makhatadze GI.
17730	Cold shock protein B; synthetic	-	K55Q (Based on Paper)	Bacillus subtilis (strain 168) - Synthetic	-	-	-		7.5	55	0.5	-	-	Unknown	17188709	protein stability; protein halophilicity; charge-charge interactions; computational modeling; amino acid substitutions	J MOL BIOL 366, 842-856 (2007) PMID: 17188709	Gribenko AV, Makhatadze GI.
17734	Cold shock protein B; synthetic	-	R3Q (Based on Paper)	Bacillus subtilis (strain 168) - Synthetic	-	-	-		7.5	55	-0.62	-	-	Unknown	17188709	protein stability; protein halophilicity; charge-charge interactions; computational modeling; amino acid substitutions	J MOL BIOL 366, 842-856 (2007) PMID: 17188709	Gribenko AV, Makhatadze GI.
17735	Cold shock protein B; synthetic	-	K5E (Based on Paper)	Bacillus subtilis (strain 168) - Synthetic	-	-	-		7.5	55	-1.08	-	-	Unknown	17188709	protein stability; protein halophilicity; charge-charge interactions; computational modeling; amino acid substitutions	J MOL BIOL 366, 842-856 (2007) PMID: 17188709	Gribenko AV, Makhatadze GI.
17736	Cold shock protein B; synthetic	-	K5E (Based on Paper)	Bacillus subtilis (strain 168) - Synthetic	-	-	-		7.5	55	-0.84	-	-	Unknown	17188709	protein stability; protein halophilicity; charge-charge interactions; computational modeling; amino acid substitutions	J MOL BIOL 366, 842-856 (2007) PMID: 17188709	Gribenko AV, Makhatadze GI.
17737	Cold shock protein B; synthetic	-	K5Q (Based on Paper)	Bacillus subtilis (strain 168) - Synthetic	-	-	-		7.5	55	-0.43	-	-	Unknown	17188709	protein stability; protein halophilicity; charge-charge interactions; computational modeling; amino acid substitutions	J MOL BIOL 366, 842-856 (2007) PMID: 17188709	Gribenko AV, Makhatadze GI.
17738	Cold shock protein B; synthetic	-	K5Q (Based on Paper)	Bacillus subtilis (strain 168) - Synthetic	-	-	-		7.5	55	-0.29	-	-	Unknown	17188709	protein stability; protein halophilicity; charge-charge interactions; computational modeling; amino acid substitutions	J MOL BIOL 366, 842-856 (2007) PMID: 17188709	Gribenko AV, Makhatadze GI.
17739	Cold shock protein B; synthetic	-	K7E (Based on Paper)	Bacillus subtilis (strain 168) - Synthetic	-	-	-		7.5	55	-1.67	-	-	Unknown	17188709	protein stability; protein halophilicity; charge-charge interactions; computational modeling; amino acid substitutions	J MOL BIOL 366, 842-856 (2007) PMID: 17188709	Gribenko AV, Makhatadze GI.
17740	Cold shock protein B; synthetic	-	K7Q (Based on Paper)	Bacillus subtilis (strain 168) - Synthetic	-	-	-		7.5	55	-1.08	-	-	Unknown	17188709	protein stability; protein halophilicity; charge-charge interactions; computational modeling; amino acid substitutions	J MOL BIOL 366, 842-856 (2007) PMID: 17188709	Gribenko AV, Makhatadze GI.
17741	Cold shock protein B; synthetic	-	K12E (Based on Paper)	Bacillus subtilis (strain 168) - Synthetic	-	-	-		7.5	55	0.12	-	-	Unknown	17188709	protein stability; protein halophilicity; charge-charge interactions; computational modeling; amino acid substitutions	J MOL BIOL 366, 842-856 (2007) PMID: 17188709	Gribenko AV, Makhatadze GI.
17742	Cold shock protein B; synthetic	-	K12Q (Based on Paper)	Bacillus subtilis (strain 168) - Synthetic	-	-	-		7.5	55	0.36	-	-	Unknown	17188709	protein stability; protein halophilicity; charge-charge interactions; computational modeling; amino acid substitutions	J MOL BIOL 366, 842-856 (2007) PMID: 17188709	Gribenko AV, Makhatadze GI.
17743	Cold shock protein B; synthetic	-	K13E (Based on Paper)	Bacillus subtilis (strain 168) - Synthetic	-	-	-		7.5	55	-0.5	-	-	Unknown	17188709	protein stability; protein halophilicity; charge-charge interactions; computational modeling; amino acid substitutions	J MOL BIOL 366, 842-856 (2007) PMID: 17188709	Gribenko AV, Makhatadze GI.
17744	Cold shock protein B; synthetic	-	K13Q (Based on Paper)	Bacillus subtilis (strain 168) - Synthetic	-	-	-		7.5	55	-0.26	-	-	Unknown	17188709	protein stability; protein halophilicity; charge-charge interactions; computational modeling; amino acid substitutions	J MOL BIOL 366, 842-856 (2007) PMID: 17188709	Gribenko AV, Makhatadze GI.
17745	Cold shock protein B; synthetic	-	K20E (Based on Paper)	Bacillus subtilis (strain 168) - Synthetic	-	-	-		7.5	55	-1.15	-	-	Unknown	17188709	protein stability; protein halophilicity; charge-charge interactions; computational modeling; amino acid substitutions	J MOL BIOL 366, 842-856 (2007) PMID: 17188709	Gribenko AV, Makhatadze GI.
17746	Cold shock protein B; synthetic	-	K20Q (Based on Paper)	Bacillus subtilis (strain 168) - Synthetic	-	-	-		7.5	55	0.1	-	-	Unknown	17188709	protein stability; protein halophilicity; charge-charge interactions; computational modeling; amino acid substitutions	J MOL BIOL 366, 842-856 (2007) PMID: 17188709	Gribenko AV, Makhatadze GI.
17747	Cold shock protein B; synthetic	-	K20V (Based on Paper)	Bacillus subtilis (strain 168) - Synthetic	-	-	-		7.5	55	2.17	-	-	Unknown	17188709	protein stability; protein halophilicity; charge-charge interactions; computational modeling; amino acid substitutions	J MOL BIOL 366, 842-856 (2007) PMID: 17188709	Gribenko AV, Makhatadze GI.
17748	Cold shock protein B; synthetic	-	K20V (Based on Paper)	Bacillus subtilis (strain 168) - Synthetic	-	-	-		7.5	55	2.37	-	-	Unknown	17188709	protein stability; protein halophilicity; charge-charge interactions; computational modeling; amino acid substitutions	J MOL BIOL 366, 842-856 (2007) PMID: 17188709	Gribenko AV, Makhatadze GI.
17749	Cold shock protein B; synthetic	-	E21K (Based on Paper)	Bacillus subtilis (strain 168) - Synthetic	-	-	-		7.5	55	-0.69	-	-	Unknown	17188709	protein stability; protein halophilicity; charge-charge interactions; computational modeling; amino acid substitutions	J MOL BIOL 366, 842-856 (2007) PMID: 17188709	Gribenko AV, Makhatadze GI.
17750	Cold shock protein B; synthetic	-	E21Q (Based on Paper)	Bacillus subtilis (strain 168) - Synthetic	-	-	-		7.5	55	-0.38	-	-	Unknown	17188709	protein stability; protein halophilicity; charge-charge interactions; computational modeling; amino acid substitutions	J MOL BIOL 366, 842-856 (2007) PMID: 17188709	Gribenko AV, Makhatadze GI.
17751	Cold shock protein B; synthetic	-	D24K (Based on Paper)	Bacillus subtilis (strain 168) - Synthetic	-	-	-		7.5	55	-0.53	-	-	Unknown	17188709	protein stability; protein halophilicity; charge-charge interactions; computational modeling; amino acid substitutions	J MOL BIOL 366, 842-856 (2007) PMID: 17188709	Gribenko AV, Makhatadze GI.
17752	Cold shock protein B; synthetic	-	D24N (Based on Paper)	Bacillus subtilis (strain 168) - Synthetic	-	-	-		7.5	55	-0.43	-	-	Unknown	17188709	protein stability; protein halophilicity; charge-charge interactions; computational modeling; amino acid substitutions	J MOL BIOL 366, 842-856 (2007) PMID: 17188709	Gribenko AV, Makhatadze GI.
17753	Cold shock protein B; synthetic	-	D25K (Based on Paper)	Bacillus subtilis (strain 168) - Synthetic	-	-	-		7.5	55	-0.79	-	-	Unknown	17188709	protein stability; protein halophilicity; charge-charge interactions; computational modeling; amino acid substitutions	J MOL BIOL 366, 842-856 (2007) PMID: 17188709	Gribenko AV, Makhatadze GI.
17754	Cold shock protein B; synthetic	-	D25N (Based on Paper)	Bacillus subtilis (strain 168) - Synthetic	-	-	-		7.5	55	-0.6	-	-	Unknown	17188709	protein stability; protein halophilicity; charge-charge interactions; computational modeling; amino acid substitutions	J MOL BIOL 366, 842-856 (2007) PMID: 17188709	Gribenko AV, Makhatadze GI.
17755	Cold shock protein B; synthetic	-	K39E (Based on Paper)	Bacillus subtilis (strain 168) - Synthetic	-	-	-		7.5	55	0.02	-	-	Unknown	17188709	protein stability; protein halophilicity; charge-charge interactions; computational modeling; amino acid substitutions	J MOL BIOL 366, 842-856 (2007) PMID: 17188709	Gribenko AV, Makhatadze GI.
17756	Cold shock protein B; synthetic	-	K39Q (Based on Paper)	Bacillus subtilis (strain 168) - Synthetic	-	-	-		7.5	55	0.22	-	-	Unknown	17188709	protein stability; protein halophilicity; charge-charge interactions; computational modeling; amino acid substitutions	J MOL BIOL 366, 842-856 (2007) PMID: 17188709	Gribenko AV, Makhatadze GI.
17757	Cold shock protein B; synthetic	-	K42E (Based on Paper)	Bacillus subtilis (strain 168) - Synthetic	-	-	-		7.5	55	-0.31	-	-	Unknown	17188709	protein stability; protein halophilicity; charge-charge interactions; computational modeling; amino acid substitutions	J MOL BIOL 366, 842-856 (2007) PMID: 17188709	Gribenko AV, Makhatadze GI.
17758	Cold shock protein B; synthetic	-	K42Q (Based on Paper)	Bacillus subtilis (strain 168) - Synthetic	-	-	-		7.5	55	-0.07	-	-	Unknown	17188709	protein stability; protein halophilicity; charge-charge interactions; computational modeling; amino acid substitutions	J MOL BIOL 366, 842-856 (2007) PMID: 17188709	Gribenko AV, Makhatadze GI.
17759	Cold shock protein B; synthetic	-	E43K (Based on Paper)	Bacillus subtilis (strain 168) - Synthetic	-	-	-		7.5	55	0.07	-	-	Unknown	17188709	protein stability; protein halophilicity; charge-charge interactions; computational modeling; amino acid substitutions	J MOL BIOL 366, 842-856 (2007) PMID: 17188709	Gribenko AV, Makhatadze GI.
17760	Cold shock protein B; synthetic	-	E43Q (Based on Paper)	Bacillus subtilis (strain 168) - Synthetic	-	-	-		7.5	55	-0.07	-	-	Unknown	17188709	protein stability; protein halophilicity; charge-charge interactions; computational modeling; amino acid substitutions	J MOL BIOL 366, 842-856 (2007) PMID: 17188709	Gribenko AV, Makhatadze GI.
17761	Cold shock protein B; synthetic	-	E48K (Based on Paper)	Bacillus subtilis (strain 168) - Synthetic	-	-	-		7.5	55	-1.15	-	-	Unknown	17188709	protein stability; protein halophilicity; charge-charge interactions; computational modeling; amino acid substitutions	J MOL BIOL 366, 842-856 (2007) PMID: 17188709	Gribenko AV, Makhatadze GI.
17762	Cold shock protein B; synthetic	-	E48K (Based on Paper)	Bacillus subtilis (strain 168) - Synthetic	-	-	-		7.5	55	-0.91	-	-	Unknown	17188709	protein stability; protein halophilicity; charge-charge interactions; computational modeling; amino acid substitutions	J MOL BIOL 366, 842-856 (2007) PMID: 17188709	Gribenko AV, Makhatadze GI.
17763	Cold shock protein B; synthetic	-	E48Q (Based on Paper)	Bacillus subtilis (strain 168) - Synthetic	-	-	-		7.5	55	-0.38	-	-	Unknown	17188709	protein stability; protein halophilicity; charge-charge interactions; computational modeling; amino acid substitutions	J MOL BIOL 366, 842-856 (2007) PMID: 17188709	Gribenko AV, Makhatadze GI.
17764	Cold shock protein B; synthetic	-	E50K (Based on Paper)	Bacillus subtilis (strain 168) - Synthetic	-	-	-		7.5	55	-0.14	-	-	Unknown	17188709	protein stability; protein halophilicity; charge-charge interactions; computational modeling; amino acid substitutions	J MOL BIOL 366, 842-856 (2007) PMID: 17188709	Gribenko AV, Makhatadze GI.
17765	Cold shock protein B; synthetic	-	E50K (Based on Paper)	Bacillus subtilis (strain 168) - Synthetic	-	-	-		7.5	55	0.43	-	-	Unknown	17188709	protein stability; protein halophilicity; charge-charge interactions; computational modeling; amino acid substitutions	J MOL BIOL 366, 842-856 (2007) PMID: 17188709	Gribenko AV, Makhatadze GI.
17766	Cold shock protein B; synthetic	-	E50Q (Based on Paper)	Bacillus subtilis (strain 168) - Synthetic	-	-	-		7.5	55	0.24	-	-	Unknown	17188709	protein stability; protein halophilicity; charge-charge interactions; computational modeling; amino acid substitutions	J MOL BIOL 366, 842-856 (2007) PMID: 17188709	Gribenko AV, Makhatadze GI.
17767	Cold shock protein B; synthetic	-	E53K (Based on Paper)	Bacillus subtilis (strain 168) - Synthetic	-	-	-		7.5	55	0.14	-	-	Unknown	17188709	protein stability; protein halophilicity; charge-charge interactions; computational modeling; amino acid substitutions	J MOL BIOL 366, 842-856 (2007) PMID: 17188709	Gribenko AV, Makhatadze GI.
17768	Cold shock protein B; synthetic	-	E53Q (Based on Paper)	Bacillus subtilis (strain 168) - Synthetic	-	-	-		7.5	55	0.14	-	-	Unknown	17188709	protein stability; protein halophilicity; charge-charge interactions; computational modeling; amino acid substitutions	J MOL BIOL 366, 842-856 (2007) PMID: 17188709	Gribenko AV, Makhatadze GI.
17769	Cold shock protein B; synthetic	-	K55E (Based on Paper)	Bacillus subtilis (strain 168) - Synthetic	-	-	-		7.5	55	0.41	-	-	Unknown	17188709	protein stability; protein halophilicity; charge-charge interactions; computational modeling; amino acid substitutions	J MOL BIOL 366, 842-856 (2007) PMID: 17188709	Gribenko AV, Makhatadze GI.
17770	Cold shock protein B; synthetic	-	K55Q (Based on Paper)	Bacillus subtilis (strain 168) - Synthetic	-	-	-		7.5	55	0.36	-	-	Unknown	17188709	protein stability; protein halophilicity; charge-charge interactions; computational modeling; amino acid substitutions	J MOL BIOL 366, 842-856 (2007) PMID: 17188709	Gribenko AV, Makhatadze GI.
17774	Cold shock protein B; synthetic	-	R3Q (Based on Paper)	Bacillus subtilis (strain 168) - Synthetic	-	-	-		7.5	55	-0.62	-	-	Unknown	17188709	protein stability; protein halophilicity; charge-charge interactions; computational modeling; amino acid substitutions	J MOL BIOL 366, 842-856 (2007) PMID: 17188709	Gribenko AV, Makhatadze GI.
17775	Cold shock protein B; synthetic	-	K5E (Based on Paper)	Bacillus subtilis (strain 168) - Synthetic	-	-	-		7.5	55	-0.72	-	-	Unknown	17188709	protein stability; protein halophilicity; charge-charge interactions; computational modeling; amino acid substitutions	J MOL BIOL 366, 842-856 (2007) PMID: 17188709	Gribenko AV, Makhatadze GI.
17776	Cold shock protein B; synthetic	-	K5E (Based on Paper)	Bacillus subtilis (strain 168) - Synthetic	-	-	-		7.5	55	-0.65	-	-	Unknown	17188709	protein stability; protein halophilicity; charge-charge interactions; computational modeling; amino acid substitutions	J MOL BIOL 366, 842-856 (2007) PMID: 17188709	Gribenko AV, Makhatadze GI.
17777	Cold shock protein B; synthetic	-	K5Q (Based on Paper)	Bacillus subtilis (strain 168) - Synthetic	-	-	-		7.5	55	-0.29	-	-	Unknown	17188709	protein stability; protein halophilicity; charge-charge interactions; computational modeling; amino acid substitutions	J MOL BIOL 366, 842-856 (2007) PMID: 17188709	Gribenko AV, Makhatadze GI.
17778	Cold shock protein B; synthetic	-	K5Q (Based on Paper)	Bacillus subtilis (strain 168) - Synthetic	-	-	-		7.5	55	-0.36	-	-	Unknown	17188709	protein stability; protein halophilicity; charge-charge interactions; computational modeling; amino acid substitutions	J MOL BIOL 366, 842-856 (2007) PMID: 17188709	Gribenko AV, Makhatadze GI.
17779	Cold shock protein B; synthetic	-	K7E (Based on Paper)	Bacillus subtilis (strain 168) - Synthetic	-	-	-		7.5	55	-1.31	-	-	Unknown	17188709	protein stability; protein halophilicity; charge-charge interactions; computational modeling; amino acid substitutions	J MOL BIOL 366, 842-856 (2007) PMID: 17188709	Gribenko AV, Makhatadze GI.
17780	Cold shock protein B; synthetic	-	K7Q (Based on Paper)	Bacillus subtilis (strain 168) - Synthetic	-	-	-		7.5	55	-0.91	-	-	Unknown	17188709	protein stability; protein halophilicity; charge-charge interactions; computational modeling; amino acid substitutions	J MOL BIOL 366, 842-856 (2007) PMID: 17188709	Gribenko AV, Makhatadze GI.
17781	Cold shock protein B; synthetic	-	K12E (Based on Paper)	Bacillus subtilis (strain 168) - Synthetic	-	-	-		7.5	55	0.02	-	-	Unknown	17188709	protein stability; protein halophilicity; charge-charge interactions; computational modeling; amino acid substitutions	J MOL BIOL 366, 842-856 (2007) PMID: 17188709	Gribenko AV, Makhatadze GI.
17782	Cold shock protein B; synthetic	-	K12Q (Based on Paper)	Bacillus subtilis (strain 168) - Synthetic	-	-	-		7.5	55	0.41	-	-	Unknown	17188709	protein stability; protein halophilicity; charge-charge interactions; computational modeling; amino acid substitutions	J MOL BIOL 366, 842-856 (2007) PMID: 17188709	Gribenko AV, Makhatadze GI.
17783	Cold shock protein B; synthetic	-	K13E (Based on Paper)	Bacillus subtilis (strain 168) - Synthetic	-	-	-		7.5	55	-0.5	-	-	Unknown	17188709	protein stability; protein halophilicity; charge-charge interactions; computational modeling; amino acid substitutions	J MOL BIOL 366, 842-856 (2007) PMID: 17188709	Gribenko AV, Makhatadze GI.
17784	Cold shock protein B; synthetic	-	K13Q (Based on Paper)	Bacillus subtilis (strain 168) - Synthetic	-	-	-		7.5	55	-0.33	-	-	Unknown	17188709	protein stability; protein halophilicity; charge-charge interactions; computational modeling; amino acid substitutions	J MOL BIOL 366, 842-856 (2007) PMID: 17188709	Gribenko AV, Makhatadze GI.
17785	Cold shock protein B; synthetic	-	K20E (Based on Paper)	Bacillus subtilis (strain 168) - Synthetic	-	-	-		7.5	55	-1.1	-	-	Unknown	17188709	protein stability; protein halophilicity; charge-charge interactions; computational modeling; amino acid substitutions	J MOL BIOL 366, 842-856 (2007) PMID: 17188709	Gribenko AV, Makhatadze GI.
17786	Cold shock protein B; synthetic	-	K20Q (Based on Paper)	Bacillus subtilis (strain 168) - Synthetic	-	-	-		7.5	55	0.17	-	-	Unknown	17188709	protein stability; protein halophilicity; charge-charge interactions; computational modeling; amino acid substitutions	J MOL BIOL 366, 842-856 (2007) PMID: 17188709	Gribenko AV, Makhatadze GI.
17787	Cold shock protein B; synthetic	-	K20V (Based on Paper)	Bacillus subtilis (strain 168) - Synthetic	-	-	-		7.5	55	2.17	-	-	Unknown	17188709	protein stability; protein halophilicity; charge-charge interactions; computational modeling; amino acid substitutions	J MOL BIOL 366, 842-856 (2007) PMID: 17188709	Gribenko AV, Makhatadze GI.
17788	Cold shock protein B; synthetic	-	K20V (Based on Paper)	Bacillus subtilis (strain 168) - Synthetic	-	-	-		7.5	55	2.39	-	-	Unknown	17188709	protein stability; protein halophilicity; charge-charge interactions; computational modeling; amino acid substitutions	J MOL BIOL 366, 842-856 (2007) PMID: 17188709	Gribenko AV, Makhatadze GI.
17789	Cold shock protein B; synthetic	-	E21K (Based on Paper)	Bacillus subtilis (strain 168) - Synthetic	-	-	-		7.5	55	-0.55	-	-	Unknown	17188709	protein stability; protein halophilicity; charge-charge interactions; computational modeling; amino acid substitutions	J MOL BIOL 366, 842-856 (2007) PMID: 17188709	Gribenko AV, Makhatadze GI.
17790	Cold shock protein B; synthetic	-	E21Q (Based on Paper)	Bacillus subtilis (strain 168) - Synthetic	-	-	-		7.5	55	-0.33	-	-	Unknown	17188709	protein stability; protein halophilicity; charge-charge interactions; computational modeling; amino acid substitutions	J MOL BIOL 366, 842-856 (2007) PMID: 17188709	Gribenko AV, Makhatadze GI.
17791	Cold shock protein B; synthetic	-	D24K (Based on Paper)	Bacillus subtilis (strain 168) - Synthetic	-	-	-		7.5	55	-0.36	-	-	Unknown	17188709	protein stability; protein halophilicity; charge-charge interactions; computational modeling; amino acid substitutions	J MOL BIOL 366, 842-856 (2007) PMID: 17188709	Gribenko AV, Makhatadze GI.
17792	Cold shock protein B; synthetic	-	D24N (Based on Paper)	Bacillus subtilis (strain 168) - Synthetic	-	-	-		7.5	55	-0.33	-	-	Unknown	17188709	protein stability; protein halophilicity; charge-charge interactions; computational modeling; amino acid substitutions	J MOL BIOL 366, 842-856 (2007) PMID: 17188709	Gribenko AV, Makhatadze GI.
17793	Cold shock protein B; synthetic	-	D25K (Based on Paper)	Bacillus subtilis (strain 168) - Synthetic	-	-	-		7.5	55	-0.69	-	-	Unknown	17188709	protein stability; protein halophilicity; charge-charge interactions; computational modeling; amino acid substitutions	J MOL BIOL 366, 842-856 (2007) PMID: 17188709	Gribenko AV, Makhatadze GI.
17794	Cold shock protein B; synthetic	-	D25N (Based on Paper)	Bacillus subtilis (strain 168) - Synthetic	-	-	-		7.5	55	-0.69	-	-	Unknown	17188709	protein stability; protein halophilicity; charge-charge interactions; computational modeling; amino acid substitutions	J MOL BIOL 366, 842-856 (2007) PMID: 17188709	Gribenko AV, Makhatadze GI.
17795	Cold shock protein B; synthetic	-	K39E (Based on Paper)	Bacillus subtilis (strain 168) - Synthetic	-	-	-		7.5	55	0.05	-	-	Unknown	17188709	protein stability; protein halophilicity; charge-charge interactions; computational modeling; amino acid substitutions	J MOL BIOL 366, 842-856 (2007) PMID: 17188709	Gribenko AV, Makhatadze GI.
17796	Cold shock protein B; synthetic	-	K39Q (Based on Paper)	Bacillus subtilis (strain 168) - Synthetic	-	-	-		7.5	55	0.26	-	-	Unknown	17188709	protein stability; protein halophilicity; charge-charge interactions; computational modeling; amino acid substitutions	J MOL BIOL 366, 842-856 (2007) PMID: 17188709	Gribenko AV, Makhatadze GI.
17797	Cold shock protein B; synthetic	-	K42E (Based on Paper)	Bacillus subtilis (strain 168) - Synthetic	-	-	-		7.5	55	-0.17	-	-	Unknown	17188709	protein stability; protein halophilicity; charge-charge interactions; computational modeling; amino acid substitutions	J MOL BIOL 366, 842-856 (2007) PMID: 17188709	Gribenko AV, Makhatadze GI.
17798	Cold shock protein B; synthetic	-	K42Q (Based on Paper)	Bacillus subtilis (strain 168) - Synthetic	-	-	-		7.5	55	0.02	-	-	Unknown	17188709	protein stability; protein halophilicity; charge-charge interactions; computational modeling; amino acid substitutions	J MOL BIOL 366, 842-856 (2007) PMID: 17188709	Gribenko AV, Makhatadze GI.
17799	Cold shock protein B; synthetic	-	E43K (Based on Paper)	Bacillus subtilis (strain 168) - Synthetic	-	-	-		7.5	55	0.22	-	-	Unknown	17188709	protein stability; protein halophilicity; charge-charge interactions; computational modeling; amino acid substitutions	J MOL BIOL 366, 842-856 (2007) PMID: 17188709	Gribenko AV, Makhatadze GI.
17800	Cold shock protein B; synthetic	-	E43Q (Based on Paper)	Bacillus subtilis (strain 168) - Synthetic	-	-	-		7.5	55	-0.02	-	-	Unknown	17188709	protein stability; protein halophilicity; charge-charge interactions; computational modeling; amino acid substitutions	J MOL BIOL 366, 842-856 (2007) PMID: 17188709	Gribenko AV, Makhatadze GI.
17801	Cold shock protein B; synthetic	-	E48K (Based on Paper)	Bacillus subtilis (strain 168) - Synthetic	-	-	-		7.5	55	-1	-	-	Unknown	17188709	protein stability; protein halophilicity; charge-charge interactions; computational modeling; amino acid substitutions	J MOL BIOL 366, 842-856 (2007) PMID: 17188709	Gribenko AV, Makhatadze GI.
17802	Cold shock protein B; synthetic	-	E48K (Based on Paper)	Bacillus subtilis (strain 168) - Synthetic	-	-	-		7.5	55	-0.79	-	-	Unknown	17188709	protein stability; protein halophilicity; charge-charge interactions; computational modeling; amino acid substitutions	J MOL BIOL 366, 842-856 (2007) PMID: 17188709	Gribenko AV, Makhatadze GI.
17803	Cold shock protein B; synthetic	-	E48Q (Based on Paper)	Bacillus subtilis (strain 168) - Synthetic	-	-	-		7.5	55	-0.45	-	-	Unknown	17188709	protein stability; protein halophilicity; charge-charge interactions; computational modeling; amino acid substitutions	J MOL BIOL 366, 842-856 (2007) PMID: 17188709	Gribenko AV, Makhatadze GI.
17804	Cold shock protein B; synthetic	-	E50K (Based on Paper)	Bacillus subtilis (strain 168) - Synthetic	-	-	-		7.5	55	-0.07	-	-	Unknown	17188709	protein stability; protein halophilicity; charge-charge interactions; computational modeling; amino acid substitutions	J MOL BIOL 366, 842-856 (2007) PMID: 17188709	Gribenko AV, Makhatadze GI.
17805	Cold shock protein B; synthetic	-	E50K (Based on Paper)	Bacillus subtilis (strain 168) - Synthetic	-	-	-		7.5	55	0.43	-	-	Unknown	17188709	protein stability; protein halophilicity; charge-charge interactions; computational modeling; amino acid substitutions	J MOL BIOL 366, 842-856 (2007) PMID: 17188709	Gribenko AV, Makhatadze GI.
17806	Cold shock protein B; synthetic	-	E50Q (Based on Paper)	Bacillus subtilis (strain 168) - Synthetic	-	-	-		7.5	55	0.19	-	-	Unknown	17188709	protein stability; protein halophilicity; charge-charge interactions; computational modeling; amino acid substitutions	J MOL BIOL 366, 842-856 (2007) PMID: 17188709	Gribenko AV, Makhatadze GI.
17807	Cold shock protein B; synthetic	-	E53K (Based on Paper)	Bacillus subtilis (strain 168) - Synthetic	-	-	-		7.5	55	0.07	-	-	Unknown	17188709	protein stability; protein halophilicity; charge-charge interactions; computational modeling; amino acid substitutions	J MOL BIOL 366, 842-856 (2007) PMID: 17188709	Gribenko AV, Makhatadze GI.
17808	Cold shock protein B; synthetic	-	E53Q (Based on Paper)	Bacillus subtilis (strain 168) - Synthetic	-	-	-		7.5	55	0.17	-	-	Unknown	17188709	protein stability; protein halophilicity; charge-charge interactions; computational modeling; amino acid substitutions	J MOL BIOL 366, 842-856 (2007) PMID: 17188709	Gribenko AV, Makhatadze GI.
17809	Cold shock protein B; synthetic	-	K55E (Based on Paper)	Bacillus subtilis (strain 168) - Synthetic	-	-	-		7.5	55	0.31	-	-	Unknown	17188709	protein stability; protein halophilicity; charge-charge interactions; computational modeling; amino acid substitutions	J MOL BIOL 366, 842-856 (2007) PMID: 17188709	Gribenko AV, Makhatadze GI.
17810	Cold shock protein B; synthetic	-	K55Q (Based on Paper)	Bacillus subtilis (strain 168) - Synthetic	-	-	-		7.5	55	0.43	-	-	Unknown	17188709	protein stability; protein halophilicity; charge-charge interactions; computational modeling; amino acid substitutions	J MOL BIOL 366, 842-856 (2007) PMID: 17188709	Gribenko AV, Makhatadze GI.
17815	Beta lactamase	P00811	Y166F (UniProt)	Escherichia coli (strain K12)	3BLS	-	Coil	9.36	6.8	54.6	-0.7	-	-	yes	10493583	beta-lactam; beta-lactamase; AmpC; denaturation;	PROTEIN SCI 8, 1816-1824 (1999) PMID: 10493583	Beadle BM, McGovern SL, Patera A,Shoichet BK
17816	Tryptophan synthase alpha-subunit	P0A877	P57A (UniProt)	Escherichia coli (strain K12)	1WQ5	-	Coil	45.1	9.0	54.1	-0.04	-	-	yes	2008436	tryptophan synthase alpha subunit; conformational stability ;	PROTEINS 9, 90-98 (1991) PMID: 2008436	Yutani K., Hayashi S., Sugisaki Y. & Ogasahara K.
17817	Tryptophan synthase alpha-subunit	P0A877	P62A (UniProt)	Escherichia coli (strain K12)	1WQ5	-	-		9.0	54.1	-0.52	-	-	yes	2008436	tryptophan synthase alpha subunit; conformational stability ;	PROTEINS 9, 90-98 (1991) PMID: 2008436	Yutani K., Hayashi S., Sugisaki Y. & Ogasahara K.
17818	Tryptophan synthase alpha-subunit	P0A877	P132A (PDB: P132A)	Escherichia coli (strain K12)	1WQ5	P132A	Coil	35.94	9.0	54.1	-0.92	-	-	yes	2008436	tryptophan synthase alpha subunit; conformational stability ;	PROTEINS 9, 90-98 (1991) PMID: 2008436	Yutani K., Hayashi S., Sugisaki Y. & Ogasahara K.
17819	Tryptophan synthase alpha-subunit	P0A877	P132G (PDB: P132G)	Escherichia coli (strain K12)	1WQ5	P132G	Coil	35.94	9.0	54.1	-0.78	-	-	yes	2008436	tryptophan synthase alpha subunit; conformational stability ;	PROTEINS 9, 90-98 (1991) PMID: 2008436	Yutani K., Hayashi S., Sugisaki Y. & Ogasahara K.
17820	Tryptophan synthase alpha-subunit	P0A877	P96A (PDB: P96A)	Escherichia coli (strain K12)	1WQ5	P96A	Coil	1.41	9.0	54.1	-2	-	-	yes	2008436	tryptophan synthase alpha subunit; conformational stability ;	PROTEINS 9, 90-98 (1991) PMID: 2008436	Yutani K., Hayashi S., Sugisaki Y. & Ogasahara K.
17821	Tryptophan synthase alpha-subunit	P0A877	P207A (PDB: P207A)	Escherichia coli (strain K12)	1WQ5	P207A	Coil	33.12	9.0	54.1	-1.64	-	-	yes	2008436	tryptophan synthase alpha subunit; conformational stability ;	PROTEINS 9, 90-98 (1991) PMID: 2008436	Yutani K., Hayashi S., Sugisaki Y. & Ogasahara K.
17822	Ribonuclease	P00648	G100A (UniProt)	Bacillus amyloliquefaciens (Bacillus velezensis)	1BNI	-	Helix	13.98	6.3	54.1	-3.4	-	-	Unknown	10064710	beta-bulge; microbial ribonuclease; molecular evolution;	J MOL BIOL 286, 1471-1485 (1999) PMID: 10064710	Axe DD, Foster NW, Fersht AR
17823	Ribonuclease	P00648	G99A (UniProt)	Bacillus amyloliquefaciens (Bacillus velezensis)	1BNI	-	Helix	3.81	6.3	54.1	-5.3	-	-	Unknown	10064710	beta-bulge; microbial ribonuclease; molecular evolution;	J MOL BIOL 286, 1471-1485 (1999) PMID: 10064710	Axe DD, Foster NW, Fersht AR
17824	Ribonuclease	P00648	G100V (UniProt)	Bacillus amyloliquefaciens (Bacillus velezensis)	1BNI	-	Helix	13.98	6.3	54.1	-7.8	-	-	Unknown	10064710	beta-bulge; microbial ribonuclease; molecular evolution;	J MOL BIOL 286, 1471-1485 (1999) PMID: 10064710	Axe DD, Foster NW, Fersht AR
17825	Ribonuclease	P00648	G99V (UniProt)	Bacillus amyloliquefaciens (Bacillus velezensis)	1BNI	-	Helix	3.81	6.3	54.1	-8.4	-	-	Unknown	10064710	beta-bulge; microbial ribonuclease; molecular evolution;	J MOL BIOL 286, 1471-1485 (1999) PMID: 10064710	Axe DD, Foster NW, Fersht AR
17830	Lysozyme	P00720	T157A (PDB: T157A)	Enterobacteria phage T4 (Bacteriophage T4)	2LZM	T157A	Turn	35.33	3.0	53.6	-0.5	-	-	yes	1993203	T4 lysozyme; thermal unfolding; threonine; free energy;	BIOCHEMISTRY 30, 1887-1891 (1991) PMID: 1993203	Connelly P, Ghosaini L, Hu CQ, Kitamura S, Tanaka A, Sturtevant JM
17831	Lysozyme	P00720	T157E (PDB: T157E)	Enterobacteria phage T4 (Bacteriophage T4)	2LZM	T157E	Turn	35.33	3.0	53.6	-0.8	-	-	yes	1993203	T4 lysozyme; thermal unfolding; threonine; free energy;	BIOCHEMISTRY 30, 1887-1891 (1991) PMID: 1993203	Connelly P, Ghosaini L, Hu CQ, Kitamura S, Tanaka A, Sturtevant JM
17832	Lysozyme	P00720	T157I (PDB: T157I)	Enterobacteria phage T4 (Bacteriophage T4)	2LZM	T157I	Turn	35.33	3.0	53.6	-1.5	-	-	yes	1993203	T4 lysozyme; thermal unfolding; threonine; free energy;	BIOCHEMISTRY 30, 1887-1891 (1991) PMID: 1993203	Connelly P, Ghosaini L, Hu CQ, Kitamura S, Tanaka A, Sturtevant JM
17833	Lysozyme	P00720	T157L (PDB: T157L)	Enterobacteria phage T4 (Bacteriophage T4)	2LZM	T157L	Turn	35.33	3.0	53.6	-1.7	-	-	yes	1993203	T4 lysozyme; thermal unfolding; threonine; free energy;	BIOCHEMISTRY 30, 1887-1891 (1991) PMID: 1993203	Connelly P, Ghosaini L, Hu CQ, Kitamura S, Tanaka A, Sturtevant JM
17834	Lysozyme	P00720	T157N (PDB: T157N)	Enterobacteria phage T4 (Bacteriophage T4)	2LZM	T157N	Turn	35.33	3.0	53.6	-1.2	-	-	yes	1993203	T4 lysozyme; thermal unfolding; threonine; free energy;	BIOCHEMISTRY 30, 1887-1891 (1991) PMID: 1993203	Connelly P, Ghosaini L, Hu CQ, Kitamura S, Tanaka A, Sturtevant JM
17835	Lysozyme	P00720	T157R (PDB: T157R)	Enterobacteria phage T4 (Bacteriophage T4)	2LZM	T157R	Turn	35.33	3.0	53.6	0.3	-	-	yes	1993203	T4 lysozyme; thermal unfolding; threonine; free energy;	BIOCHEMISTRY 30, 1887-1891 (1991) PMID: 1993203	Connelly P, Ghosaini L, Hu CQ, Kitamura S, Tanaka A, Sturtevant JM
17836	Lysozyme	P00720	T157V (PDB: T157V)	Enterobacteria phage T4 (Bacteriophage T4)	2LZM	T157V	Turn	35.33	3.0	53.6	-1.2	-	-	yes	1993203	T4 lysozyme; thermal unfolding; threonine; free energy;	BIOCHEMISTRY 30, 1887-1891 (1991) PMID: 1993203	Connelly P, Ghosaini L, Hu CQ, Kitamura S, Tanaka A, Sturtevant JM
17837	Lysozyme	P00720	A82P (PDB: A82P)	Enterobacteria phage T4 (Bacteriophage T4)	2LZM	A82P	Helix	78.95	3.0	53.6	1.27	-	-	yes	1737020	T4 lysozyme; thermal unfolding; free energy;	BIOCHEMISTRY 31, 1643-1647 (1992) PMID: 1737020	Hu CQ, Kitamura S, Tanaka A, Sturtevant JM
17838	Lysozyme	P00720	A93P (PDB: A93P)	Enterobacteria phage T4 (Bacteriophage T4)	2LZM	A93P	Helix	66.24	3.0	53.6	1.1	-	-	yes	1737020	T4 lysozyme; thermal unfolding; free energy;	BIOCHEMISTRY 31, 1643-1647 (1992) PMID: 1737020	Hu CQ, Kitamura S, Tanaka A, Sturtevant JM
17839	Lysozyme	P00720	G113A (PDB: G113A)	Enterobacteria phage T4 (Bacteriophage T4)	2LZM	G113A	Helix	68.61	3.0	53.6	0.54	-	-	yes	1737020	T4 lysozyme; thermal unfolding; free energy;	BIOCHEMISTRY 31, 1643-1647 (1992) PMID: 1737020	Hu CQ, Kitamura S, Tanaka A, Sturtevant JM
17841	Parvalbumin	P02625	P21A (PDB)	Rattus norvegicus (Rat)	1RRO	P21A	Turn	62.02	7.4	53.6	-0.74	-	-	Unknown	12974622	tertiary interaction; Ca2+ affinity; proline; conformational entropy	BIOCHEMISTRY 42, 10886-10895 (2003) PMID: 12974622	Agah S, Larson JD, Henzl MT
17842	Parvalbumin	P02625	P26A (PDB)	Rattus norvegicus (Rat)	1RRO	P26A	Helix	11.98	7.4	53.6	-0.74	-	-	Unknown	12974622	tertiary interaction; Ca2+ affinity; proline; conformational entropy	BIOCHEMISTRY 42, 10886-10895 (2003) PMID: 12974622	Agah S, Larson JD, Henzl MT
17844	Parvalbumin	A0A3Q2UGZ1	C72S (UniProt)	Chicken	AF-A0A3Q2UGZ1-F1	-	-		7.4	53.6	0.72	-	-	Unknown	12974622	tertiary interaction; Ca2+ affinity; proline; conformational entropy	BIOCHEMISTRY 42, 10886-10895 (2003) PMID: 12974622	Agah S, Larson JD, Henzl MT
17845	Lysozyme	P00720	I3E (PDB: I3E)	Enterobacteria phage T4 (Bacteriophage T4)	2LZM	I3E	Helix	10.81	3.0	53.56	-1.53	-	-	yes	1420185	T4 lysozyme; thermal unfolding; isoleucine; free energy;	BIOCHEMISTRY 31, 10699-10702 (1992) PMID: 1420185	Ladbury J.E., Hu C.-Q. & Sturtevant J.M.
17846	Lysozyme	P00720	I3F (PDB: I3F)	Enterobacteria phage T4 (Bacteriophage T4)	2LZM	I3F	Helix	10.81	3.0	53.56	-0.53	-	-	yes	1420185	T4 lysozyme; thermal unfolding; isoleucine; free energy;	BIOCHEMISTRY 31, 10699-10702 (1992) PMID: 1420185	Ladbury J.E., Hu C.-Q. & Sturtevant J.M.
17847	Lysozyme	P00720	I3L (PDB: I3L)	Enterobacteria phage T4 (Bacteriophage T4)	2LZM	I3L	Helix	10.81	3.0	53.56	1.16	-	-	yes	1420185	T4 lysozyme; thermal unfolding; isoleucine; free energy;	BIOCHEMISTRY 31, 10699-10702 (1992) PMID: 1420185	Ladbury J.E., Hu C.-Q. & Sturtevant J.M.
17848	Lysozyme	P00720	I3P (PDB: I3P)	Enterobacteria phage T4 (Bacteriophage T4)	2LZM	I3P	Helix	10.81	3.0	53.56	-2.53	-	-	yes	1420185	T4 lysozyme; thermal unfolding; isoleucine; free energy;	BIOCHEMISTRY 31, 10699-10702 (1992) PMID: 1420185	Ladbury J.E., Hu C.-Q. & Sturtevant J.M.
17849	Lysozyme	P00720	I3T (PDB: I3T)	Enterobacteria phage T4 (Bacteriophage T4)	2LZM	I3T	Helix	10.81	3.0	53.56	-1.81	-	-	yes	1420185	T4 lysozyme; thermal unfolding; isoleucine; free energy;	BIOCHEMISTRY 31, 10699-10702 (1992) PMID: 1420185	Ladbury J.E., Hu C.-Q. & Sturtevant J.M.
17850	Lysozyme	P00720	S38D (PDB: S38D)	Enterobacteria phage T4 (Bacteriophage T4)	2LZM	S38D	Coil	46.08	3.0	53.42	0.22	-	-	Unknown	8771182	additivity; genetic engineering; lysozyme; thermostability;	PROTEIN ENG 8, 1017-1022 (1995) PMID: 8771182	Zhang XJ, Baase WA, Shoichet BK, Wilson KP, Matthews BW
17851	Lysozyme	P00720	A82P (PDB: A82P)	Enterobacteria phage T4 (Bacteriophage T4)	2LZM	A82P	Helix	78.95	3.0	53.42	0.45	-	-	Unknown	8771182	additivity; genetic engineering; lysozyme; thermostability;	PROTEIN ENG 8, 1017-1022 (1995) PMID: 8771182	Zhang XJ, Baase WA, Shoichet BK, Wilson KP, Matthews BW
17852	Lysozyme	P00720	N144D (PDB: N144D)	Enterobacteria phage T4 (Bacteriophage T4)	2LZM	N144D	Helix	75.14	3.0	53.42	0.4	-	-	Unknown	8771182	additivity; genetic engineering; lysozyme; thermostability;	PROTEIN ENG 8, 1017-1022 (1995) PMID: 8771182	Zhang XJ, Baase WA, Shoichet BK, Wilson KP, Matthews BW
17853	Lysozyme	P00720	I3L (PDB: I3L)	Enterobacteria phage T4 (Bacteriophage T4)	2LZM	I3L	Helix	10.81	3.0	53.42	0.83	-	-	Unknown	8771182	additivity; genetic engineering; lysozyme; thermostability;	PROTEIN ENG 8, 1017-1022 (1995) PMID: 8771182	Zhang XJ, Baase WA, Shoichet BK, Wilson KP, Matthews BW
17854	Lysozyme	P00720	V131A (PDB: V131A)	Enterobacteria phage T4 (Bacteriophage T4)	2LZM	V131A	Helix	58.56	3.0	53.42	0.33	-	-	Unknown	8771182	additivity; genetic engineering; lysozyme; thermostability;	PROTEIN ENG 8, 1017-1022 (1995) PMID: 8771182	Zhang XJ, Baase WA, Shoichet BK, Wilson KP, Matthews BW
17855	Lysozyme	P00720	A41V (PDB: A41V)	Enterobacteria phage T4 (Bacteriophage T4)	2LZM	A41V	Helix	29.95	3.0	53.42	0.41	-	-	Unknown	8771182	additivity; genetic engineering; lysozyme; thermostability;	PROTEIN ENG 8, 1017-1022 (1995) PMID: 8771182	Zhang XJ, Baase WA, Shoichet BK, Wilson KP, Matthews BW
17856	Lysozyme	P00720	N116D (PDB: N116D)	Enterobacteria phage T4 (Bacteriophage T4)	2LZM	N116D	Helix	60.11	3.0	53.42	0.34	-	-	Unknown	8771182	additivity; genetic engineering; lysozyme; thermostability;	PROTEIN ENG 8, 1017-1022 (1995) PMID: 8771182	Zhang XJ, Baase WA, Shoichet BK, Wilson KP, Matthews BW
17864	Lambda repressor	P03034	G47A (UniProt)	Escherichia phage lambda (Bacteriophage lambda)	1LRP	-	Helix	77.64	8.0	53.4	0.66	-	-	no	3449850	alpha helix; lambda repressor; stabilizing effect;	PROTEINS 1, 43-46 (1986) PMID: 3449850	Hecht MH, Sturtevant JM, Sauer RT
17865	Lambda repressor	P03034	G49A (UniProt)	Escherichia phage lambda (Bacteriophage lambda)	1LRP	-	Helix	75.86	8.0	53.4	0.87	-	-	no	3449850	alpha helix; lambda repressor; stabilizing effect;	PROTEINS 1, 43-46 (1986) PMID: 3449850	Hecht MH, Sturtevant JM, Sauer RT
17867	Lambda repressor	P03034	G49S (UniProt)	Escherichia phage lambda (Bacteriophage lambda)	1LRP	-	Helix	75.86	8.0	53.4	0.68	-	-	no	3449850	alpha helix; lambda repressor; stabilizing effect;	PROTEINS 1, 43-46 (1986) PMID: 3449850	Hecht MH, Sturtevant JM, Sauer RT
17868	Lambda repressor	P03034	G49N (UniProt)	Escherichia phage lambda (Bacteriophage lambda)	1LRP	-	Helix	75.86	8.0	53.4	0.79	-	-	no	3449850	alpha helix; lambda repressor; stabilizing effect;	PROTEINS 1, 43-46 (1986) PMID: 3449850	Hecht MH, Sturtevant JM, Sauer RT
17869	Arc repressor	P03050	P8L (PDB: P8L)	Salmonella phage P22 (Bacteriophage P22)	1ARR	P8L	Sheet	15.5	7.5	53.4	2.55	-	-	yes	7827088	Arc repressor; DNA binding affinity; hydrogen bond;	BIOCHEMISTRY 34, 1405-1412 (1995) PMID: 7827088	Schildbach JF, Milla ME, Jeffrey PD, Raumann BE, Sauer RT
17879	Lysozyme	P00720	S38A (PDB: S38A)	Enterobacteria phage T4 (Bacteriophage T4)	2LZM	S38A	Coil	46.08	3.0	53.4	-0.77	-	-	yes(>90%)	12487988	Phage T4; Alanine scanning mutagenesis; Lysozyme; Protein stability; alpha-helix	BIOPHYS CHEM 101, 43-56 (2002) PMID: 12487988	Zhang X, Baase WA, Matthews BW
17884	Subtilisin inhibitor	P01006	M134A (UniProt)	Streptomyces albogriseolus	3SSI	-	Helix	0.0	3.2	53.36	-1.35	-	-	yes	7783215	calorimetry; protein stability; hydrophobicity;	J MOL BIOL 249, 625-635 (1995) PMID: 7783215	Tamura A, Sturtevant JM
17885	Subtilisin inhibitor	P01006	M134V (UniProt)	Streptomyces albogriseolus	3SSI	-	Helix	0.0	3.2	53.36	-1.35	-	-	yes	7783215	calorimetry; protein stability; hydrophobicity;	J MOL BIOL 249, 625-635 (1995) PMID: 7783215	Tamura A, Sturtevant JM
17886	Subtilisin inhibitor	P01006	M134I (UniProt)	Streptomyces albogriseolus	3SSI	-	Helix	0.0	3.2	53.36	-2.01	-	-	yes	7783215	calorimetry; protein stability; hydrophobicity;	J MOL BIOL 249, 625-635 (1995) PMID: 7783215	Tamura A, Sturtevant JM
17887	Subtilisin inhibitor	P01006	M134L (UniProt)	Streptomyces albogriseolus	3SSI	-	Helix	0.0	3.2	53.36	0.77	-	-	yes	7783215	calorimetry; protein stability; hydrophobicity;	J MOL BIOL 249, 625-635 (1995) PMID: 7783215	Tamura A, Sturtevant JM
17888	Subtilisin inhibitor	P01006	M104K (UniProt)	Streptomyces albogriseolus	3SSI	-	Coil	92.95	3.2	53.36	1.27	-	-	yes	7783217	calorimetry; protein stability; hydrophobicity;	J MOL BIOL 249, 646-653 (1995) PMID: 7783217	Tamura A, Sturtevant JM
17889	Subtilisin inhibitor	P01006	M104D (UniProt)	Streptomyces albogriseolus	3SSI	-	Coil	92.95	3.2	53.36	1.08	-	-	yes	7783217	calorimetry; protein stability; hydrophobicity;	J MOL BIOL 249, 646-653 (1995) PMID: 7783217	Tamura A, Sturtevant JM
17890	Subtilisin inhibitor	P01006	M104E (UniProt)	Streptomyces albogriseolus	3SSI	-	Coil	92.95	3.2	53.36	0.35	-	-	yes	7783217	calorimetry; protein stability; hydrophobicity;	J MOL BIOL 249, 646-653 (1995) PMID: 7783217	Tamura A, Sturtevant JM
17891	Subtilisin inhibitor	P01006	M104G (UniProt)	Streptomyces albogriseolus	3SSI	-	Coil	92.95	3.2	53.36	-0.21	-	-	yes	7783217	calorimetry; protein stability; hydrophobicity;	J MOL BIOL 249, 646-653 (1995) PMID: 7783217	Tamura A, Sturtevant JM
17892	Subtilisin inhibitor	P01006	M104A (UniProt)	Streptomyces albogriseolus	3SSI	-	Coil	92.95	3.2	53.36	0.54	-	-	yes	7783217	calorimetry; protein stability; hydrophobicity;	J MOL BIOL 249, 646-653 (1995) PMID: 7783217	Tamura A, Sturtevant JM
17893	Subtilisin inhibitor	P01006	M104V (UniProt)	Streptomyces albogriseolus	3SSI	-	Coil	92.95	3.2	53.36	-0.46	-	-	yes	7783217	calorimetry; protein stability; hydrophobicity;	J MOL BIOL 249, 646-653 (1995) PMID: 7783217	Tamura A, Sturtevant JM
17894	Subtilisin inhibitor	P01006	M104L (UniProt)	Streptomyces albogriseolus	3SSI	-	Coil	92.95	3.2	53.36	-0.13	-	-	yes	7783217	calorimetry; protein stability; hydrophobicity;	J MOL BIOL 249, 646-653 (1995) PMID: 7783217	Tamura A, Sturtevant JM
17895	Subtilisin inhibitor	P01006	M104I (UniProt)	Streptomyces albogriseolus	3SSI	-	Coil	92.95	3.2	53.36	-0.73	-	-	yes	7783217	calorimetry; protein stability; hydrophobicity;	J MOL BIOL 249, 646-653 (1995) PMID: 7783217	Tamura A, Sturtevant JM
17896	Subtilisin inhibitor	P01006	M104K (UniProt)	Streptomyces albogriseolus	3SSI	-	Coil	92.95	7.0	53.36	0.35	-	-	yes	7783217	calorimetry; protein stability; hydrophobicity;	J MOL BIOL 249, 646-653 (1995) PMID: 7783217	Tamura A, Sturtevant JM
17897	Subtilisin inhibitor	P01006	M104D (UniProt)	Streptomyces albogriseolus	3SSI	-	Coil	92.95	7.0	53.36	1.6	-	-	yes	7783217	calorimetry; protein stability; hydrophobicity;	J MOL BIOL 249, 646-653 (1995) PMID: 7783217	Tamura A, Sturtevant JM
17898	Subtilisin inhibitor	P01006	M104E (UniProt)	Streptomyces albogriseolus	3SSI	-	Coil	92.95	7.0	53.36	1.05	-	-	yes	7783217	calorimetry; protein stability; hydrophobicity;	J MOL BIOL 249, 646-653 (1995) PMID: 7783217	Tamura A, Sturtevant JM
17899	Subtilisin inhibitor	P01006	M104G (UniProt)	Streptomyces albogriseolus	3SSI	-	Coil	92.95	7.0	53.36	-0.06	-	-	yes	7783217	calorimetry; protein stability; hydrophobicity;	J MOL BIOL 249, 646-653 (1995) PMID: 7783217	Tamura A, Sturtevant JM
17900	Subtilisin inhibitor	P01006	M104A (UniProt)	Streptomyces albogriseolus	3SSI	-	Coil	92.95	7.0	53.36	0.55	-	-	yes	7783217	calorimetry; protein stability; hydrophobicity;	J MOL BIOL 249, 646-653 (1995) PMID: 7783217	Tamura A, Sturtevant JM
17901	Subtilisin inhibitor	P01006	M104V (UniProt)	Streptomyces albogriseolus	3SSI	-	Coil	92.95	7.0	53.36	-0.66	-	-	yes	7783217	calorimetry; protein stability; hydrophobicity;	J MOL BIOL 249, 646-653 (1995) PMID: 7783217	Tamura A, Sturtevant JM
17902	Subtilisin inhibitor	P01006	M104L (UniProt)	Streptomyces albogriseolus	3SSI	-	Coil	92.95	7.0	53.36	-0.25	-	-	yes	7783217	calorimetry; protein stability; hydrophobicity;	J MOL BIOL 249, 646-653 (1995) PMID: 7783217	Tamura A, Sturtevant JM
17903	Subtilisin inhibitor	P01006	M104I (UniProt)	Streptomyces albogriseolus	3SSI	-	Coil	92.95	7.0	53.36	-0.94	-	-	yes	7783217	calorimetry; protein stability; hydrophobicity;	J MOL BIOL 249, 646-653 (1995) PMID: 7783217	Tamura A, Sturtevant JM
17904	Subtilisin inhibitor	P01006	M104K (UniProt)	Streptomyces albogriseolus	3SSI	-	Coil	92.95	9.5	53.36	0.05	-	-	yes	7783217	calorimetry; protein stability; hydrophobicity;	J MOL BIOL 249, 646-653 (1995) PMID: 7783217	Tamura A, Sturtevant JM
17905	Subtilisin inhibitor	P01006	M104D (UniProt)	Streptomyces albogriseolus	3SSI	-	Coil	92.95	9.5	53.36	1.25	-	-	yes	7783217	calorimetry; protein stability; hydrophobicity;	J MOL BIOL 249, 646-653 (1995) PMID: 7783217	Tamura A, Sturtevant JM
17906	Subtilisin inhibitor	P01006	M104E (UniProt)	Streptomyces albogriseolus	3SSI	-	Coil	92.95	9.5	53.36	0.56	-	-	yes	7783217	calorimetry; protein stability; hydrophobicity;	J MOL BIOL 249, 646-653 (1995) PMID: 7783217	Tamura A, Sturtevant JM
17907	Subtilisin inhibitor	P01006	M104G (UniProt)	Streptomyces albogriseolus	3SSI	-	Coil	92.95	9.5	53.36	-0.49	-	-	yes	7783217	calorimetry; protein stability; hydrophobicity;	J MOL BIOL 249, 646-653 (1995) PMID: 7783217	Tamura A, Sturtevant JM
17908	Subtilisin inhibitor	P01006	M104A (UniProt)	Streptomyces albogriseolus	3SSI	-	Coil	92.95	9.5	53.36	0.13	-	-	yes	7783217	calorimetry; protein stability; hydrophobicity;	J MOL BIOL 249, 646-653 (1995) PMID: 7783217	Tamura A, Sturtevant JM
17909	Subtilisin inhibitor	P01006	M104V (UniProt)	Streptomyces albogriseolus	3SSI	-	Coil	92.95	9.5	53.36	-0.95	-	-	yes	7783217	calorimetry; protein stability; hydrophobicity;	J MOL BIOL 249, 646-653 (1995) PMID: 7783217	Tamura A, Sturtevant JM
17910	Subtilisin inhibitor	P01006	M104L (UniProt)	Streptomyces albogriseolus	3SSI	-	Coil	92.95	9.5	53.36	-0.55	-	-	yes	7783217	calorimetry; protein stability; hydrophobicity;	J MOL BIOL 249, 646-653 (1995) PMID: 7783217	Tamura A, Sturtevant JM
17911	Subtilisin inhibitor	P01006	M104I (UniProt)	Streptomyces albogriseolus	3SSI	-	Coil	92.95	9.5	53.36	-1.28	-	-	yes	7783217	calorimetry; protein stability; hydrophobicity;	J MOL BIOL 249, 646-653 (1995) PMID: 7783217	Tamura A, Sturtevant JM
17913	Ribonuclease HI	P0A7Y4	D134N (PDB: D134N)	Escherichia coli (strain K12)	2RN2	D134N	Helix	38.86	5.5	53.1	0.89	-	-	yes	8125123	Escherichia coli ribonuclease HI; enzymic activity;	EUR J BIOCHEM 220, 623-631 (1994) PMID: 8125123	Haruki M, Noguchi E, Nakai C, Liu YY, Oobatake M, Itaya M, Kanaya S
17914	Ribonuclease HI	P0A7Y4	D134H (PDB: D134H)	Escherichia coli (strain K12)	2RN2	D134H	Helix	38.86	5.5	53.1	1.94	-	-	yes	8125123	Escherichia coli ribonuclease HI; enzymic activity;	EUR J BIOCHEM 220, 623-631 (1994) PMID: 8125123	Haruki M, Noguchi E, Nakai C, Liu YY, Oobatake M, Itaya M, Kanaya S
17915	Ribonuclease HI	P0A7Y4	D134E (PDB: D134E)	Escherichia coli (strain K12)	2RN2	D134E	Helix	38.86	5.5	53.1	0.86	-	-	yes	8125123	Escherichia coli ribonuclease HI; enzymic activity;	EUR J BIOCHEM 220, 623-631 (1994) PMID: 8125123	Haruki M, Noguchi E, Nakai C, Liu YY, Oobatake M, Itaya M, Kanaya S
17916	Ribonuclease HI	P0A7Y4	D134Q (PDB: D134Q)	Escherichia coli (strain K12)	2RN2	D134Q	Helix	38.86	5.5	53.1	1.32	-	-	yes	8125123	Escherichia coli ribonuclease HI; enzymic activity;	EUR J BIOCHEM 220, 623-631 (1994) PMID: 8125123	Haruki M, Noguchi E, Nakai C, Liu YY, Oobatake M, Itaya M, Kanaya S
17917	Ribonuclease HI	P0A7Y4	D134S (PDB: D134S)	Escherichia coli (strain K12)	2RN2	D134S	Helix	38.86	5.5	53.1	1.08	-	-	yes	8125123	Escherichia coli ribonuclease HI; enzymic activity;	EUR J BIOCHEM 220, 623-631 (1994) PMID: 8125123	Haruki M, Noguchi E, Nakai C, Liu YY, Oobatake M, Itaya M, Kanaya S
17918	Ribonuclease HI	P0A7Y4	D134T (PDB: D134T)	Escherichia coli (strain K12)	2RN2	D134T	Helix	38.86	5.5	53.1	1.08	-	-	yes	8125123	Escherichia coli ribonuclease HI; enzymic activity;	EUR J BIOCHEM 220, 623-631 (1994) PMID: 8125123	Haruki M, Noguchi E, Nakai C, Liu YY, Oobatake M, Itaya M, Kanaya S
17919	Ribonuclease HI	P0A7Y4	D134V (PDB: D134V)	Escherichia coli (strain K12)	2RN2	D134V	Helix	38.86	5.5	53.1	1.12	-	-	yes	8125123	Escherichia coli ribonuclease HI; enzymic activity;	EUR J BIOCHEM 220, 623-631 (1994) PMID: 8125123	Haruki M, Noguchi E, Nakai C, Liu YY, Oobatake M, Itaya M, Kanaya S
17920	Ribonuclease HI	P0A7Y4	D134I (PDB: D134I)	Escherichia coli (strain K12)	2RN2	D134I	Helix	38.86	5.5	53.1	1.27	-	-	yes	8125123	Escherichia coli ribonuclease HI; enzymic activity;	EUR J BIOCHEM 220, 623-631 (1994) PMID: 8125123	Haruki M, Noguchi E, Nakai C, Liu YY, Oobatake M, Itaya M, Kanaya S
17921	Ribonuclease HI	P0A7Y4	D134L (PDB: D134L)	Escherichia coli (strain K12)	2RN2	D134L	Helix	38.86	5.5	53.1	1.51	-	-	yes	8125123	Escherichia coli ribonuclease HI; enzymic activity;	EUR J BIOCHEM 220, 623-631 (1994) PMID: 8125123	Haruki M, Noguchi E, Nakai C, Liu YY, Oobatake M, Itaya M, Kanaya S
17922	Ribonuclease HI	P0A7Y4	D134A (PDB: D134A)	Escherichia coli (strain K12)	2RN2	D134A	Helix	38.86	5.5	53.1	1.51	-	-	yes	8125123	Escherichia coli ribonuclease HI; enzymic activity;	EUR J BIOCHEM 220, 623-631 (1994) PMID: 8125123	Haruki M, Noguchi E, Nakai C, Liu YY, Oobatake M, Itaya M, Kanaya S
17923	Lysozyme	P00720	V131A (PDB: V131A)	Enterobacteria phage T4 (Bacteriophage T4)	2LZM	V131A	Helix	58.56	3.01	53.08	0.26	-	-	yes	8289284	helix coil; hydrophobicity; entropy; helix structure;	J MOL BIOL 235, 600-624 (1994) PMID: 8289284	Blaber M, Zhang XJ, Lindstrom JD, Pepiot SD, Baase WA, Matthews BW
17924	Lysozyme	P00720	V131L (PDB: V131L)	Enterobacteria phage T4 (Bacteriophage T4)	2LZM	V131L	Helix	58.56	3.01	53.08	0.09	-	-	yes	8289284	helix coil; hydrophobicity; entropy; helix structure;	J MOL BIOL 235, 600-624 (1994) PMID: 8289284	Blaber M, Zhang XJ, Lindstrom JD, Pepiot SD, Baase WA, Matthews BW
17925	Lysozyme	P00720	V131M (PDB: V131M)	Enterobacteria phage T4 (Bacteriophage T4)	2LZM	V131M	Helix	58.56	3.01	53.08	0.12	-	-	yes	8289284	helix coil; hydrophobicity; entropy; helix structure;	J MOL BIOL 235, 600-624 (1994) PMID: 8289284	Blaber M, Zhang XJ, Lindstrom JD, Pepiot SD, Baase WA, Matthews BW
17926	Lysozyme	P00720	V131I (PDB: V131I)	Enterobacteria phage T4 (Bacteriophage T4)	2LZM	V131I	Helix	58.56	3.01	53.08	0.16	-	-	yes	8289284	helix coil; hydrophobicity; entropy; helix structure;	J MOL BIOL 235, 600-624 (1994) PMID: 8289284	Blaber M, Zhang XJ, Lindstrom JD, Pepiot SD, Baase WA, Matthews BW
17927	Lysozyme	P00720	V131T (PDB: V131T)	Enterobacteria phage T4 (Bacteriophage T4)	2LZM	V131T	Helix	58.56	3.01	53.08	-0.12	-	-	yes	8289284	helix coil; hydrophobicity; entropy; helix structure;	J MOL BIOL 235, 600-624 (1994) PMID: 8289284	Blaber M, Zhang XJ, Lindstrom JD, Pepiot SD, Baase WA, Matthews BW
17928	Lysozyme	P00720	V131E (PDB: V131E)	Enterobacteria phage T4 (Bacteriophage T4)	2LZM	V131E	Helix	58.56	3.01	53.08	0.2	-	-	yes	8289284	helix coil; hydrophobicity; entropy; helix structure;	J MOL BIOL 235, 600-624 (1994) PMID: 8289284	Blaber M, Zhang XJ, Lindstrom JD, Pepiot SD, Baase WA, Matthews BW
17929	Lysozyme	P00720	V131S (PDB: V131S)	Enterobacteria phage T4 (Bacteriophage T4)	2LZM	V131S	Helix	58.56	3.01	53.08	-0.05	-	-	yes	8289284	helix coil; hydrophobicity; entropy; helix structure;	J MOL BIOL 235, 600-624 (1994) PMID: 8289284	Blaber M, Zhang XJ, Lindstrom JD, Pepiot SD, Baase WA, Matthews BW
17930	Lysozyme	P00720	V131D (PDB: V131D)	Enterobacteria phage T4 (Bacteriophage T4)	2LZM	V131D	Helix	58.56	3.01	53.08	0.08	-	-	yes	8289284	helix coil; hydrophobicity; entropy; helix structure;	J MOL BIOL 235, 600-624 (1994) PMID: 8289284	Blaber M, Zhang XJ, Lindstrom JD, Pepiot SD, Baase WA, Matthews BW
17931	Lysozyme	P00720	V131G (PDB: V131G)	Enterobacteria phage T4 (Bacteriophage T4)	2LZM	V131G	Helix	58.56	3.01	53.08	-0.68	-	-	yes	8289284	helix coil; hydrophobicity; entropy; helix structure;	J MOL BIOL 235, 600-624 (1994) PMID: 8289284	Blaber M, Zhang XJ, Lindstrom JD, Pepiot SD, Baase WA, Matthews BW
17932	Ribonuclease HI	P0A7Y4	A52I (PDB: A52I)	Escherichia coli (strain K12)	2RN2	A52I	Helix	0.0	3.2	53	1.9	-	-	yes	9228039	Escherichia coli ribonuclease HI; thermal denaturation; hydrophobicity;	J BIOL CHEM 272, 18686-18693 (1997) PMID: 9228039	Akasako A, Haruki M, Oobatake M, Kanaya S
17933	Ribonuclease HI	P0A7Y4	A52V (PDB: A52V)	Escherichia coli (strain K12)	2RN2	A52V	Helix	0.0	3.2	53	1.7	-	-	yes	9228039	Escherichia coli ribonuclease HI; thermal denaturation; hydrophobicity;	J BIOL CHEM 272, 18686-18693 (1997) PMID: 9228039	Akasako A, Haruki M, Oobatake M, Kanaya S
17934	Ribonuclease HI	P0A7Y4	A52L (PDB: A52L)	Escherichia coli (strain K12)	2RN2	A52L	Helix	0.0	3.2	53	1.3	-	-	yes	9228039	Escherichia coli ribonuclease HI; thermal denaturation; hydrophobicity;	J BIOL CHEM 272, 18686-18693 (1997) PMID: 9228039	Akasako A, Haruki M, Oobatake M, Kanaya S
17935	Ribonuclease HI	P0A7Y4	A52C (PDB: A52C)	Escherichia coli (strain K12)	2RN2	A52C	Helix	0.0	3.2	53	0.8	-	-	yes	9228039	Escherichia coli ribonuclease HI; thermal denaturation; hydrophobicity;	J BIOL CHEM 272, 18686-18693 (1997) PMID: 9228039	Akasako A, Haruki M, Oobatake M, Kanaya S
17936	Ribonuclease HI	P0A7Y4	A52M (PDB: A52M)	Escherichia coli (strain K12)	2RN2	A52M	Helix	0.0	3.2	53	0.5	-	-	yes	9228039	Escherichia coli ribonuclease HI; thermal denaturation; hydrophobicity;	J BIOL CHEM 272, 18686-18693 (1997) PMID: 9228039	Akasako A, Haruki M, Oobatake M, Kanaya S
17937	Ribonuclease HI	P0A7Y4	A52F (PDB: A52F)	Escherichia coli (strain K12)	2RN2	A52F	Helix	0.0	3.2	53	0.5	-	-	yes	9228039	Escherichia coli ribonuclease HI; thermal denaturation; hydrophobicity;	J BIOL CHEM 272, 18686-18693 (1997) PMID: 9228039	Akasako A, Haruki M, Oobatake M, Kanaya S
17938	Ribonuclease HI	P0A7Y4	A52T (PDB: A52T)	Escherichia coli (strain K12)	2RN2	A52T	Helix	0.0	3.2	53	-0.8	-	-	yes	9228039	Escherichia coli ribonuclease HI; thermal denaturation; hydrophobicity;	J BIOL CHEM 272, 18686-18693 (1997) PMID: 9228039	Akasako A, Haruki M, Oobatake M, Kanaya S
17939	Ribonuclease HI	P0A7Y4	A52Q (PDB: A52Q)	Escherichia coli (strain K12)	2RN2	A52Q	Helix	0.0	3.2	53	-1.2	-	-	yes	9228039	Escherichia coli ribonuclease HI; thermal denaturation; hydrophobicity;	J BIOL CHEM 272, 18686-18693 (1997) PMID: 9228039	Akasako A, Haruki M, Oobatake M, Kanaya S
17940	Ribonuclease HI	P0A7Y4	A52E (PDB: A52E)	Escherichia coli (strain K12)	2RN2	A52E	Helix	0.0	3.2	53	-1.5	-	-	yes	9228039	Escherichia coli ribonuclease HI; thermal denaturation; hydrophobicity;	J BIOL CHEM 272, 18686-18693 (1997) PMID: 9228039	Akasako A, Haruki M, Oobatake M, Kanaya S
17941	Ribonuclease HI	P0A7Y4	A52P (PDB: A52P)	Escherichia coli (strain K12)	2RN2	A52P	Helix	0.0	3.2	53	-1.6	-	-	yes	9228039	Escherichia coli ribonuclease HI; thermal denaturation; hydrophobicity;	J BIOL CHEM 272, 18686-18693 (1997) PMID: 9228039	Akasako A, Haruki M, Oobatake M, Kanaya S
17942	Ribonuclease HI	P0A7Y4	A52S (PDB: A52S)	Escherichia coli (strain K12)	2RN2	A52S	Helix	0.0	3.2	53	-1.8	-	-	yes	9228039	Escherichia coli ribonuclease HI; thermal denaturation; hydrophobicity;	J BIOL CHEM 272, 18686-18693 (1997) PMID: 9228039	Akasako A, Haruki M, Oobatake M, Kanaya S
17943	Ribonuclease HI	P0A7Y4	A52N (PDB: A52N)	Escherichia coli (strain K12)	2RN2	A52N	Helix	0.0	3.2	53	-1.8	-	-	yes	9228039	Escherichia coli ribonuclease HI; thermal denaturation; hydrophobicity;	J BIOL CHEM 272, 18686-18693 (1997) PMID: 9228039	Akasako A, Haruki M, Oobatake M, Kanaya S
17944	Ribonuclease HI	P0A7Y4	A52D (PDB: A52D)	Escherichia coli (strain K12)	2RN2	A52D	Helix	0.0	3.2	53	-1.9	-	-	yes	9228039	Escherichia coli ribonuclease HI; thermal denaturation; hydrophobicity;	J BIOL CHEM 272, 18686-18693 (1997) PMID: 9228039	Akasako A, Haruki M, Oobatake M, Kanaya S
17945	Ribonuclease HI	P0A7Y4	A52Y (PDB: A52Y)	Escherichia coli (strain K12)	2RN2	A52Y	Helix	0.0	3.2	53	-2.3	-	-	yes	9228039	Escherichia coli ribonuclease HI; thermal denaturation; hydrophobicity;	J BIOL CHEM 272, 18686-18693 (1997) PMID: 9228039	Akasako A, Haruki M, Oobatake M, Kanaya S
17946	Ribonuclease HI	P0A7Y4	A52G (PDB: A52G)	Escherichia coli (strain K12)	2RN2	A52G	Helix	0.0	3.2	53	-2.7	-	-	yes	9228039	Escherichia coli ribonuclease HI; thermal denaturation; hydrophobicity;	J BIOL CHEM 272, 18686-18693 (1997) PMID: 9228039	Akasako A, Haruki M, Oobatake M, Kanaya S
17947	Ribonuclease HI	P0A7Y4	A52H (PDB: A52H)	Escherichia coli (strain K12)	2RN2	A52H	Helix	0.0	3.2	53	-3.6	-	-	yes	9228039	Escherichia coli ribonuclease HI; thermal denaturation; hydrophobicity;	J BIOL CHEM 272, 18686-18693 (1997) PMID: 9228039	Akasako A, Haruki M, Oobatake M, Kanaya S
17948	Ribonuclease HI	P0A7Y4	A52K (PDB: A52K)	Escherichia coli (strain K12)	2RN2	A52K	Helix	0.0	3.2	53	-5.9	-	-	yes	9228039	Escherichia coli ribonuclease HI; thermal denaturation; hydrophobicity;	J BIOL CHEM 272, 18686-18693 (1997) PMID: 9228039	Akasako A, Haruki M, Oobatake M, Kanaya S
17958	Lysozyme	P00720	L39A (PDB: L39A)	Enterobacteria phage T4 (Bacteriophage T4)	2LZM	L39A	Helix	39.32	5.45	53	-0.9	-	-	Unknown	8114100	insertions; protein evolution; lysozyme; protein flexibility	J MOL BIOL 236, 869-886 (1994) PMID: 8114100	Heinz DW, Baase WA, Zhang XJ, Blaber M, Dahlquist FW, Matthews BW
17959	Lysozyme	P00720	N40A (PDB: N40A)	Enterobacteria phage T4 (Bacteriophage T4)	2LZM	N40A	Helix	86.75	5.45	53	0.2	-	-	Unknown	8114100	insertions; protein evolution; lysozyme; protein flexibility	J MOL BIOL 236, 869-886 (1994) PMID: 8114100	Heinz DW, Baase WA, Zhang XJ, Blaber M, Dahlquist FW, Matthews BW
17960	Lysozyme	P00720	A42K (PDB: A42K)	Enterobacteria phage T4 (Bacteriophage T4)	2LZM	A42K	Helix	0.0	5.45	53	-3.7	-	-	Unknown	8114100	insertions; protein evolution; lysozyme; protein flexibility	J MOL BIOL 236, 869-886 (1994) PMID: 8114100	Heinz DW, Baase WA, Zhang XJ, Blaber M, Dahlquist FW, Matthews BW
17961	Lysozyme	P00720	K43A (PDB: K43A)	Enterobacteria phage T4 (Bacteriophage T4)	2LZM	K43A	Helix	21.39	5.45	53	-1.1	-	-	Unknown	8114100	insertions; protein evolution; lysozyme; protein flexibility	J MOL BIOL 236, 869-886 (1994) PMID: 8114100	Heinz DW, Baase WA, Zhang XJ, Blaber M, Dahlquist FW, Matthews BW
17962	Lysozyme	P00720	L46A (PDB: L46A)	Enterobacteria phage T4 (Bacteriophage T4)	2LZM	L46A	Helix	0.0	5.45	53	-2.1	-	-	Unknown	8114100	insertions; protein evolution; lysozyme; protein flexibility	J MOL BIOL 236, 869-886 (1994) PMID: 8114100	Heinz DW, Baase WA, Zhang XJ, Blaber M, Dahlquist FW, Matthews BW
17966	Ribonuclease HI	P0A7Y4	G23A (PDB: G23A)	Escherichia coli (strain K12)	2RN2	G23A	Helix	0.0	5.5	52.7	0.5	-	-	yes	7929430	Escherichia coli ribonuclease HI; thermostability ;	J BIOL CHEM 269, 26904-26911 (1994) PMID: 7929430	Haruki M, Noguchi E, Akasako A, Oobatake M, Itaya M, Kanaya S
17967	Ribonuclease HI	P0A7Y4	A24V (PDB: A24V)	Escherichia coli (strain K12)	2RN2	A24V	Sheet	0.0	5.5	52.7	0.88	-	-	yes	7929430	Escherichia coli ribonuclease HI; thermostability ;	J BIOL CHEM 269, 26904-26911 (1994) PMID: 7929430	Haruki M, Noguchi E, Akasako A, Oobatake M, Itaya M, Kanaya S
17968	Ribonuclease HI	P0A7Y4	H62R (PDB: H62R)	Escherichia coli (strain K12)	2RN2	H62R	Helix	74.77	5.5	52.7	0.36	-	-	yes	7929430	Escherichia coli ribonuclease HI; thermostability ;	J BIOL CHEM 269, 26904-26911 (1994) PMID: 7929430	Haruki M, Noguchi E, Akasako A, Oobatake M, Itaya M, Kanaya S
17969	Ribonuclease HI	P0A7Y4	H62P (PDB: H62P)	Escherichia coli (strain K12)	2RN2	H62P	Helix	74.77	5.5	52.7	1.1	-	-	yes	7929430	Escherichia coli ribonuclease HI; thermostability ;	J BIOL CHEM 269, 26904-26911 (1994) PMID: 7929430	Haruki M, Noguchi E, Akasako A, Oobatake M, Itaya M, Kanaya S
17971	Ribonuclease HI	P0A7Y4	H62D (PDB: H62D)	Escherichia coli (strain K12)	2RN2	H62D	Helix	74.77	5.5	52.7	-0.17	-	-	yes	7929430	Escherichia coli ribonuclease HI; thermostability ;	J BIOL CHEM 269, 26904-26911 (1994) PMID: 7929430	Haruki M, Noguchi E, Akasako A, Oobatake M, Itaya M, Kanaya S
17972	Ribonuclease HI	P0A7Y4	K117R (PDB: K117R)	Escherichia coli (strain K12)	2RN2	K117R	Sheet	54.45	5.5	52.7	0.03	-	-	yes	7929430	Escherichia coli ribonuclease HI; thermostability ;	J BIOL CHEM 269, 26904-26911 (1994) PMID: 7929430	Haruki M, Noguchi E, Akasako A, Oobatake M, Itaya M, Kanaya S
17973	Ribonuclease HI	P0A7Y4	E119V (PDB: E119V)	Escherichia coli (strain K12)	2RN2	E119V	Sheet	36.63	5.5	52.7	0.74	-	-	yes	7929430	Escherichia coli ribonuclease HI; thermostability ;	J BIOL CHEM 269, 26904-26911 (1994) PMID: 7929430	Haruki M, Noguchi E, Akasako A, Oobatake M, Itaya M, Kanaya S
17976	Ribonuclease HI	P0A7Y4	R41C (PDB: R41C)	Escherichia coli (strain K12)	2RN2	R41C	Coil	54.15	5.5	52.7	0.44	-	-	yes	7929430	Escherichia coli ribonuclease HI; thermostability ;	J BIOL CHEM 269, 26904-26911 (1994) PMID: 7929430	Haruki M, Noguchi E, Akasako A, Oobatake M, Itaya M, Kanaya S
17977	Ribonuclease HI	P0A7Y4	K95N (PDB: K95N)	Escherichia coli (strain K12)	2RN2	K95N	Turn	68.06	5.5	52.7	0.88	-	-	yes	7929430	Escherichia coli ribonuclease HI; thermostability ;	J BIOL CHEM 269, 26904-26911 (1994) PMID: 7929430	Haruki M, Noguchi E, Akasako A, Oobatake M, Itaya M, Kanaya S
17978	Ribonuclease HI	P0A7Y4	E135K (PDB: E135K)	Escherichia coli (strain K12)	2RN2	E135K	Sheet	70.41	5.5	52.7	-0.22	-	-	yes	7929430	Escherichia coli ribonuclease HI; thermostability ;	J BIOL CHEM 269, 26904-26911 (1994) PMID: 7929430	Haruki M, Noguchi E, Akasako A, Oobatake M, Itaya M, Kanaya S
17979	Lysozyme	P00720	T115E (PDB: T115E)	Enterobacteria phage T4 (Bacteriophage T4)	2LZM	T115E	Turn	63.45	3.0	52.6	-0.2	-	-	yes	1854726	salt bridges; T4 lysozyme; electrostatic interactions;	BIOCHEMISTRY 30, 7142-7153 (1991) PMID: 1854726	Dao-pin S., Sauer U., Nicholson H. & Matthews B.W.
17980	Ribonuclease Sa	P05798	D79F (PDB: D79F)	Kitasatospora aureofaciens (Streptomyces aureofaciens)	1RGG	D79F	Sheet	11.1	7.0	52.6	3	-	-	Unknown	16288913	protein stability; buried carboxyl group; pK; hydrogen bonds; ion pair	J MOL BIOL 354, 967-978 (2005) PMID: 16288913	Trevino SR, Gokulan K, Newsom S, Thurlkill RL, Shaw KL, Mitkevich VA, Makarov AA, Sacchettini JC, Scholtz JM, Pace CN.
17981	Ribonuclease Sa	P05798	D79Y (PDB: D79Y)	Kitasatospora aureofaciens (Streptomyces aureofaciens)	1RGG	D79Y	Sheet	11.1	7.0	52.6	2.9	-	-	Unknown	16288913	protein stability; buried carboxyl group; pK; hydrogen bonds; ion pair	J MOL BIOL 354, 967-978 (2005) PMID: 16288913	Trevino SR, Gokulan K, Newsom S, Thurlkill RL, Shaw KL, Mitkevich VA, Makarov AA, Sacchettini JC, Scholtz JM, Pace CN.
17982	Ribonuclease Sa	P05798	D79A (PDB: D79A)	Kitasatospora aureofaciens (Streptomyces aureofaciens)	1RGG	D79A	Sheet	11.1	7.0	52.6	2.8	-	-	Unknown	16288913	protein stability; buried carboxyl group; pK; hydrogen bonds; ion pair	J MOL BIOL 354, 967-978 (2005) PMID: 16288913	Trevino SR, Gokulan K, Newsom S, Thurlkill RL, Shaw KL, Mitkevich VA, Makarov AA, Sacchettini JC, Scholtz JM, Pace CN.
17983	Ribonuclease Sa	P05798	D79I (PDB: D79I)	Kitasatospora aureofaciens (Streptomyces aureofaciens)	1RGG	D79I	Sheet	11.1	7.0	52.6	2.9	-	-	Unknown	16288913	protein stability; buried carboxyl group; pK; hydrogen bonds; ion pair	J MOL BIOL 354, 967-978 (2005) PMID: 16288913	Trevino SR, Gokulan K, Newsom S, Thurlkill RL, Shaw KL, Mitkevich VA, Makarov AA, Sacchettini JC, Scholtz JM, Pace CN.
17984	Ribonuclease Sa	P05798	D79R (PDB: D79R)	Kitasatospora aureofaciens (Streptomyces aureofaciens)	1RGG	D79R	Sheet	11.1	7.0	52.6	2.7	-	-	Unknown	16288913	protein stability; buried carboxyl group; pK; hydrogen bonds; ion pair	J MOL BIOL 354, 967-978 (2005) PMID: 16288913	Trevino SR, Gokulan K, Newsom S, Thurlkill RL, Shaw KL, Mitkevich VA, Makarov AA, Sacchettini JC, Scholtz JM, Pace CN.
17985	Ribonuclease Sa	P05798	D79L (PDB: D79L)	Kitasatospora aureofaciens (Streptomyces aureofaciens)	1RGG	D79L	Sheet	11.1	7.0	52.6	2.7	-	-	Unknown	16288913	protein stability; buried carboxyl group; pK; hydrogen bonds; ion pair	J MOL BIOL 354, 967-978 (2005) PMID: 16288913	Trevino SR, Gokulan K, Newsom S, Thurlkill RL, Shaw KL, Mitkevich VA, Makarov AA, Sacchettini JC, Scholtz JM, Pace CN.
17986	Ribonuclease Sa	P05798	D79K (PDB: D79K)	Kitasatospora aureofaciens (Streptomyces aureofaciens)	1RGG	D79K	Sheet	11.1	7.0	52.6	2.3	-	-	Unknown	16288913	protein stability; buried carboxyl group; pK; hydrogen bonds; ion pair	J MOL BIOL 354, 967-978 (2005) PMID: 16288913	Trevino SR, Gokulan K, Newsom S, Thurlkill RL, Shaw KL, Mitkevich VA, Makarov AA, Sacchettini JC, Scholtz JM, Pace CN.
17987	Ribonuclease Sa	P05798	D79W (PDB: D79W)	Kitasatospora aureofaciens (Streptomyces aureofaciens)	1RGG	D79W	Sheet	11.1	7.0	52.6	2.3	-	-	Unknown	16288913	protein stability; buried carboxyl group; pK; hydrogen bonds; ion pair	J MOL BIOL 354, 967-978 (2005) PMID: 16288913	Trevino SR, Gokulan K, Newsom S, Thurlkill RL, Shaw KL, Mitkevich VA, Makarov AA, Sacchettini JC, Scholtz JM, Pace CN.
17988	Ribonuclease Sa	P05798	D79H (PDB: D79H)	Kitasatospora aureofaciens (Streptomyces aureofaciens)	1RGG	D79H	Sheet	11.1	7.0	52.6	1.8	-	-	Unknown	16288913	protein stability; buried carboxyl group; pK; hydrogen bonds; ion pair	J MOL BIOL 354, 967-978 (2005) PMID: 16288913	Trevino SR, Gokulan K, Newsom S, Thurlkill RL, Shaw KL, Mitkevich VA, Makarov AA, Sacchettini JC, Scholtz JM, Pace CN.
17989	Ribonuclease Sa	P05798	D79N (PDB: D79N)	Kitasatospora aureofaciens (Streptomyces aureofaciens)	1RGG	D79N	Sheet	11.1	7.0	52.6	1.8	-	-	Unknown	16288913	protein stability; buried carboxyl group; pK; hydrogen bonds; ion pair	J MOL BIOL 354, 967-978 (2005) PMID: 16288913	Trevino SR, Gokulan K, Newsom S, Thurlkill RL, Shaw KL, Mitkevich VA, Makarov AA, Sacchettini JC, Scholtz JM, Pace CN.
17990	Ribonuclease Sa	P05798	D79E (PDB: D79E)	Kitasatospora aureofaciens (Streptomyces aureofaciens)	1RGG	D79E	Sheet	11.1	7.0	52.6	-0.3	-	-	Unknown	16288913	protein stability; buried carboxyl group; pK; hydrogen bonds; ion pair	J MOL BIOL 354, 967-978 (2005) PMID: 16288913	Trevino SR, Gokulan K, Newsom S, Thurlkill RL, Shaw KL, Mitkevich VA, Makarov AA, Sacchettini JC, Scholtz JM, Pace CN.
17991	Ribonuclease Sa	P05798	Q94K (PDB: Q94K)	Kitasatospora aureofaciens (Streptomyces aureofaciens)	1RGG	Q94K	Coil	39.75	7.0	52.6	0.3	-	-	Unknown	16288913	protein stability; buried carboxyl group; pK; hydrogen bonds; ion pair	J MOL BIOL 354, 967-978 (2005) PMID: 16288913	Trevino SR, Gokulan K, Newsom S, Thurlkill RL, Shaw KL, Mitkevich VA, Makarov AA, Sacchettini JC, Scholtz JM, Pace CN.
17992	Ribonuclease Sa	P05798	D33A (PDB: D33A)	Kitasatospora aureofaciens (Streptomyces aureofaciens)	1RGG	D33A	Turn	11.8	7.0	52.6	-6.2	-	-	Unknown	16288913	protein stability; buried carboxyl group; pK; hydrogen bonds; ion pair	J MOL BIOL 354, 967-978 (2005) PMID: 16288913	Trevino SR, Gokulan K, Newsom S, Thurlkill RL, Shaw KL, Mitkevich VA, Makarov AA, Sacchettini JC, Scholtz JM, Pace CN.
17993	Ribonuclease Sa	P05798	D79F (PDB: D79F)	Kitasatospora aureofaciens (Streptomyces aureofaciens)	1RGG	D79F	Sheet	11.1	7.0	52.6	3	-	-	Unknown	16288913	protein stability; buried carboxyl group; pK; hydrogen bonds; ion pair	J MOL BIOL 354, 967-978 (2005) PMID: 16288913	Trevino SR, Gokulan K, Newsom S, Thurlkill RL, Shaw KL, Mitkevich VA, Makarov AA, Sacchettini JC, Scholtz JM, Pace CN.
17994	Ribonuclease Sa	P05798	D79A (PDB: D79A)	Kitasatospora aureofaciens (Streptomyces aureofaciens)	1RGG	D79A	Sheet	11.1	7.0	52.6	2.7	-	-	Unknown	16288913	protein stability; buried carboxyl group; pK; hydrogen bonds; ion pair	J MOL BIOL 354, 967-978 (2005) PMID: 16288913	Trevino SR, Gokulan K, Newsom S, Thurlkill RL, Shaw KL, Mitkevich VA, Makarov AA, Sacchettini JC, Scholtz JM, Pace CN.
17995	Ribonuclease Sa	P05798	D79I (PDB: D79I)	Kitasatospora aureofaciens (Streptomyces aureofaciens)	1RGG	D79I	Sheet	11.1	7.0	52.6	2.8	-	-	Unknown	16288913	protein stability; buried carboxyl group; pK; hydrogen bonds; ion pair	J MOL BIOL 354, 967-978 (2005) PMID: 16288913	Trevino SR, Gokulan K, Newsom S, Thurlkill RL, Shaw KL, Mitkevich VA, Makarov AA, Sacchettini JC, Scholtz JM, Pace CN.
17996	Ribonuclease Sa	P05798	D79R (PDB: D79R)	Kitasatospora aureofaciens (Streptomyces aureofaciens)	1RGG	D79R	Sheet	11.1	7.0	52.6	2.7	-	-	Unknown	16288913	protein stability; buried carboxyl group; pK; hydrogen bonds; ion pair	J MOL BIOL 354, 967-978 (2005) PMID: 16288913	Trevino SR, Gokulan K, Newsom S, Thurlkill RL, Shaw KL, Mitkevich VA, Makarov AA, Sacchettini JC, Scholtz JM, Pace CN.
17997	Ribonuclease Sa	P05798	D79L (PDB: D79L)	Kitasatospora aureofaciens (Streptomyces aureofaciens)	1RGG	D79L	Sheet	11.1	7.0	52.6	2.7	-	-	Unknown	16288913	protein stability; buried carboxyl group; pK; hydrogen bonds; ion pair	J MOL BIOL 354, 967-978 (2005) PMID: 16288913	Trevino SR, Gokulan K, Newsom S, Thurlkill RL, Shaw KL, Mitkevich VA, Makarov AA, Sacchettini JC, Scholtz JM, Pace CN.
17998	Ribonuclease Sa	P05798	D79K (PDB: D79K)	Kitasatospora aureofaciens (Streptomyces aureofaciens)	1RGG	D79K	Sheet	11.1	7.0	52.6	2.3	-	-	Unknown	16288913	protein stability; buried carboxyl group; pK; hydrogen bonds; ion pair	J MOL BIOL 354, 967-978 (2005) PMID: 16288913	Trevino SR, Gokulan K, Newsom S, Thurlkill RL, Shaw KL, Mitkevich VA, Makarov AA, Sacchettini JC, Scholtz JM, Pace CN.
17999	Ribonuclease Sa	P05798	D79W (PDB: D79W)	Kitasatospora aureofaciens (Streptomyces aureofaciens)	1RGG	D79W	Sheet	11.1	7.0	52.6	2.3	-	-	Unknown	16288913	protein stability; buried carboxyl group; pK; hydrogen bonds; ion pair	J MOL BIOL 354, 967-978 (2005) PMID: 16288913	Trevino SR, Gokulan K, Newsom S, Thurlkill RL, Shaw KL, Mitkevich VA, Makarov AA, Sacchettini JC, Scholtz JM, Pace CN.
18000	Ribonuclease Sa	P05798	D79H (PDB: D79H)	Kitasatospora aureofaciens (Streptomyces aureofaciens)	1RGG	D79H	Sheet	11.1	7.0	52.6	1.8	-	-	Unknown	16288913	protein stability; buried carboxyl group; pK; hydrogen bonds; ion pair	J MOL BIOL 354, 967-978 (2005) PMID: 16288913	Trevino SR, Gokulan K, Newsom S, Thurlkill RL, Shaw KL, Mitkevich VA, Makarov AA, Sacchettini JC, Scholtz JM, Pace CN.
18001	Ribonuclease Sa	P05798	D79N (PDB: D79N)	Kitasatospora aureofaciens (Streptomyces aureofaciens)	1RGG	D79N	Sheet	11.1	7.0	52.6	1.8	-	-	Unknown	16288913	protein stability; buried carboxyl group; pK; hydrogen bonds; ion pair	J MOL BIOL 354, 967-978 (2005) PMID: 16288913	Trevino SR, Gokulan K, Newsom S, Thurlkill RL, Shaw KL, Mitkevich VA, Makarov AA, Sacchettini JC, Scholtz JM, Pace CN.
18002	Ribonuclease Sa	P05798	D79E (PDB: D79E)	Kitasatospora aureofaciens (Streptomyces aureofaciens)	1RGG	D79E	Sheet	11.1	7.0	52.6	-0.3	-	-	Unknown	16288913	protein stability; buried carboxyl group; pK; hydrogen bonds; ion pair	J MOL BIOL 354, 967-978 (2005) PMID: 16288913	Trevino SR, Gokulan K, Newsom S, Thurlkill RL, Shaw KL, Mitkevich VA, Makarov AA, Sacchettini JC, Scholtz JM, Pace CN.
18003	Ribonuclease Sa	P05798	D33A (PDB: D33A)	Kitasatospora aureofaciens (Streptomyces aureofaciens)	1RGG	D33A	Turn	11.8	7.0	52.6	-6	-	-	Unknown	16288913	protein stability; buried carboxyl group; pK; hydrogen bonds; ion pair	J MOL BIOL 354, 967-978 (2005) PMID: 16288913	Trevino SR, Gokulan K, Newsom S, Thurlkill RL, Shaw KL, Mitkevich VA, Makarov AA, Sacchettini JC, Scholtz JM, Pace CN.
18004	Ribonuclease HI	P0A7Y4	G23A (PDB: G23A)	Escherichia coli (strain K12)	2RN2	G23A	Helix	0.0	5.5	52.5	0.5	-	-	yes	7794925	Escherichia coli ribonuclease HI; thermal denaturation;	BIOCHEMISTRY 34, 8115-8122 (1995) PMID: 7794925	Akasako A, Haruki M, Oobatake M, Kanaya S
18005	Ribonuclease HI	P0A7Y4	H62P (PDB: H62P)	Escherichia coli (strain K12)	2RN2	H62P	Helix	74.77	5.5	52.5	1.1	-	-	yes	7794925	Escherichia coli ribonuclease HI; thermal denaturation;	BIOCHEMISTRY 34, 8115-8122 (1995) PMID: 7794925	Akasako A, Haruki M, Oobatake M, Kanaya S
18006	Ribonuclease HI	P0A7Y4	V74L (PDB: V74L)	Escherichia coli (strain K12)	2RN2	V74L	Helix	0.65	5.5	52.5	0.9	-	-	yes	7794925	Escherichia coli ribonuclease HI; thermal denaturation;	BIOCHEMISTRY 34, 8115-8122 (1995) PMID: 7794925	Akasako A, Haruki M, Oobatake M, Kanaya S
18007	Ribonuclease HI	P0A7Y4	D134H (PDB: D134H)	Escherichia coli (strain K12)	2RN2	D134H	Helix	38.86	5.5	52.5	1.9	-	-	yes	7794925	Escherichia coli ribonuclease HI; thermal denaturation;	BIOCHEMISTRY 34, 8115-8122 (1995) PMID: 7794925	Akasako A, Haruki M, Oobatake M, Kanaya S
18008	Chitosanase	P33665	W68F (PDB: W28F)	Streptomyces sp. (strain N174)	1CHK	W28F	Helix	11.23	7.0	52.2	-1.76	-	3	yes(77%)	9989221	chitosanase; tryptophan residue; site-directed mutagenesis;	BIOCHIM BIOPHYS ACTA 1429, 365-376 (1999); doi:10.1016/S0167-4838(98)00243-X PMID: 9989221	Honda Y, Fukamizo T, Okajima T, Goto S, Boucher I, Brzezinski R
18009	Chitosanase	P33665	W141F (PDB: W101F)	Streptomyces sp. (strain N174)	1CHK	W101F	Helix	0.0	7.0	52.2	-1.89	-	3	yes(79%)	9989221	chitosanase; tryptophan residue; site-directed mutagenesis;	BIOCHIM BIOPHYS ACTA 1429, 365-376 (1999); doi:10.1016/S0167-4838(98)00243-X PMID: 9989221	Honda Y, Fukamizo T, Okajima T, Goto S, Boucher I, Brzezinski R
18010	Chitosanase	P33665	W267F (PDB: W227F)	Streptomyces sp. (strain N174)	1CHK	W227F	Sheet	0.0	7.0	52.2	-1.31	-	3	yes(79%)	9989221	chitosanase; tryptophan residue; site-directed mutagenesis;	BIOCHIM BIOPHYS ACTA 1429, 365-376 (1999); doi:10.1016/S0167-4838(98)00243-X PMID: 9989221	Honda Y, Fukamizo T, Okajima T, Goto S, Boucher I, Brzezinski R
18012	Lysozyme	P00720	L133F (PDB: L133F)	Enterobacteria phage T4 (Bacteriophage T4)	2LZM	L133F	Helix	0.55	2.86	52.1	-0.3	-	-	yes	2682639	bacteriophage T4; hydrophobicity; protein folding;	PROC NATL ACAD SCI U S A 86, 8237-8241 (1989) PMID: 2682639	Karpusas M., Baase W.A., Matsumura M. & Matthews B.W.
18013	Lysozyme	P00720	A129V (PDB: A129V)	Enterobacteria phage T4 (Bacteriophage T4)	2LZM	A129V	Helix	0.0	2.8	52.1	-0.7	-	-	yes	2682639	bacteriophage T4; hydrophobicity; protein folding;	PROC NATL ACAD SCI U S A 86, 8237-8241 (1989) PMID: 2682639	Karpusas M., Baase W.A., Matsumura M. & Matthews B.W.
18014	Ribonuclease HI	P0A7Y4	H62P (PDB: H62P)	Escherichia coli (strain K12)	2RN2	H62P	Helix	74.77	5.5	52	1.1	-	-	yes	1328237	Escherichia coli ribonuclease HI; thermophilic; thermostability;	J BIOL CHEM 267, 21535-21542 (1992) PMID: 1328237	Kimura S., Nakamura H., Hashimoto T., Oobatake M. & Kanaya S.
18015	Ribonuclease HI	P0A7Y4	Q113P (PDB: Q113P)	Escherichia coli (strain K12)	2RN2	Q113P	Helix	59.91	5.5	52	-0.6	-	-	yes	1328237	Escherichia coli ribonuclease HI; thermophilic; thermostability;	J BIOL CHEM 267, 21535-21542 (1992) PMID: 1328237	Kimura S., Nakamura H., Hashimoto T., Oobatake M. & Kanaya S.
18018	Ribonuclease HI	P0A7Y4	A125T (PDB: A125T)	Escherichia coli (strain K12)	2RN2	A125T	Turn	58.98	5.5	52	0	-	-	yes	1328237	Escherichia coli ribonuclease HI; thermophilic; thermostability;	J BIOL CHEM 267, 21535-21542 (1992) PMID: 1328237	Kimura S., Nakamura H., Hashimoto T., Oobatake M. & Kanaya S.
18019	Ribonuclease HI	P0A7Y4	V74L (PDB: V74L)	Escherichia coli (strain K12)	2RN2	V74L	Helix	0.65	5.5	52	0.9	-	-	yes	3191114	Escherichia coli ribonuclease HI; hydrophobic core;	BIOCHEMISTRY 32, 6171-6178 (1993) PMID: 3191114	Ishikawa K., Nakamura H., Morikawa K. & Kanaya S.
18020	Ribonuclease HI	P0A7Y4	V74I (PDB: V74I)	Escherichia coli (strain K12)	2RN2	V74I	Helix	0.65	5.5	52	0.6	-	-	yes	3191114	Escherichia coli ribonuclease HI; hydrophobic core;	BIOCHEMISTRY 32, 6171-6178 (1993) PMID: 3191114	Ishikawa K., Nakamura H., Morikawa K. & Kanaya S.
18021	Ribonuclease HI	P0A7Y4	V74A (PDB: V74A)	Escherichia coli (strain K12)	2RN2	V74A	Helix	0.65	5.5	52	-3.4	-	-	yes	3191114	Escherichia coli ribonuclease HI; hydrophobic core;	BIOCHEMISTRY 32, 6171-6178 (1993) PMID: 3191114	Ishikawa K., Nakamura H., Morikawa K. & Kanaya S.
18022	Peripheral subunit binding protein domain	P11961	V129A (PDB: V129A)	Bacillus stearothermophilus	3DV0	V129A	Coil	25.63	5.5	52	-0.7	-	-	Yes	15769475	fast folding; molecular dynamics; transition state; folding pathway; temperature-jump	J MOL BIOL 347, 855-870 (2005) PMID: 15769475	Ferguson N, Day R, Johnson CM, Allen MD, Daggett V, Fersht AR.
18023	Peripheral subunit binding protein domain	P11961	V129G (PDB: V129G)	Bacillus stearothermophilus	3DV0	V129G	Coil	25.63	5.5	52	-1	-	-	Yes	15769475	fast folding; molecular dynamics; transition state; folding pathway; temperature-jump	J MOL BIOL 347, 855-870 (2005) PMID: 15769475	Ferguson N, Day R, Johnson CM, Allen MD, Daggett V, Fersht AR.
18024	Peripheral subunit binding protein domain	P11961	I130V (PDB: I130V)	Bacillus stearothermophilus	3DV0	I130V	Coil	36.38	5.5	52	-0.2	-	-	Yes	15769475	fast folding; molecular dynamics; transition state; folding pathway; temperature-jump	J MOL BIOL 347, 855-870 (2005) PMID: 15769475	Ferguson N, Day R, Johnson CM, Allen MD, Daggett V, Fersht AR.
18025	Peripheral subunit binding protein domain	P11961	I130A (PDB: I130A)	Bacillus stearothermophilus	3DV0	I130A	Coil	36.38	5.5	52	-0.7	-	-	Yes	15769475	fast folding; molecular dynamics; transition state; folding pathway; temperature-jump	J MOL BIOL 347, 855-870 (2005) PMID: 15769475	Ferguson N, Day R, Johnson CM, Allen MD, Daggett V, Fersht AR.
18026	Peripheral subunit binding protein domain	P11961	I130G (PDB: I130G)	Bacillus stearothermophilus	3DV0	I130G	Coil	36.38	5.5	52	-1.4	-	-	Yes	15769475	fast folding; molecular dynamics; transition state; folding pathway; temperature-jump	J MOL BIOL 347, 855-870 (2005) PMID: 15769475	Ferguson N, Day R, Johnson CM, Allen MD, Daggett V, Fersht AR.
18027	Peripheral subunit binding protein domain	P11961	A131G (PDB: A131G)	Bacillus stearothermophilus	3DV0	A131G	Sheet	12.07	5.5	52	-1.7	-	-	Yes	15769475	fast folding; molecular dynamics; transition state; folding pathway; temperature-jump	J MOL BIOL 347, 855-870 (2005) PMID: 15769475	Ferguson N, Day R, Johnson CM, Allen MD, Daggett V, Fersht AR.
18028	Peripheral subunit binding protein domain	P11961	V135A (UniProt)	Bacillus stearothermophilus	3DV0	-	Helix	0.85	5.5	52	-1.5	-	-	Yes	15769475	fast folding; molecular dynamics; transition state; folding pathway; temperature-jump	J MOL BIOL 347, 855-870 (2005) PMID: 15769475	Ferguson N, Day R, Johnson CM, Allen MD, Daggett V, Fersht AR.
18029	Peripheral subunit binding protein domain	P11961	Y138F (PDB: Y138F)	Bacillus stearothermophilus	3DV0	Y138F	Helix	18.53	5.5	52	-2	-	-	Yes	15769475	fast folding; molecular dynamics; transition state; folding pathway; temperature-jump	J MOL BIOL 347, 855-870 (2005) PMID: 15769475	Ferguson N, Day R, Johnson CM, Allen MD, Daggett V, Fersht AR.
18030	Peripheral subunit binding protein domain	P11961	A139G (PDB: A139G)	Bacillus stearothermophilus	3DV0	A139G	Helix	0.64	5.5	52	-2.3	-	-	Yes	15769475	fast folding; molecular dynamics; transition state; folding pathway; temperature-jump	J MOL BIOL 347, 855-870 (2005) PMID: 15769475	Ferguson N, Day R, Johnson CM, Allen MD, Daggett V, Fersht AR.
18031	Peripheral subunit binding protein domain	P11961	E141Q (PDB: E141Q)	Bacillus stearothermophilus	3DV0	E141Q	Helix	69.15	5.5	52	-0.4	-	-	Yes	15769475	fast folding; molecular dynamics; transition state; folding pathway; temperature-jump	J MOL BIOL 347, 855-870 (2005) PMID: 15769475	Ferguson N, Day R, Johnson CM, Allen MD, Daggett V, Fersht AR.
18032	Peripheral subunit binding protein domain	P11961	E141A (PDB: E141A)	Bacillus stearothermophilus	3DV0	E141A	Helix	69.15	5.5	52	-0.7	-	-	Yes	15769475	fast folding; molecular dynamics; transition state; folding pathway; temperature-jump	J MOL BIOL 347, 855-870 (2005) PMID: 15769475	Ferguson N, Day R, Johnson CM, Allen MD, Daggett V, Fersht AR.
18033	Peripheral subunit binding protein domain	P11961	V144A (PDB: V144A)	Bacillus stearothermophilus	3DV0	V144A	Coil	2.28	5.5	52	-2	-	-	Yes	15769475	fast folding; molecular dynamics; transition state; folding pathway; temperature-jump	J MOL BIOL 347, 855-870 (2005) PMID: 15769475	Ferguson N, Day R, Johnson CM, Allen MD, Daggett V, Fersht AR.
18034	Peripheral subunit binding protein domain	P11961	D145N (PDB: D145N)	Bacillus stearothermophilus	3DV0	D145N	Coil	42.89	5.5	52	-0.9	-	-	Yes	15769475	fast folding; molecular dynamics; transition state; folding pathway; temperature-jump	J MOL BIOL 347, 855-870 (2005) PMID: 15769475	Ferguson N, Day R, Johnson CM, Allen MD, Daggett V, Fersht AR.
18035	Peripheral subunit binding protein domain	P11961	D145A (PDB: D145A)	Bacillus stearothermophilus	3DV0	D145A	Coil	42.89	5.5	52	-2.1	-	-	Yes	15769475	fast folding; molecular dynamics; transition state; folding pathway; temperature-jump	J MOL BIOL 347, 855-870 (2005) PMID: 15769475	Ferguson N, Day R, Johnson CM, Allen MD, Daggett V, Fersht AR.
18036	Peripheral subunit binding protein domain	P11961	I146V (PDB: I146V)	Bacillus stearothermophilus	3DV0	I146V	Turn	6.92	5.5	52	-1.2	-	-	Yes	15769475	fast folding; molecular dynamics; transition state; folding pathway; temperature-jump	J MOL BIOL 347, 855-870 (2005) PMID: 15769475	Ferguson N, Day R, Johnson CM, Allen MD, Daggett V, Fersht AR.
18037	Peripheral subunit binding protein domain	P11961	I146A (PDB: I146A)	Bacillus stearothermophilus	3DV0	I146A	Turn	6.92	5.5	52	-2.7	-	-	Yes	15769475	fast folding; molecular dynamics; transition state; folding pathway; temperature-jump	J MOL BIOL 347, 855-870 (2005) PMID: 15769475	Ferguson N, Day R, Johnson CM, Allen MD, Daggett V, Fersht AR.
18038	Peripheral subunit binding protein domain	P11961	V149A (PDB: V149A)	Bacillus stearothermophilus	3DV0	V149A	Turn	5.27	5.5	52	-2.8	-	-	Yes	15769475	fast folding; molecular dynamics; transition state; folding pathway; temperature-jump	J MOL BIOL 347, 855-870 (2005) PMID: 15769475	Ferguson N, Day R, Johnson CM, Allen MD, Daggett V, Fersht AR.
18039	Peripheral subunit binding protein domain	P11961	V149G (PDB: V149G)	Bacillus stearothermophilus	3DV0	V149G	Turn	5.27	5.5	52	-4.1	-	-	Yes	15769475	fast folding; molecular dynamics; transition state; folding pathway; temperature-jump	J MOL BIOL 347, 855-870 (2005) PMID: 15769475	Ferguson N, Day R, Johnson CM, Allen MD, Daggett V, Fersht AR.
18040	Peripheral subunit binding protein domain	P11961	V158A (PDB: V158A)	Bacillus stearothermophilus	3DV0	V158A	Sheet	0.85	5.5	52	-3.2	-	-	Yes	15769475	fast folding; molecular dynamics; transition state; folding pathway; temperature-jump	J MOL BIOL 347, 855-870 (2005) PMID: 15769475	Ferguson N, Day R, Johnson CM, Allen MD, Daggett V, Fersht AR.
18041	Peripheral subunit binding protein domain	P11961	L159V (PDB: L159V)	Bacillus stearothermophilus	3DV0	L159V	Coil	33.75	5.5	52	-0.6	-	-	Yes	15769475	fast folding; molecular dynamics; transition state; folding pathway; temperature-jump	J MOL BIOL 347, 855-870 (2005) PMID: 15769475	Ferguson N, Day R, Johnson CM, Allen MD, Daggett V, Fersht AR.
18042	Peripheral subunit binding protein domain	P11961	L159A (PDB: L159A)	Bacillus stearothermophilus	3DV0	L159A	Coil	33.75	5.5	52	-2	-	-	Yes	15769475	fast folding; molecular dynamics; transition state; folding pathway; temperature-jump	J MOL BIOL 347, 855-870 (2005) PMID: 15769475	Ferguson N, Day R, Johnson CM, Allen MD, Daggett V, Fersht AR.
18043	Peripheral subunit binding protein domain	P11961	L159G (PDB: L159G)	Bacillus stearothermophilus	3DV0	L159G	Coil	33.75	5.5	52	-1.9	-	-	Yes	15769475	fast folding; molecular dynamics; transition state; folding pathway; temperature-jump	J MOL BIOL 347, 855-870 (2005) PMID: 15769475	Ferguson N, Day R, Johnson CM, Allen MD, Daggett V, Fersht AR.
18044	Peripheral subunit binding protein domain	P11961	D162N (PDB: D162N)	Bacillus stearothermophilus	3DV0	D162N	Helix	16.17	5.5	52	-2	-	-	Yes	15769475	fast folding; molecular dynamics; transition state; folding pathway; temperature-jump	J MOL BIOL 347, 855-870 (2005) PMID: 15769475	Ferguson N, Day R, Johnson CM, Allen MD, Daggett V, Fersht AR.
18045	Peripheral subunit binding protein domain	P11961	I163V (PDB: I163V)	Bacillus stearothermophilus	3DV0	I163V	Helix	0.0	5.5	52	-0.5	-	-	Yes	15769475	fast folding; molecular dynamics; transition state; folding pathway; temperature-jump	J MOL BIOL 347, 855-870 (2005) PMID: 15769475	Ferguson N, Day R, Johnson CM, Allen MD, Daggett V, Fersht AR.
18046	Peripheral subunit binding protein domain	P11961	D164N (PDB: D164N)	Bacillus stearothermophilus	3DV0	D164N	Helix	51.15	5.5	52	-1.9	-	-	Yes	15769475	fast folding; molecular dynamics; transition state; folding pathway; temperature-jump	J MOL BIOL 347, 855-870 (2005) PMID: 15769475	Ferguson N, Day R, Johnson CM, Allen MD, Daggett V, Fersht AR.
18047	Peripheral subunit binding protein domain	P11961	D164A (PDB: D164A)	Bacillus stearothermophilus	3DV0	D164A	Helix	51.15	5.5	52	-2.3	-	-	Yes	15769475	fast folding; molecular dynamics; transition state; folding pathway; temperature-jump	J MOL BIOL 347, 855-870 (2005) PMID: 15769475	Ferguson N, Day R, Johnson CM, Allen MD, Daggett V, Fersht AR.
18048	Peripheral subunit binding protein domain	P11961	D164G (PDB: D164G)	Bacillus stearothermophilus	3DV0	D164G	Helix	51.15	5.5	52	-3.7	-	-	Yes	15769475	fast folding; molecular dynamics; transition state; folding pathway; temperature-jump	J MOL BIOL 347, 855-870 (2005) PMID: 15769475	Ferguson N, Day R, Johnson CM, Allen MD, Daggett V, Fersht AR.
18049	Peripheral subunit binding protein domain	P11961	A165G (UniProt)	Bacillus stearothermophilus	3DV0	-	Helix	50.0	5.5	52	-0.9	-	-	Yes	15769475	fast folding; molecular dynamics; transition state; folding pathway; temperature-jump	J MOL BIOL 347, 855-870 (2005) PMID: 15769475	Ferguson N, Day R, Johnson CM, Allen MD, Daggett V, Fersht AR.
18050	Peripheral subunit binding protein domain	P11961	L167V (PDB: L167V)	Bacillus stearothermophilus	3DV0	L167V	Helix	45.71	5.5	52	-0.2	-	-	Yes	15769475	fast folding; molecular dynamics; transition state; folding pathway; temperature-jump	J MOL BIOL 347, 855-870 (2005) PMID: 15769475	Ferguson N, Day R, Johnson CM, Allen MD, Daggett V, Fersht AR.
18051	Peripheral subunit binding protein domain	P11961	L167A (PDB: L167A)	Bacillus stearothermophilus	3DV0	L167A	Helix	45.71	5.5	52	-1.2	-	-	Yes	15769475	fast folding; molecular dynamics; transition state; folding pathway; temperature-jump	J MOL BIOL 347, 855-870 (2005) PMID: 15769475	Ferguson N, Day R, Johnson CM, Allen MD, Daggett V, Fersht AR.
18052	Peripheral subunit binding protein domain	P11961	A168G (PDB: A168G)	Bacillus stearothermophilus	3DV0	A168G	Helix	78.86	5.5	52	-0.3	-	-	Yes	15769475	fast folding; molecular dynamics; transition state; folding pathway; temperature-jump	J MOL BIOL 347, 855-870 (2005) PMID: 15769475	Ferguson N, Day R, Johnson CM, Allen MD, Daggett V, Fersht AR.
18054	Adenylate kinase	P69441	D84H (PDB: D84H)	Escherichia coli (strain K12)	1ANK	D84H	Coil	9.72	7.2	51.8	-1.4	-	-	Unknown	1748642	Escherichia coli adenylate kinase; thermodynamic stability;	J BIOL CHEM 266, 23654-23659 (1991) PMID: 1748642	Rose T., Glaser P., Surewicz W.K., Mantsch H.H., Reinstein J.,
18055	Adenylate kinase	P69441	G85V (PDB: G85V)	Escherichia coli (strain K12)	1ANK	G85V	Helix	16.52	7.2	51.8	-2.4	-	-	Unknown	1748642	Escherichia coli adenylate kinase; thermodynamic stability;	J BIOL CHEM 266, 23654-23659 (1991) PMID: 1748642	Rose T., Glaser P., Surewicz W.K., Mantsch H.H., Reinstein J.,
18056	Adenylate kinase	P69441	F86L (PDB: F86L)	Escherichia coli (strain K12)	1ANK	F86L	Coil	5.98	7.2	51.8	-0.8	-	-	Unknown	1748642	Escherichia coli adenylate kinase; thermodynamic stability;	J BIOL CHEM 266, 23654-23659 (1991) PMID: 1748642	Rose T., Glaser P., Surewicz W.K., Mantsch H.H., Reinstein J.,
18057	Lysozyme	P00720	L46A (PDB: L46A)	Enterobacteria phage T4 (Bacteriophage T4)	2LZM	L46A	Helix	0.0	3.01	51.8	-2.7	-	-	yes	1553543	protein structure; hydrophobic effect; T4 lysozyme;	SCIENCE 255, 178-183 (1992) PMID: 1553543	Eriksson A.E., Baase W.A., Zhang X.-J., Heinz D.W., Blaber M.,
18058	Lysozyme	P00720	L118A (PDB: L118A)	Enterobacteria phage T4 (Bacteriophage T4)	2LZM	L118A	Helix	7.65	3.01	51.8	-3.5	-	-	yes	1553543	protein structure; hydrophobic effect; T4 lysozyme;	SCIENCE 255, 178-183 (1992) PMID: 1553543	Eriksson A.E., Baase W.A., Zhang X.-J., Heinz D.W., Blaber M.,
18059	Lysozyme	P00720	L121A (PDB: L121A)	Enterobacteria phage T4 (Bacteriophage T4)	2LZM	L121A	Helix	1.09	3.01	51.8	-2.7	-	-	yes	1553543	protein structure; hydrophobic effect; T4 lysozyme;	SCIENCE 255, 178-183 (1992) PMID: 1553543	Eriksson A.E., Baase W.A., Zhang X.-J., Heinz D.W., Blaber M.,
18060	Lysozyme	P00720	L99A (PDB: L99A)	Enterobacteria phage T4 (Bacteriophage T4)	2LZM	L99A	Helix	0.0	3.01	51.8	-5	-	-	yes	1553543	protein structure; hydrophobic effect; T4 lysozyme;	SCIENCE 255, 178-183 (1992) PMID: 1553543	Eriksson A.E., Baase W.A., Zhang X.-J., Heinz D.W., Blaber M.,
18061	Lysozyme	P00720	L133A (PDB: L133A)	Enterobacteria phage T4 (Bacteriophage T4)	2LZM	L133A	Helix	0.55	3.01	51.8	-4.3	-	-	yes	1553543	protein structure; hydrophobic effect; T4 lysozyme;	SCIENCE 255, 178-183 (1992) PMID: 1553543	Eriksson A.E., Baase W.A., Zhang X.-J., Heinz D.W., Blaber M.,
18062	Lysozyme	P00720	F153A (PDB: F153A)	Enterobacteria phage T4 (Bacteriophage T4)	2LZM	F153A	Helix	1.0	3.01	51.8	-3.5	-	-	yes	1553543	protein structure; hydrophobic effect; T4 lysozyme;	SCIENCE 255, 178-183 (1992) PMID: 1553543	Eriksson A.E., Baase W.A., Zhang X.-J., Heinz D.W., Blaber M.,
18063	Adenylate kinase	P69441	R88G (PDB: R88G)	Escherichia coli (strain K12)	1ANK	R88G	Coil	32.31	7.4	51.8	-0.2	-	-	Unknown	2542263	Escherichia coli adenylate kinase; catalytic role; arginine;	J BIOL CHEM 264, 8107-8112 (1989) PMID: 2542263	Reinstein J, Gilles AM, Rose T, Wittinghofer A, Saint Girons I,
18064	Lysozyme	P00720	M102L (PDB: M102L)	Enterobacteria phage T4 (Bacteriophage T4)	2LZM	M102L	Helix	1.5	3.01	51.76	-0.74	-	-	yes	1569571	hydrophobic core packing; protein design; energy minimization;	J MOL BIOL 224, 1143-1159 (1992) PMID: 1569571	Hurley J.H., Baase W.A. & Matthews B.W.
18065	Lysozyme	P00720	V111F (PDB: V111F)	Enterobacteria phage T4 (Bacteriophage T4)	2LZM	V111F	Helix	0.0	3.01	51.76	-1.43	-	-	yes	1569571	hydrophobic core packing; protein design; energy minimization;	J MOL BIOL 224, 1143-1159 (1992) PMID: 1569571	Hurley J.H., Baase W.A. & Matthews B.W.
18066	Lysozyme	P00720	V111I (PDB: V111I)	Enterobacteria phage T4 (Bacteriophage T4)	2LZM	V111I	Helix	0.0	3.01	51.76	-0.69	-	-	yes	1569571	hydrophobic core packing; protein design; energy minimization;	J MOL BIOL 224, 1143-1159 (1992) PMID: 1569571	Hurley J.H., Baase W.A. & Matthews B.W.
18076	Lysozyme	P00720	L99A (PDB: L99A)	Enterobacteria phage T4 (Bacteriophage T4)	2LZM	L99A	Helix	0.0	3.01	51.76	-5	-	-	yes	8433369	mutagenesis; protein design; protein structure;	J MOL BIOL 229, 747-769 (1993) PMID: 8433369	Eriksson A.E., Baase W.A. & Matthews B.W.
18077	Lysozyme	P00720	L99V (PDB: L99V)	Enterobacteria phage T4 (Bacteriophage T4)	2LZM	L99V	Helix	0.0	3.01	51.76	-2.3	-	-	yes	8433369	mutagenesis; protein design; protein structure;	J MOL BIOL 229, 747-769 (1993) PMID: 8433369	Eriksson A.E., Baase W.A. & Matthews B.W.
18078	Lysozyme	P00720	L99I (PDB: L99I)	Enterobacteria phage T4 (Bacteriophage T4)	2LZM	L99I	Helix	0.0	3.01	51.76	-1.4	-	-	yes	8433369	mutagenesis; protein design; protein structure;	J MOL BIOL 229, 747-769 (1993) PMID: 8433369	Eriksson A.E., Baase W.A. & Matthews B.W.
18079	Lysozyme	P00720	L99M (PDB: L99M)	Enterobacteria phage T4 (Bacteriophage T4)	2LZM	L99M	Helix	0.0	3.01	51.76	-0.7	-	-	yes	8433369	mutagenesis; protein design; protein structure;	J MOL BIOL 229, 747-769 (1993) PMID: 8433369	Eriksson A.E., Baase W.A. & Matthews B.W.
18080	Lysozyme	P00720	L99F (PDB: L99F)	Enterobacteria phage T4 (Bacteriophage T4)	2LZM	L99F	Helix	0.0	3.01	51.76	-0.4	-	-	yes	8433369	mutagenesis; protein design; protein structure;	J MOL BIOL 229, 747-769 (1993) PMID: 8433369	Eriksson A.E., Baase W.A. & Matthews B.W.
18081	Lysozyme	P00720	F153A (PDB: F153A)	Enterobacteria phage T4 (Bacteriophage T4)	2LZM	F153A	Helix	1.0	3.01	51.76	-3.5	-	-	yes	8433369	mutagenesis; protein design; protein structure;	J MOL BIOL 229, 747-769 (1993) PMID: 8433369	Eriksson A.E., Baase W.A. & Matthews B.W.
18082	Lysozyme	P00720	F153V (PDB: F153V)	Enterobacteria phage T4 (Bacteriophage T4)	2LZM	F153V	Helix	1.0	3.01	51.76	-1.8	-	-	yes	8433369	mutagenesis; protein design; protein structure;	J MOL BIOL 229, 747-769 (1993) PMID: 8433369	Eriksson A.E., Baase W.A. & Matthews B.W.
18083	Lysozyme	P00720	F153I (PDB: F153I)	Enterobacteria phage T4 (Bacteriophage T4)	2LZM	F153I	Helix	1.0	3.01	51.76	-0.5	-	-	yes	8433369	mutagenesis; protein design; protein structure;	J MOL BIOL 229, 747-769 (1993) PMID: 8433369	Eriksson A.E., Baase W.A. & Matthews B.W.
18084	Lysozyme	P00720	F153L (PDB: F153L)	Enterobacteria phage T4 (Bacteriophage T4)	2LZM	F153L	Helix	1.0	3.01	51.76	0.2	-	-	yes	8433369	mutagenesis; protein design; protein structure;	J MOL BIOL 229, 747-769 (1993) PMID: 8433369	Eriksson A.E., Baase W.A. & Matthews B.W.
18085	Lysozyme	P00720	F153M (PDB: F153M)	Enterobacteria phage T4 (Bacteriophage T4)	2LZM	F153M	Helix	1.0	3.01	51.76	-0.8	-	-	yes	8433369	mutagenesis; protein design; protein structure;	J MOL BIOL 229, 747-769 (1993) PMID: 8433369	Eriksson A.E., Baase W.A. & Matthews B.W.
18087	Lysozyme	P00720	S117F (PDB: S117F)	Enterobacteria phage T4 (Bacteriophage T4)	2LZM	S117F	Coil	0.0	3.0	51.7	1.4	-	-	yes	8401213	core plasticity; hydrophobic effect; lysozyme activity;	PROTEIN SCI 2, 1285-1290 (1993) PMID: 8401213	Anderson D.E., Hurley J.H., Nicholson H., Baase W.A. & Matthews B.W.
18097	Lysozyme	P00720	E108V (PDB: E108V)	Enterobacteria phage T4 (Bacteriophage T4)	2LZM	E108V	Sheet	29.19	3.0	51.7	1.2	-	-	yes(>95%)	10512706	mutagenesis; compensation; thermal factors; thermostability	J MOL BIOL 292, 1111-1120 (1999) PMID: 10512706	Wray JW, Baase WA, Lindstrom JD, Weaver LH, Poteete AR,
18098	Lysozyme	P00720	L99A (PDB: L99A)	Enterobacteria phage T4 (Bacteriophage T4)	2LZM	L99A	Helix	0.0	3.0	51.7	-4.6	-	-	yes(>95%)	10512706	mutagenesis; compensation; thermal factors; thermostability	J MOL BIOL 292, 1111-1120 (1999) PMID: 10512706	Wray JW, Baase WA, Lindstrom JD, Weaver LH, Poteete AR,
18100	Lysozyme	P00720	L99G (PDB: L99G)	Enterobacteria phage T4 (Bacteriophage T4)	2LZM	L99G	Helix	0.0	3.0	51.7	-7.4	-	-	yes(>95%)	10512706	mutagenesis; compensation; thermal factors; thermostability	J MOL BIOL 292, 1111-1120 (1999) PMID: 10512706	Wray JW, Baase WA, Lindstrom JD, Weaver LH, Poteete AR,
18103	Lysozyme	P00720	S44A (PDB: S44A)	Enterobacteria phage T4 (Bacteriophage T4)	2LZM	S44A	Coil	59.73	3.01	51.68	0.43	-	-	yes	8289284	helix coil; hydrophobicity; entropy; helix structure;	J MOL BIOL 235, 600-624 (1994) PMID: 8289284	Blaber M, Zhang XJ, Lindstrom JD, Pepiot SD, Baase WA, Matthews BW
18104	Lysozyme	P00720	S44L (PDB: S44L)	Enterobacteria phage T4 (Bacteriophage T4)	2LZM	S44L	Coil	59.73	3.01	51.68	0.39	-	-	yes	8289284	helix coil; hydrophobicity; entropy; helix structure;	J MOL BIOL 235, 600-624 (1994) PMID: 8289284	Blaber M, Zhang XJ, Lindstrom JD, Pepiot SD, Baase WA, Matthews BW
18105	Lysozyme	P00720	S44M (PDB: S44M)	Enterobacteria phage T4 (Bacteriophage T4)	2LZM	S44M	Coil	59.73	3.01	51.68	0.33	-	-	yes	8289284	helix coil; hydrophobicity; entropy; helix structure;	J MOL BIOL 235, 600-624 (1994) PMID: 8289284	Blaber M, Zhang XJ, Lindstrom JD, Pepiot SD, Baase WA, Matthews BW
18106	Lysozyme	P00720	S44I (PDB: S44I)	Enterobacteria phage T4 (Bacteriophage T4)	2LZM	S44I	Coil	59.73	3.01	51.68	0.31	-	-	yes	8289284	helix coil; hydrophobicity; entropy; helix structure;	J MOL BIOL 235, 600-624 (1994) PMID: 8289284	Blaber M, Zhang XJ, Lindstrom JD, Pepiot SD, Baase WA, Matthews BW
18107	Lysozyme	P00720	S44Q (PDB: S44Q)	Enterobacteria phage T4 (Bacteriophage T4)	2LZM	S44Q	Coil	59.73	3.01	51.68	0.27	-	-	yes	8289284	helix coil; hydrophobicity; entropy; helix structure;	J MOL BIOL 235, 600-624 (1994) PMID: 8289284	Blaber M, Zhang XJ, Lindstrom JD, Pepiot SD, Baase WA, Matthews BW
18108	Lysozyme	P00720	S44R (PDB: S44R)	Enterobacteria phage T4 (Bacteriophage T4)	2LZM	S44R	Coil	59.73	3.01	51.68	0.24	-	-	yes	8289284	helix coil; hydrophobicity; entropy; helix structure;	J MOL BIOL 235, 600-624 (1994) PMID: 8289284	Blaber M, Zhang XJ, Lindstrom JD, Pepiot SD, Baase WA, Matthews BW
18109	Lysozyme	P00720	S44K (PDB: S44K)	Enterobacteria phage T4 (Bacteriophage T4)	2LZM	S44K	Coil	59.73	3.01	51.68	0.2	-	-	yes	8289284	helix coil; hydrophobicity; entropy; helix structure;	J MOL BIOL 235, 600-624 (1994) PMID: 8289284	Blaber M, Zhang XJ, Lindstrom JD, Pepiot SD, Baase WA, Matthews BW
18110	Lysozyme	P00720	S44Y (PDB: S44Y)	Enterobacteria phage T4 (Bacteriophage T4)	2LZM	S44Y	Coil	59.73	3.01	51.68	0.19	-	-	yes	8289284	helix coil; hydrophobicity; entropy; helix structure;	J MOL BIOL 235, 600-624 (1994) PMID: 8289284	Blaber M, Zhang XJ, Lindstrom JD, Pepiot SD, Baase WA, Matthews BW
18111	Lysozyme	P00720	S44V (PDB: S44V)	Enterobacteria phage T4 (Bacteriophage T4)	2LZM	S44V	Coil	59.73	3.01	51.68	0.1	-	-	yes	8289284	helix coil; hydrophobicity; entropy; helix structure;	J MOL BIOL 235, 600-624 (1994) PMID: 8289284	Blaber M, Zhang XJ, Lindstrom JD, Pepiot SD, Baase WA, Matthews BW
18112	Lysozyme	P00720	S44F (PDB: S44F)	Enterobacteria phage T4 (Bacteriophage T4)	2LZM	S44F	Coil	59.73	3.01	51.68	0.06	-	-	yes	8289284	helix coil; hydrophobicity; entropy; helix structure;	J MOL BIOL 235, 600-624 (1994) PMID: 8289284	Blaber M, Zhang XJ, Lindstrom JD, Pepiot SD, Baase WA, Matthews BW
18113	Lysozyme	P00720	S44W (PDB: S44W)	Enterobacteria phage T4 (Bacteriophage T4)	2LZM	S44W	Coil	59.73	3.01	51.68	0.05	-	-	yes	8289284	helix coil; hydrophobicity; entropy; helix structure;	J MOL BIOL 235, 600-624 (1994) PMID: 8289284	Blaber M, Zhang XJ, Lindstrom JD, Pepiot SD, Baase WA, Matthews BW
18114	Lysozyme	P00720	S44H (PDB: S44H)	Enterobacteria phage T4 (Bacteriophage T4)	2LZM	S44H	Coil	59.73	3.01	51.68	0.04	-	-	yes	8289284	helix coil; hydrophobicity; entropy; helix structure;	J MOL BIOL 235, 600-624 (1994) PMID: 8289284	Blaber M, Zhang XJ, Lindstrom JD, Pepiot SD, Baase WA, Matthews BW
18115	Lysozyme	P00720	S44T (PDB: S44T)	Enterobacteria phage T4 (Bacteriophage T4)	2LZM	S44T	Coil	59.73	3.01	51.68	0.01	-	-	yes	8289284	helix coil; hydrophobicity; entropy; helix structure;	J MOL BIOL 235, 600-624 (1994) PMID: 8289284	Blaber M, Zhang XJ, Lindstrom JD, Pepiot SD, Baase WA, Matthews BW
18116	Lysozyme	P00720	S44E (PDB: S44E)	Enterobacteria phage T4 (Bacteriophage T4)	2LZM	S44E	Coil	59.73	3.01	51.68	0	-	-	yes	8289284	helix coil; hydrophobicity; entropy; helix structure;	J MOL BIOL 235, 600-624 (1994) PMID: 8289284	Blaber M, Zhang XJ, Lindstrom JD, Pepiot SD, Baase WA, Matthews BW
18117	Lysozyme	P00720	S44D (PDB: S44D)	Enterobacteria phage T4 (Bacteriophage T4)	2LZM	S44D	Coil	59.73	3.01	51.68	-0.11	-	-	yes	8289284	helix coil; hydrophobicity; entropy; helix structure;	J MOL BIOL 235, 600-624 (1994) PMID: 8289284	Blaber M, Zhang XJ, Lindstrom JD, Pepiot SD, Baase WA, Matthews BW
18118	Lysozyme	P00720	S44C (PDB: S44C)	Enterobacteria phage T4 (Bacteriophage T4)	2LZM	S44C	Coil	59.73	3.01	51.68	-0.11	-	-	yes	8289284	helix coil; hydrophobicity; entropy; helix structure;	J MOL BIOL 235, 600-624 (1994) PMID: 8289284	Blaber M, Zhang XJ, Lindstrom JD, Pepiot SD, Baase WA, Matthews BW
18119	Lysozyme	P00720	S44N (PDB: S44N)	Enterobacteria phage T4 (Bacteriophage T4)	2LZM	S44N	Coil	59.73	3.01	51.68	-0.14	-	-	yes	8289284	helix coil; hydrophobicity; entropy; helix structure;	J MOL BIOL 235, 600-624 (1994) PMID: 8289284	Blaber M, Zhang XJ, Lindstrom JD, Pepiot SD, Baase WA, Matthews BW
18120	Lysozyme	P00720	S44G (PDB: S44G)	Enterobacteria phage T4 (Bacteriophage T4)	2LZM	S44G	Coil	59.73	3.01	51.68	-0.53	-	-	yes	8289284	helix coil; hydrophobicity; entropy; helix structure;	J MOL BIOL 235, 600-624 (1994) PMID: 8289284	Blaber M, Zhang XJ, Lindstrom JD, Pepiot SD, Baase WA, Matthews BW
18121	Lysozyme	P00720	S44P (PDB: S44P)	Enterobacteria phage T4 (Bacteriophage T4)	2LZM	S44P	Coil	59.73	3.01	51.68	-3.03	-	-	yes	8289284	helix coil; hydrophobicity; entropy; helix structure;	J MOL BIOL 235, 600-624 (1994) PMID: 8289284	Blaber M, Zhang XJ, Lindstrom JD, Pepiot SD, Baase WA, Matthews BW
18122	Lysozyme	P00720	N40A (PDB: N40A)	Enterobacteria phage T4 (Bacteriophage T4)	2LZM	N40A	Helix	86.75	3.0	51.65	0.43	-	-	yes	1570293	alpha helix; protein folding; bacteriophage T4;	PROC NATL ACAD SCI U S A 89, 3751-3755 (1992) PMID: 1570293	Heinz D.W., Baase W.A. & Matthews B.W.
18123	Lysozyme	P00720	K43A (PDB: K43A)	Enterobacteria phage T4 (Bacteriophage T4)	2LZM	K43A	Helix	21.39	3.0	51.65	-0.96	-	-	yes	1570293	alpha helix; protein folding; bacteriophage T4;	PROC NATL ACAD SCI U S A 89, 3751-3755 (1992) PMID: 1570293	Heinz D.W., Baase W.A. & Matthews B.W.
18124	Lysozyme	P00720	S44A (PDB: S44A)	Enterobacteria phage T4 (Bacteriophage T4)	2LZM	S44A	Coil	59.73	3.0	51.65	0.44	-	-	yes	1570293	alpha helix; protein folding; bacteriophage T4;	PROC NATL ACAD SCI U S A 89, 3751-3755 (1992) PMID: 1570293	Heinz D.W., Baase W.A. & Matthews B.W.
18125	Lysozyme	P00720	E45A (PDB: E45A)	Enterobacteria phage T4 (Bacteriophage T4)	2LZM	E45A	Sheet	36.63	3.0	51.65	0.55	-	-	yes	1570293	alpha helix; protein folding; bacteriophage T4;	PROC NATL ACAD SCI U S A 89, 3751-3755 (1992) PMID: 1570293	Heinz D.W., Baase W.A. & Matthews B.W.
18126	Lysozyme	P00720	L46A (PDB: L46A)	Enterobacteria phage T4 (Bacteriophage T4)	2LZM	L46A	Helix	0.0	3.0	51.65	-2.62	-	-	yes	1570293	alpha helix; protein folding; bacteriophage T4;	PROC NATL ACAD SCI U S A 89, 3751-3755 (1992) PMID: 1570293	Heinz D.W., Baase W.A. & Matthews B.W.
18127	Lysozyme	P00720	D47A (PDB: D47A)	Enterobacteria phage T4 (Bacteriophage T4)	2LZM	D47A	Helix	24.29	3.0	51.65	-0.28	-	-	yes	1570293	alpha helix; protein folding; bacteriophage T4;	PROC NATL ACAD SCI U S A 89, 3751-3755 (1992) PMID: 1570293	Heinz D.W., Baase W.A. & Matthews B.W.
18128	Lysozyme	P00720	K48A (PDB: K48A)	Enterobacteria phage T4 (Bacteriophage T4)	2LZM	K48A	Helix	70.49	3.0	51.65	-0.32	-	-	yes	1570293	alpha helix; protein folding; bacteriophage T4;	PROC NATL ACAD SCI U S A 89, 3751-3755 (1992) PMID: 1570293	Heinz D.W., Baase W.A. & Matthews B.W.
18130	Lysozyme	P00720	T115A (PDB: T115A)	Enterobacteria phage T4 (Bacteriophage T4)	2LZM	T115A	Turn	63.45	3.01	51.65	-0.14	-	-	yes	7869383	alpha helix; solvent; alanine; lysozyme; mutants	J MOL BIOL 246, 317-330 (1995) PMID: 7869383	Blaber M, Baase WA, Gassner N, Matthews BW
18131	Lysozyme	P00720	N116A (PDB: N116A)	Enterobacteria phage T4 (Bacteriophage T4)	2LZM	N116A	Helix	60.11	3.01	51.65	0.17	-	-	yes	7869383	alpha helix; solvent; alanine; lysozyme; mutants	J MOL BIOL 246, 317-330 (1995) PMID: 7869383	Blaber M, Baase WA, Gassner N, Matthews BW
18132	Lysozyme	P00720	S117A (PDB: S117A)	Enterobacteria phage T4 (Bacteriophage T4)	2LZM	S117A	Coil	0.0	3.01	51.65	1.27	-	-	yes	7869383	alpha helix; solvent; alanine; lysozyme; mutants	J MOL BIOL 246, 317-330 (1995) PMID: 7869383	Blaber M, Baase WA, Gassner N, Matthews BW
18133	Lysozyme	P00720	L118A (PDB: L118A)	Enterobacteria phage T4 (Bacteriophage T4)	2LZM	L118A	Helix	7.65	3.01	51.65	-3.5	-	-	yes	7869383	alpha helix; solvent; alanine; lysozyme; mutants	J MOL BIOL 246, 317-330 (1995) PMID: 7869383	Blaber M, Baase WA, Gassner N, Matthews BW
18134	Lysozyme	P00720	R119A (PDB: R119A)	Enterobacteria phage T4 (Bacteriophage T4)	2LZM	R119A	Helix	49.78	3.01	51.65	-0.18	-	-	yes	7869383	alpha helix; solvent; alanine; lysozyme; mutants	J MOL BIOL 246, 317-330 (1995) PMID: 7869383	Blaber M, Baase WA, Gassner N, Matthews BW
18135	Lysozyme	P00720	M120A (PDB: M120A)	Enterobacteria phage T4 (Bacteriophage T4)	2LZM	M120A	Helix	14.99	3.01	51.65	-0.2	-	-	yes	7869383	alpha helix; solvent; alanine; lysozyme; mutants	J MOL BIOL 246, 317-330 (1995) PMID: 7869383	Blaber M, Baase WA, Gassner N, Matthews BW
18136	Lysozyme	P00720	L121A (PDB: L121A)	Enterobacteria phage T4 (Bacteriophage T4)	2LZM	L121A	Helix	1.09	3.01	51.65	-2.7	-	-	yes	7869383	alpha helix; solvent; alanine; lysozyme; mutants	J MOL BIOL 246, 317-330 (1995) PMID: 7869383	Blaber M, Baase WA, Gassner N, Matthews BW
18137	Lysozyme	P00720	Q122A (PDB: Q122A)	Enterobacteria phage T4 (Bacteriophage T4)	2LZM	Q122A	Helix	52.07	3.01	51.65	-0.24	-	-	yes	7869383	alpha helix; solvent; alanine; lysozyme; mutants	J MOL BIOL 246, 317-330 (1995) PMID: 7869383	Blaber M, Baase WA, Gassner N, Matthews BW
18138	Lysozyme	P00720	Q123A (PDB: Q123A)	Enterobacteria phage T4 (Bacteriophage T4)	2LZM	Q123A	Helix	55.43	3.01	51.65	-0.22	-	-	yes	7869383	alpha helix; solvent; alanine; lysozyme; mutants	J MOL BIOL 246, 317-330 (1995) PMID: 7869383	Blaber M, Baase WA, Gassner N, Matthews BW
18145	Lysozyme	P00720	I17A (PDB: I17A)	Enterobacteria phage T4 (Bacteriophage T4)	2LZM	I17A	Helix	12.97	3.0	51.65	-2.7	-	-	Unknown	9514271	alanine; cavities; core packing; hydrophobic effect;	PROTEIN SCI 7, 158-177 (1998) PMID: 9514271	Xu J, Baase WA, Baldwin E, Matthews BW
18146	Lysozyme	P00720	I27A (PDB: I27A)	Enterobacteria phage T4 (Bacteriophage T4)	2LZM	I27A	Helix	0.0	3.0	51.65	-3.1	-	-	Unknown	9514271	alanine; cavities; core packing; hydrophobic effect;	PROTEIN SCI 7, 158-177 (1998) PMID: 9514271	Xu J, Baase WA, Baldwin E, Matthews BW
18147	Lysozyme	P00720	I29A (PDB: I29A)	Enterobacteria phage T4 (Bacteriophage T4)	2LZM	I29A	Helix	2.16	3.0	51.65	-2.6	-	-	Unknown	9514271	alanine; cavities; core packing; hydrophobic effect;	PROTEIN SCI 7, 158-177 (1998) PMID: 9514271	Xu J, Baase WA, Baldwin E, Matthews BW
18148	Lysozyme	P00720	I50A (PDB: I50A)	Enterobacteria phage T4 (Bacteriophage T4)	2LZM	I50A	Helix	20.0	3.0	51.65	-2	-	-	Unknown	9514271	alanine; cavities; core packing; hydrophobic effect;	PROTEIN SCI 7, 158-177 (1998) PMID: 9514271	Xu J, Baase WA, Baldwin E, Matthews BW
18149	Lysozyme	P00720	I58A (PDB: I58A)	Enterobacteria phage T4 (Bacteriophage T4)	2LZM	I58A	Helix	3.78	3.0	51.65	-3.2	-	-	Unknown	9514271	alanine; cavities; core packing; hydrophobic effect;	PROTEIN SCI 7, 158-177 (1998) PMID: 9514271	Xu J, Baase WA, Baldwin E, Matthews BW
18150	Lysozyme	P00720	I78A (PDB: I78A)	Enterobacteria phage T4 (Bacteriophage T4)	2LZM	I78A	Helix	0.0	3.0	51.65	-1.6	-	-	Unknown	9514271	alanine; cavities; core packing; hydrophobic effect;	PROTEIN SCI 7, 158-177 (1998) PMID: 9514271	Xu J, Baase WA, Baldwin E, Matthews BW
18151	Lysozyme	P00720	I100A (PDB: I100A)	Enterobacteria phage T4 (Bacteriophage T4)	2LZM	I100A	Helix	4.32	3.0	51.65	-3.4	-	-	Unknown	9514271	alanine; cavities; core packing; hydrophobic effect;	PROTEIN SCI 7, 158-177 (1998) PMID: 9514271	Xu J, Baase WA, Baldwin E, Matthews BW
18152	Lysozyme	P00720	V71A (PDB: V71A)	Enterobacteria phage T4 (Bacteriophage T4)	2LZM	V71A	Helix	3.9	3.0	51.65	-1.5	-	-	Unknown	9514271	alanine; cavities; core packing; hydrophobic effect;	PROTEIN SCI 7, 158-177 (1998) PMID: 9514271	Xu J, Baase WA, Baldwin E, Matthews BW
18153	Lysozyme	P00720	V87A (PDB: V87A)	Enterobacteria phage T4 (Bacteriophage T4)	2LZM	V87A	Helix	1.3	3.0	51.65	-1.7	-	-	Unknown	9514271	alanine; cavities; core packing; hydrophobic effect;	PROTEIN SCI 7, 158-177 (1998) PMID: 9514271	Xu J, Baase WA, Baldwin E, Matthews BW
18154	Lysozyme	P00720	V94A (PDB: V94A)	Enterobacteria phage T4 (Bacteriophage T4)	2LZM	V94A	Helix	17.57	3.0	51.65	-1.8	-	-	Unknown	9514271	alanine; cavities; core packing; hydrophobic effect;	PROTEIN SCI 7, 158-177 (1998) PMID: 9514271	Xu J, Baase WA, Baldwin E, Matthews BW
18155	Lysozyme	P00720	V103A (PDB: V103A)	Enterobacteria phage T4 (Bacteriophage T4)	2LZM	V103A	Helix	5.2	3.0	51.65	-2.2	-	-	Unknown	9514271	alanine; cavities; core packing; hydrophobic effect;	PROTEIN SCI 7, 158-177 (1998) PMID: 9514271	Xu J, Baase WA, Baldwin E, Matthews BW
18156	Lysozyme	P00720	V111A (PDB: V111A)	Enterobacteria phage T4 (Bacteriophage T4)	2LZM	V111A	Helix	0.0	3.0	51.65	-1.3	-	-	Unknown	9514271	alanine; cavities; core packing; hydrophobic effect;	PROTEIN SCI 7, 158-177 (1998) PMID: 9514271	Xu J, Baase WA, Baldwin E, Matthews BW
18157	Lysozyme	P00720	V149A (PDB: V149A)	Enterobacteria phage T4 (Bacteriophage T4)	2LZM	V149A	Helix	0.0	3.0	51.65	-3.2	-	-	Unknown	9514271	alanine; cavities; core packing; hydrophobic effect;	PROTEIN SCI 7, 158-177 (1998) PMID: 9514271	Xu J, Baase WA, Baldwin E, Matthews BW
18158	Lysozyme	P00720	M6A (PDB: M6A)	Enterobacteria phage T4 (Bacteriophage T4)	2LZM	M6A	Helix	0.0	3.0	51.65	-1.9	-	-	Unknown	9514271	alanine; cavities; core packing; hydrophobic effect;	PROTEIN SCI 7, 158-177 (1998) PMID: 9514271	Xu J, Baase WA, Baldwin E, Matthews BW
18159	Lysozyme	P00720	M106A (PDB: M106A)	Enterobacteria phage T4 (Bacteriophage T4)	2LZM	M106A	Helix	27.99	3.0	51.65	-2.3	-	-	Unknown	9514271	alanine; cavities; core packing; hydrophobic effect;	PROTEIN SCI 7, 158-177 (1998) PMID: 9514271	Xu J, Baase WA, Baldwin E, Matthews BW
18160	Lysozyme	P00720	F67A (PDB: F67A)	Enterobacteria phage T4 (Bacteriophage T4)	2LZM	F67A	Helix	5.98	3.0	51.65	-1.9	-	-	Unknown	9514271	alanine; cavities; core packing; hydrophobic effect;	PROTEIN SCI 7, 158-177 (1998) PMID: 9514271	Xu J, Baase WA, Baldwin E, Matthews BW
18161	Lysozyme	P00720	F104A (PDB: F104A)	Enterobacteria phage T4 (Bacteriophage T4)	2LZM	F104A	Helix	15.94	3.0	51.65	-3.1	-	-	Unknown	9514271	alanine; cavities; core packing; hydrophobic effect;	PROTEIN SCI 7, 158-177 (1998) PMID: 9514271	Xu J, Baase WA, Baldwin E, Matthews BW
18162	Lysozyme	P00720	L7A (PDB: L7A)	Enterobacteria phage T4 (Bacteriophage T4)	2LZM	L7A	Helix	0.0	3.0	51.65	-2.6	-	-	Unknown	9514271	alanine; cavities; core packing; hydrophobic effect;	PROTEIN SCI 7, 158-177 (1998) PMID: 9514271	Xu J, Baase WA, Baldwin E, Matthews BW
18163	Lysozyme	P00720	L33A (PDB: L33A)	Enterobacteria phage T4 (Bacteriophage T4)	2LZM	L33A	Sheet	9.28	3.0	51.65	-3.6	-	-	Unknown	9514271	alanine; cavities; core packing; hydrophobic effect;	PROTEIN SCI 7, 158-177 (1998) PMID: 9514271	Xu J, Baase WA, Baldwin E, Matthews BW
18164	Lysozyme	P00720	L66A (PDB: L66A)	Enterobacteria phage T4 (Bacteriophage T4)	2LZM	L66A	Helix	1.64	3.0	51.65	-3.9	-	-	Unknown	9514271	alanine; cavities; core packing; hydrophobic effect;	PROTEIN SCI 7, 158-177 (1998) PMID: 9514271	Xu J, Baase WA, Baldwin E, Matthews BW
18165	Lysozyme	P00720	L84A (PDB: L84A)	Enterobacteria phage T4 (Bacteriophage T4)	2LZM	L84A	Helix	0.0	3.0	51.65	-3.9	-	-	Unknown	9514271	alanine; cavities; core packing; hydrophobic effect;	PROTEIN SCI 7, 158-177 (1998) PMID: 9514271	Xu J, Baase WA, Baldwin E, Matthews BW
18166	Lysozyme	P00720	L91A (PDB: L91A)	Enterobacteria phage T4 (Bacteriophage T4)	2LZM	L91A	Coil	3.28	3.0	51.65	-3.1	-	-	Unknown	9514271	alanine; cavities; core packing; hydrophobic effect;	PROTEIN SCI 7, 158-177 (1998) PMID: 9514271	Xu J, Baase WA, Baldwin E, Matthews BW
18167	Lysozyme	P00720	M102K (PDB: M102K)	Enterobacteria phage T4 (Bacteriophage T4)	2LZM	M102K	Helix	1.5	3.0	51.6	-8.9	-	-	yes	1747370	T4 lysozyme; alpha-helix; energetic; structural;	BIOCHEMISTRY 30, 11521-11529 (1991) PMID: 1747370	Dao-pin S., Anderson D.E., Baase W.A., Dahlquist F.W. & Matthews B.W.
18168	Lysozyme	P00720	L133D (PDB: L133D)	Enterobacteria phage T4 (Bacteriophage T4)	2LZM	L133D	Helix	0.55	3.0	51.6	-4.9	-	-	yes	1747370	T4 lysozyme; alpha-helix; energetic; structural;	BIOCHEMISTRY 30, 11521-11529 (1991) PMID: 1747370	Dao-pin S., Anderson D.E., Baase W.A., Dahlquist F.W. & Matthews B.W.
18173	Lysozyme	P00720	E108V (PDB: E108V)	Enterobacteria phage T4 (Bacteriophage T4)	2LZM	E108V	Sheet	29.19	3.02	51.6	1.4	-	-	Unknown	15340171	beta-sheet; T4 lysozyme; secondary structure; tertiary interactions; alanine mutagenesis	PROTEIN SCI 13, 2716-2724 (2004) PMID: 15340171	He MM, Wood ZA, Baase WA, Xiao H, Matthews BW
18174	Lysozyme	P00720	G28A (PDB: G28A)	Enterobacteria phage T4 (Bacteriophage T4)	2LZM	G28A	Helix	1.27	3.02	51.6	-2	-	-	Unknown	15340171	beta-sheet; T4 lysozyme; secondary structure; tertiary interactions; alanine mutagenesis	PROTEIN SCI 13, 2716-2724 (2004) PMID: 15340171	He MM, Wood ZA, Baase WA, Xiao H, Matthews BW
18175	Lysozyme	P00720	A41S (PDB: A41S)	Enterobacteria phage T4 (Bacteriophage T4)	2LZM	A41S	Helix	29.95	3.0	51.55	-0.6	-	-	yes	8218201	T4 lysozyme; alpha-helix; hydrogen bond; protein structure;	BIOCHEMISTRY 32, 11363-11373 (1993) PMID: 8218201	Blaber M., Lindstrom J.D., Gassner N., Xu J., Heinz D.W. & Matthews B.W.
18176	Lysozyme	P00720	A42S (PDB: A42S)	Enterobacteria phage T4 (Bacteriophage T4)	2LZM	A42S	Helix	0.0	3.0	51.55	-2.3	-	-	yes	8218201	T4 lysozyme; alpha-helix; hydrogen bond; protein structure;	BIOCHEMISTRY 32, 11363-11373 (1993) PMID: 8218201	Blaber M., Lindstrom J.D., Gassner N., Xu J., Heinz D.W. & Matthews B.W.
18177	Lysozyme	P00720	A49S (PDB: A49S)	Enterobacteria phage T4 (Bacteriophage T4)	2LZM	A49S	Helix	39.93	3.0	51.55	-0.5	-	-	yes	8218201	T4 lysozyme; alpha-helix; hydrogen bond; protein structure;	BIOCHEMISTRY 32, 11363-11373 (1993) PMID: 8218201	Blaber M., Lindstrom J.D., Gassner N., Xu J., Heinz D.W. & Matthews B.W.
18178	Lysozyme	P00720	A73S (PDB: A73S)	Enterobacteria phage T4 (Bacteriophage T4)	2LZM	A73S	Helix	40.83	3.0	51.55	-0.4	-	-	yes	8218201	T4 lysozyme; alpha-helix; hydrogen bond; protein structure;	BIOCHEMISTRY 32, 11363-11373 (1993) PMID: 8218201	Blaber M., Lindstrom J.D., Gassner N., Xu J., Heinz D.W. & Matthews B.W.
18179	Lysozyme	P00720	A82S (PDB: A82S)	Enterobacteria phage T4 (Bacteriophage T4)	2LZM	A82S	Helix	78.95	3.0	51.55	-0.3	-	-	yes	8218201	T4 lysozyme; alpha-helix; hydrogen bond; protein structure;	BIOCHEMISTRY 32, 11363-11373 (1993) PMID: 8218201	Blaber M., Lindstrom J.D., Gassner N., Xu J., Heinz D.W. & Matthews B.W.
18180	Lysozyme	P00720	A93S (PDB: A93S)	Enterobacteria phage T4 (Bacteriophage T4)	2LZM	A93S	Helix	66.24	3.0	51.55	-0.2	-	-	yes	8218201	T4 lysozyme; alpha-helix; hydrogen bond; protein structure;	BIOCHEMISTRY 32, 11363-11373 (1993) PMID: 8218201	Blaber M., Lindstrom J.D., Gassner N., Xu J., Heinz D.W. & Matthews B.W.
18181	Lysozyme	P00720	A98S (PDB: A98S)	Enterobacteria phage T4 (Bacteriophage T4)	2LZM	A98S	Helix	0.0	3.0	51.55	-2.5	-	-	yes	8218201	T4 lysozyme; alpha-helix; hydrogen bond; protein structure;	BIOCHEMISTRY 32, 11363-11373 (1993) PMID: 8218201	Blaber M., Lindstrom J.D., Gassner N., Xu J., Heinz D.W. & Matthews B.W.
18182	Lysozyme	P00720	A130S (PDB: A130S)	Enterobacteria phage T4 (Bacteriophage T4)	2LZM	A130S	Helix	8.17	3.0	51.55	-1	-	-	yes	8218201	T4 lysozyme; alpha-helix; hydrogen bond; protein structure;	BIOCHEMISTRY 32, 11363-11373 (1993) PMID: 8218201	Blaber M., Lindstrom J.D., Gassner N., Xu J., Heinz D.W. & Matthews B.W.
18183	Lysozyme	P00720	A134S (PDB: A134S)	Enterobacteria phage T4 (Bacteriophage T4)	2LZM	A134S	Helix	24.5	3.0	51.55	-0.1	-	-	yes	8218201	T4 lysozyme; alpha-helix; hydrogen bond; protein structure;	BIOCHEMISTRY 32, 11363-11373 (1993) PMID: 8218201	Blaber M., Lindstrom J.D., Gassner N., Xu J., Heinz D.W. & Matthews B.W.
18184	Lysozyme	P00720	V75T (PDB: V75T)	Enterobacteria phage T4 (Bacteriophage T4)	2LZM	V75T	Helix	21.47	3.0	51.55	-1.3	-	-	yes	8218201	T4 lysozyme; alpha-helix; hydrogen bond; protein structure;	BIOCHEMISTRY 32, 11363-11373 (1993) PMID: 8218201	Blaber M., Lindstrom J.D., Gassner N., Xu J., Heinz D.W. & Matthews B.W.
18185	Lysozyme	P00720	V87T (PDB: V87T)	Enterobacteria phage T4 (Bacteriophage T4)	2LZM	V87T	Helix	1.3	3.0	51.55	-1.6	-	-	yes	8218201	T4 lysozyme; alpha-helix; hydrogen bond; protein structure;	BIOCHEMISTRY 32, 11363-11373 (1993) PMID: 8218201	Blaber M., Lindstrom J.D., Gassner N., Xu J., Heinz D.W. & Matthews B.W.
18186	Lysozyme	P00720	V149T (PDB: V149T)	Enterobacteria phage T4 (Bacteriophage T4)	2LZM	V149T	Helix	0.0	3.0	51.55	-2.8	-	-	yes	8218201	T4 lysozyme; alpha-helix; hydrogen bond; protein structure;	BIOCHEMISTRY 32, 11363-11373 (1993) PMID: 8218201	Blaber M., Lindstrom J.D., Gassner N., Xu J., Heinz D.W. & Matthews B.W.
18187	Lambda repressor	P03034	K4Q (UniProt)	Escherichia phage lambda (Bacteriophage lambda)	1LRP	-	Coil	54.45	8.0	51.5	0.43	-	-	no	6237363	phage lambda receptor; amino acid replacement; thermal stability;	PROC NATL ACAD SCI U S A 81, 5685-5689 (1984) PMID: 6237363	Hecht M.H., Sturtevant J.M. & Sauer R.T.
18188	Lambda repressor	P03034	Q34Y (UniProt)	Escherichia phage lambda (Bacteriophage lambda)	1LRP	-	Helix	37.96	8.0	51.5	1.32	-	-	no	6237363	phage lambda receptor; amino acid replacement; thermal stability;	PROC NATL ACAD SCI U S A 81, 5685-5689 (1984) PMID: 6237363	Hecht M.H., Sturtevant J.M. & Sauer R.T.
18189	Lambda repressor	P03034	Q45Y (UniProt)	Escherichia phage lambda (Bacteriophage lambda)	1LRP	-	Helix	45.24	8.0	51.5	-0.02	-	-	no	6237363	phage lambda receptor; amino acid replacement; thermal stability;	PROC NATL ACAD SCI U S A 81, 5685-5689 (1984) PMID: 6237363	Hecht M.H., Sturtevant J.M. & Sauer R.T.
18190	Lambda repressor	P03034	A50V (UniProt)	Escherichia phage lambda (Bacteriophage lambda)	1LRP	-	Helix	32.3	8.0	51.5	-1.22	-	-	no	6237363	phage lambda receptor; amino acid replacement; thermal stability;	PROC NATL ACAD SCI U S A 81, 5685-5689 (1984) PMID: 6237363	Hecht M.H., Sturtevant J.M. & Sauer R.T.
18191	Lambda repressor	P03034	Y23H (UniProt)	Escherichia phage lambda (Bacteriophage lambda)	1LRP	-	Helix	21.71	8.0	51.5	-2.25	-	-	no	6237363	phage lambda receptor; amino acid replacement; thermal stability;	PROC NATL ACAD SCI U S A 81, 5685-5689 (1984) PMID: 6237363	Hecht M.H., Sturtevant J.M. & Sauer R.T.
18192	Lambda repressor	P03034	A67T (UniProt)	Escherichia phage lambda (Bacteriophage lambda)	1LRP	-	Helix	19.69	8.0	51.5	-2.99	-	-	no	6237363	phage lambda receptor; amino acid replacement; thermal stability;	PROC NATL ACAD SCI U S A 81, 5685-5689 (1984) PMID: 6237363	Hecht M.H., Sturtevant J.M. & Sauer R.T.
18193	Lambda repressor	P03034	I85S (UniProt)	Escherichia phage lambda (Bacteriophage lambda)	1LRP	-	Helix	32.38	8.0	51.5	-2.25	-	-	no	6237363	phage lambda receptor; amino acid replacement; thermal stability;	PROC NATL ACAD SCI U S A 81, 5685-5689 (1984) PMID: 6237363	Hecht M.H., Sturtevant J.M. & Sauer R.T.
18194	Staphylococcal nuclease	P00644	L107A (UniProt)	Staphylococcus aureus	1STN	-	Sheet	0.0	7.0	51.4	-2.6	-	-	yes	8518730	thermal unfolding; free energies of unfolding; differential scanning	PROTEIN SCI 2, 567-576 (1993) PMID: 8518730	Tanaka A., Flanagan J. & Sturtevant J.M.
18195	Staphylococcal nuclease	P00644	V148L (UniProt)	Staphylococcus aureus	1STN	-	Helix	2.6	7.0	51.4	0.8	-	-	yes	8518730	thermal unfolding; free energies of unfolding; differential scanning	PROTEIN SCI 2, 567-576 (1993) PMID: 8518730	Tanaka A., Flanagan J. & Sturtevant J.M.
18196	Staphylococcal nuclease	P00644	G161S (UniProt)	Staphylococcus aureus	1STN	-	Helix	22.87	7.0	51.4	-1.3	-	-	yes	8518730	thermal unfolding; free energies of unfolding; differential scanning	PROTEIN SCI 2, 567-576 (1993) PMID: 8518730	Tanaka A., Flanagan J. & Sturtevant J.M.
18197	Staphylococcal nuclease	P00644	G170V (UniProt)	Staphylococcus aureus	1STN	-	Helix	1.27	7.0	51.4	0.5	-	-	yes	8518730	thermal unfolding; free energies of unfolding; differential scanning	PROTEIN SCI 2, 567-576 (1993) PMID: 8518730	Tanaka A., Flanagan J. & Sturtevant J.M.
18198	Staphylococcal nuclease	P00644	A172S (UniProt)	Staphylococcus aureus	1STN	-	Coil	0.0	7.0	51.4	-2.5	-	-	yes	8518730	thermal unfolding; free energies of unfolding; differential scanning	PROTEIN SCI 2, 567-576 (1993) PMID: 8518730	Tanaka A., Flanagan J. & Sturtevant J.M.
18199	Staphylococcal nuclease	P00644	H206L (UniProt)	Staphylococcus aureus	1STN	-	Helix	52.23	7.0	51.4	1.3	-	-	yes	8518730	thermal unfolding; free energies of unfolding; differential scanning	PROTEIN SCI 2, 567-576 (1993) PMID: 8518730	Tanaka A., Flanagan J. & Sturtevant J.M.
18200	Iso-1 cytochrome c	P00044	C108T (UniProt)	Saccharomyces cerevisiae (strain ATCC 204508 / S288c) (Baker's yeast)	1YCC	-	Coil	0.0	4.7	51.4	0.5	-	-	yes	10366726	cytochrome c; differential stability; mutagenesis; scanning calorimetry	BIOCHIM BIOPHYS ACTA 1432, 40-48 (1999) PMID: 10366726	Lett CM, Rosu-Myles MD, Frey HE, Guillemette JG
18201	Iso-1 cytochrome c	P00044	C108T (UniProt)	Saccharomyces cerevisiae (strain ATCC 204508 / S288c) (Baker's yeast)	1YCC	-	Coil	0.0	4.7	51.4	5.3	-	-	yes	10366726	cytochrome c; differential stability; mutagenesis; scanning calorimetry	BIOCHIM BIOPHYS ACTA 1432, 40-48 (1999) PMID: 10366726	Lett CM, Rosu-Myles MD, Frey HE, Guillemette JG
18212	Lysozyme	P00720	V131A (PDB: V131A)	Enterobacteria phage T4 (Bacteriophage T4)	2LZM	V131A	Helix	58.56	2.83	51.1	0.3	-	-	Unknown	2326253	protein stability; protein design; strain	PROTEINS 7, 198-204 (1990) PMID: 2326253	Dao-Pin S., Baase W.A. & Matthews B.W.
18213	Lysozyme	P00720	V131T (PDB: V131T)	Enterobacteria phage T4 (Bacteriophage T4)	2LZM	V131T	Helix	58.56	2.83	51.1	-0.05	-	-	Unknown	2326253	protein stability; protein design; strain	PROTEINS 7, 198-204 (1990) PMID: 2326253	Dao-Pin S., Baase W.A. & Matthews B.W.
18214	Lysozyme	P00720	A41V (PDB: A41V)	Enterobacteria phage T4 (Bacteriophage T4)	2LZM	A41V	Helix	29.95	2.83	51.1	0.45	-	-	Unknown	2326253	protein stability; protein design; strain	PROTEINS 7, 198-204 (1990) PMID: 2326253	Dao-Pin S., Baase W.A. & Matthews B.W.
18217	Lysozyme	P00720	K16E (PDB: K16E)	Enterobacteria phage T4 (Bacteriophage T4)	2LZM	K16E	Sheet	58.34	2.8	50.9	-0.5	-	-	yes	1942034	protein structure; electrostatics; lysozyme;	J MOL BIOL 221, 873-887 (1991) PMID: 1942034	Dao-pin S., Soderlind E., Baase W.A., Wozniak J.A., Sauer U. &
18218	Lysozyme	P00720	R119E (PDB: R119E)	Enterobacteria phage T4 (Bacteriophage T4)	2LZM	R119E	Helix	49.78	2.8	50.9	-0.2	-	-	yes	1942034	protein structure; electrostatics; lysozyme;	J MOL BIOL 221, 873-887 (1991) PMID: 1942034	Dao-pin S., Soderlind E., Baase W.A., Wozniak J.A., Sauer U. &
18219	Lysozyme	P00720	K135E (PDB: K135E)	Enterobacteria phage T4 (Bacteriophage T4)	2LZM	K135E	Coil	72.44	2.8	50.9	-0.2	-	-	yes	1942034	protein structure; electrostatics; lysozyme;	J MOL BIOL 221, 873-887 (1991) PMID: 1942034	Dao-pin S., Soderlind E., Baase W.A., Wozniak J.A., Sauer U. &
18220	Lysozyme	P00720	K147E (PDB: K147E)	Enterobacteria phage T4 (Bacteriophage T4)	2LZM	K147E	Helix	39.86	2.8	50.9	0.1	-	-	yes	1942034	protein structure; electrostatics; lysozyme;	J MOL BIOL 221, 873-887 (1991) PMID: 1942034	Dao-pin S., Soderlind E., Baase W.A., Wozniak J.A., Sauer U. &
18221	Lysozyme	P00720	R154E (PDB: R154E)	Enterobacteria phage T4 (Bacteriophage T4)	2LZM	R154E	Helix	34.93	2.8	50.9	0.2	-	-	yes	1942034	protein structure; electrostatics; lysozyme;	J MOL BIOL 221, 873-887 (1991) PMID: 1942034	Dao-pin S., Soderlind E., Baase W.A., Wozniak J.A., Sauer U. &
18230	Ribonuclease HI	P0A7Y4	G23A (PDB: G23A)	Escherichia coli (strain K12)	2RN2	G23A	Helix	0.0	3.0	50.9	0.7	-	-	yes	7794925	Escherichia coli ribonuclease HI; thermal denaturation;	BIOCHEMISTRY 34, 8115-8122 (1995) PMID: 7794925	Akasako A, Haruki M, Oobatake M, Kanaya S
18231	Ribonuclease HI	P0A7Y4	H62P (PDB: H62P)	Escherichia coli (strain K12)	2RN2	H62P	Helix	74.77	3.0	50.9	1	-	-	yes	7794925	Escherichia coli ribonuclease HI; thermal denaturation;	BIOCHEMISTRY 34, 8115-8122 (1995) PMID: 7794925	Akasako A, Haruki M, Oobatake M, Kanaya S
18232	Ribonuclease HI	P0A7Y4	V74L (PDB: V74L)	Escherichia coli (strain K12)	2RN2	V74L	Helix	0.65	3.0	50.9	1.1	-	-	yes	7794925	Escherichia coli ribonuclease HI; thermal denaturation;	BIOCHEMISTRY 34, 8115-8122 (1995) PMID: 7794925	Akasako A, Haruki M, Oobatake M, Kanaya S
18233	Ribonuclease HI	P0A7Y4	D134H (PDB: D134H)	Escherichia coli (strain K12)	2RN2	D134H	Helix	38.86	3.0	50.9	0.5	-	-	yes	7794925	Escherichia coli ribonuclease HI; thermal denaturation;	BIOCHEMISTRY 34, 8115-8122 (1995) PMID: 7794925	Akasako A, Haruki M, Oobatake M, Kanaya S
18234	Ribonuclease T1	P00651	Y37F (PDB: Y11F)	Aspergillus oryzae (strain ATCC 42149 / RIB 40) (Yellow koji mold)	1RN1	Y11F	Sheet	1.87	7.0	50.9	-2.03	-	-	yes	1731929	Ribonuclease T1; conformational stability; hydrogen bonding;	BIOCHEMISTRY 31, 725-732 (1992) PMID: 1731929	Shirley B.A., Stanssens P., Hahn U. & Pace C.N.
18235	Ribonuclease T1	P00651	Y68F (PDB: Y42F)	Aspergillus oryzae (strain ATCC 42149 / RIB 40) (Yellow koji mold)	1RN1	Y42F	Sheet	4.68	7.0	50.9	1.15	-	-	yes	1731929	Ribonuclease T1; conformational stability; hydrogen bonding;	BIOCHEMISTRY 31, 725-732 (1992) PMID: 1731929	Shirley B.A., Stanssens P., Hahn U. & Pace C.N.
18236	Ribonuclease T1	P00651	Y82F (PDB: Y56F)	Aspergillus oryzae (strain ATCC 42149 / RIB 40) (Yellow koji mold)	1RN1	Y56F	Sheet	10.29	7.0	50.9	-0.71	-	-	yes	1731929	Ribonuclease T1; conformational stability; hydrogen bonding;	BIOCHEMISTRY 31, 725-732 (1992) PMID: 1731929	Shirley B.A., Stanssens P., Hahn U. & Pace C.N.
18237	Ribonuclease T1	P00651	Y83F (PDB: Y57F)	Aspergillus oryzae (strain ATCC 42149 / RIB 40) (Yellow koji mold)	1RN1	Y57F	Sheet	14.97	7.0	50.9	-0.44	-	-	yes	1731929	Ribonuclease T1; conformational stability; hydrogen bonding;	BIOCHEMISTRY 31, 725-732 (1992) PMID: 1731929	Shirley B.A., Stanssens P., Hahn U. & Pace C.N.
18238	Ribonuclease T1	P00651	Y68F (PDB: Y68F)	Aspergillus oryzae (strain ATCC 42149 / RIB 40) (Yellow koji mold)	1RN1	Y68F	Coil	4.21	7.0	50.9	-1.35	-	-	yes	1731929	Ribonuclease T1; conformational stability; hydrogen bonding;	BIOCHEMISTRY 31, 725-732 (1992) PMID: 1731929	Shirley B.A., Stanssens P., Hahn U. & Pace C.N.
18239	Ribonuclease T1	P00651	S38A (PDB: S12A)	Aspergillus oryzae (strain ATCC 42149 / RIB 40) (Yellow koji mold)	1RN1	S12A	Coil	33.28	7.0	50.9	-1.08	-	-	yes	1731929	Ribonuclease T1; conformational stability; hydrogen bonding;	BIOCHEMISTRY 31, 725-732 (1992) PMID: 1731929	Shirley B.A., Stanssens P., Hahn U. & Pace C.N.
18240	Ribonuclease T1	P00651	S43A (PDB: S17A)	Aspergillus oryzae (strain ATCC 42149 / RIB 40) (Yellow koji mold)	1RN1	S17A	Coil	57.17	7.0	50.9	0.57	-	-	yes	1731929	Ribonuclease T1; conformational stability; hydrogen bonding;	BIOCHEMISTRY 31, 725-732 (1992) PMID: 1731929	Shirley B.A., Stanssens P., Hahn U. & Pace C.N.
18241	Ribonuclease T1	P00651	S90A (PDB: S64A)	Aspergillus oryzae (strain ATCC 42149 / RIB 40) (Yellow koji mold)	1RN1	S64A	Coil	63.99	7.0	50.9	-1.56	-	-	yes	1731929	Ribonuclease T1; conformational stability; hydrogen bonding;	BIOCHEMISTRY 31, 725-732 (1992) PMID: 1731929	Shirley B.A., Stanssens P., Hahn U. & Pace C.N.
18242	Ribonuclease T1	P00651	N35A (PDB: N9A)	Aspergillus oryzae (strain ATCC 42149 / RIB 40) (Yellow koji mold)	1RN1	N9A	Sheet	36.89	7.0	50.9	-0.71	-	-	yes	1731929	Ribonuclease T1; conformational stability; hydrogen bonding;	BIOCHEMISTRY 31, 725-732 (1992) PMID: 1731929	Shirley B.A., Stanssens P., Hahn U. & Pace C.N.
18243	Ribonuclease T1	P00651	N62A (PDB: N36A)	Aspergillus oryzae (strain ATCC 42149 / RIB 40) (Yellow koji mold)	1RN1	N36A	Turn	50.55	7.0	50.9	0	-	-	yes	1731929	Ribonuclease T1; conformational stability; hydrogen bonding;	BIOCHEMISTRY 31, 725-732 (1992) PMID: 1731929	Shirley B.A., Stanssens P., Hahn U. & Pace C.N.
18244	Ribonuclease T1	P00651	N70A (PDB: N44A)	Aspergillus oryzae (strain ATCC 42149 / RIB 40) (Yellow koji mold)	1RN1	N44A	Turn	15.71	7.0	50.9	-1.86	-	-	yes	1731929	Ribonuclease T1; conformational stability; hydrogen bonding;	BIOCHEMISTRY 31, 725-732 (1992) PMID: 1731929	Shirley B.A., Stanssens P., Hahn U. & Pace C.N.
18245	Ribonuclease T1	P00651	N107A (Based on UniProt)	Aspergillus oryzae (strain ATCC 42149 / RIB 40) (Yellow koji mold)	1RN1	N81A	Sheet	0.68	7.0	50.9	-2.91	-	-	yes	1731929	Ribonuclease T1; conformational stability; hydrogen bonding;	BIOCHEMISTRY 31, 725-732 (1992) PMID: 1731929	Shirley B.A., Stanssens P., Hahn U. & Pace C.N.
18246	Ribonuclease T1	P00651	N70D (PDB: N44D)	Aspergillus oryzae (strain ATCC 42149 / RIB 40) (Yellow koji mold)	1RN1	N44D	Turn	15.71	7.0	50.8	-1.6	-	-	yes (>95%)	9819211	conformational stability; asparagine; ribonuclease Sa, Ba, T1;	BIOCHEMISTRY 37, 16192-16200 (1998) PMID: 9819211	Hebert EJ, Giletto A, Sevcik J, Urbanikova L, Wilson KS,
18247	Ribonuclease T1	P00651	N70S (PDB: N44S)	Aspergillus oryzae (strain ATCC 42149 / RIB 40) (Yellow koji mold)	1RN1	N44S	Turn	15.71	7.0	50.8	-1.5	-	-	yes (>95%)	9819211	conformational stability; asparagine; ribonuclease Sa, Ba, T1;	BIOCHEMISTRY 37, 16192-16200 (1998) PMID: 9819211	Hebert EJ, Giletto A, Sevcik J, Urbanikova L, Wilson KS,
18248	Ribonuclease T1	P00651	N70A (PDB: N44A)	Aspergillus oryzae (strain ATCC 42149 / RIB 40) (Yellow koji mold)	1RN1	N44A	Turn	15.71	7.0	50.8	-1.6	-	-	yes (>95%)	9819211	conformational stability; asparagine; ribonuclease Sa, Ba, T1;	BIOCHEMISTRY 37, 16192-16200 (1998) PMID: 9819211	Hebert EJ, Giletto A, Sevcik J, Urbanikova L, Wilson KS,
18250	TEM beta-lactamase	P62593	E102K (UniProt)	Escherichia coli	1AXB	-	Sheet	78.42	7.0	50.6	0.64	-	-	yes	8539251	enzyme; structure; function; thermostability; proteolysis;	PROTEINS 23 63-72 (1995) PMID: 8539251	Raquet X, Vanhove M, Lamotte-Brasseur J,
18251	TEM beta-lactamase	P62593	G234S (UniProt)	Escherichia coli	1AXB	-	-		7.0	50.6	-1.25	-	-	yes	8539251	enzyme; structure; function; thermostability; proteolysis;	PROTEINS 23 63-72 (1995) PMID: 8539251	Raquet X, Vanhove M, Lamotte-Brasseur J,
18253	TEM beta-lactamase	P62593	R162H (UniProt)	Escherichia coli	1AXB	-	Coil	13.97	7.0	50.6	-0.17	-	-	yes	8539251	enzyme; structure; function; thermostability; proteolysis;	PROTEINS 23 63-72 (1995) PMID: 8539251	Raquet X, Vanhove M, Lamotte-Brasseur J,
18254	TEM beta-lactamase	P62593	R162S (UniProt)	Escherichia coli	1AXB	-	Coil	13.97	7.0	50.6	-0.61	-	-	yes	8539251	enzyme; structure; function; thermostability; proteolysis;	PROTEINS 23 63-72 (1995) PMID: 8539251	Raquet X, Vanhove M, Lamotte-Brasseur J,
18256	TEM beta-lactamase	P62593	S233A (UniProt)	Escherichia coli	1AXB	-	Coil	5.12	7.0	50.6	0.58	-	-	yes	8539251	enzyme; structure; function; thermostability; proteolysis;	PROTEINS 23 63-72 (1995) PMID: 8539251	Raquet X, Vanhove M, Lamotte-Brasseur J,
18257	Cytochrome c551	P00099	F29A (PDB: F7A)	Pseudomonas aeruginosa (strain ATCC 15692 / DSM 22644 / CIP 104116 / JCM 14847 / LMG 12228 / 1C / PRS 101 / PAO1)	451C	F7A	Helix	10.46	5.0	50.4	1.1	-	-	Unknown	10608805	thermodynamic property; three dimensional structure;	J BIOL CHEM 274, 37533-37537 (1999) PMID: 10608805	Hasegawa J, Shimahara H, Mizutani M, Uchiyama S, Arai H,
18258	Cytochrome c551	P00099	V35M (PDB: V13M)	Pseudomonas aeruginosa (strain ATCC 15692 / DSM 22644 / CIP 104116 / JCM 14847 / LMG 12228 / 1C / PRS 101 / PAO1)	451C	V13M	Helix	39.04	5.0	50.4	0.4	-	-	Unknown	10608805	thermodynamic property; three dimensional structure;	J BIOL CHEM 274, 37533-37537 (1999) PMID: 10608805	Hasegawa J, Shimahara H, Mizutani M, Uchiyama S, Arai H,
18260	Cytochrome c551	P00099	F56Y (PDB: F34Y)	Pseudomonas aeruginosa (strain ATCC 15692 / DSM 22644 / CIP 104116 / JCM 14847 / LMG 12228 / 1C / PRS 101 / PAO1)	451C	F34Y	Turn	10.96	5.0	50.4	1.9	-	-	Unknown	10608805	thermodynamic property; three dimensional structure;	J BIOL CHEM 274, 37533-37537 (1999) PMID: 10608805	Hasegawa J, Shimahara H, Mizutani M, Uchiyama S, Arai H,
18261	Cytochrome c551	P00099	Q59R (PDB: Q37R)	Pseudomonas aeruginosa (strain ATCC 15692 / DSM 22644 / CIP 104116 / JCM 14847 / LMG 12228 / 1C / PRS 101 / PAO1)	451C	Q37R	Turn	62.15	5.0	50.4	0.5	-	-	Unknown	10608805	thermodynamic property; three dimensional structure;	J BIOL CHEM 274, 37533-37537 (1999) PMID: 10608805	Hasegawa J, Shimahara H, Mizutani M, Uchiyama S, Arai H,
18262	Cytochrome c551	P00099	E65Y (PDB: E43Y)	Pseudomonas aeruginosa (strain ATCC 15692 / DSM 22644 / CIP 104116 / JCM 14847 / LMG 12228 / 1C / PRS 101 / PAO1)	451C	E43Y	Sheet	62.39	5.0	50.4	0.6	-	-	Unknown	10608805	thermodynamic property; three dimensional structure;	J BIOL CHEM 274, 37533-37537 (1999) PMID: 10608805	Hasegawa J, Shimahara H, Mizutani M, Uchiyama S, Arai H,
18267	Cytochrome c551	P00099	V100I (PDB: V78I)	Pseudomonas aeruginosa (strain ATCC 15692 / DSM 22644 / CIP 104116 / JCM 14847 / LMG 12228 / 1C / PRS 101 / PAO1)	451C	V78I	Helix	5.2	5.0	50.4	1	-	-	Unknown	10608805	thermodynamic property; three dimensional structure;	J BIOL CHEM 274, 37533-37537 (1999) PMID: 10608805	Hasegawa J, Shimahara H, Mizutani M, Uchiyama S, Arai H,
18268	Plasminogen activator inhibitor 1	P05121	R53E (UniProt)	Homo sapiens (Human)	1a7c	-	Coil	50.66	6.6	50.2	-1.2	-	-	Unknown	8142362	functional stability; ion pair; latent form;	BIOCHEMISTRY 33, 3643-3648 (1994) PMID: 8142362	Lawrence DA, Olson ST, Palaniappan S, Ginsburg D
18269	Plasminogen activator inhibitor 1	P05121	E350R (PDB: E350R)	Homo sapiens (Human)	1C5G	E350R	Sheet	46.37	6.6	50.2	-0.3	-	-	Unknown	8142362	functional stability; ion pair; latent form;	BIOCHEMISTRY 33, 3643-3648 (1994) PMID: 8142362	Lawrence DA, Olson ST, Palaniappan S, Ginsburg D
18270	Plasminogen activator inhibitor 1	P05121	E350P (PDB: E350P)	Homo sapiens (Human)	1C5G	E350P	Sheet	46.37	6.6	50.2	0.3	-	-	Unknown	8142362	functional stability; ion pair; latent form;	BIOCHEMISTRY 33, 3643-3648 (1994) PMID: 8142362	Lawrence DA, Olson ST, Palaniappan S, Ginsburg D
18272	Ribonuclease HI	P0A7Y4	G23A (PDB: G23A)	Escherichia coli (strain K12)	2RN2	G23A	Helix	0.0	3.0	50.1	0.7	-	-	yes	7929430	Escherichia coli ribonuclease HI; thermostability ;	J BIOL CHEM 269, 26904-26911 (1994) PMID: 7929430	Haruki M, Noguchi E, Akasako A, Oobatake M, Itaya M, Kanaya S
18273	Ribonuclease HI	P0A7Y4	A24V (PDB: A24V)	Escherichia coli (strain K12)	2RN2	A24V	Sheet	0.0	3.0	50.1	0.73	-	-	yes	7929430	Escherichia coli ribonuclease HI; thermostability ;	J BIOL CHEM 269, 26904-26911 (1994) PMID: 7929430	Haruki M, Noguchi E, Akasako A, Oobatake M, Itaya M, Kanaya S
18274	Ribonuclease HI	P0A7Y4	A52V (PDB: A52V)	Escherichia coli (strain K12)	2RN2	A52V	Helix	0.0	3.0	50.1	1.7	-	-	yes	7929430	Escherichia coli ribonuclease HI; thermostability ;	J BIOL CHEM 269, 26904-26911 (1994) PMID: 7929430	Haruki M, Noguchi E, Akasako A, Oobatake M, Itaya M, Kanaya S
18275	Ribonuclease HI	P0A7Y4	H62R (PDB: H62R)	Escherichia coli (strain K12)	2RN2	H62R	Helix	74.77	3.0	50.1	-0.03	-	-	yes	7929430	Escherichia coli ribonuclease HI; thermostability ;	J BIOL CHEM 269, 26904-26911 (1994) PMID: 7929430	Haruki M, Noguchi E, Akasako A, Oobatake M, Itaya M, Kanaya S
18276	Ribonuclease HI	P0A7Y4	H62P (PDB: H62P)	Escherichia coli (strain K12)	2RN2	H62P	Helix	74.77	3.0	50.1	1	-	-	yes	7929430	Escherichia coli ribonuclease HI; thermostability ;	J BIOL CHEM 269, 26904-26911 (1994) PMID: 7929430	Haruki M, Noguchi E, Akasako A, Oobatake M, Itaya M, Kanaya S
18278	Ribonuclease HI	P0A7Y4	H62D (PDB: H62D)	Escherichia coli (strain K12)	2RN2	H62D	Helix	74.77	3.0	50.1	0.67	-	-	yes	7929430	Escherichia coli ribonuclease HI; thermostability ;	J BIOL CHEM 269, 26904-26911 (1994) PMID: 7929430	Haruki M, Noguchi E, Akasako A, Oobatake M, Itaya M, Kanaya S
18279	Ribonuclease HI	P0A7Y4	Q76L (PDB: Q76L)	Escherichia coli (strain K12)	2RN2	Q76L	Helix	31.91	3.0	50.1	0.24	-	-	yes	7929430	Escherichia coli ribonuclease HI; thermostability ;	J BIOL CHEM 269, 26904-26911 (1994) PMID: 7929430	Haruki M, Noguchi E, Akasako A, Oobatake M, Itaya M, Kanaya S
18281	Ribonuclease HI	P0A7Y4	Q80L (PDB: Q80L)	Escherichia coli (strain K12)	2RN2	Q80L	Coil	61.03	3.0	50.1	0.3	-	-	yes	7929430	Escherichia coli ribonuclease HI; thermostability ;	J BIOL CHEM 269, 26904-26911 (1994) PMID: 7929430	Haruki M, Noguchi E, Akasako A, Oobatake M, Itaya M, Kanaya S
18282	Ribonuclease HI	P0A7Y4	K117R (PDB: K117R)	Escherichia coli (strain K12)	2RN2	K117R	Sheet	54.45	3.0	50.1	-0.06	-	-	yes	7929430	Escherichia coli ribonuclease HI; thermostability ;	J BIOL CHEM 269, 26904-26911 (1994) PMID: 7929430	Haruki M, Noguchi E, Akasako A, Oobatake M, Itaya M, Kanaya S
18283	Ribonuclease HI	P0A7Y4	E119V (PDB: E119V)	Escherichia coli (strain K12)	2RN2	E119V	Sheet	36.63	3.0	50.1	0.09	-	-	yes	7929430	Escherichia coli ribonuclease HI; thermostability ;	J BIOL CHEM 269, 26904-26911 (1994) PMID: 7929430	Haruki M, Noguchi E, Akasako A, Oobatake M, Itaya M, Kanaya S
18286	Ribonuclease HI	P0A7Y4	R41C (PDB: R41C)	Escherichia coli (strain K12)	2RN2	R41C	Coil	54.15	3.0	50.1	0.12	-	-	yes	7929430	Escherichia coli ribonuclease HI; thermostability ;	J BIOL CHEM 269, 26904-26911 (1994) PMID: 7929430	Haruki M, Noguchi E, Akasako A, Oobatake M, Itaya M, Kanaya S
18287	Ribonuclease HI	P0A7Y4	K95N (PDB: K95N)	Escherichia coli (strain K12)	2RN2	K95N	Turn	68.06	3.0	50.1	0.88	-	-	yes	7929430	Escherichia coli ribonuclease HI; thermostability ;	J BIOL CHEM 269, 26904-26911 (1994) PMID: 7929430	Haruki M, Noguchi E, Akasako A, Oobatake M, Itaya M, Kanaya S
18288	Ribonuclease HI	P0A7Y4	E135K (PDB: E135K)	Escherichia coli (strain K12)	2RN2	E135K	Sheet	70.41	3.0	50.1	-1.1	-	-	yes	7929430	Escherichia coli ribonuclease HI; thermostability ;	J BIOL CHEM 269, 26904-26911 (1994) PMID: 7929430	Haruki M, Noguchi E, Akasako A, Oobatake M, Itaya M, Kanaya S
18291	Tryptophan synthase alpha-subunit	P0A877	C81A (PDB: C81A)	Escherichia coli (strain K12)	1WQ5	C81A	Helix	0.0	9.0	50	-0.69	-	-	yes	8795042	tryptophan synthase alpha subunit; conformational stability ;	PROTEIN ENG 9, 425-431 (1996) PMID: 8795042	Hiraga K, Yutani K
18292	Tryptophan synthase alpha-subunit	P0A877	C154A (PDB: C154A)	Escherichia coli (strain K12)	1WQ5	C154A	Sheet	0.0	9.0	50	-1.03	-	-	yes	8795042	tryptophan synthase alpha subunit; conformational stability ;	PROTEIN ENG 9, 425-431 (1996) PMID: 8795042	Hiraga K, Yutani K
18293	Tryptophan synthase alpha-subunit	P0A877	C154V (PDB: C154V)	Escherichia coli (strain K12)	1WQ5	C154V	Sheet	0.0	9.0	50	-1.12	-	-	yes	8795042	tryptophan synthase alpha subunit; conformational stability ;	PROTEIN ENG 9, 425-431 (1996) PMID: 8795042	Hiraga K, Yutani K
18294	TEM beta-lactamase	P62593	R162H (UniProt)	Escherichia coli	1AXB	-	Coil	13.97	6.1	50	0.26	-	-	yes	8539251	enzyme; structure; function; thermostability; proteolysis;	PROTEINS 23 63-72 (1995) PMID: 8539251	Raquet X, Vanhove M, Lamotte-Brasseur J,
18295	TEM beta-lactamase	P62593	R162H (UniProt)	Escherichia coli	1AXB	-	Coil	13.97	7.0	50	0	-	-	yes	8539251	enzyme; structure; function; thermostability; proteolysis;	PROTEINS 23 63-72 (1995) PMID: 8539251	Raquet X, Vanhove M, Lamotte-Brasseur J,
18296	TEM beta-lactamase	P62593	R162H (UniProt)	Escherichia coli	1AXB	-	Coil	13.97	7.4	50	-0.6	-	-	yes	8539251	enzyme; structure; function; thermostability; proteolysis;	PROTEINS 23 63-72 (1995) PMID: 8539251	Raquet X, Vanhove M, Lamotte-Brasseur J,
18297	TEM beta-lactamase	P62593	R162H (UniProt)	Escherichia coli	1AXB	-	Coil	13.97	7.7	50	-1.07	-	-	yes	8539251	enzyme; structure; function; thermostability; proteolysis;	PROTEINS 23 63-72 (1995) PMID: 8539251	Raquet X, Vanhove M, Lamotte-Brasseur J,
18298	TEM beta-lactamase	P62593	R162H (UniProt)	Escherichia coli	1AXB	-	Coil	13.97	8.0	50	-2.06	-	-	yes	8539251	enzyme; structure; function; thermostability; proteolysis;	PROTEINS 23 63-72 (1995) PMID: 8539251	Raquet X, Vanhove M, Lamotte-Brasseur J,
18299	TEM beta-lactamase	P62593	R162H (UniProt)	Escherichia coli	1AXB	-	Coil	13.97	8.4	50	-2	-	-	yes	8539251	enzyme; structure; function; thermostability; proteolysis;	PROTEINS 23 63-72 (1995) PMID: 8539251	Raquet X, Vanhove M, Lamotte-Brasseur J,
18302	Ribonuclease HI	P0A7Y4	D10N (PDB: D10N)	Escherichia coli (strain K12)	2RN2	D10N	Sheet	10.41	3.0	50	-0.7	-	-	yes	8955106	Escherichia coli ribonuclease HI; thermal stability; catalytic role;	J BIOL CHEM 271, 32729-32736 (1996) PMID: 8955106	Kanaya S, Oobatake M, Liu Y
18303	Ribonuclease HI	P0A7Y4	D10A (PDB: D10A)	Escherichia coli (strain K12)	2RN2	D10A	Sheet	10.41	3.0	50	2.4	-	-	yes	8955106	Escherichia coli ribonuclease HI; thermal stability; catalytic role;	J BIOL CHEM 271, 32729-32736 (1996) PMID: 8955106	Kanaya S, Oobatake M, Liu Y
18304	Ribonuclease HI	P0A7Y4	D10E (PDB: D10E)	Escherichia coli (strain K12)	2RN2	D10E	Sheet	10.41	3.0	50	1.1	-	-	yes	8955106	Escherichia coli ribonuclease HI; thermal stability; catalytic role;	J BIOL CHEM 271, 32729-32736 (1996) PMID: 8955106	Kanaya S, Oobatake M, Liu Y
18305	Ribonuclease HI	P0A7Y4	D10S (PDB: D10S)	Escherichia coli (strain K12)	2RN2	D10S	Sheet	10.41	3.0	50	0.7	-	-	yes	8955106	Escherichia coli ribonuclease HI; thermal stability; catalytic role;	J BIOL CHEM 271, 32729-32736 (1996) PMID: 8955106	Kanaya S, Oobatake M, Liu Y
18306	Ribonuclease HI	P0A7Y4	D10H (PDB: D10H)	Escherichia coli (strain K12)	2RN2	D10H	Sheet	10.41	3.0	50	0.4	-	-	yes	8955106	Escherichia coli ribonuclease HI; thermal stability; catalytic role;	J BIOL CHEM 271, 32729-32736 (1996) PMID: 8955106	Kanaya S, Oobatake M, Liu Y
18307	Ribonuclease HI	P0A7Y4	E48Q (PDB: E48Q)	Escherichia coli (strain K12)	2RN2	E48Q	Sheet	12.02	3.0	50	-0.1	-	-	yes	8955106	Escherichia coli ribonuclease HI; thermal stability; catalytic role;	J BIOL CHEM 271, 32729-32736 (1996) PMID: 8955106	Kanaya S, Oobatake M, Liu Y
18308	Ribonuclease HI	P0A7Y4	E48A (PDB: E48A)	Escherichia coli (strain K12)	2RN2	E48A	Sheet	12.02	3.0	50	-0.1	-	-	yes	8955106	Escherichia coli ribonuclease HI; thermal stability; catalytic role;	J BIOL CHEM 271, 32729-32736 (1996) PMID: 8955106	Kanaya S, Oobatake M, Liu Y
18309	Ribonuclease HI	P0A7Y4	E48D (PDB: E48D)	Escherichia coli (strain K12)	2RN2	E48D	Sheet	12.02	3.0	50	0.2	-	-	yes	8955106	Escherichia coli ribonuclease HI; thermal stability; catalytic role;	J BIOL CHEM 271, 32729-32736 (1996) PMID: 8955106	Kanaya S, Oobatake M, Liu Y
18310	Ribonuclease HI	P0A7Y4	D70N (PDB: D70N)	Escherichia coli (strain K12)	2RN2	D70N	Coil	40.94	3.0	50	-0.3	-	-	yes	8955106	Escherichia coli ribonuclease HI; thermal stability; catalytic role;	J BIOL CHEM 271, 32729-32736 (1996) PMID: 8955106	Kanaya S, Oobatake M, Liu Y
18311	Ribonuclease HI	P0A7Y4	D70A (PDB: D70A)	Escherichia coli (strain K12)	2RN2	D70A	Coil	40.94	3.0	50	-0.1	-	-	yes	8955106	Escherichia coli ribonuclease HI; thermal stability; catalytic role;	J BIOL CHEM 271, 32729-32736 (1996) PMID: 8955106	Kanaya S, Oobatake M, Liu Y
18312	Ribonuclease HI	P0A7Y4	D70E (PDB: D70E)	Escherichia coli (strain K12)	2RN2	D70E	Coil	40.94	3.0	50	0.5	-	-	yes	8955106	Escherichia coli ribonuclease HI; thermal stability; catalytic role;	J BIOL CHEM 271, 32729-32736 (1996) PMID: 8955106	Kanaya S, Oobatake M, Liu Y
18313	Ribonuclease HI	P0A7Y4	D134N (PDB: D134N)	Escherichia coli (strain K12)	2RN2	D134N	Helix	38.86	3.0	50	-0.1	-	-	yes	8955106	Escherichia coli ribonuclease HI; thermal stability; catalytic role;	J BIOL CHEM 271, 32729-32736 (1996) PMID: 8955106	Kanaya S, Oobatake M, Liu Y
18314	Ribonuclease HI	P0A7Y4	D134A (PDB: D134A)	Escherichia coli (strain K12)	2RN2	D134A	Helix	38.86	3.0	50	0.8	-	-	yes	8955106	Escherichia coli ribonuclease HI; thermal stability; catalytic role;	J BIOL CHEM 271, 32729-32736 (1996) PMID: 8955106	Kanaya S, Oobatake M, Liu Y
18315	Ribonuclease HI	P0A7Y4	D134N (PDB: D134N)	Escherichia coli (strain K12)	2RN2	D134N	Helix	38.86	3.0	50	-0.1	-	-	yes	8125123	Escherichia coli ribonuclease HI; enzymic activity;	EUR J BIOCHEM 220, 623-631 (1994) PMID: 8125123	Haruki M, Noguchi E, Nakai C, Liu YY, Oobatake M, Itaya M, Kanaya S
18316	Ribonuclease HI	P0A7Y4	D134H (PDB: D134H)	Escherichia coli (strain K12)	2RN2	D134H	Helix	38.86	3.0	50	0.53	-	-	yes	8125123	Escherichia coli ribonuclease HI; enzymic activity;	EUR J BIOCHEM 220, 623-631 (1994) PMID: 8125123	Haruki M, Noguchi E, Nakai C, Liu YY, Oobatake M, Itaya M, Kanaya S
18317	Ribonuclease HI	P0A7Y4	D134E (PDB: D134E)	Escherichia coli (strain K12)	2RN2	D134E	Helix	38.86	3.0	50	0.72	-	-	yes	8125123	Escherichia coli ribonuclease HI; enzymic activity;	EUR J BIOCHEM 220, 623-631 (1994) PMID: 8125123	Haruki M, Noguchi E, Nakai C, Liu YY, Oobatake M, Itaya M, Kanaya S
18318	Ribonuclease HI	P0A7Y4	D134Q (PDB: D134Q)	Escherichia coli (strain K12)	2RN2	D134Q	Helix	38.86	3.0	50	0.48	-	-	yes	8125123	Escherichia coli ribonuclease HI; enzymic activity;	EUR J BIOCHEM 220, 623-631 (1994) PMID: 8125123	Haruki M, Noguchi E, Nakai C, Liu YY, Oobatake M, Itaya M, Kanaya S
18319	Ribonuclease HI	P0A7Y4	D134S (PDB: D134S)	Escherichia coli (strain K12)	2RN2	D134S	Helix	38.86	3.0	50	0.26	-	-	yes	8125123	Escherichia coli ribonuclease HI; enzymic activity;	EUR J BIOCHEM 220, 623-631 (1994) PMID: 8125123	Haruki M, Noguchi E, Nakai C, Liu YY, Oobatake M, Itaya M, Kanaya S
18320	Ribonuclease HI	P0A7Y4	D134T (PDB: D134T)	Escherichia coli (strain K12)	2RN2	D134T	Helix	38.86	3.0	50	0.12	-	-	yes	8125123	Escherichia coli ribonuclease HI; enzymic activity;	EUR J BIOCHEM 220, 623-631 (1994) PMID: 8125123	Haruki M, Noguchi E, Nakai C, Liu YY, Oobatake M, Itaya M, Kanaya S
18321	Ribonuclease HI	P0A7Y4	D134V (PDB: D134V)	Escherichia coli (strain K12)	2RN2	D134V	Helix	38.86	3.0	50	0.31	-	-	yes	8125123	Escherichia coli ribonuclease HI; enzymic activity;	EUR J BIOCHEM 220, 623-631 (1994) PMID: 8125123	Haruki M, Noguchi E, Nakai C, Liu YY, Oobatake M, Itaya M, Kanaya S
18322	Ribonuclease HI	P0A7Y4	D134I (PDB: D134I)	Escherichia coli (strain K12)	2RN2	D134I	Helix	38.86	3.0	50	0.69	-	-	yes	8125123	Escherichia coli ribonuclease HI; enzymic activity;	EUR J BIOCHEM 220, 623-631 (1994) PMID: 8125123	Haruki M, Noguchi E, Nakai C, Liu YY, Oobatake M, Itaya M, Kanaya S
18323	Ribonuclease HI	P0A7Y4	D134L (PDB: D134L)	Escherichia coli (strain K12)	2RN2	D134L	Helix	38.86	3.0	50	1.15	-	-	yes	8125123	Escherichia coli ribonuclease HI; enzymic activity;	EUR J BIOCHEM 220, 623-631 (1994) PMID: 8125123	Haruki M, Noguchi E, Nakai C, Liu YY, Oobatake M, Itaya M, Kanaya S
18324	Ribonuclease HI	P0A7Y4	D134A (PDB: D134A)	Escherichia coli (strain K12)	2RN2	D134A	Helix	38.86	3.0	50	0.89	-	-	yes	8125123	Escherichia coli ribonuclease HI; enzymic activity;	EUR J BIOCHEM 220, 623-631 (1994) PMID: 8125123	Haruki M, Noguchi E, Nakai C, Liu YY, Oobatake M, Itaya M, Kanaya S
18325	Ubiquitin	P39940	I36F (PDB)	Saccharomyces cerevisiae (strain ATCC 204508 / S288c) (Baker's yeast)	1OTR	I36F	Helix	28.65	3.0	50	-0.86	-	-	yes(>90%)	10956017	hydrophobic contact; nonpolar residues; secondary structure content;	BIOCHEMISTRY 39, 10275-10283 (2000) PMID: 10956017	Thomas ST, Makhatadze GI
18326	Ubiquitin	P39940	I36L (PDB)	Saccharomyces cerevisiae (strain ATCC 204508 / S288c) (Baker's yeast)	1OTR	I36L	Helix	28.65	3.0	50	-1.31	-	-	yes(>90%)	10956017	hydrophobic contact; nonpolar residues; secondary structure content;	BIOCHEMISTRY 39, 10275-10283 (2000) PMID: 10956017	Thomas ST, Makhatadze GI
18327	Ubiquitin	P39940	I36V (PDB)	Saccharomyces cerevisiae (strain ATCC 204508 / S288c) (Baker's yeast)	1OTR	I36V	Helix	28.65	3.0	50	-0.79	-	-	yes(>90%)	10956017	hydrophobic contact; nonpolar residues; secondary structure content;	BIOCHEMISTRY 39, 10275-10283 (2000) PMID: 10956017	Thomas ST, Makhatadze GI
18330	Ubiquitin	P39940	V5A (PDB)	Saccharomyces cerevisiae (strain ATCC 204508 / S288c) (Baker's yeast)	1OTR	V5A	Sheet	0.65	3.75	50	-3.01	-	-	yes (>90%)	12079391	protein stability; hydration; packing; amino acid substitutions; differential scanning calorimetry	J MOL BIOL 320, 343-357 (2002) PMID: 12079391	Loladze VV, Ermolenko DN, Makhatadze GI.
18331	Ubiquitin	P39940	V5T (PDB)	Saccharomyces cerevisiae (strain ATCC 204508 / S288c) (Baker's yeast)	1OTR	V5T	Sheet	0.65	3.75	50	-3.73	-	-	yes (>90%)	12079391	protein stability; hydration; packing; amino acid substitutions; differential scanning calorimetry	J MOL BIOL 320, 343-357 (2002) PMID: 12079391	Loladze VV, Ermolenko DN, Makhatadze GI.
18332	Ubiquitin	P39940	V17A (PDB)	Saccharomyces cerevisiae (strain ATCC 204508 / S288c) (Baker's yeast)	1OTR	V17A	Coil	2.6	3.75	50	-1.63	-	-	yes (>90%)	12079391	protein stability; hydration; packing; amino acid substitutions; differential scanning calorimetry	J MOL BIOL 320, 343-357 (2002) PMID: 12079391	Loladze VV, Ermolenko DN, Makhatadze GI.
18333	Ubiquitin	P39940	V17N (PDB)	Saccharomyces cerevisiae (strain ATCC 204508 / S288c) (Baker's yeast)	1OTR	V17N	Coil	2.6	3.75	50	-4.9	-	-	yes (>90%)	12079391	protein stability; hydration; packing; amino acid substitutions; differential scanning calorimetry	J MOL BIOL 320, 343-357 (2002) PMID: 12079391	Loladze VV, Ermolenko DN, Makhatadze GI.
18334	Ubiquitin	P39940	V17T (PDB)	Saccharomyces cerevisiae (strain ATCC 204508 / S288c) (Baker's yeast)	1OTR	V17T	Coil	2.6	3.75	50	-1.89	-	-	yes (>90%)	12079391	protein stability; hydration; packing; amino acid substitutions; differential scanning calorimetry	J MOL BIOL 320, 343-357 (2002) PMID: 12079391	Loladze VV, Ermolenko DN, Makhatadze GI.
18335	Ubiquitin	P39940	L67A (PDB)	Saccharomyces cerevisiae (strain ATCC 204508 / S288c) (Baker's yeast)	1OTR	L67A	Sheet	1.09	3.75	50	-2.82	-	-	yes (>90%)	12079391	protein stability; hydration; packing; amino acid substitutions; differential scanning calorimetry	J MOL BIOL 320, 343-357 (2002) PMID: 12079391	Loladze VV, Ermolenko DN, Makhatadze GI.
18336	Ubiquitin	P39940	L67N (PDB)	Saccharomyces cerevisiae (strain ATCC 204508 / S288c) (Baker's yeast)	1OTR	L67N	Sheet	1.09	3.75	50	-3.39	-	-	yes (>90%)	12079391	protein stability; hydration; packing; amino acid substitutions; differential scanning calorimetry	J MOL BIOL 320, 343-357 (2002) PMID: 12079391	Loladze VV, Ermolenko DN, Makhatadze GI.
18337	Ubiquitin	P39940	L67T (PDB)	Saccharomyces cerevisiae (strain ATCC 204508 / S288c) (Baker's yeast)	1OTR	L67T	Sheet	1.09	3.75	50	-2.92	-	-	yes (>90%)	12079391	protein stability; hydration; packing; amino acid substitutions; differential scanning calorimetry	J MOL BIOL 320, 343-357 (2002) PMID: 12079391	Loladze VV, Ermolenko DN, Makhatadze GI.
18338	Ubiquitin	P39940	L67S (PDB)	Saccharomyces cerevisiae (strain ATCC 204508 / S288c) (Baker's yeast)	1OTR	L67S	Sheet	1.09	3.75	50	-3.3	-	-	yes (>90%)	12079391	protein stability; hydration; packing; amino acid substitutions; differential scanning calorimetry	J MOL BIOL 320, 343-357 (2002) PMID: 12079391	Loladze VV, Ermolenko DN, Makhatadze GI.
18339	Ubiquitin	P39940	Q41L (PDB)	Saccharomyces cerevisiae (strain ATCC 204508 / S288c) (Baker's yeast)	1OTR	Q41L	Sheet	0.0	3.75	50	-0.26	-	-	yes (>90%)	12079391	protein stability; hydration; packing; amino acid substitutions; differential scanning calorimetry	J MOL BIOL 320, 343-357 (2002) PMID: 12079391	Loladze VV, Ermolenko DN, Makhatadze GI.
18340	Ubiquitin	P39940	Q41V (PDB)	Saccharomyces cerevisiae (strain ATCC 204508 / S288c) (Baker's yeast)	1OTR	Q41V	Coil	0.0	3.75	50	-0.05	-	-	yes (>90%)	12079391	protein stability; hydration; packing; amino acid substitutions; differential scanning calorimetry	J MOL BIOL 320, 343-357 (2002) PMID: 12079391	Loladze VV, Ermolenko DN, Makhatadze GI.
18341	Ubiquitin	P39940	Q41N (PDB)	Saccharomyces cerevisiae (strain ATCC 204508 / S288c) (Baker's yeast)	1OTR	Q41N	Sheet	0.0	3.75	50	-2.56	-	-	yes (>90%)	12079391	protein stability; hydration; packing; amino acid substitutions; differential scanning calorimetry	J MOL BIOL 320, 343-357 (2002) PMID: 12079391	Loladze VV, Ermolenko DN, Makhatadze GI.
18342	Ubiquitin	P39940	Q41T (PDB)	Saccharomyces cerevisiae (strain ATCC 204508 / S288c) (Baker's yeast)	1OTR	Q41T	Sheet	0.0	3.75	50	-0.43	-	-	yes (>90%)	12079391	protein stability; hydration; packing; amino acid substitutions; differential scanning calorimetry	J MOL BIOL 320, 343-357 (2002) PMID: 12079391	Loladze VV, Ermolenko DN, Makhatadze GI.
18343	Ubiquitin	P39940	Q41S (PDB)	Saccharomyces cerevisiae (strain ATCC 204508 / S288c) (Baker's yeast)	1OTR	Q41S	Sheet	0.0	3.75	50	-1.27	-	-	yes (>90%)	12079391	protein stability; hydration; packing; amino acid substitutions; differential scanning calorimetry	J MOL BIOL 320, 343-357 (2002) PMID: 12079391	Loladze VV, Ermolenko DN, Makhatadze GI.
18344	Ubiquitin	P39940	V5N (PDB)	Saccharomyces cerevisiae (strain ATCC 204508 / S288c) (Baker's yeast)	1OTR	V5N	Sheet	0.65	3.75	50	-5.38	-	-	yes (>90%)	1207939	protein stability; hydration; packing; amino acid substitutions; differential scanning calorimetry	J MOL BIOL 320, 343-357 (2002) PMID: 1207939	Loladze VV, Ermolenko DN, Makhatadze GI.
18345	DNA-binding protein 7d (7 kDa DNA-binding protein d) (Sso7d)	P39476	I30V (PDB: I30V(PDB:I29V))	Saccharolobus solfataricus (strain ATCC 35092 / DSM 1617 / JCM 11322 / P2) (Sulfolobus solfataricus)	1SSO	I30V(PDB:I29V)	Helix	2.16	7.0	50	-0.4	-	-	yes	15005619	hydrophobicity; packing; hyperthermophile; cavity-filling	BIOCHEMISTRY 43, 2840-2853 (2004) PMID: 15005619	Clark AT, McCrary BS, Edmondson SP, Shriver JW
18346	DNA-binding protein 7d (7 kDa DNA-binding protein d) (Sac7d) [Cleaved into: DNA-binding protein 7a (7 kDa DNA-binding protein a) (Sac7a); DNA-binding protein 7b (7 kDa DNA-binding protein b) (Sac7b)]	P13123	V30I (PDB: V30I)	Sulfolobus acidocaldarius (strain ATCC 33909 / DSM 639 / JCM 8929 / NBRC 15157 / NCIMB 11770)	1AZP	V30I	Sheet	0.0	7.0	50	0.7	-	-	yes	15005619	hydrophobicity; packing; hyperthermophile; cavity-filling	BIOCHEMISTRY 43, 2840-2853 (2004) PMID: 15005619	Clark AT, McCrary BS, Edmondson SP, Shriver JW
18398	Ribonuclease HI	P0A7Y4	K91R (PDB: K91R)	Escherichia coli (strain K12)	2RN2	K91R	Coil	43.27	3.0	49.8	0.2	-	-	yes	1331044	structural stability; mutagenesis; free energy change;	J BIOL CHEM 267, 22014-22017 (1992) PMID: 1331044	Kimura S., Kanaya S. & Nakamura H.
18399	Ribonuclease HI	P0A7Y4	K91R (PDB: K91R)	Escherichia coli (strain K12)	2RN2	K91R	Coil	43.27	5.5	49.8	0	-	-	yes	1331044	structural stability; mutagenesis; free energy change;	J BIOL CHEM 267, 22014-22017 (1992) PMID: 1331044	Kimura S., Kanaya S. & Nakamura H.
18400	Ribonuclease HI	P0A7Y4	D94E (PDB: D94E)	Escherichia coli (strain K12)	2RN2	D94E	Coil	76.34	3.0	49.8	-0.4	-	-	yes	1331044	structural stability; mutagenesis; free energy change;	J BIOL CHEM 267, 22014-22017 (1992) PMID: 1331044	Kimura S., Kanaya S. & Nakamura H.
18401	Ribonuclease HI	P0A7Y4	D94E (PDB: D94E)	Escherichia coli (strain K12)	2RN2	D94E	Coil	76.34	5.5	49.8	-0.4	-	-	yes	1331044	structural stability; mutagenesis; free energy change;	J BIOL CHEM 267, 22014-22017 (1992) PMID: 1331044	Kimura S., Kanaya S. & Nakamura H.
18402	Ribonuclease HI	P0A7Y4	K95G (PDB: K95G)	Escherichia coli (strain K12)	2RN2	K95G	Coil	68.06	3.0	49.8	1.7	-	-	yes	1331044	structural stability; mutagenesis; free energy change;	J BIOL CHEM 267, 22014-22017 (1992) PMID: 1331044	Kimura S., Kanaya S. & Nakamura H.
18403	Ribonuclease HI	P0A7Y4	K95G (PDB: K95G)	Escherichia coli (strain K12)	2RN2	K95G	Coil	68.06	5.5	49.8	1.9	-	-	yes	1331044	structural stability; mutagenesis; free energy change;	J BIOL CHEM 267, 22014-22017 (1992) PMID: 1331044	Kimura S., Kanaya S. & Nakamura H.
18404	Ribonuclease HI	P0A7Y4	K95A (PDB: K95A)	Escherichia coli (strain K12)	2RN2	K95A	Coil	68.06	3.0	49.8	0.1	-	-	yes	1331044	structural stability; mutagenesis; free energy change;	J BIOL CHEM 267, 22014-22017 (1992) PMID: 1331044	Kimura S., Kanaya S. & Nakamura H.
18405	Ribonuclease HI	P0A7Y4	K95A (PDB: K95A)	Escherichia coli (strain K12)	2RN2	K95A	Coil	68.06	5.5	49.8	0.1	-	-	yes	1331044	structural stability; mutagenesis; free energy change;	J BIOL CHEM 267, 22014-22017 (1992) PMID: 1331044	Kimura S., Kanaya S. & Nakamura H.
18406	Ribonuclease HI	P0A7Y4	K95N (PDB: K95N)	Escherichia coli (strain K12)	2RN2	K95N	Turn	68.06	3.0	49.8	0.9	-	-	yes	1331044	structural stability; mutagenesis; free energy change;	J BIOL CHEM 267, 22014-22017 (1992) PMID: 1331044	Kimura S., Kanaya S. & Nakamura H.
18407	Ribonuclease HI	P0A7Y4	K95N (PDB: K95N)	Escherichia coli (strain K12)	2RN2	K95N	Turn	68.06	5.5	49.8	0.9	-	-	yes	1331044	structural stability; mutagenesis; free energy change;	J BIOL CHEM 267, 22014-22017 (1992) PMID: 1331044	Kimura S., Kanaya S. & Nakamura H.
18414	Ribonuclease HI	P0A7Y4	S68G (PDB: S68G)	Escherichia coli (strain K12)	2RN2	S68G	Coil	1.71	3.0	49.8	-2.4	-	-	yes	1317795	Escherichia coli ribonuclease HI; enzyme activity; stability;	EUR J BIOCHEM 206, 337-343 (1992) PMID: 1317795	Kimura S., Oda Y., Nakai T., Katayanagi K., Kitakuni E.,
18415	Ribonuclease HI	P0A7Y4	S68A (PDB: S68A)	Escherichia coli (strain K12)	2RN2	S68A	Coil	1.71	3.0	49.8	-0.5	-	-	yes	1317795	Escherichia coli ribonuclease HI; enzyme activity; stability;	EUR J BIOCHEM 206, 337-343 (1992) PMID: 1317795	Kimura S., Oda Y., Nakai T., Katayanagi K., Kitakuni E.,
18416	Ribonuclease HI	P0A7Y4	S68T (PDB: S68T)	Escherichia coli (strain K12)	2RN2	S68T	Coil	1.71	3.0	49.8	-0.2	-	-	yes	1317795	Escherichia coli ribonuclease HI; enzyme activity; stability;	EUR J BIOCHEM 206, 337-343 (1992) PMID: 1317795	Kimura S., Oda Y., Nakai T., Katayanagi K., Kitakuni E.,
18417	Ribonuclease HI	P0A7Y4	S68V (PDB: S68V)	Escherichia coli (strain K12)	2RN2	S68V	Coil	1.71	3.0	49.8	0.6	-	-	yes	1317795	Escherichia coli ribonuclease HI; enzyme activity; stability;	EUR J BIOCHEM 206, 337-343 (1992) PMID: 1317795	Kimura S., Oda Y., Nakai T., Katayanagi K., Kitakuni E.,
18418	Ribonuclease HI	P0A7Y4	S68L (PDB: S68L)	Escherichia coli (strain K12)	2RN2	S68L	Coil	1.71	3.0	49.8	-0.5	-	-	yes	1317795	Escherichia coli ribonuclease HI; enzyme activity; stability;	EUR J BIOCHEM 206, 337-343 (1992) PMID: 1317795	Kimura S., Oda Y., Nakai T., Katayanagi K., Kitakuni E.,
18419	Ribonuclease HI	P0A7Y4	G77A (PDB: G77A)	Escherichia coli (strain K12)	2RN2	G77A	Helix	0.0	3.0	49.8	-0.9	-	-	yes	8393706	Escherichia coli ribonuclease HI; cooperative stabilization;	BIOCHEMISTRY 32, 7136-7142 (1993) PMID: 8393706	Ishikawa K., Nakamura H., Morikawa K., Kimura S. & Kanaya S.
18420	Ribonuclease HI	P0A7Y4	H62P (PDB: H62P)	Escherichia coli (strain K12)	2RN2	H62P	Helix	74.77	3.0	49.8	1	-	-	yes	1328237	Escherichia coli ribonuclease HI; thermophilic; thermostability;	J BIOL CHEM 267, 21535-21542 (1992) PMID: 1328237	Kimura S., Nakamura H., Hashimoto T., Oobatake M. & Kanaya S.
18421	Ribonuclease HI	P0A7Y4	Q113P (PDB: Q113P)	Escherichia coli (strain K12)	2RN2	Q113P	Helix	59.91	3.0	49.8	-0.2	-	-	yes	1328237	Escherichia coli ribonuclease HI; thermophilic; thermostability;	J BIOL CHEM 267, 21535-21542 (1992) PMID: 1328237	Kimura S., Nakamura H., Hashimoto T., Oobatake M. & Kanaya S.
18424	Ribonuclease HI	P0A7Y4	A125T (PDB: A125T)	Escherichia coli (strain K12)	2RN2	A125T	Turn	58.98	3.0	49.8	0.1	-	-	yes	1328237	Escherichia coli ribonuclease HI; thermophilic; thermostability;	J BIOL CHEM 267, 21535-21542 (1992) PMID: 1328237	Kimura S., Nakamura H., Hashimoto T., Oobatake M. & Kanaya S.
18425	Ribonuclease HI	P0A7Y4	V74L (PDB: V74L)	Escherichia coli (strain K12)	2RN2	V74L	Helix	0.65	3.0	49.8	1.1	-	-	yes	3191114	Escherichia coli ribonuclease HI; hydrophobic core;	BIOCHEMISTRY 32, 6171-6178 (1993) PMID: 3191114	Ishikawa K., Nakamura H., Morikawa K. & Kanaya S.
18426	Ribonuclease HI	P0A7Y4	V74I (PDB: V74I)	Escherichia coli (strain K12)	2RN2	V74I	Helix	0.65	3.0	49.8	0.7	-	-	yes	3191114	Escherichia coli ribonuclease HI; hydrophobic core;	BIOCHEMISTRY 32, 6171-6178 (1993) PMID: 3191114	Ishikawa K., Nakamura H., Morikawa K. & Kanaya S.
18427	Ribonuclease HI	P0A7Y4	V74A (PDB: V74A)	Escherichia coli (strain K12)	2RN2	V74A	Helix	0.65	3.0	49.8	-2.2	-	-	yes	3191114	Escherichia coli ribonuclease HI; hydrophobic core;	BIOCHEMISTRY 32, 6171-6178 (1993) PMID: 3191114	Ishikawa K., Nakamura H., Morikawa K. & Kanaya S.
18428	Lysozyme	P61626	I41V (PDB: I23V)	Homo sapiens (Human)	1LZ1	I23V	Helix	8.11	2.7	49.2	-0.41	-	-	yes	9677301	protein stability; hydrophobic effect; double mutant;	J MOL BIOL 280, 749-761 (1998) PMID: 9677301	Takano K, Yamagata Y, Yutani K
18429	Lysozyme	P61626	I74V (PDB: I56V)	Homo sapiens (Human)	1LZ1	I56V	Helix	0.54	2.7	49.2	-1.34	-	-	yes	9677301	protein stability; hydrophobic effect; double mutant;	J MOL BIOL 280, 749-761 (1998) PMID: 9677301	Takano K, Yamagata Y, Yutani K
18430	Lysozyme	P61626	I77V (PDB: I59V)	Homo sapiens (Human)	1LZ1	I59V	Helix	1.62	2.7	49.2	-0.93	-	-	yes	9677301	protein stability; hydrophobic effect; double mutant;	J MOL BIOL 280, 749-761 (1998) PMID: 9677301	Takano K, Yamagata Y, Yutani K
18431	Lysozyme	P61626	I107V (PDB: I89V)	Homo sapiens (Human)	1LZ1	I89V	Helix	3.78	2.7	49.2	-0.35	-	-	yes	9677301	protein stability; hydrophobic effect; double mutant;	J MOL BIOL 280, 749-761 (1998) PMID: 9677301	Takano K, Yamagata Y, Yutani K
18432	Lysozyme	P61626	I124V (PDB: I106V)	Homo sapiens (Human)	1LZ1	I106V	Helix	2.16	2.7	49.2	-0.98	-	-	yes	9677301	protein stability; hydrophobic effect; double mutant;	J MOL BIOL 280, 749-761 (1998) PMID: 9677301	Takano K, Yamagata Y, Yutani K
18433	Lysozyme	P61626	V20A (PDB: V2A)	Homo sapiens (Human)	1LZ1	V2A	Sheet	63.11	2.7	49.2	-1.51	-	-	yes	9677301	protein stability; hydrophobic effect; double mutant;	J MOL BIOL 280, 749-761 (1998) PMID: 9677301	Takano K, Yamagata Y, Yutani K
18434	Lysozyme	P61626	V92A (PDB: V74A)	Homo sapiens (Human)	1LZ1	V74A	Coil	56.6	2.7	49.2	-0.43	-	-	yes	9677301	protein stability; hydrophobic effect; double mutant;	J MOL BIOL 280, 749-761 (1998) PMID: 9677301	Takano K, Yamagata Y, Yutani K
18435	Lysozyme	P61626	V111A (PDB: V93A)	Homo sapiens (Human)	1LZ1	V93A	Helix	1.95	2.7	49.2	-1	-	-	yes	9677301	protein stability; hydrophobic effect; double mutant;	J MOL BIOL 280, 749-761 (1998) PMID: 9677301	Takano K, Yamagata Y, Yutani K
18436	Lysozyme	P61626	V117A (PDB: V99A)	Homo sapiens (Human)	1LZ1	V99A	Helix	2.6	2.7	49.2	-0.89	-	-	yes	9677301	protein stability; hydrophobic effect; double mutant;	J MOL BIOL 280, 749-761 (1998) PMID: 9677301	Takano K, Yamagata Y, Yutani K
18437	Lysozyme	P61626	V118A (PDB: V100A)	Homo sapiens (Human)	1LZ1	V100A	Turn	0.65	2.7	49.2	-0.57	-	-	yes	9677301	protein stability; hydrophobic effect; double mutant;	J MOL BIOL 280, 749-761 (1998) PMID: 9677301	Takano K, Yamagata Y, Yutani K
18438	Lysozyme	P61626	V128A (PDB: V110A)	Homo sapiens (Human)	1LZ1	V110A	Helix	50.75	2.7	49.2	0.07	-	-	yes	9677301	protein stability; hydrophobic effect; double mutant;	J MOL BIOL 280, 749-761 (1998) PMID: 9677301	Takano K, Yamagata Y, Yutani K
18439	Lysozyme	P61626	V139A (PDB: V121A)	Homo sapiens (Human)	1LZ1	V121A	Turn	8.46	2.7	49.2	-1.75	-	-	yes	9677301	protein stability; hydrophobic effect; double mutant;	J MOL BIOL 280, 749-761 (1998) PMID: 9677301	Takano K, Yamagata Y, Yutani K
18440	Lysozyme	P61626	V143A (PDB: V125A)	Homo sapiens (Human)	1LZ1	V125A	Turn	17.57	2.7	49.2	-1.6	-	-	yes	9677301	protein stability; hydrophobic effect; double mutant;	J MOL BIOL 280, 749-761 (1998) PMID: 9677301	Takano K, Yamagata Y, Yutani K
18441	Lysozyme	P61626	V148A (PDB: V130A)	Homo sapiens (Human)	1LZ1	V130A	Coil	55.3	2.7	49.2	-1.12	-	-	yes	9677301	protein stability; hydrophobic effect; double mutant;	J MOL BIOL 280, 749-761 (1998) PMID: 9677301	Takano K, Yamagata Y, Yutani K
18442	Lysozyme	P61626	I77A (PDB: I59A)	Homo sapiens (Human)	1LZ1	I59A	Helix	1.62	2.7	49.2	-1.31	-	-	yes	12646687	cavity; human lysozyme; mutant protein; protein stability; water molecule	PROTEIN ENG 16, 5-9 (2003) PMID: 12646687	Takano K, Yamagata Y, Yutani K.
18443	Ribonuclease Sa	P05798	Q38A (PDB: Q38A)	Kitasatospora aureofaciens (Streptomyces aureofaciens)	1RGG	Q38A	Coil	63.83	7.0	49	1	-	-	yes (90-95%)	14500895	Ribonuclease Sa; active-site mutants; catalytic activity; specificity; thermal stability	PROTEIN SCI 12, 2367-2373 (2003) PMID: 14500895	Yakovlev GI, Mitkevich VA, Shaw KL, Trevino S, Newsom S, Pace CN, Makarov AA
18444	Ribonuclease Sa	P05798	E41K (PDB: E41K)	Kitasatospora aureofaciens (Streptomyces aureofaciens)	1RGG	E41K	Sheet	96.74	7.0	49	-0.7	-	-	yes (90-95%)	14500895	Ribonuclease Sa; active-site mutants; catalytic activity; specificity; thermal stability	PROTEIN SCI 12, 2367-2373 (2003) PMID: 14500895	Yakovlev GI, Mitkevich VA, Shaw KL, Trevino S, Newsom S, Pace CN, Makarov AA
18445	Ribonuclease Sa	P05798	E54Q (PDB: E54Q)	Kitasatospora aureofaciens (Streptomyces aureofaciens)	1RGG	E54Q	Sheet	10.3	7.0	49	-1.7	-	-	yes (90-95%)	14500895	Ribonuclease Sa; active-site mutants; catalytic activity; specificity; thermal stability	PROTEIN SCI 12, 2367-2373 (2003) PMID: 14500895	Yakovlev GI, Mitkevich VA, Shaw KL, Trevino S, Newsom S, Pace CN, Makarov AA
18446	Ribonuclease Sa	P05798	R65A (PDB: R65A)	Kitasatospora aureofaciens (Streptomyces aureofaciens)	1RGG	R65A	Coil	25.76	7.0	49	-1	-	-	yes (90-95%)	14500895	Ribonuclease Sa; active-site mutants; catalytic activity; specificity; thermal stability	PROTEIN SCI 12, 2367-2373 (2003) PMID: 14500895	Yakovlev GI, Mitkevich VA, Shaw KL, Trevino S, Newsom S, Pace CN, Makarov AA
18447	Ribonuclease Sa	P05798	E74K (PDB: E74K)	Kitasatospora aureofaciens (Streptomyces aureofaciens)	1RGG	E74K	Sheet	79.56	7.0	49	0.9	-	-	yes (90-95%)	14500895	Ribonuclease Sa; active-site mutants; catalytic activity; specificity; thermal stability	PROTEIN SCI 12, 2367-2373 (2003) PMID: 14500895	Yakovlev GI, Mitkevich VA, Shaw KL, Trevino S, Newsom S, Pace CN, Makarov AA
18448	Ribonuclease Sa	P05798	H85Q (PDB: H85Q)	Kitasatospora aureofaciens (Streptomyces aureofaciens)	1RGG	H85Q	Helix	54.43	7.0	49	0	-	-	yes (90-95%)	14500895	Ribonuclease Sa; active-site mutants; catalytic activity; specificity; thermal stability	PROTEIN SCI 12, 2367-2373 (2003) PMID: 14500895	Yakovlev GI, Mitkevich VA, Shaw KL, Trevino S, Newsom S, Pace CN, Makarov AA
18449	Ribonuclease T1	P00651	Q51K (PDB: Q25K)	Aspergillus oryzae (strain ATCC 42149 / RIB 40) (Yellow koji mold)	1RN1	Q25K	Helix	49.27	7.0	48.6	0.93	-	-	Unknown	2663837	Ribonuclease T1; conformational stability; activity; thermal unfolding	J BIOL CHEM 264, 11621-11625 (1989) PMID: 2663837	Shirley BA, Stanssens P, Steyaert J, Pace CN
18450	Ribonuclease T1	P00651	E84A (PDB: E58A)	Aspergillus oryzae (strain ATCC 42149 / RIB 40) (Yellow koji mold)	1RN1	E58A	Sheet	5.72	7.0	48.6	-0.78	-	-	Unknown	2663837	Ribonuclease T1; conformational stability; activity; thermal unfolding	J BIOL CHEM 264, 11621-11625 (1989) PMID: 2663837	Shirley BA, Stanssens P, Steyaert J, Pace CN
18453	HU DNA-binding protein	P08821	E15G (UniProt)	Bacillus subtilis (strain 168)	AF-P08821-F1-model_v4	-	-		7.0	48.6	1.55	-	-	yes	9685334	thermostability; DNA-binding protein HU; structural;	J BIOL CHEM 273, 19982-19987 (1998) PMID: 9685334	Kawamura S, Abe Y, Ueda T, Masumoto K, Imoto T, Yamasaki N,
18454	HU DNA-binding protein	P08821	S27A (UniProt)	Bacillus subtilis (strain 168)	AF-P08821-F1-model_v4	-	-		7.0	48.6	0.73	-	-	yes	9685334	thermostability; DNA-binding protein HU; structural;	J BIOL CHEM 273, 19982-19987 (1998) PMID: 9685334	Kawamura S, Abe Y, Ueda T, Masumoto K, Imoto T, Yamasaki N,
18455	HU DNA-binding protein	P08821	I42V (UniProt)	Bacillus subtilis (strain 168)	AF-P08821-F1-model_v4	-	-		7.0	48.6	0.52	-	-	yes	9685334	thermostability; DNA-binding protein HU; structural;	J BIOL CHEM 273, 19982-19987 (1998) PMID: 9685334	Kawamura S, Abe Y, Ueda T, Masumoto K, Imoto T, Yamasaki N,
18457	Ribonuclease Sa	P05798	N39D (PDB: N39D)	Kitasatospora aureofaciens (Streptomyces aureofaciens)	1RGG	N39D	Turn	9.56	7.0	48.4	-1.5	-	-	yes (>95%)	9819211	conformational stability; asparagine; ribonuclease Sa, Ba, T1;	BIOCHEMISTRY 37, 16192-16200 (1998) PMID: 9819211	Hebert EJ, Giletto A, Sevcik J, Urbanikova L, Wilson KS,
18458	Ribonuclease Sa	P05798	N39S (PDB: N39S)	Kitasatospora aureofaciens (Streptomyces aureofaciens)	1RGG	N39S	Turn	9.56	7.0	48.4	-2.3	-	-	yes (>95%)	9819211	conformational stability; asparagine; ribonuclease Sa, Ba, T1;	BIOCHEMISTRY 37, 16192-16200 (1998) PMID: 9819211	Hebert EJ, Giletto A, Sevcik J, Urbanikova L, Wilson KS,
18459	Ribonuclease Sa	P05798	N39A (PDB: N39A)	Kitasatospora aureofaciens (Streptomyces aureofaciens)	1RGG	N39A	Turn	9.56	7.0	48.4	-2.2	-	-	yes (>95%)	9819211	conformational stability; asparagine; ribonuclease Sa, Ba, T1;	BIOCHEMISTRY 37, 16192-16200 (1998) PMID: 9819211	Hebert EJ, Giletto A, Sevcik J, Urbanikova L, Wilson KS,
18460	Ribonuclease Sa	P05798	T18V (PDB: T18V)	Kitasatospora aureofaciens (Streptomyces aureofaciens)	1RGG	T18V	Turn	7.21	7.0	48.4	-1.4	-	-	yes(>95%)	12799387	hydrogen bonding; polar groups; protein stability; environment	J BIOL CHEM 278, 31790-31795 (2003) PMID: 12799387	Takano K, Scholtz JM, Sacchettini JC, Pace CN
18461	Ribonuclease Sa	P05798	T56V (PDB: T56V)	Kitasatospora aureofaciens (Streptomyces aureofaciens)	1RGG	T56V	Turn	2.16	7.0	48.4	-1.9	-	-	yes(>95%)	12799387	hydrogen bonding; polar groups; protein stability; environment	J BIOL CHEM 278, 31790-31795 (2003) PMID: 12799387	Takano K, Scholtz JM, Sacchettini JC, Pace CN
18462	Ribonuclease Sa	P05798	T67V (PDB: T67V)	Kitasatospora aureofaciens (Streptomyces aureofaciens)	1RGG	T67V	Turn	45.42	7.0	48.4	0	-	-	yes(>95%)	12799387	hydrogen bonding; polar groups; protein stability; environment	J BIOL CHEM 278, 31790-31795 (2003) PMID: 12799387	Takano K, Scholtz JM, Sacchettini JC, Pace CN
18463	Ribonuclease Sa	P05798	T82V (PDB: T82V)	Kitasatospora aureofaciens (Streptomyces aureofaciens)	1RGG	T82V	Turn	0.72	7.0	48.4	-1.7	-	-	yes(>95%)	12799387	hydrogen bonding; polar groups; protein stability; environment	J BIOL CHEM 278, 31790-31795 (2003) PMID: 12799387	Takano K, Scholtz JM, Sacchettini JC, Pace CN
18464	Ribonuclease Sa	P05798	T5V (PDB: T5V)	Kitasatospora aureofaciens (Streptomyces aureofaciens)	1RGG	T5V	Turn	65.61	7.0	48.4	0	-	-	yes(>95%)	12799387	hydrogen bonding; polar groups; protein stability; environment	J BIOL CHEM 278, 31790-31795 (2003) PMID: 12799387	Takano K, Scholtz JM, Sacchettini JC, Pace CN
18465	Ribonuclease Sa	P05798	T16V (PDB: T16V)	Kitasatospora aureofaciens (Streptomyces aureofaciens)	1RGG	T16V	Turn	36.77	7.0	48.4	0.3	-	-	yes(>95%)	12799387	hydrogen bonding; polar groups; protein stability; environment	J BIOL CHEM 278, 31790-31795 (2003) PMID: 12799387	Takano K, Scholtz JM, Sacchettini JC, Pace CN
18466	Ribonuclease Sa	P05798	T59V (PDB: T59V)	Kitasatospora aureofaciens (Streptomyces aureofaciens)	1RGG	T59V	Turn	23.79	7.0	48.4	-1.7	-	-	yes(>95%)	12799387	hydrogen bonding; polar groups; protein stability; environment	J BIOL CHEM 278, 31790-31795 (2003) PMID: 12799387	Takano K, Scholtz JM, Sacchettini JC, Pace CN
18467	Ribonuclease Sa	P05798	T72V (PDB: T72V)	Kitasatospora aureofaciens (Streptomyces aureofaciens)	1RGG	T72V	Turn	10.81	7.0	48.4	-0.2	-	-	yes(>95%)	12799387	hydrogen bonding; polar groups; protein stability; environment	J BIOL CHEM 278, 31790-31795 (2003) PMID: 12799387	Takano K, Scholtz JM, Sacchettini JC, Pace CN
18468	Ribonuclease Sa	P05798	V2T (PDB: V2T)	Kitasatospora aureofaciens (Streptomyces aureofaciens)	1RGG	V2T	Coil	32.53	7.0	48.4	-0.9	-	-	yes(>95%)	12799387	hydrogen bonding; polar groups; protein stability; environment	J BIOL CHEM 278, 31790-31795 (2003) PMID: 12799387	Takano K, Scholtz JM, Sacchettini JC, Pace CN
18469	Ribonuclease Sa	P05798	V36T (PDB: V36T)	Kitasatospora aureofaciens (Streptomyces aureofaciens)	1RGG	V36T	Sheet	24.72	7.0	48.4	-1.3	-	-	yes(>95%)	12799387	hydrogen bonding; polar groups; protein stability; environment	J BIOL CHEM 278, 31790-31795 (2003) PMID: 12799387	Takano K, Scholtz JM, Sacchettini JC, Pace CN
18470	Ribonuclease Sa	P05798	V43T (PDB: V43T)	Kitasatospora aureofaciens (Streptomyces aureofaciens)	1RGG	V43T	Coil	20.82	7.0	48.4	-0.5	-	-	yes(>95%)	12799387	hydrogen bonding; polar groups; protein stability; environment	J BIOL CHEM 278, 31790-31795 (2003) PMID: 12799387	Takano K, Scholtz JM, Sacchettini JC, Pace CN
18471	Ribonuclease Sa	P05798	V57T (PDB: V57T)	Kitasatospora aureofaciens (Streptomyces aureofaciens)	1RGG	V57T	Coil	0.0	7.0	48.4	-4.4	-	-	yes(>95%)	12799387	hydrogen bonding; polar groups; protein stability; environment	J BIOL CHEM 278, 31790-31795 (2003) PMID: 12799387	Takano K, Scholtz JM, Sacchettini JC, Pace CN
18472	Ribonuclease	P00648	I143V (UniProt)	Bacillus amyloliquefaciens (Bacillus velezensis)	1BNI	-	Helix	0.0	6.3	48	-0.9	-	-	yes (>85%)	2669964	side-chain packing; hydrophobic core; energetics; barnase;	BIOCHEMISTRY 28, 4914-4922 (1989) PMID: 2669964	Kellis JT Jr, Nyberg K, Fersht AR
18473	Ribonuclease	P00648	I135V (UniProt)	Bacillus amyloliquefaciens (Bacillus velezensis)	1BNI	-	Helix	0.0	6.3	48	-1.1	-	-	yes (>85%)	2669964	side-chain packing; hydrophobic core; energetics; barnase;	BIOCHEMISTRY 28, 4914-4922 (1989) PMID: 2669964	Kellis JT Jr, Nyberg K, Fersht AR
18474	Ribonuclease	P00648	I143A (UniProt)	Bacillus amyloliquefaciens (Bacillus velezensis)	1BNI	-	Helix	0.0	6.3	48	-3.2	-	-	yes (>85%)	2669964	side-chain packing; hydrophobic core; energetics; barnase;	BIOCHEMISTRY 28, 4914-4922 (1989) PMID: 2669964	Kellis JT Jr, Nyberg K, Fersht AR
18475	Ribonuclease	P00648	I135A (UniProt)	Bacillus amyloliquefaciens (Bacillus velezensis)	1BNI	-	Helix	0.0	6.3	48	-3.9	-	-	yes (>85%)	2669964	side-chain packing; hydrophobic core; energetics; barnase;	BIOCHEMISTRY 28, 4914-4922 (1989) PMID: 2669964	Kellis JT Jr, Nyberg K, Fersht AR
18476	Ribonuclease	P00648	L61A (UniProt)	Bacillus amyloliquefaciens (Bacillus velezensis)	1BNI	-	Helix	0.0	6.3	48	-4.2	-	-	yes (>85%)	2669964	side-chain packing; hydrophobic core; energetics; barnase;	BIOCHEMISTRY 28, 4914-4922 (1989) PMID: 2669964	Kellis JT Jr, Nyberg K, Fersht AR
18482	Lysozyme	P00720	M102K (PDB: M102K)	Enterobacteria phage T4 (Bacteriophage T4)	2LZM	M102K	Helix	1.5	10.4	47.9	-2.2	-	-	yes(20%)	1747370	T4 lysozyme; alpha-helix; energetic; structural;	BIOCHEMISTRY 30, 11521-11529 (1991) PMID: 1747370	Dao-pin S., Anderson D.E., Baase W.A., Dahlquist F.W. & Matthews B.W.
18483	Lysozyme	P00720	S44A (PDB: S44A)	Enterobacteria phage T4 (Bacteriophage T4)	2LZM	S44A	Coil	59.73	2.5	47.8	-0.44	-	-	Unknown	7918421	beta-branched amino acids; protein alpha-helices; hydrophobic;	BIOCHEMISTRY 33, 12022-12031 (1994) PMID: 7918421	Cornish VW, Kaplan MI, Veenstra DL, Kollman PA, Schultz PG
18484	Lysozyme	P00720	N68A (PDB: N68A)	Enterobacteria phage T4 (Bacteriophage T4)	2LZM	N68A	Helix	62.16	2.5	47.8	-0.05	-	-	Unknown	7918421	beta-branched amino acids; protein alpha-helices; hydrophobic;	BIOCHEMISTRY 33, 12022-12031 (1994) PMID: 7918421	Cornish VW, Kaplan MI, Veenstra DL, Kollman PA, Schultz PG
18488	Ribonuclease Sa	P05798	D25K (PDB: D25K)	Kitasatospora aureofaciens (Streptomyces aureofaciens)	1RGG	D25K	Helix	84.66	7.0	47.2	-0.9	-	-	Unknown	10493585	electrostatic interactions; histidine pKa; protein folding;	PROTEIN SCI 8, 1843-1849 (1999) PMID: 10493585	Grimsley GR, Shaw KL, Fee LR, Alston RW, Huyghues-Despointes BM,
18489	Ribonuclease Sa	P05798	E74K (PDB: E74K)	Kitasatospora aureofaciens (Streptomyces aureofaciens)	1RGG	E74K	Sheet	79.56	7.0	47.2	-1.1	-	-	Unknown	10493585	electrostatic interactions; histidine pKa; protein folding;	PROTEIN SCI 8, 1843-1849 (1999) PMID: 10493585	Grimsley GR, Shaw KL, Fee LR, Alston RW, Huyghues-Despointes BM,
18491	Staphylococcal nuclease	P00644	L107A (UniProt)	Staphylococcus aureus	1STN	-	Sheet	0.0	5.0	47	-2.8	-	-	yes	8518730	thermal unfolding; free energies of unfolding; differential scanning	PROTEIN SCI 2, 567-576 (1993) PMID: 8518730	Tanaka A., Flanagan J. & Sturtevant J.M.
18492	Staphylococcal nuclease	P00644	V148L (UniProt)	Staphylococcus aureus	1STN	-	Helix	2.6	5.0	47	0.6	-	-	yes	8518730	thermal unfolding; free energies of unfolding; differential scanning	PROTEIN SCI 2, 567-576 (1993) PMID: 8518730	Tanaka A., Flanagan J. & Sturtevant J.M.
18493	Staphylococcal nuclease	P00644	G161S (UniProt)	Staphylococcus aureus	1STN	-	Helix	22.87	5.0	47	-1.2	-	-	yes	8518730	thermal unfolding; free energies of unfolding; differential scanning	PROTEIN SCI 2, 567-576 (1993) PMID: 8518730	Tanaka A., Flanagan J. & Sturtevant J.M.
18494	Staphylococcal nuclease	P00644	G170V (UniProt)	Staphylococcus aureus	1STN	-	Helix	1.27	5.0	47	0.6	-	-	yes	8518730	thermal unfolding; free energies of unfolding; differential scanning	PROTEIN SCI 2, 567-576 (1993) PMID: 8518730	Tanaka A., Flanagan J. & Sturtevant J.M.
18495	Staphylococcal nuclease	P00644	A172S (UniProt)	Staphylococcus aureus	1STN	-	Coil	0.0	5.0	47	-2.6	-	-	yes	8518730	thermal unfolding; free energies of unfolding; differential scanning	PROTEIN SCI 2, 567-576 (1993) PMID: 8518730	Tanaka A., Flanagan J. & Sturtevant J.M.
18496	Staphylococcal nuclease	P00644	H206L (UniProt)	Staphylococcus aureus	1STN	-	Helix	52.23	5.0	47	1.9	-	-	yes	8518730	thermal unfolding; free energies of unfolding; differential scanning	PROTEIN SCI 2, 567-576 (1993) PMID: 8518730	Tanaka A., Flanagan J. & Sturtevant J.M.
18502	Lysozyme	P00720	E128K (PDB: E128K)	Enterobacteria phage T4 (Bacteriophage T4)	2LZM	E128K	Sheet	54.95	3.0	47	-1.16	-	-	yes	6726809	bacteriophage T4 lysozyme; free energies of unfolding;	J MOL BIOL 175, 195-212 (1984) PMID: 6726809	Hawkes R, Grutter MG, Schellman J
18503	Lysozyme	P00720	A146T (PDB: A146T)	Enterobacteria phage T4 (Bacteriophage T4)	2LZM	A146T	Helix	0.0	3.0	47	-2.29	-	-	yes	6726809	bacteriophage T4 lysozyme; free energies of unfolding;	J MOL BIOL 175, 195-212 (1984) PMID: 6726809	Hawkes R, Grutter MG, Schellman J
18504	Ribonuclease HI	P0A7Y4	D10N (PDB: D10N)	Escherichia coli (strain K12)	2RN2	D10N	Sheet	10.41	9.0	47	2	-	-	yes	8955106	Escherichia coli ribonuclease HI; thermal stability; catalytic role;	J BIOL CHEM 271, 32729-32736 (1996) PMID: 8955106	Kanaya S, Oobatake M, Liu Y
18505	Ribonuclease HI	P0A7Y4	D10A (PDB: D10A)	Escherichia coli (strain K12)	2RN2	D10A	Sheet	10.41	9.0	47	4	-	-	yes	8955106	Escherichia coli ribonuclease HI; thermal stability; catalytic role;	J BIOL CHEM 271, 32729-32736 (1996) PMID: 8955106	Kanaya S, Oobatake M, Liu Y
18506	Ribonuclease HI	P0A7Y4	D10E (PDB: D10E)	Escherichia coli (strain K12)	2RN2	D10E	Sheet	10.41	9.0	47	1	-	-	yes	8955106	Escherichia coli ribonuclease HI; thermal stability; catalytic role;	J BIOL CHEM 271, 32729-32736 (1996) PMID: 8955106	Kanaya S, Oobatake M, Liu Y
18507	Ribonuclease HI	P0A7Y4	D10S (PDB: D10S)	Escherichia coli (strain K12)	2RN2	D10S	Sheet	10.41	9.0	47	2.7	-	-	yes	8955106	Escherichia coli ribonuclease HI; thermal stability; catalytic role;	J BIOL CHEM 271, 32729-32736 (1996) PMID: 8955106	Kanaya S, Oobatake M, Liu Y
18508	Ribonuclease HI	P0A7Y4	D10H (PDB: D10H)	Escherichia coli (strain K12)	2RN2	D10H	Sheet	10.41	9.0	47	2.4	-	-	yes	8955106	Escherichia coli ribonuclease HI; thermal stability; catalytic role;	J BIOL CHEM 271, 32729-32736 (1996) PMID: 8955106	Kanaya S, Oobatake M, Liu Y
18509	Ribonuclease HI	P0A7Y4	E48Q (PDB: E48Q)	Escherichia coli (strain K12)	2RN2	E48Q	Sheet	12.02	9.0	47	0.3	-	-	yes	8955106	Escherichia coli ribonuclease HI; thermal stability; catalytic role;	J BIOL CHEM 271, 32729-32736 (1996) PMID: 8955106	Kanaya S, Oobatake M, Liu Y
18510	Ribonuclease HI	P0A7Y4	E48A (PDB: E48A)	Escherichia coli (strain K12)	2RN2	E48A	Sheet	12.02	9.0	47	-0.3	-	-	yes	8955106	Escherichia coli ribonuclease HI; thermal stability; catalytic role;	J BIOL CHEM 271, 32729-32736 (1996) PMID: 8955106	Kanaya S, Oobatake M, Liu Y
18511	Ribonuclease HI	P0A7Y4	E48D (PDB: E48D)	Escherichia coli (strain K12)	2RN2	E48D	Sheet	12.02	9.0	47	-0.2	-	-	yes	8955106	Escherichia coli ribonuclease HI; thermal stability; catalytic role;	J BIOL CHEM 271, 32729-32736 (1996) PMID: 8955106	Kanaya S, Oobatake M, Liu Y
18512	Ribonuclease HI	P0A7Y4	D70N (PDB: D70N)	Escherichia coli (strain K12)	2RN2	D70N	Coil	40.94	9.0	47	1.6	-	-	yes	8955106	Escherichia coli ribonuclease HI; thermal stability; catalytic role;	J BIOL CHEM 271, 32729-32736 (1996) PMID: 8955106	Kanaya S, Oobatake M, Liu Y
18513	Ribonuclease HI	P0A7Y4	D70A (PDB: D70A)	Escherichia coli (strain K12)	2RN2	D70A	Coil	40.94	9.0	47	1.1	-	-	yes	8955106	Escherichia coli ribonuclease HI; thermal stability; catalytic role;	J BIOL CHEM 271, 32729-32736 (1996) PMID: 8955106	Kanaya S, Oobatake M, Liu Y
18514	Ribonuclease HI	P0A7Y4	D70E (PDB: D70E)	Escherichia coli (strain K12)	2RN2	D70E	Coil	40.94	9.0	47	0.1	-	-	yes	8955106	Escherichia coli ribonuclease HI; thermal stability; catalytic role;	J BIOL CHEM 271, 32729-32736 (1996) PMID: 8955106	Kanaya S, Oobatake M, Liu Y
18515	Ribonuclease HI	P0A7Y4	D134N (PDB: D134N)	Escherichia coli (strain K12)	2RN2	D134N	Helix	38.86	9.0	47	1.8	-	-	yes	8955106	Escherichia coli ribonuclease HI; thermal stability; catalytic role;	J BIOL CHEM 271, 32729-32736 (1996) PMID: 8955106	Kanaya S, Oobatake M, Liu Y
18516	Ribonuclease HI	P0A7Y4	D134A (PDB: D134A)	Escherichia coli (strain K12)	2RN2	D134A	Helix	38.86	9.0	47	2	-	-	yes	8955106	Escherichia coli ribonuclease HI; thermal stability; catalytic role;	J BIOL CHEM 271, 32729-32736 (1996) PMID: 8955106	Kanaya S, Oobatake M, Liu Y
18517	Lysozyme	P00720	M6L (PDB: M6L)	Enterobacteria phage T4 (Bacteriophage T4)	2LZM	M6L	Helix	0.0	3.0	47	-2.8	-	-	yes (>95%)	9541409	hydrophobic effect; methionine; protein design;	PROTEIN SCI 7, 765-773 (1998) PMID: 9541409	Lipscomb LA, Gassner NC, Snow SD, Eldridge AM, Baase WA,
18518	Lysozyme	P00720	M106L (PDB: M106L)	Enterobacteria phage T4 (Bacteriophage T4)	2LZM	M106L	Helix	27.99	3.0	47	0.5	-	-	yes (>95%)	9541409	hydrophobic effect; methionine; protein design;	PROTEIN SCI 7, 765-773 (1998) PMID: 9541409	Lipscomb LA, Gassner NC, Snow SD, Eldridge AM, Baase WA,
18519	Lysozyme	P00720	M120L(Based on UniProt and PDB)	Enterobacteria phage T4 (Bacteriophage T4)	2LZM	M120L	Helix	14.99	3.0	47	0.5	-	-	yes (>95%)	9541409	hydrophobic effect; methionine; protein design;	PROTEIN SCI 7, 765-773 (1998) PMID: 9541409	Lipscomb LA, Gassner NC, Snow SD, Eldridge AM, Baase WA,
18520	Lysozyme	P00720	M106K (PDB: M106K)	Enterobacteria phage T4 (Bacteriophage T4)	2LZM	M106K	Helix	27.99	3.0	47	-3.4	-	-	yes (>95%)	9541409	hydrophobic effect; methionine; protein design;	PROTEIN SCI 7, 765-773 (1998) PMID: 9541409	Lipscomb LA, Gassner NC, Snow SD, Eldridge AM, Baase WA,
18521	Lysozyme	P00720	M120K (PDB: M120K)	Enterobacteria phage T4 (Bacteriophage T4)	2LZM	M120K	Helix	14.99	3.0	47	-1.6	-	-	yes (>95%)	9541409	hydrophobic effect; methionine; protein design;	PROTEIN SCI 7, 765-773 (1998) PMID: 9541409	Lipscomb LA, Gassner NC, Snow SD, Eldridge AM, Baase WA,
18522	Protein G; synthetic	-	G41C (Based on Paper)	Synthetic	-	-	-		7.0	47	1.27	-	-	Unknown	10079065	C-terminal protein G fragment, beta-hairpin structure, folding mechanism	BIOCHEMISTRY 38, 3228-3234 (1999) PMID: 10079065	Kobayashi N, Honda S, Munekata E.
18523	Protein G; synthetic	-	G41C (Based on Paper)	Synthetic	-	-	-		7.0	47	-0.1	-	-	Unknown	10079065	C-terminal protein G fragment, beta-hairpin structure, folding mechanism	BIOCHEMISTRY 38, 3228-3234 (1999) PMID: 10079065	Kobayashi N, Honda S, Munekata E.
18525	Chymotrypsin inhibitor	P01053	S32A (UniProt)	Hordeum vulgare (Barley)	2CI2	-	Coil	15.36	6.3	46.6	-0.89	-	-	yes	7849029	protein engineering; hydrophobic clusters; secondary structure;	BIOCHEMISTRY 34, 1695-1701 (1995) PMID: 7849029	Ruiz-Sanz J, de Prat Gay G, Otzen DE, Fersht AR
18528	Chymotrypsin inhibitor	P01053	E34N (UniProt)	Hordeum vulgare (Barley)	2CI2	-	Sheet	57.81	6.3	46.6	-0.7	-	-	yes	7849029	protein engineering; hydrophobic clusters; secondary structure;	BIOCHEMISTRY 34, 1695-1701 (1995) PMID: 7849029	Ruiz-Sanz J, de Prat Gay G, Otzen DE, Fersht AR
18529	Chymotrypsin inhibitor	P01053	K37A (UniProt)	Hordeum vulgare (Barley)	2CI2	-	Helix	47.16	6.3	46.6	-0.49	-	-	yes	7849029	protein engineering; hydrophobic clusters; secondary structure;	BIOCHEMISTRY 34, 1695-1701 (1995) PMID: 7849029	Ruiz-Sanz J, de Prat Gay G, Otzen DE, Fersht AR
18530	Chymotrypsin inhibitor	P01053	K37A (UniProt)	Hordeum vulgare (Barley)	2CI2	-	Helix	64.66	6.3	46.6	0.23	-	-	yes	7849029	protein engineering; hydrophobic clusters; secondary structure;	BIOCHEMISTRY 34, 1695-1701 (1995) PMID: 7849029	Ruiz-Sanz J, de Prat Gay G, Otzen DE, Fersht AR
18531	Chymotrypsin inhibitor	P01053	K37G (UniProt)	Hordeum vulgare (Barley)	2CI2	-	Helix	64.66	6.3	46.6	-0.97	-	-	yes	7849029	protein engineering; hydrophobic clusters; secondary structure;	BIOCHEMISTRY 34, 1695-1701 (1995) PMID: 7849029	Ruiz-Sanz J, de Prat Gay G, Otzen DE, Fersht AR
18532	Chymotrypsin inhibitor	P01053	K44A (UniProt)	Hordeum vulgare (Barley)	2CI2	-	Coil	3.89	6.3	46.6	-0.65	-	-	yes	7849029	protein engineering; hydrophobic clusters; secondary structure;	BIOCHEMISTRY 34, 1695-1701 (1995) PMID: 7849029	Ruiz-Sanz J, de Prat Gay G, Otzen DE, Fersht AR
18533	Chymotrypsin inhibitor	P01053	L28A (UniProt)	Hordeum vulgare (Barley)	2CI2	-	Helix	0.55	6.3	46.6	-2.68	-	-	yes	7849029	protein engineering; hydrophobic clusters; secondary structure;	BIOCHEMISTRY 34, 1695-1701 (1995) PMID: 7849029	Ruiz-Sanz J, de Prat Gay G, Otzen DE, Fersht AR
18534	Chymotrypsin inhibitor	P01053	V39A (UniProt)	Hordeum vulgare (Barley)	2CI2	-	Helix	31.88	6.3	46.6	-0.48	-	-	yes	7849029	protein engineering; hydrophobic clusters; secondary structure;	BIOCHEMISTRY 34, 1695-1701 (1995) PMID: 7849029	Ruiz-Sanz J, de Prat Gay G, Otzen DE, Fersht AR
18535	Chymotrypsin inhibitor	P01053	I40V (UniProt)	Hordeum vulgare (Barley)	2CI2	-	Helix	0.0	6.3	46.6	-1.3	-	-	yes	7849029	protein engineering; hydrophobic clusters; secondary structure;	BIOCHEMISTRY 34, 1695-1701 (1995) PMID: 7849029	Ruiz-Sanz J, de Prat Gay G, Otzen DE, Fersht AR
18536	Chymotrypsin inhibitor	P01053	I49V (UniProt)	Hordeum vulgare (Barley)	2CI2	-	Helix	21.08	6.3	46.6	-1.11	-	-	yes	7849029	protein engineering; hydrophobic clusters; secondary structure;	BIOCHEMISTRY 34, 1695-1701 (1995) PMID: 7849029	Ruiz-Sanz J, de Prat Gay G, Otzen DE, Fersht AR
18537	Chymotrypsin inhibitor	P01053	I49A (UniProt)	Hordeum vulgare (Barley)	2CI2	-	Helix	38.38	6.3	46.6	-2.12	-	-	yes	7849029	protein engineering; hydrophobic clusters; secondary structure;	BIOCHEMISTRY 34, 1695-1701 (1995) PMID: 7849029	Ruiz-Sanz J, de Prat Gay G, Otzen DE, Fersht AR
18538	Chymotrypsin inhibitor	P01053	I49V (UniProt)	Hordeum vulgare (Barley)	2CI2	-	Helix	38.38	6.3	46.6	0.08	-	-	yes	7849029	protein engineering; hydrophobic clusters; secondary structure;	BIOCHEMISTRY 34, 1695-1701 (1995) PMID: 7849029	Ruiz-Sanz J, de Prat Gay G, Otzen DE, Fersht AR
18539	Chymotrypsin inhibitor	P01053	V71A (UniProt)	Hordeum vulgare (Barley)	2CI2	-	Sheet	7.16	6.3	46.6	-1.95	-	-	yes	7849029	protein engineering; hydrophobic clusters; secondary structure;	BIOCHEMISTRY 34, 1695-1701 (1995) PMID: 7849029	Ruiz-Sanz J, de Prat Gay G, Otzen DE, Fersht AR
18540	Chymotrypsin inhibitor	P01053	I77V (Based on UniProt)	Hordeum vulgare (Barley)	2CI2	-	Helix	1.08	6.3	46.6	0.19	-	-	yes	7849029	protein engineering; hydrophobic clusters; secondary structure;	BIOCHEMISTRY 34, 1695-1701 (1995) PMID: 7849029	Ruiz-Sanz J, de Prat Gay G, Otzen DE, Fersht AR
18541	Chymotrypsin inhibitor	P01053	T23A (UniProt)	Hordeum vulgare (Barley)	2CI2	-	Turn	41.82	6.3	46.6	-0.85	-	-	yes	7849029	protein engineering; hydrophobic clusters; secondary structure;	BIOCHEMISTRY 34, 1695-1701 (1995) PMID: 7849029	Ruiz-Sanz J, de Prat Gay G, Otzen DE, Fersht AR
18542	Chymotrypsin inhibitor	P01053	V54A (UniProt)	Hordeum vulgare (Barley)	2CI2	-	Turn	48.8	6.3	46.6	-0.63	-	-	yes	7849029	protein engineering; hydrophobic clusters; secondary structure;	BIOCHEMISTRY 34, 1695-1701 (1995) PMID: 7849029	Ruiz-Sanz J, de Prat Gay G, Otzen DE, Fersht AR
18543	Chymotrypsin inhibitor	P01053	V54T (UniProt)	Hordeum vulgare (Barley)	2CI2	-	Turn	48.8	6.3	46.6	-1.03	-	-	yes	7849029	protein engineering; hydrophobic clusters; secondary structure;	BIOCHEMISTRY 34, 1695-1701 (1995) PMID: 7849029	Ruiz-Sanz J, de Prat Gay G, Otzen DE, Fersht AR
18544	Chymotrypsin inhibitor	P01053	L52A (UniProt)	Hordeum vulgare (Barley)	2CI2	-	Sheet	21.3	6.3	46.6	-2.37	-	-	yes	7849029	protein engineering; hydrophobic clusters; secondary structure;	BIOCHEMISTRY 34, 1695-1701 (1995) PMID: 7849029	Ruiz-Sanz J, de Prat Gay G, Otzen DE, Fersht AR
18545	Chymotrypsin inhibitor	P01053	L52V (UniProt)	Hordeum vulgare (Barley)	2CI2	-	Sheet	21.3	6.3	46.6	-0.5	-	-	yes	7849029	protein engineering; hydrophobic clusters; secondary structure;	BIOCHEMISTRY 34, 1695-1701 (1995) PMID: 7849029	Ruiz-Sanz J, de Prat Gay G, Otzen DE, Fersht AR
18546	Chymotrypsin inhibitor	P01053	F70L (UniProt)	Hordeum vulgare (Barley)	2CI2	-	Sheet	16.44	6.3	46.6	-2.11	-	-	yes	7849029	protein engineering; hydrophobic clusters; secondary structure;	BIOCHEMISTRY 34, 1695-1701 (1995) PMID: 7849029	Ruiz-Sanz J, de Prat Gay G, Otzen DE, Fersht AR
18549	Iso-1 cytochrome c	P00044	N58I (UniProt)	Saccharomyces cerevisiae (strain ATCC 204508 / S288c) (Baker's yeast)	1YCC	-	Helix	8.88	6.0	46.5	4.3	-	-	yes	1646814	amino acid replacements; hydrogen bonding; free energy change;	J BIOL CHEM 266, 11686-11694 (1991) PMID: 1646814	Hickey D.R., Berghuis A.M., Lafond G., Jaeger J.A., Cardillo T.S.,
18550	Iso-1 cytochrome c	P00044	C108S (UniProt)	Saccharomyces cerevisiae (strain ATCC 204508 / S288c) (Baker's yeast)	1YCC	-	Coil	0.0	6.0	46.5	2.8	-	-	yes	1646814	amino acid replacements; hydrogen bonding; free energy change;	J BIOL CHEM 266, 11686-11694 (1991) PMID: 1646814	Hickey D.R., Berghuis A.M., Lafond G., Jaeger J.A., Cardillo T.S.,
18551	Iso-1 cytochrome c	P00044	C108A (UniProt)	Saccharomyces cerevisiae (strain ATCC 204508 / S288c) (Baker's yeast)	1YCC	-	Coil	0.0	6.0	46.5	2.9	-	-	yes	1646814	amino acid replacements; hydrogen bonding; free energy change;	J BIOL CHEM 266, 11686-11694 (1991) PMID: 1646814	Hickey D.R., Berghuis A.M., Lafond G., Jaeger J.A., Cardillo T.S.,
18555	Lysozyme	P00720	T157A (PDB: T157A)	Enterobacteria phage T4 (Bacteriophage T4)	2LZM	T157A	Turn	35.33	2.5	46.2	-0.9	-	-	yes	1993203	T4 lysozyme; thermal unfolding; threonine; free energy;	BIOCHEMISTRY 30, 1887-1891 (1991) PMID: 1993203	Connelly P, Ghosaini L, Hu CQ, Kitamura S, Tanaka A, Sturtevant JM
18556	Lysozyme	P00720	T157E (PDB: T157E)	Enterobacteria phage T4 (Bacteriophage T4)	2LZM	T157E	Turn	35.33	2.5	46.2	-1.3	-	-	yes	1993203	T4 lysozyme; thermal unfolding; threonine; free energy;	BIOCHEMISTRY 30, 1887-1891 (1991) PMID: 1993203	Connelly P, Ghosaini L, Hu CQ, Kitamura S, Tanaka A, Sturtevant JM
18557	Lysozyme	P00720	T157I (PDB: T157I)	Enterobacteria phage T4 (Bacteriophage T4)	2LZM	T157I	Turn	35.33	2.5	46.2	-1.9	-	-	yes	1993203	T4 lysozyme; thermal unfolding; threonine; free energy;	BIOCHEMISTRY 30, 1887-1891 (1991) PMID: 1993203	Connelly P, Ghosaini L, Hu CQ, Kitamura S, Tanaka A, Sturtevant JM
18558	Lysozyme	P00720	T157L (PDB: T157L)	Enterobacteria phage T4 (Bacteriophage T4)	2LZM	T157L	Turn	35.33	2.5	46.2	-1.7	-	-	yes	1993203	T4 lysozyme; thermal unfolding; threonine; free energy;	BIOCHEMISTRY 30, 1887-1891 (1991) PMID: 1993203	Connelly P, Ghosaini L, Hu CQ, Kitamura S, Tanaka A, Sturtevant JM
18559	Lysozyme	P00720	T157N (PDB: T157N)	Enterobacteria phage T4 (Bacteriophage T4)	2LZM	T157N	Turn	35.33	2.5	46.2	-1.1	-	-	yes	1993203	T4 lysozyme; thermal unfolding; threonine; free energy;	BIOCHEMISTRY 30, 1887-1891 (1991) PMID: 1993203	Connelly P, Ghosaini L, Hu CQ, Kitamura S, Tanaka A, Sturtevant JM
18560	Lysozyme	P00720	T157R (PDB: T157R)	Enterobacteria phage T4 (Bacteriophage T4)	2LZM	T157R	Turn	35.33	2.5	46.2	-0.6	-	-	yes	1993203	T4 lysozyme; thermal unfolding; threonine; free energy;	BIOCHEMISTRY 30, 1887-1891 (1991) PMID: 1993203	Connelly P, Ghosaini L, Hu CQ, Kitamura S, Tanaka A, Sturtevant JM
18561	Lysozyme	P00720	T157V (PDB: T157V)	Enterobacteria phage T4 (Bacteriophage T4)	2LZM	T157V	Turn	35.33	2.5	46.2	-1.6	-	-	yes	1993203	T4 lysozyme; thermal unfolding; threonine; free energy;	BIOCHEMISTRY 30, 1887-1891 (1991) PMID: 1993203	Connelly P, Ghosaini L, Hu CQ, Kitamura S, Tanaka A, Sturtevant JM
18562	Lysozyme	P00720	A82P (PDB: A82P)	Enterobacteria phage T4 (Bacteriophage T4)	2LZM	A82P	Helix	78.95	2.5	46.2	0.51	-	-	yes	1737020	T4 lysozyme; thermal unfolding; free energy;	BIOCHEMISTRY 31, 1643-1647 (1992) PMID: 1737020	Hu CQ, Kitamura S, Tanaka A, Sturtevant JM
18563	Lysozyme	P00720	A93P (PDB: A93P)	Enterobacteria phage T4 (Bacteriophage T4)	2LZM	A93P	Helix	66.24	2.5	46.2	0.51	-	-	yes	1737020	T4 lysozyme; thermal unfolding; free energy;	BIOCHEMISTRY 31, 1643-1647 (1992) PMID: 1737020	Hu CQ, Kitamura S, Tanaka A, Sturtevant JM
18564	Lysozyme	P00720	G113A (PDB: G113A)	Enterobacteria phage T4 (Bacteriophage T4)	2LZM	G113A	Helix	68.61	2.5	46.2	0.54	-	-	yes	1737020	T4 lysozyme; thermal unfolding; free energy;	BIOCHEMISTRY 31, 1643-1647 (1992) PMID: 1737020	Hu CQ, Kitamura S, Tanaka A, Sturtevant JM
18566	Lysozyme	P00720	I3E (PDB: I3E)	Enterobacteria phage T4 (Bacteriophage T4)	2LZM	I3E	Helix	10.81	2.5	46.16	-1.71	-	-	yes	1420185	T4 lysozyme; thermal unfolding; isoleucine; free energy;	BIOCHEMISTRY 31, 10699-10702 (1992) PMID: 1420185	Ladbury J.E., Hu C.-Q. & Sturtevant J.M.
18567	Lysozyme	P00720	I3F (PDB: I3F)	Enterobacteria phage T4 (Bacteriophage T4)	2LZM	I3F	Helix	10.81	2.5	46.16	-1.09	-	-	yes	1420185	T4 lysozyme; thermal unfolding; isoleucine; free energy;	BIOCHEMISTRY 31, 10699-10702 (1992) PMID: 1420185	Ladbury J.E., Hu C.-Q. & Sturtevant J.M.
18568	Lysozyme	P00720	I3L (PDB: I3L)	Enterobacteria phage T4 (Bacteriophage T4)	2LZM	I3L	Helix	10.81	2.5	46.16	1.01	-	-	yes	1420185	T4 lysozyme; thermal unfolding; isoleucine; free energy;	BIOCHEMISTRY 31, 10699-10702 (1992) PMID: 1420185	Ladbury J.E., Hu C.-Q. & Sturtevant J.M.
18569	Lysozyme	P00720	I3P (PDB: I3P)	Enterobacteria phage T4 (Bacteriophage T4)	2LZM	I3P	Helix	10.81	2.5	46.16	-2.97	-	-	yes	1420185	T4 lysozyme; thermal unfolding; isoleucine; free energy;	BIOCHEMISTRY 31, 10699-10702 (1992) PMID: 1420185	Ladbury J.E., Hu C.-Q. & Sturtevant J.M.
18570	Lysozyme	P00720	I3T (PDB: I3T)	Enterobacteria phage T4 (Bacteriophage T4)	2LZM	I3T	Helix	10.81	2.5	46.16	-2.28	-	-	yes	1420185	T4 lysozyme; thermal unfolding; isoleucine; free energy;	BIOCHEMISTRY 31, 10699-10702 (1992) PMID: 1420185	Ladbury J.E., Hu C.-Q. & Sturtevant J.M.
18581	Ribonuclease Sa	P05798	D79N (PDB: D79N)	Kitasatospora aureofaciens (Streptomyces aureofaciens)	1RGG	D79N	Sheet	11.1	8.5	45.9	2.3	-	-	Unknown	16288913	protein stability; buried carboxyl group; pK; hydrogen bonds; ion pair	J MOL BIOL 354, 967-978 (2005) PMID: 16288913	Trevino SR, Gokulan K, Newsom S, Thurlkill RL, Shaw KL, Mitkevich VA, Makarov AA, Sacchettini JC, Scholtz JM, Pace CN.
18582	Ribonuclease Sa	P05798	D79A (PDB: D79A)	Kitasatospora aureofaciens (Streptomyces aureofaciens)	1RGG	D79A	Sheet	11.1	8.5	45.9	3.3	-	-	Unknown	16288913	protein stability; buried carboxyl group; pK; hydrogen bonds; ion pair	J MOL BIOL 354, 967-978 (2005) PMID: 16288913	Trevino SR, Gokulan K, Newsom S, Thurlkill RL, Shaw KL, Mitkevich VA, Makarov AA, Sacchettini JC, Scholtz JM, Pace CN.
18583	Ribonuclease Sa	P05798	D79F (PDB: D79F)	Kitasatospora aureofaciens (Streptomyces aureofaciens)	1RGG	D79F	Sheet	11.1	8.5	45.9	3.7	-	-	Unknown	16288913	protein stability; buried carboxyl group; pK; hydrogen bonds; ion pair	J MOL BIOL 354, 967-978 (2005) PMID: 16288913	Trevino SR, Gokulan K, Newsom S, Thurlkill RL, Shaw KL, Mitkevich VA, Makarov AA, Sacchettini JC, Scholtz JM, Pace CN.
18584	Ribonuclease Sa	P05798	Q94K (PDB: Q94K)	Kitasatospora aureofaciens (Streptomyces aureofaciens)	1RGG	Q94K	Coil	39.75	8.5	45.9	1.1	-	-	Unknown	16288913	protein stability; buried carboxyl group; pK; hydrogen bonds; ion pair	J MOL BIOL 354, 967-978 (2005) PMID: 16288913	Trevino SR, Gokulan K, Newsom S, Thurlkill RL, Shaw KL, Mitkevich VA, Makarov AA, Sacchettini JC, Scholtz JM, Pace CN.
18585	Alpha-parvalbumin	P02625	H27P (PDB: H26P)	Rattus norvegicus (Rat)	1RTP	H26P	Helix	16.49	7.4	45.8	1.25	-	-	Unknown	12974622	tertiary interaction; Ca2+ affinity; proline; conformational entropy	BIOCHEMISTRY 42, 10886-10895 (2003) PMID: 12974622	Agah S, Larson JD, Henzl MT
18586	Alpha-parvalbumin	P02625	A21P (PDB: A21P)	Rattus norvegicus (Rat)	1RTP	A21P	Turn	76.23	7.4	45.8	-1.92	-	-	Unknown	12974622	tertiary interaction; Ca2+ affinity; proline; conformational entropy	BIOCHEMISTRY 42, 10886-10895 (2003) PMID: 12974622	Agah S, Larson JD, Henzl MT
18589	Alpha-parvalbumin	P02625	K81S (PDB: K80S)	Rattus norvegicus (Rat)	1RTP	K80S	Helix	66.12	7.4	45.8	-0.29	-	-	Unknown	12974622	tertiary interaction; Ca2+ affinity; proline; conformational entropy	BIOCHEMISTRY 42, 10886-10895 (2003) PMID: 12974622	Agah S, Larson JD, Henzl MT
18592	Lambda cro repressor	P03040	Q16L (PDB: Q16L)	Escherichia phage lambda (Bacteriophage lambda)	5CRO	Q16L	Helix	29.68	3.0	45	2.8	-	-	yes	2780540	enhanced stability; lambda Cro, genetic suppression;	PROTEINS 5, 202-210 (1989) PMID: 2780540	Pakula A.A. & Sauer R.T.
18593	Lambda cro repressor	P03040	Y26C (PDB: Y26C)	Escherichia phage lambda (Bacteriophage lambda)	5CRO	Y26C	Coil	90.78	3.0	45	2.2	-	-	yes	2780540	enhanced stability; lambda Cro, genetic suppression;	PROTEINS 5, 202-210 (1989) PMID: 2780540	Pakula A.A. & Sauer R.T.
18594	Lambda cro repressor	P03040	A36S (PDB: A36S)	Escherichia phage lambda (Bacteriophage lambda)	5CRO	A36S	Helix	58.98	3.0	45	0.4	-	-	yes	2780540	enhanced stability; lambda Cro, genetic suppression;	PROTEINS 5, 202-210 (1989) PMID: 2780540	Pakula A.A. & Sauer R.T.
18595	Lambda cro repressor	P03040	Y26W (PDB: Y26W)	Escherichia phage lambda (Bacteriophage lambda)	5CRO	Y26W	Coil	90.78	7.0	45	-0.1	-	-	yes	2314475	stability; lambda Cro; hydrophobic effect;	NATURE 344, 363-364 (1990) PMID: 2314475	Pakula A.A. & Sauer R.T.
18596	Lambda cro repressor	P03040	Y26F (PDB: Y26F)	Escherichia phage lambda (Bacteriophage lambda)	5CRO	Y26F	Coil	90.78	7.0	45	0.4	-	-	yes	2314475	stability; lambda Cro; hydrophobic effect;	NATURE 344, 363-364 (1990) PMID: 2314475	Pakula A.A. & Sauer R.T.
18597	Lambda cro repressor	P03040	Y26V (PDB: Y26V)	Escherichia phage lambda (Bacteriophage lambda)	5CRO	Y26V	Coil	90.78	7.0	45	0.9	-	-	yes	2314475	stability; lambda Cro; hydrophobic effect;	NATURE 344, 363-364 (1990) PMID: 2314475	Pakula A.A. & Sauer R.T.
18598	Lambda cro repressor	P03040	Y26L (PDB: Y26L)	Escherichia phage lambda (Bacteriophage lambda)	5CRO	Y26L	Coil	90.78	7.0	45	1.1	-	-	yes	2314475	stability; lambda Cro; hydrophobic effect;	NATURE 344, 363-364 (1990) PMID: 2314475	Pakula A.A. & Sauer R.T.
18599	Lambda cro repressor	P03040	Y26Q (PDB: Y26Q)	Escherichia phage lambda (Bacteriophage lambda)	5CRO	Y26Q	Coil	90.78	7.0	45	1.4	-	-	yes	2314475	stability; lambda Cro; hydrophobic effect;	NATURE 344, 363-364 (1990) PMID: 2314475	Pakula A.A. & Sauer R.T.
18600	Lambda cro repressor	P03040	Y26H (PDB: Y26H)	Escherichia phage lambda (Bacteriophage lambda)	5CRO	Y26H	Coil	90.78	7.0	45	1.9	-	-	yes	2314475	stability; lambda Cro; hydrophobic effect;	NATURE 344, 363-364 (1990) PMID: 2314475	Pakula A.A. & Sauer R.T.
18601	Lambda cro repressor	P03040	Y26C (PDB: Y26C)	Escherichia phage lambda (Bacteriophage lambda)	5CRO	Y26C	Coil	90.78	7.0	45	2.2	-	-	yes	2314475	stability; lambda Cro; hydrophobic effect;	NATURE 344, 363-364 (1990) PMID: 2314475	Pakula A.A. & Sauer R.T.
18602	Lambda cro repressor	P03040	Y26D (PDB: Y26D)	Escherichia phage lambda (Bacteriophage lambda)	5CRO	Y26D	Coil	90.78	7.0	45	2.7	-	-	yes	2314475	stability; lambda Cro; hydrophobic effect;	NATURE 344, 363-364 (1990) PMID: 2314475	Pakula A.A. & Sauer R.T.
18613	Cold shock protein B	P32081	F27A (PDB: F27A)	Bacillus subtilis (strain 168)	1CSP	F27A	Sheet	35.38	7.0	45	-0.89	-	-	yes	10074340	cold shock protein, unfolding and refolding kinetics, pressure-jump technique	BIOCHEMISTRY 38, 2882-2891 (1999) PMID: 10074340	Jacob M, Holtermann G, Perl D, Reinstein J, Schindler T, Geeves MA, Schmid FX.
18615	Cold shock protein B	P32081	F27A (PDB: F27A)	Bacillus subtilis (strain 168)	1CSP	F27A	Sheet	35.38	7.0	45	-0.12	-	-	yes	10074340	cold shock protein, unfolding and refolding kinetics, pressure-jump technique	BIOCHEMISTRY 38, 2882-2891 (1999) PMID: 10074340	Jacob M, Holtermann G, Perl D, Reinstein J, Schindler T, Geeves MA, Schmid FX.
18616	Cold shock protein B	P32081	F17A (PDB: F17A)	Bacillus subtilis (strain 168)	1CSP	F17A	Sheet	28.9	7.0	45	0.55	-	-	yes	10074340	cold shock protein, unfolding and refolding kinetics, pressure-jump technique	BIOCHEMISTRY 38, 2882-2891 (1999) PMID: 10074340	Jacob M, Holtermann G, Perl D, Reinstein J, Schindler T, Geeves MA, Schmid FX.
18617	Cold shock protein B	P32081	F15A (PDB: F15A)	Bacillus subtilis (strain 168)	1CSP	F15A	Sheet	26.91	7.0	45	1.12	-	-	yes	10074340	cold shock protein, unfolding and refolding kinetics, pressure-jump technique	BIOCHEMISTRY 38, 2882-2891 (1999) PMID: 10074340	Jacob M, Holtermann G, Perl D, Reinstein J, Schindler T, Geeves MA, Schmid FX.
18619	Cold shock protein B	P32081	F27A (PDB: F27A)	Bacillus subtilis (strain 168)	1CSP	F27A	Sheet	35.38	7.0	45	-0.88	-	-	yes	10074340	cold shock protein, unfolding and refolding kinetics, pressure-jump technique	BIOCHEMISTRY 38, 2882-2891 (1999) PMID: 10074340	Jacob M, Holtermann G, Perl D, Reinstein J, Schindler T, Geeves MA, Schmid FX.
18620	Cold shock protein B	P32081	F17A (PDB: F17A)	Bacillus subtilis (strain 168)	1CSP	F17A	Sheet	28.9	7.0	45	-0.81	-	-	yes	10074340	cold shock protein, unfolding and refolding kinetics, pressure-jump technique	BIOCHEMISTRY 38, 2882-2891 (1999) PMID: 10074340	Jacob M, Holtermann G, Perl D, Reinstein J, Schindler T, Geeves MA, Schmid FX.
18621	Cold shock protein B	P32081	F15A (PDB: F15A)	Bacillus subtilis (strain 168)	1CSP	F15A	Sheet	26.91	7.0	45	-0.96	-	-	yes	10074340	cold shock protein, unfolding and refolding kinetics, pressure-jump technique	BIOCHEMISTRY 38, 2882-2891 (1999) PMID: 10074340	Jacob M, Holtermann G, Perl D, Reinstein J, Schindler T, Geeves MA, Schmid FX.
18700	Apoflavodoxin	P0A3E0	E21K (UniProt)	Nostoc sp. (strain ATCC 29151 / PCC 7119) (Anabaena sp.)	1FTG	-	Sheet	46.94	7.0	44.3	0.14	-	3	Yes	15504413	charge/charge interaction; protein stability; protein stabilisation; protein folding; equilibrium intermediate	J MOL BIOL 344, 223-237 (2004); doi:10.1016/j.jmb.2004.09.047 PMID: 15504413	Campos LA, Garcia-Mira MM, Godoy-Ruiz R, Sanchez-Ruiz JM, Sancho J.
18701	Apoflavodoxin	P0A3E0	E41K (UniProt)	Nostoc sp. (strain ATCC 29151 / PCC 7119) (Anabaena sp.)	1FTG	-	Sheet	72.12	7.0	44.3	-0.06	-	3	Yes	15504413	charge/charge interaction; protein stability; protein stabilisation; protein folding; equilibrium intermediate	J MOL BIOL 344, 223-237 (2004); doi:10.1016/j.jmb.2004.09.047 PMID: 15504413	Campos LA, Garcia-Mira MM, Godoy-Ruiz R, Sanchez-Ruiz JM, Sancho J.
18702	Apoflavodoxin	P0A3E0	E62K (UniProt)	Nostoc sp. (strain ATCC 29151 / PCC 7119) (Anabaena sp.)	1FTG	-	Sheet	69.83	7.0	44.3	-0.46	-	3	Yes	15504413	charge/charge interaction; protein stability; protein stabilisation; protein folding; equilibrium intermediate	J MOL BIOL 344, 223-237 (2004); doi:10.1016/j.jmb.2004.09.047 PMID: 15504413	Campos LA, Garcia-Mira MM, Godoy-Ruiz R, Sanchez-Ruiz JM, Sancho J.
18703	Apoflavodoxin	P0A3E0	D66K (UniProt)	Nostoc sp. (strain ATCC 29151 / PCC 7119) (Anabaena sp.)	1FTG	-	Helix	36.78	7.0	44.3	0.2	-	3	Yes	15504413	charge/charge interaction; protein stability; protein stabilisation; protein folding; equilibrium intermediate	J MOL BIOL 344, 223-237 (2004); doi:10.1016/j.jmb.2004.09.047 PMID: 15504413	Campos LA, Garcia-Mira MM, Godoy-Ruiz R, Sanchez-Ruiz JM, Sancho J.
18704	Apoflavodoxin	P0A3E0	E73K (UniProt)	Nostoc sp. (strain ATCC 29151 / PCC 7119) (Anabaena sp.)	1FTG	-	Sheet	49.8	7.0	44.3	-0.13	-	3	Yes	15504413	charge/charge interaction; protein stability; protein stabilisation; protein folding; equilibrium intermediate	J MOL BIOL 344, 223-237 (2004); doi:10.1016/j.jmb.2004.09.047 PMID: 15504413	Campos LA, Garcia-Mira MM, Godoy-Ruiz R, Sanchez-Ruiz JM, Sancho J.
18705	Apoflavodoxin	P0A3E0	D75K (UniProt)	Nostoc sp. (strain ATCC 29151 / PCC 7119) (Anabaena sp.)	1FTG	-	Coil	83.97	7.0	44.3	-0.01	-	3	Yes	15504413	charge/charge interaction; protein stability; protein stabilisation; protein folding; equilibrium intermediate	J MOL BIOL 344, 223-237 (2004); doi:10.1016/j.jmb.2004.09.047 PMID: 15504413	Campos LA, Garcia-Mira MM, Godoy-Ruiz R, Sanchez-Ruiz JM, Sancho J.
18706	Apoflavodoxin	P0A3E0	D127K (UniProt)	Nostoc sp. (strain ATCC 29151 / PCC 7119) (Anabaena sp.)	1FTG	-	Coil	79.11	7.0	44.3	-0.58	-	3	Yes	15504413	charge/charge interaction; protein stability; protein stabilisation; protein folding; equilibrium intermediate	J MOL BIOL 344, 223-237 (2004); doi:10.1016/j.jmb.2004.09.047 PMID: 15504413	Campos LA, Garcia-Mira MM, Godoy-Ruiz R, Sanchez-Ruiz JM, Sancho J.
18707	Apoflavodoxin	P0A3E0	D151K (UniProt)	Nostoc sp. (strain ATCC 29151 / PCC 7119) (Anabaena sp.)	1FTG	-	Turn	88.83	7.0	44.3	0.01	-	3	Yes	15504413	charge/charge interaction; protein stability; protein stabilisation; protein folding; equilibrium intermediate	J MOL BIOL 344, 223-237 (2004); doi:10.1016/j.jmb.2004.09.047 PMID: 15504413	Campos LA, Garcia-Mira MM, Godoy-Ruiz R, Sanchez-Ruiz JM, Sancho J.
18708	Apoflavodoxin	P0A3E0	E21K (UniProt)	Nostoc sp. (strain ATCC 29151 / PCC 7119) (Anabaena sp.)	1FTG	-	Sheet	46.94	7.0	44.3	-1.2	-	3	Yes	15504413	charge/charge interaction; protein stability; protein stabilisation; protein folding; equilibrium intermediate	J MOL BIOL 344, 223-237 (2004); doi:10.1016/j.jmb.2004.09.047 PMID: 15504413	Campos LA, Garcia-Mira MM, Godoy-Ruiz R, Sanchez-Ruiz JM, Sancho J.
18709	Apoflavodoxin	P0A3E0	E41K (UniProt)	Nostoc sp. (strain ATCC 29151 / PCC 7119) (Anabaena sp.)	1FTG	-	Sheet	72.12	7.0	44.3	-1.16	-	3	Yes	15504413	charge/charge interaction; protein stability; protein stabilisation; protein folding; equilibrium intermediate	J MOL BIOL 344, 223-237 (2004); doi:10.1016/j.jmb.2004.09.047 PMID: 15504413	Campos LA, Garcia-Mira MM, Godoy-Ruiz R, Sanchez-Ruiz JM, Sancho J.
18710	Apoflavodoxin	P0A3E0	E62K (UniProt)	Nostoc sp. (strain ATCC 29151 / PCC 7119) (Anabaena sp.)	1FTG	-	Sheet	69.83	7.0	44.3	0.22	-	3	Yes	15504413	charge/charge interaction; protein stability; protein stabilisation; protein folding; equilibrium intermediate	J MOL BIOL 344, 223-237 (2004); doi:10.1016/j.jmb.2004.09.047 PMID: 15504413	Campos LA, Garcia-Mira MM, Godoy-Ruiz R, Sanchez-Ruiz JM, Sancho J.
18711	Apoflavodoxin	P0A3E0	D66K (UniProt)	Nostoc sp. (strain ATCC 29151 / PCC 7119) (Anabaena sp.)	1FTG	-	Helix	36.78	7.0	44.3	-0.11	-	3	Yes	15504413	charge/charge interaction; protein stability; protein stabilisation; protein folding; equilibrium intermediate	J MOL BIOL 344, 223-237 (2004); doi:10.1016/j.jmb.2004.09.047 PMID: 15504413	Campos LA, Garcia-Mira MM, Godoy-Ruiz R, Sanchez-Ruiz JM, Sancho J.
18712	Apoflavodoxin	P0A3E0	E73K (UniProt)	Nostoc sp. (strain ATCC 29151 / PCC 7119) (Anabaena sp.)	1FTG	-	Sheet	49.8	7.0	44.3	-1.38	-	3	Yes	15504413	charge/charge interaction; protein stability; protein stabilisation; protein folding; equilibrium intermediate	J MOL BIOL 344, 223-237 (2004); doi:10.1016/j.jmb.2004.09.047 PMID: 15504413	Campos LA, Garcia-Mira MM, Godoy-Ruiz R, Sanchez-Ruiz JM, Sancho J.
18713	Apoflavodoxin	P0A3E0	D75K (UniProt)	Nostoc sp. (strain ATCC 29151 / PCC 7119) (Anabaena sp.)	1FTG	-	Coil	83.97	7.0	44.3	-1.14	-	3	Yes	15504413	charge/charge interaction; protein stability; protein stabilisation; protein folding; equilibrium intermediate	J MOL BIOL 344, 223-237 (2004); doi:10.1016/j.jmb.2004.09.047 PMID: 15504413	Campos LA, Garcia-Mira MM, Godoy-Ruiz R, Sanchez-Ruiz JM, Sancho J.
18714	Apoflavodoxin	P0A3E0	D127K (UniProt)	Nostoc sp. (strain ATCC 29151 / PCC 7119) (Anabaena sp.)	1FTG	-	Coil	79.11	7.0	44.3	0.03	-	3	Yes	15504413	charge/charge interaction; protein stability; protein stabilisation; protein folding; equilibrium intermediate	J MOL BIOL 344, 223-237 (2004); doi:10.1016/j.jmb.2004.09.047 PMID: 15504413	Campos LA, Garcia-Mira MM, Godoy-Ruiz R, Sanchez-Ruiz JM, Sancho J.
18715	Apoflavodoxin	P0A3E0	D151K (UniProt)	Nostoc sp. (strain ATCC 29151 / PCC 7119) (Anabaena sp.)	1FTG	-	Turn	88.83	7.0	44.3	0.21	-	3	Yes	15504413	charge/charge interaction; protein stability; protein stabilisation; protein folding; equilibrium intermediate	J MOL BIOL 344, 223-237 (2004); doi:10.1016/j.jmb.2004.09.047 PMID: 15504413	Campos LA, Garcia-Mira MM, Godoy-Ruiz R, Sanchez-Ruiz JM, Sancho J.
18716	Apoflavodoxin	P0A3E0	E21K (UniProt)	Nostoc sp. (strain ATCC 29151 / PCC 7119) (Anabaena sp.)	1FTG	-	Sheet	46.94	7.0	44.3	-1.06	-	3	Yes	15504413	charge/charge interaction; protein stability; protein stabilisation; protein folding; equilibrium intermediate	J MOL BIOL 344, 223-237 (2004); doi:10.1016/j.jmb.2004.09.047 PMID: 15504413	Campos LA, Garcia-Mira MM, Godoy-Ruiz R, Sanchez-Ruiz JM, Sancho J.
18717	Apoflavodoxin	P0A3E0	E41K (UniProt)	Nostoc sp. (strain ATCC 29151 / PCC 7119) (Anabaena sp.)	1FTG	-	Sheet	72.12	7.0	44.3	-1.22	-	3	Yes	15504413	charge/charge interaction; protein stability; protein stabilisation; protein folding; equilibrium intermediate	J MOL BIOL 344, 223-237 (2004); doi:10.1016/j.jmb.2004.09.047 PMID: 15504413	Campos LA, Garcia-Mira MM, Godoy-Ruiz R, Sanchez-Ruiz JM, Sancho J.
18718	Apoflavodoxin	P0A3E0	E62K (UniProt)	Nostoc sp. (strain ATCC 29151 / PCC 7119) (Anabaena sp.)	1FTG	-	Sheet	69.83	7.0	44.3	-0.24	-	3	Yes	15504413	charge/charge interaction; protein stability; protein stabilisation; protein folding; equilibrium intermediate	J MOL BIOL 344, 223-237 (2004); doi:10.1016/j.jmb.2004.09.047 PMID: 15504413	Campos LA, Garcia-Mira MM, Godoy-Ruiz R, Sanchez-Ruiz JM, Sancho J.
18719	Apoflavodoxin	P0A3E0	D66K (UniProt)	Nostoc sp. (strain ATCC 29151 / PCC 7119) (Anabaena sp.)	1FTG	-	Helix	36.78	7.0	44.3	0.09	-	3	Yes	15504413	charge/charge interaction; protein stability; protein stabilisation; protein folding; equilibrium intermediate	J MOL BIOL 344, 223-237 (2004); doi:10.1016/j.jmb.2004.09.047 PMID: 15504413	Campos LA, Garcia-Mira MM, Godoy-Ruiz R, Sanchez-Ruiz JM, Sancho J.
18720	Apoflavodoxin	P0A3E0	E73K (UniProt)	Nostoc sp. (strain ATCC 29151 / PCC 7119) (Anabaena sp.)	1FTG	-	Sheet	49.8	7.0	44.3	-1.5	-	3	Yes	15504413	charge/charge interaction; protein stability; protein stabilisation; protein folding; equilibrium intermediate	J MOL BIOL 344, 223-237 (2004); doi:10.1016/j.jmb.2004.09.047 PMID: 15504413	Campos LA, Garcia-Mira MM, Godoy-Ruiz R, Sanchez-Ruiz JM, Sancho J.
18721	Apoflavodoxin	P0A3E0	D75K (UniProt)	Nostoc sp. (strain ATCC 29151 / PCC 7119) (Anabaena sp.)	1FTG	-	Coil	83.97	7.0	44.3	-1.15	-	3	Yes	15504413	charge/charge interaction; protein stability; protein stabilisation; protein folding; equilibrium intermediate	J MOL BIOL 344, 223-237 (2004); doi:10.1016/j.jmb.2004.09.047 PMID: 15504413	Campos LA, Garcia-Mira MM, Godoy-Ruiz R, Sanchez-Ruiz JM, Sancho J.
18722	Apoflavodoxin	P0A3E0	D127K (UniProt)	Nostoc sp. (strain ATCC 29151 / PCC 7119) (Anabaena sp.)	1FTG	-	Coil	79.11	7.0	44.3	-0.55	-	3	Yes	15504413	charge/charge interaction; protein stability; protein stabilisation; protein folding; equilibrium intermediate	J MOL BIOL 344, 223-237 (2004); doi:10.1016/j.jmb.2004.09.047 PMID: 15504413	Campos LA, Garcia-Mira MM, Godoy-Ruiz R, Sanchez-Ruiz JM, Sancho J.
18723	Apoflavodoxin	P0A3E0	D151K (UniProt)	Nostoc sp. (strain ATCC 29151 / PCC 7119) (Anabaena sp.)	1FTG	-	Turn	88.83	7.0	44.3	0.22	-	3	Yes	15504413	charge/charge interaction; protein stability; protein stabilisation; protein folding; equilibrium intermediate	J MOL BIOL 344, 223-237 (2004); doi:10.1016/j.jmb.2004.09.047 PMID: 15504413	Campos LA, Garcia-Mira MM, Godoy-Ruiz R, Sanchez-Ruiz JM, Sancho J.
18724	Apoflavodoxin	P0A3E0	E21K (UniProt)	Nostoc sp. (strain ATCC 29151 / PCC 7119) (Anabaena sp.)	1FTG	-	Sheet	46.94	7.0	44.3	0.24	-	3	Yes	15504413	charge/charge interaction; protein stability; protein stabilisation; protein folding; equilibrium intermediate	J MOL BIOL 344, 223-237 (2004); doi:10.1016/j.jmb.2004.09.047 PMID: 15504413	Campos LA, Garcia-Mira MM, Godoy-Ruiz R, Sanchez-Ruiz JM, Sancho J.
18725	Apoflavodoxin	P0A3E0	E41K (UniProt)	Nostoc sp. (strain ATCC 29151 / PCC 7119) (Anabaena sp.)	1FTG	-	Sheet	72.12	7.0	44.3	-0.4	-	3	Yes	15504413	charge/charge interaction; protein stability; protein stabilisation; protein folding; equilibrium intermediate	J MOL BIOL 344, 223-237 (2004); doi:10.1016/j.jmb.2004.09.047 PMID: 15504413	Campos LA, Garcia-Mira MM, Godoy-Ruiz R, Sanchez-Ruiz JM, Sancho J.
18726	Apoflavodoxin	P0A3E0	E73K (UniProt)	Nostoc sp. (strain ATCC 29151 / PCC 7119) (Anabaena sp.)	1FTG	-	Sheet	49.8	7.0	44.3	-0.07	-	3	Yes	15504413	charge/charge interaction; protein stability; protein stabilisation; protein folding; equilibrium intermediate	J MOL BIOL 344, 223-237 (2004); doi:10.1016/j.jmb.2004.09.047 PMID: 15504413	Campos LA, Garcia-Mira MM, Godoy-Ruiz R, Sanchez-Ruiz JM, Sancho J.
18727	Apoflavodoxin	P0A3E0	D75K (UniProt)	Nostoc sp. (strain ATCC 29151 / PCC 7119) (Anabaena sp.)	1FTG	-	Coil	83.97	7.0	44.3	-0.25	-	3	Yes	15504413	charge/charge interaction; protein stability; protein stabilisation; protein folding; equilibrium intermediate	J MOL BIOL 344, 223-237 (2004); doi:10.1016/j.jmb.2004.09.047 PMID: 15504413	Campos LA, Garcia-Mira MM, Godoy-Ruiz R, Sanchez-Ruiz JM, Sancho J.
18728	Apoflavodoxin	P0A3E0	D127K (UniProt)	Nostoc sp. (strain ATCC 29151 / PCC 7119) (Anabaena sp.)	1FTG	-	Coil	79.11	7.0	44.3	-0.71	-	3	Yes	15504413	charge/charge interaction; protein stability; protein stabilisation; protein folding; equilibrium intermediate	J MOL BIOL 344, 223-237 (2004); doi:10.1016/j.jmb.2004.09.047 PMID: 15504413	Campos LA, Garcia-Mira MM, Godoy-Ruiz R, Sanchez-Ruiz JM, Sancho J.
18729	Apoflavodoxin	P0A3E0	D151K (UniProt)	Nostoc sp. (strain ATCC 29151 / PCC 7119) (Anabaena sp.)	1FTG	-	Turn	88.83	7.0	44.3	0.6	-	3	Yes	15504413	charge/charge interaction; protein stability; protein stabilisation; protein folding; equilibrium intermediate	J MOL BIOL 344, 223-237 (2004); doi:10.1016/j.jmb.2004.09.047 PMID: 15504413	Campos LA, Garcia-Mira MM, Godoy-Ruiz R, Sanchez-Ruiz JM, Sancho J.
18730	Apoflavodoxin	P0A3E0	E21K (UniProt)	Nostoc sp. (strain ATCC 29151 / PCC 7119) (Anabaena sp.)	1FTG	-	Sheet	46.94	7.0	44.3	-0.95	-	3	Yes	15504413	charge/charge interaction; protein stability; protein stabilisation; protein folding; equilibrium intermediate	J MOL BIOL 344, 223-237 (2004); doi:10.1016/j.jmb.2004.09.047 PMID: 15504413	Campos LA, Garcia-Mira MM, Godoy-Ruiz R, Sanchez-Ruiz JM, Sancho J.
18731	Apoflavodoxin	P0A3E0	E41K (UniProt)	Nostoc sp. (strain ATCC 29151 / PCC 7119) (Anabaena sp.)	1FTG	-	Sheet	72.12	7.0	44.3	-1.12	-	3	Yes	15504413	charge/charge interaction; protein stability; protein stabilisation; protein folding; equilibrium intermediate	J MOL BIOL 344, 223-237 (2004); doi:10.1016/j.jmb.2004.09.047 PMID: 15504413	Campos LA, Garcia-Mira MM, Godoy-Ruiz R, Sanchez-Ruiz JM, Sancho J.
18732	Apoflavodoxin	P0A3E0	E73K (UniProt)	Nostoc sp. (strain ATCC 29151 / PCC 7119) (Anabaena sp.)	1FTG	-	Sheet	49.8	7.0	44.3	-1.4	-	3	Yes	15504413	charge/charge interaction; protein stability; protein stabilisation; protein folding; equilibrium intermediate	J MOL BIOL 344, 223-237 (2004); doi:10.1016/j.jmb.2004.09.047 PMID: 15504413	Campos LA, Garcia-Mira MM, Godoy-Ruiz R, Sanchez-Ruiz JM, Sancho J.
18733	Apoflavodoxin	P0A3E0	D75K (UniProt)	Nostoc sp. (strain ATCC 29151 / PCC 7119) (Anabaena sp.)	1FTG	-	Coil	83.97	7.0	44.3	-0.73	-	3	Yes	15504413	charge/charge interaction; protein stability; protein stabilisation; protein folding; equilibrium intermediate	J MOL BIOL 344, 223-237 (2004); doi:10.1016/j.jmb.2004.09.047 PMID: 15504413	Campos LA, Garcia-Mira MM, Godoy-Ruiz R, Sanchez-Ruiz JM, Sancho J.
18734	Apoflavodoxin	P0A3E0	D127K (UniProt)	Nostoc sp. (strain ATCC 29151 / PCC 7119) (Anabaena sp.)	1FTG	-	Coil	79.11	7.0	44.3	-0.28	-	3	Yes	15504413	charge/charge interaction; protein stability; protein stabilisation; protein folding; equilibrium intermediate	J MOL BIOL 344, 223-237 (2004); doi:10.1016/j.jmb.2004.09.047 PMID: 15504413	Campos LA, Garcia-Mira MM, Godoy-Ruiz R, Sanchez-Ruiz JM, Sancho J.
18735	Apoflavodoxin	P0A3E0	D151K (UniProt)	Nostoc sp. (strain ATCC 29151 / PCC 7119) (Anabaena sp.)	1FTG	-	Turn	88.83	7.0	44.3	-0.12	-	3	Yes	15504413	charge/charge interaction; protein stability; protein stabilisation; protein folding; equilibrium intermediate	J MOL BIOL 344, 223-237 (2004); doi:10.1016/j.jmb.2004.09.047 PMID: 15504413	Campos LA, Garcia-Mira MM, Godoy-Ruiz R, Sanchez-Ruiz JM, Sancho J.
18736	Apoflavodoxin	P0A3E0	E21K (UniProt)	Nostoc sp. (strain ATCC 29151 / PCC 7119) (Anabaena sp.)	1FTG	-	Sheet	46.94	7.0	44.3	-0.71	-	3	Yes	15504413	charge/charge interaction; protein stability; protein stabilisation; protein folding; equilibrium intermediate	J MOL BIOL 344, 223-237 (2004); doi:10.1016/j.jmb.2004.09.047 PMID: 15504413	Campos LA, Garcia-Mira MM, Godoy-Ruiz R, Sanchez-Ruiz JM, Sancho J.
18737	Apoflavodoxin	P0A3E0	E41K (UniProt)	Nostoc sp. (strain ATCC 29151 / PCC 7119) (Anabaena sp.)	1FTG	-	Sheet	72.12	7.0	44.3	-1.52	-	3	Yes	15504413	charge/charge interaction; protein stability; protein stabilisation; protein folding; equilibrium intermediate	J MOL BIOL 344, 223-237 (2004); doi:10.1016/j.jmb.2004.09.047 PMID: 15504413	Campos LA, Garcia-Mira MM, Godoy-Ruiz R, Sanchez-Ruiz JM, Sancho J.
18738	Apoflavodoxin	P0A3E0	E73K (UniProt)	Nostoc sp. (strain ATCC 29151 / PCC 7119) (Anabaena sp.)	1FTG	-	Sheet	49.8	7.0	44.3	-1.47	-	3	Yes	15504413	charge/charge interaction; protein stability; protein stabilisation; protein folding; equilibrium intermediate	J MOL BIOL 344, 223-237 (2004); doi:10.1016/j.jmb.2004.09.047 PMID: 15504413	Campos LA, Garcia-Mira MM, Godoy-Ruiz R, Sanchez-Ruiz JM, Sancho J.
18739	Apoflavodoxin	P0A3E0	D75K (UniProt)	Nostoc sp. (strain ATCC 29151 / PCC 7119) (Anabaena sp.)	1FTG	-	Coil	83.97	7.0	44.3	-0.98	-	3	Yes	15504413	charge/charge interaction; protein stability; protein stabilisation; protein folding; equilibrium intermediate	J MOL BIOL 344, 223-237 (2004); doi:10.1016/j.jmb.2004.09.047 PMID: 15504413	Campos LA, Garcia-Mira MM, Godoy-Ruiz R, Sanchez-Ruiz JM, Sancho J.
18740	Apoflavodoxin	P0A3E0	D127K (UniProt)	Nostoc sp. (strain ATCC 29151 / PCC 7119) (Anabaena sp.)	1FTG	-	Coil	79.11	7.0	44.3	-0.99	-	3	Yes	15504413	charge/charge interaction; protein stability; protein stabilisation; protein folding; equilibrium intermediate	J MOL BIOL 344, 223-237 (2004); doi:10.1016/j.jmb.2004.09.047 PMID: 15504413	Campos LA, Garcia-Mira MM, Godoy-Ruiz R, Sanchez-Ruiz JM, Sancho J.
18741	Apoflavodoxin	P0A3E0	D151K (UniProt)	Nostoc sp. (strain ATCC 29151 / PCC 7119) (Anabaena sp.)	1FTG	-	Turn	88.83	7.0	44.3	0.48	-	3	Yes	15504413	charge/charge interaction; protein stability; protein stabilisation; protein folding; equilibrium intermediate	J MOL BIOL 344, 223-237 (2004); doi:10.1016/j.jmb.2004.09.047 PMID: 15504413	Campos LA, Garcia-Mira MM, Godoy-Ruiz R, Sanchez-Ruiz JM, Sancho J.
18742	Apoflavodoxin	P0A3E0	L7A (UniProt)	Nostoc sp. (strain ATCC 29151 / PCC 7119) (Anabaena sp.)	1FTG	-	Sheet	0.0	7.0	44.3	-1.11	-	3	yes	15504414	protein stability; protein folding; equilibrium intermediate; thermal unfolding; phi-analysis	J MOL BIOL 344, 239-255 (2004) PMID: 15504414	Campos LA, Bueno M, Lopez-Llano J, Jimenez MA, Sancho J.
18743	Apoflavodoxin	P0A3E0	I22A (UniProt)	Nostoc sp. (strain ATCC 29151 / PCC 7119) (Anabaena sp.)	1FTG	-	Helix	0.0	7.0	44.3	-0.67	-	3	yes	15504414	protein stability; protein folding; equilibrium intermediate; thermal unfolding; phi-analysis	J MOL BIOL 344, 239-255 (2004) PMID: 15504414	Campos LA, Bueno M, Lopez-Llano J, Jimenez MA, Sancho J.
18744	Apoflavodoxin	P0A3E0	V31A (UniProt)	Nostoc sp. (strain ATCC 29151 / PCC 7119) (Anabaena sp.)	1FTG	-	Helix	2.6	7.0	44.3	-0.46	-	3	yes	15504414	protein stability; protein folding; equilibrium intermediate; thermal unfolding; phi-analysis	J MOL BIOL 344, 239-255 (2004) PMID: 15504414	Campos LA, Bueno M, Lopez-Llano J, Jimenez MA, Sancho J.
18745	Apoflavodoxin	P0A3E0	D44A (UniProt)	Nostoc sp. (strain ATCC 29151 / PCC 7119) (Anabaena sp.)	1FTG	-	Helix	26.37	7.0	44.3	0.04	-	3	yes	15504414	protein stability; protein folding; equilibrium intermediate; thermal unfolding; phi-analysis	J MOL BIOL 344, 239-255 (2004) PMID: 15504414	Campos LA, Bueno M, Lopez-Llano J, Jimenez MA, Sancho J.
18746	Apoflavodoxin	P0A3E0	I52V (PDB: I51V)	Nostoc sp. (strain ATCC 29151 / PCC 7119) (Anabaena sp.)	1FTG	I51V	Helix	0.0	7.0	44.3	-0.41	-	3	yes	15504414	protein stability; protein folding; equilibrium intermediate; thermal unfolding; phi-analysis	J MOL BIOL 344, 239-255 (2004) PMID: 15504414	Campos LA, Bueno M, Lopez-Llano J, Jimenez MA, Sancho J.
18747	Apoflavodoxin	P0A3E0	I52V (UniProt)	Nostoc sp. (strain ATCC 29151 / PCC 7119) (Anabaena sp.)	1FTG	-	Helix	0.0	7.0	44.3	-0.18	-	3	yes	15504414	protein stability; protein folding; equilibrium intermediate; thermal unfolding; phi-analysis	J MOL BIOL 344, 239-255 (2004) PMID: 15504414	Campos LA, Bueno M, Lopez-Llano J, Jimenez MA, Sancho J.
18748	Apoflavodoxin	P0A3E0	S72A (UniProt)	Nostoc sp. (strain ATCC 29151 / PCC 7119) (Anabaena sp.)	1FTG	-	Coil	67.41	7.0	44.3	-0.11	-	3	yes	15504414	protein stability; protein folding; equilibrium intermediate; thermal unfolding; phi-analysis	J MOL BIOL 344, 239-255 (2004) PMID: 15504414	Campos LA, Bueno M, Lopez-Llano J, Jimenez MA, Sancho J.
18749	Apoflavodoxin	P0A3E0	A85G (UniProt)	Nostoc sp. (strain ATCC 29151 / PCC 7119) (Anabaena sp.)	1FTG	-	Sheet	0.0	7.0	44.3	-0.47	-	3	yes	15504414	protein stability; protein folding; equilibrium intermediate; thermal unfolding; phi-analysis	J MOL BIOL 344, 239-255 (2004) PMID: 15504414	Campos LA, Bueno M, Lopez-Llano J, Jimenez MA, Sancho J.
18750	Apoflavodoxin	P0A3E0	N98A (UniProt)	Nostoc sp. (strain ATCC 29151 / PCC 7119) (Anabaena sp.)	1FTG	-	Turn	21.86	7.0	44.3	-0.22	-	3	yes	15504414	protein stability; protein folding; equilibrium intermediate; thermal unfolding; phi-analysis	J MOL BIOL 344, 239-255 (2004) PMID: 15504414	Campos LA, Bueno M, Lopez-Llano J, Jimenez MA, Sancho J.
18751	Apoflavodoxin	P0A3E0	Q100A (UniProt)	Nostoc sp. (strain ATCC 29151 / PCC 7119) (Anabaena sp.)	1FTG	-	Turn	0.0	7.0	44.3	0.85	-	3	yes	15504414	protein stability; protein folding; equilibrium intermediate; thermal unfolding; phi-analysis	J MOL BIOL 344, 239-255 (2004) PMID: 15504414	Campos LA, Bueno M, Lopez-Llano J, Jimenez MA, Sancho J.
18752	Apoflavodoxin	P0A3E0	I105V (UniProt)	Nostoc sp. (strain ATCC 29151 / PCC 7119) (Anabaena sp.)	1FTG	-	Helix	21.08	7.0	44.3	-0.38	-	3	yes	15504414	protein stability; protein folding; equilibrium intermediate; thermal unfolding; phi-analysis	J MOL BIOL 344, 239-255 (2004) PMID: 15504414	Campos LA, Bueno M, Lopez-Llano J, Jimenez MA, Sancho J.
18753	Apoflavodoxin	P0A3E0	S111A (UniProt)	Nostoc sp. (strain ATCC 29151 / PCC 7119) (Anabaena sp.)	1FTG	-	Coil	38.4	7.0	44.3	-0.18	-	3	yes	15504414	protein stability; protein folding; equilibrium intermediate; thermal unfolding; phi-analysis	J MOL BIOL 344, 239-255 (2004) PMID: 15504414	Campos LA, Bueno M, Lopez-Llano J, Jimenez MA, Sancho J.
18754	Apoflavodoxin	P0A3E0	V118A (UniProt)	Nostoc sp. (strain ATCC 29151 / PCC 7119) (Anabaena sp.)	1FTG	-	Coil	8.46	7.0	44.3	-0.95	-	3	yes	15504414	protein stability; protein folding; equilibrium intermediate; thermal unfolding; phi-analysis	J MOL BIOL 344, 239-255 (2004) PMID: 15504414	Campos LA, Bueno M, Lopez-Llano J, Jimenez MA, Sancho J.
18755	Apoflavodoxin	P0A3E0	T123S (UniProt)	Nostoc sp. (strain ATCC 29151 / PCC 7119) (Anabaena sp.)	1FTG	-	Turn	24.51	7.0	44.3	0.65	-	3	yes	15504414	protein stability; protein folding; equilibrium intermediate; thermal unfolding; phi-analysis	J MOL BIOL 344, 239-255 (2004) PMID: 15504414	Campos LA, Bueno M, Lopez-Llano J, Jimenez MA, Sancho J.
18756	Apoflavodoxin	P0A3E0	V140A (UniProt)	Nostoc sp. (strain ATCC 29151 / PCC 7119) (Anabaena sp.)	1FTG	-	Turn	0.0	7.0	44.3	-0.6	-	3	yes	15504414	protein stability; protein folding; equilibrium intermediate; thermal unfolding; phi-analysis	J MOL BIOL 344, 239-255 (2004) PMID: 15504414	Campos LA, Bueno M, Lopez-Llano J, Jimenez MA, Sancho J.
18757	Apoflavodoxin	P0A3E0	L144A (UniProt)	Nostoc sp. (strain ATCC 29151 / PCC 7119) (Anabaena sp.)	1FTG	-	Sheet	0.55	7.0	44.3	-0.15	-	3	yes	15504414	protein stability; protein folding; equilibrium intermediate; thermal unfolding; phi-analysis	J MOL BIOL 344, 239-255 (2004) PMID: 15504414	Campos LA, Bueno M, Lopez-Llano J, Jimenez MA, Sancho J.
18758	Apoflavodoxin	P0A3E0	I157V (UniProt)	Nostoc sp. (strain ATCC 29151 / PCC 7119) (Anabaena sp.)	1FTG	-	Helix	1.08	7.0	44.3	-0.69	-	3	yes	15504414	protein stability; protein folding; equilibrium intermediate; thermal unfolding; phi-analysis	J MOL BIOL 344, 239-255 (2004) PMID: 15504414	Campos LA, Bueno M, Lopez-Llano J, Jimenez MA, Sancho J.
18759	Apoflavodoxin	P0A3E0	V161A (UniProt)	Nostoc sp. (strain ATCC 29151 / PCC 7119) (Anabaena sp.)	1FTG	-	Helix	0.0	7.0	44.3	-0.73	-	3	yes	15504414	protein stability; protein folding; equilibrium intermediate; thermal unfolding; phi-analysis	J MOL BIOL 344, 239-255 (2004) PMID: 15504414	Campos LA, Bueno M, Lopez-Llano J, Jimenez MA, Sancho J.
18760	Apoflavodoxin	P0A3E0	L7A (UniProt)	Nostoc sp. (strain ATCC 29151 / PCC 7119) (Anabaena sp.)	1FTG	-	Sheet	0.0	7.0	44.3	-1.74	-	3	yes	15504414	protein stability; protein folding; equilibrium intermediate; thermal unfolding; phi-analysis	J MOL BIOL 344, 239-255 (2004) PMID: 15504414	Campos LA, Bueno M, Lopez-Llano J, Jimenez MA, Sancho J.
18761	Apoflavodoxin	P0A3E0	I22A (UniProt)	Nostoc sp. (strain ATCC 29151 / PCC 7119) (Anabaena sp.)	1FTG	-	Helix	0.0	7.0	44.3	-1.03	-	3	yes	15504414	protein stability; protein folding; equilibrium intermediate; thermal unfolding; phi-analysis	J MOL BIOL 344, 239-255 (2004) PMID: 15504414	Campos LA, Bueno M, Lopez-Llano J, Jimenez MA, Sancho J.
18762	Apoflavodoxin	P0A3E0	V31A (UniProt)	Nostoc sp. (strain ATCC 29151 / PCC 7119) (Anabaena sp.)	1FTG	-	Helix	2.6	7.0	44.3	-0.99	-	3	yes	15504414	protein stability; protein folding; equilibrium intermediate; thermal unfolding; phi-analysis	J MOL BIOL 344, 239-255 (2004) PMID: 15504414	Campos LA, Bueno M, Lopez-Llano J, Jimenez MA, Sancho J.
18763	Apoflavodoxin	P0A3E0	D44A (UniProt)	Nostoc sp. (strain ATCC 29151 / PCC 7119) (Anabaena sp.)	1FTG	-	Helix	26.37	7.0	44.3	-0.03	-	3	yes	15504414	protein stability; protein folding; equilibrium intermediate; thermal unfolding; phi-analysis	J MOL BIOL 344, 239-255 (2004) PMID: 15504414	Campos LA, Bueno M, Lopez-Llano J, Jimenez MA, Sancho J.
18764	Apoflavodoxin	P0A3E0	I52V (PDB: I51V)	Nostoc sp. (strain ATCC 29151 / PCC 7119) (Anabaena sp.)	1FTG	I51V	Helix	0.0	7.0	44.3	-1.04	-	3	yes	15504414	protein stability; protein folding; equilibrium intermediate; thermal unfolding; phi-analysis	J MOL BIOL 344, 239-255 (2004) PMID: 15504414	Campos LA, Bueno M, Lopez-Llano J, Jimenez MA, Sancho J.
18765	Apoflavodoxin	P0A3E0	I52V (UniProt)	Nostoc sp. (strain ATCC 29151 / PCC 7119) (Anabaena sp.)	1FTG	-	Helix	0.0	7.0	44.3	-0.6	-	3	yes	15504414	protein stability; protein folding; equilibrium intermediate; thermal unfolding; phi-analysis	J MOL BIOL 344, 239-255 (2004) PMID: 15504414	Campos LA, Bueno M, Lopez-Llano J, Jimenez MA, Sancho J.
18766	Apoflavodoxin	P0A3E0	S72A (UniProt)	Nostoc sp. (strain ATCC 29151 / PCC 7119) (Anabaena sp.)	1FTG	-	Coil	67.41	7.0	44.3	0.13	-	3	yes	15504414	protein stability; protein folding; equilibrium intermediate; thermal unfolding; phi-analysis	J MOL BIOL 344, 239-255 (2004) PMID: 15504414	Campos LA, Bueno M, Lopez-Llano J, Jimenez MA, Sancho J.
18767	Apoflavodoxin	P0A3E0	A85G (UniProt)	Nostoc sp. (strain ATCC 29151 / PCC 7119) (Anabaena sp.)	1FTG	-	Sheet	0.0	7.0	44.3	-1.25	-	3	yes	15504414	protein stability; protein folding; equilibrium intermediate; thermal unfolding; phi-analysis	J MOL BIOL 344, 239-255 (2004) PMID: 15504414	Campos LA, Bueno M, Lopez-Llano J, Jimenez MA, Sancho J.
18768	Apoflavodoxin	P0A3E0	N98A (UniProt)	Nostoc sp. (strain ATCC 29151 / PCC 7119) (Anabaena sp.)	1FTG	-	Turn	21.86	7.0	44.3	-0.24	-	3	yes	15504414	protein stability; protein folding; equilibrium intermediate; thermal unfolding; phi-analysis	J MOL BIOL 344, 239-255 (2004) PMID: 15504414	Campos LA, Bueno M, Lopez-Llano J, Jimenez MA, Sancho J.
18769	Apoflavodoxin	P0A3E0	Q100A (UniProt)	Nostoc sp. (strain ATCC 29151 / PCC 7119) (Anabaena sp.)	1FTG	-	Turn	0.0	7.0	44.3	0.49	-	3	yes	15504414	protein stability; protein folding; equilibrium intermediate; thermal unfolding; phi-analysis	J MOL BIOL 344, 239-255 (2004) PMID: 15504414	Campos LA, Bueno M, Lopez-Llano J, Jimenez MA, Sancho J.
18770	Apoflavodoxin	P0A3E0	I105V (UniProt)	Nostoc sp. (strain ATCC 29151 / PCC 7119) (Anabaena sp.)	1FTG	-	Helix	21.08	7.0	44.3	-0.11	-	3	yes	15504414	protein stability; protein folding; equilibrium intermediate; thermal unfolding; phi-analysis	J MOL BIOL 344, 239-255 (2004) PMID: 15504414	Campos LA, Bueno M, Lopez-Llano J, Jimenez MA, Sancho J.
18771	Apoflavodoxin	P0A3E0	S111A (UniProt)	Nostoc sp. (strain ATCC 29151 / PCC 7119) (Anabaena sp.)	1FTG	-	Coil	38.4	7.0	44.3	-0.34	-	3	yes	15504414	protein stability; protein folding; equilibrium intermediate; thermal unfolding; phi-analysis	J MOL BIOL 344, 239-255 (2004) PMID: 15504414	Campos LA, Bueno M, Lopez-Llano J, Jimenez MA, Sancho J.
18772	Apoflavodoxin	P0A3E0	V118A (UniProt)	Nostoc sp. (strain ATCC 29151 / PCC 7119) (Anabaena sp.)	1FTG	-	Coil	8.46	7.0	44.3	-1.32	-	3	yes	15504414	protein stability; protein folding; equilibrium intermediate; thermal unfolding; phi-analysis	J MOL BIOL 344, 239-255 (2004) PMID: 15504414	Campos LA, Bueno M, Lopez-Llano J, Jimenez MA, Sancho J.
18773	Apoflavodoxin	P0A3E0	T123S (UniProt)	Nostoc sp. (strain ATCC 29151 / PCC 7119) (Anabaena sp.)	1FTG	-	Turn	24.51	7.0	44.3	0.11	-	3	yes	15504414	protein stability; protein folding; equilibrium intermediate; thermal unfolding; phi-analysis	J MOL BIOL 344, 239-255 (2004) PMID: 15504414	Campos LA, Bueno M, Lopez-Llano J, Jimenez MA, Sancho J.
18774	Apoflavodoxin	P0A3E0	V140A (UniProt)	Nostoc sp. (strain ATCC 29151 / PCC 7119) (Anabaena sp.)	1FTG	-	Turn	0.0	7.0	44.3	-0.29	-	3	yes	15504414	protein stability; protein folding; equilibrium intermediate; thermal unfolding; phi-analysis	J MOL BIOL 344, 239-255 (2004) PMID: 15504414	Campos LA, Bueno M, Lopez-Llano J, Jimenez MA, Sancho J.
18775	Apoflavodoxin	P0A3E0	L144A (UniProt)	Nostoc sp. (strain ATCC 29151 / PCC 7119) (Anabaena sp.)	1FTG	-	Sheet	0.55	7.0	44.3	-0.11	-	3	yes	15504414	protein stability; protein folding; equilibrium intermediate; thermal unfolding; phi-analysis	J MOL BIOL 344, 239-255 (2004) PMID: 15504414	Campos LA, Bueno M, Lopez-Llano J, Jimenez MA, Sancho J.
18776	Apoflavodoxin	P0A3E0	I157V (UniProt)	Nostoc sp. (strain ATCC 29151 / PCC 7119) (Anabaena sp.)	1FTG	-	Helix	1.08	7.0	44.3	-1.6	-	3	yes	15504414	protein stability; protein folding; equilibrium intermediate; thermal unfolding; phi-analysis	J MOL BIOL 344, 239-255 (2004) PMID: 15504414	Campos LA, Bueno M, Lopez-Llano J, Jimenez MA, Sancho J.
18777	Apoflavodoxin	P0A3E0	V161A (UniProt)	Nostoc sp. (strain ATCC 29151 / PCC 7119) (Anabaena sp.)	1FTG	-	Helix	0.0	7.0	44.3	-1.1	-	3	yes	15504414	protein stability; protein folding; equilibrium intermediate; thermal unfolding; phi-analysis	J MOL BIOL 344, 239-255 (2004) PMID: 15504414	Campos LA, Bueno M, Lopez-Llano J, Jimenez MA, Sancho J.
18778	Flavodoxin	P0A3D9	V19I (UniProt)	Nostoc sp. (strain PCC 7120 / SAG 25.82 / UTEX 2576)	1FLV	-	Helix	0.0	7.0	44.3	0.08	-	3	Yes	16563433	protein cavity; protein stability; protein intermediate; protein folding; van der Waals	J MOL BIOL 358, 701-712 (2006) PMID: 16563433	Bueno M, Cremades N, Neira JL, Sancho J.
18779	Flavodoxin	P0A3D9	V19L (UniProt)	Nostoc sp. (strain PCC 7120 / SAG 25.82 / UTEX 2576)	1FLV	-	Helix	0.0	7.0	44.3	0.04	-	3	Yes	16563433	protein cavity; protein stability; protein intermediate; protein folding; van der Waals	J MOL BIOL 358, 701-712 (2006) PMID: 16563433	Bueno M, Cremades N, Neira JL, Sancho J.
18780	Flavodoxin	P0A3D9	V84I (UniProt)	Nostoc sp. (strain PCC 7120 / SAG 25.82 / UTEX 2576)	1FLV	-	Sheet	0.0	7.0	44.3	0.03	-	3	Yes	16563433	protein cavity; protein stability; protein intermediate; protein folding; van der Waals	J MOL BIOL 358, 701-712 (2006) PMID: 16563433	Bueno M, Cremades N, Neira JL, Sancho J.
18781	Flavodoxin	P0A3D9	V19I (UniProt)	Nostoc sp. (strain PCC 7120 / SAG 25.82 / UTEX 2576)	1FLV	-	Helix	0.0	7.0	44.3	0.44	-	3	Yes	16563433	protein cavity; protein stability; protein intermediate; protein folding; van der Waals	J MOL BIOL 358, 701-712 (2006) PMID: 16563433	Bueno M, Cremades N, Neira JL, Sancho J.
18782	Flavodoxin	P0A3D9	V19L (UniProt)	Nostoc sp. (strain PCC 7120 / SAG 25.82 / UTEX 2576)	1FLV	-	Helix	0.0	7.0	44.3	0.04	-	3	Yes	16563433	protein cavity; protein stability; protein intermediate; protein folding; van der Waals	J MOL BIOL 358, 701-712 (2006) PMID: 16563433	Bueno M, Cremades N, Neira JL, Sancho J.
18783	Flavodoxin	P0A3D9	V84I (UniProt)	Nostoc sp. (strain PCC 7120 / SAG 25.82 / UTEX 2576)	1FLV	-	Sheet	0.0	7.0	44.3	-0.01	-	3	Yes	16563433	protein cavity; protein stability; protein intermediate; protein folding; van der Waals	J MOL BIOL 358, 701-712 (2006) PMID: 16563433	Bueno M, Cremades N, Neira JL, Sancho J.
18784	Flavodoxin	P0A3D9	V19I (UniProt)	Nostoc sp. (strain PCC 7120 / SAG 25.82 / UTEX 2576)	1FLV	-	Helix	0.0	7.0	44.3	0.52	-	-	Yes	16563433	protein cavity; protein stability; protein intermediate; protein folding; van der Waals	J MOL BIOL 358, 701-712 (2006) PMID: 16563433	Bueno M, Cremades N, Neira JL, Sancho J.
18785	Flavodoxin	P0A3D9	V19L (UniProt)	Nostoc sp. (strain PCC 7120 / SAG 25.82 / UTEX 2576)	1FLV	-	Helix	0.0	7.0	44.3	0.09	-	-	Yes	16563433	protein cavity; protein stability; protein intermediate; protein folding; van der Waals	J MOL BIOL 358, 701-712 (2006) PMID: 16563433	Bueno M, Cremades N, Neira JL, Sancho J.
18786	Flavodoxin	P0A3D9	V84I (UniProt)	Nostoc sp. (strain PCC 7120 / SAG 25.82 / UTEX 2576)	1FLV	-	Sheet	0.0	7.0	44.3	-0.03	-	-	Yes	16563433	protein cavity; protein stability; protein intermediate; protein folding; van der Waals	J MOL BIOL 358, 701-712 (2006) PMID: 16563433	Bueno M, Cremades N, Neira JL, Sancho J.
18787	Flavodoxin	P0A3D9	G88A (UniProt)	Nostoc sp. (strain PCC 7120 / SAG 25.82 / UTEX 2576)	1FLV	-	Helix	0.0	7.0	44.3	-0.09	-	2	Yes	16563433	protein cavity; protein stability; protein intermediate; protein folding; van der Waals	J MOL BIOL 358, 701-712 (2006) PMID: 16563433	Bueno M, Cremades N, Neira JL, Sancho J.
18788	Flavodoxin	P0A3D9	G88V (UniProt)	Nostoc sp. (strain PCC 7120 / SAG 25.82 / UTEX 2576)	1FLV	-	Helix	0.0	7.0	44.3	0.12	-	2	Yes	16563433	protein cavity; protein stability; protein intermediate; protein folding; van der Waals	J MOL BIOL 358, 701-712 (2006) PMID: 16563433	Bueno M, Cremades N, Neira JL, Sancho J.
18789	Flavodoxin	P0A3D9	G88L (UniProt)	Nostoc sp. (strain PCC 7120 / SAG 25.82 / UTEX 2576)	1FLV	-	Helix	0.0	7.0	44.3	-0.21	-	2	Yes	16563433	protein cavity; protein stability; protein intermediate; protein folding; van der Waals	J MOL BIOL 358, 701-712 (2006) PMID: 16563433	Bueno M, Cremades N, Neira JL, Sancho J.
18790	Flavodoxin	P0A3D9	A102V (UniProt)	Nostoc sp. (strain PCC 7120 / SAG 25.82 / UTEX 2576)	1FLV	-	Helix	0.0	7.0	44.3	-0.69	-	2	Yes	16563433	protein cavity; protein stability; protein intermediate; protein folding; van der Waals	J MOL BIOL 358, 701-712 (2006) PMID: 16563433	Bueno M, Cremades N, Neira JL, Sancho J.
18791	Flavodoxin	P0A3D9	A102L (UniProt)	Nostoc sp. (strain PCC 7120 / SAG 25.82 / UTEX 2576)	1FLV	-	Helix	0.0	7.0	44.3	-0.53	-	2	Yes	16563433	protein cavity; protein stability; protein intermediate; protein folding; van der Waals	J MOL BIOL 358, 701-712 (2006) PMID: 16563433	Bueno M, Cremades N, Neira JL, Sancho J.
18793	Alpha-parvalbumin	P02625	A21P (PDB: A21P)	Rattus norvegicus (Rat)	1RTP	A21P	Turn	76.23	7.4	44.2	0.95	-	-	Unknown	12974622	tertiary interaction; Ca2+ affinity; proline; conformational entropy	BIOCHEMISTRY 42, 10886-10895 (2003) PMID: 12974622	Agah S, Larson JD, Henzl MT
18795	Lysozyme	P00720	R96K (PDB: R96K)	Enterobacteria phage T4 (Bacteriophage T4)	2LZM	R96K	Helix	34.06	3.05	44	-0.5	-	-	Unknown	19384988	Bacteriophage T4 lysozyme; electrostatics; strain; temperature-sensitive mutant	PROTEIN SCI 18, 871-880 (2009) PMID: 19384988	Mooers BH, Baase WA, Wray JW, Matthews BW.
18796	Lysozyme	P00720	R96Q (PDB: R96Q)	Enterobacteria phage T4 (Bacteriophage T4)	2LZM	R96Q	Helix	34.06	3.05	44	-0.7	-	-	Unknown	19384988	Bacteriophage T4 lysozyme; electrostatics; strain; temperature-sensitive mutant	PROTEIN SCI 18, 871-880 (2009) PMID: 19384988	Mooers BH, Baase WA, Wray JW, Matthews BW.
18797	Lysozyme	P00720	R96A (PDB: R96A)	Enterobacteria phage T4 (Bacteriophage T4)	2LZM	R96A	Helix	34.06	3.05	44	-2	-	-	Unknown	19384988	Bacteriophage T4 lysozyme; electrostatics; strain; temperature-sensitive mutant	PROTEIN SCI 18, 871-880 (2009) PMID: 19384988	Mooers BH, Baase WA, Wray JW, Matthews BW.
18798	Lysozyme	P00720	R96V (PDB: R96V)	Enterobacteria phage T4 (Bacteriophage T4)	2LZM	R96V	Helix	34.06	3.05	44	-2.5	-	-	Unknown	19384988	Bacteriophage T4 lysozyme; electrostatics; strain; temperature-sensitive mutant	PROTEIN SCI 18, 871-880 (2009) PMID: 19384988	Mooers BH, Baase WA, Wray JW, Matthews BW.
18799	Lysozyme	P00720	R96S (PDB: R96S)	Enterobacteria phage T4 (Bacteriophage T4)	2LZM	R96S	Helix	34.06	3.05	44	-2.8	-	-	Unknown	19384988	Bacteriophage T4 lysozyme; electrostatics; strain; temperature-sensitive mutant	PROTEIN SCI 18, 871-880 (2009) PMID: 19384988	Mooers BH, Baase WA, Wray JW, Matthews BW.
18800	Lysozyme	P00720	R96E (PDB: R96E)	Enterobacteria phage T4 (Bacteriophage T4)	2LZM	R96E	Helix	34.06	3.05	44	-1.9	-	-	Unknown	19384988	Bacteriophage T4 lysozyme; electrostatics; strain; temperature-sensitive mutant	PROTEIN SCI 18, 871-880 (2009) PMID: 19384988	Mooers BH, Baase WA, Wray JW, Matthews BW.
18801	Lysozyme	P00720	R96G (PDB: R96G)	Enterobacteria phage T4 (Bacteriophage T4)	2LZM	R96G	Helix	34.06	3.05	44	-3.2	-	-	Unknown	19384988	Bacteriophage T4 lysozyme; electrostatics; strain; temperature-sensitive mutant	PROTEIN SCI 18, 871-880 (2009) PMID: 19384988	Mooers BH, Baase WA, Wray JW, Matthews BW.
18802	Lysozyme	P00720	R96M (PDB: R96M)	Enterobacteria phage T4 (Bacteriophage T4)	2LZM	R96M	Helix	34.06	3.05	44	-2.5	-	-	Unknown	19384988	Bacteriophage T4 lysozyme; electrostatics; strain; temperature-sensitive mutant	PROTEIN SCI 18, 871-880 (2009) PMID: 19384988	Mooers BH, Baase WA, Wray JW, Matthews BW.
18803	Lysozyme	P00720	R96T (PDB: R96T)	Enterobacteria phage T4 (Bacteriophage T4)	2LZM	R96T	Helix	34.06	3.05	44	-3.1	-	-	Unknown	19384988	Bacteriophage T4 lysozyme; electrostatics; strain; temperature-sensitive mutant	PROTEIN SCI 18, 871-880 (2009) PMID: 19384988	Mooers BH, Baase WA, Wray JW, Matthews BW.
18804	Lysozyme	P00720	R96C (PDB: R96C)	Enterobacteria phage T4 (Bacteriophage T4)	2LZM	R96C	Helix	34.06	3.05	44	-2.9	-	-	Unknown	19384988	Bacteriophage T4 lysozyme; electrostatics; strain; temperature-sensitive mutant	PROTEIN SCI 18, 871-880 (2009) PMID: 19384988	Mooers BH, Baase WA, Wray JW, Matthews BW.
18805	Lysozyme	P00720	R96I (PDB: R96I)	Enterobacteria phage T4 (Bacteriophage T4)	2LZM	R96I	Helix	34.06	3.05	44	-2.8	-	-	Unknown	19384988	Bacteriophage T4 lysozyme; electrostatics; strain; temperature-sensitive mutant	PROTEIN SCI 18, 871-880 (2009) PMID: 19384988	Mooers BH, Baase WA, Wray JW, Matthews BW.
18806	Lysozyme	P00720	R96N (PDB: R96N)	Enterobacteria phage T4 (Bacteriophage T4)	2LZM	R96N	Helix	34.06	3.05	44	-3.3	-	-	Unknown	19384988	Bacteriophage T4 lysozyme; electrostatics; strain; temperature-sensitive mutant	PROTEIN SCI 18, 871-880 (2009) PMID: 19384988	Mooers BH, Baase WA, Wray JW, Matthews BW.
18807	Lysozyme	P00720	R96H (PDB: R96H)	Enterobacteria phage T4 (Bacteriophage T4)	2LZM	R96H	Helix	34.06	3.05	44	-3.8	-	-	Unknown	19384988	Bacteriophage T4 lysozyme; electrostatics; strain; temperature-sensitive mutant	PROTEIN SCI 18, 871-880 (2009) PMID: 19384988	Mooers BH, Baase WA, Wray JW, Matthews BW.
18808	Lysozyme	P00720	R96L (PDB: R96L)	Enterobacteria phage T4 (Bacteriophage T4)	2LZM	R96L	Helix	34.06	3.05	44	-3.2	-	-	Unknown	19384988	Bacteriophage T4 lysozyme; electrostatics; strain; temperature-sensitive mutant	PROTEIN SCI 18, 871-880 (2009) PMID: 19384988	Mooers BH, Baase WA, Wray JW, Matthews BW.
18809	Lysozyme	P00720	R96D (PDB: R96D)	Enterobacteria phage T4 (Bacteriophage T4)	2LZM	R96D	Helix	34.06	3.05	44	-2.3	-	-	Unknown	19384988	Bacteriophage T4 lysozyme; electrostatics; strain; temperature-sensitive mutant	PROTEIN SCI 18, 871-880 (2009) PMID: 19384988	Mooers BH, Baase WA, Wray JW, Matthews BW.
18810	Lysozyme	P00720	R96F (PDB: R96F)	Enterobacteria phage T4 (Bacteriophage T4)	2LZM	R96F	Helix	34.06	3.05	44	-4.2	-	-	Unknown	19384988	Bacteriophage T4 lysozyme; electrostatics; strain; temperature-sensitive mutant	PROTEIN SCI 18, 871-880 (2009) PMID: 19384988	Mooers BH, Baase WA, Wray JW, Matthews BW.
18811	Lysozyme	P00720	R96W (PDB: R96W)	Enterobacteria phage T4 (Bacteriophage T4)	2LZM	R96W	Helix	34.06	3.05	44	-4.2	-	-	Unknown	19384988	Bacteriophage T4 lysozyme; electrostatics; strain; temperature-sensitive mutant	PROTEIN SCI 18, 871-880 (2009) PMID: 19384988	Mooers BH, Baase WA, Wray JW, Matthews BW.
18812	Lysozyme	P00720	R96Y (PDB: R96Y)	Enterobacteria phage T4 (Bacteriophage T4)	2LZM	R96Y	Helix	34.06	3.05	44	-4.5	-	-	Unknown	19384988	Bacteriophage T4 lysozyme; electrostatics; strain; temperature-sensitive mutant	PROTEIN SCI 18, 871-880 (2009) PMID: 19384988	Mooers BH, Baase WA, Wray JW, Matthews BW.
18813	Lysozyme	P00720	R96P (PDB: R96P)	Enterobacteria phage T4 (Bacteriophage T4)	2LZM	R96P	Helix	34.06	3.05	44	-6	-	-	Unknown	19384988	Bacteriophage T4 lysozyme; electrostatics; strain; temperature-sensitive mutant	PROTEIN SCI 18, 871-880 (2009) PMID: 19384988	Mooers BH, Baase WA, Wray JW, Matthews BW.
18814	Lysozyme	P00720	K85A (PDB: K85A)	Enterobacteria phage T4 (Bacteriophage T4)	2LZM	K85A	Helix	39.38	3.05	44	0.1	-	-	Unknown	19384988	Bacteriophage T4 lysozyme; electrostatics; strain; temperature-sensitive mutant	PROTEIN SCI 18, 871-880 (2009) PMID: 19384988	Mooers BH, Baase WA, Wray JW, Matthews BW.
18815	Lysozyme	P00720	D89A (PDB: D89A)	Enterobacteria phage T4 (Bacteriophage T4)	2LZM	D89A	Helix	53.44	3.05	44	-0.7	-	-	Unknown	19384988	Bacteriophage T4 lysozyme; electrostatics; strain; temperature-sensitive mutant	PROTEIN SCI 18, 871-880 (2009) PMID: 19384988	Mooers BH, Baase WA, Wray JW, Matthews BW.
18818	Apoflavodoxin	P0A3E0	V19I (UniProt)	Nostoc sp. (strain PCC 7120 / SAG 25.82 / UTEX 2576)	1FTG	-	Helix	2.6	7.0	43.4	0.19	-	-	Yes	16364364	molten globule; protein fragment; equilibrium phi analysis; protein stability; protein folding	J MOL BIOL 356, 354-366 (2006) PMID: 16364364	Lopez-Llano J, Campos LA, Bueno M, Sancho J.
18819	Apoflavodoxin	P0A3E0	E21K (UniProt)	Nostoc sp. (strain PCC 7120 / SAG 25.82 / UTEX 2576)	1FTG	-	Sheet	46.94	7.0	43.4	0.27	-	-	Yes	16364364	molten globule; protein fragment; equilibrium phi analysis; protein stability; protein folding	J MOL BIOL 356, 354-366 (2006) PMID: 16364364	Lopez-Llano J, Campos LA, Bueno M, Sancho J.
18820	Apoflavodoxin	P0A3E0	I22A (UniProt)	Nostoc sp. (strain PCC 7120 / SAG 25.82 / UTEX 2576)	1FTG	-	Helix	0.0	7.0	43.4	-0.02	-	-	Yes	16364364	molten globule; protein fragment; equilibrium phi analysis; protein stability; protein folding	J MOL BIOL 356, 354-366 (2006) PMID: 16364364	Lopez-Llano J, Campos LA, Bueno M, Sancho J.
18821	Apoflavodoxin	P0A3E0	I22G (UniProt)	Nostoc sp. (strain PCC 7120 / SAG 25.82 / UTEX 2576)	1FTG	-	Helix	0.0	7.0	43.4	0.17	-	-	Yes	16364364	molten globule; protein fragment; equilibrium phi analysis; protein stability; protein folding	J MOL BIOL 356, 354-366 (2006) PMID: 16364364	Lopez-Llano J, Campos LA, Bueno M, Sancho J.
18822	Apoflavodoxin	P0A3E0	E41K (UniProt)	Nostoc sp. (strain PCC 7120 / SAG 25.82 / UTEX 2576)	1FTG	-	Sheet	72.12	7.0	43.4	0.17	-	-	Yes	16364364	molten globule; protein fragment; equilibrium phi analysis; protein stability; protein folding	J MOL BIOL 356, 354-366 (2006) PMID: 16364364	Lopez-Llano J, Campos LA, Bueno M, Sancho J.
18823	Apoflavodoxin	P0A3E0	L51A (UniProt)	Nostoc sp. (strain PCC 7120 / SAG 25.82 / UTEX 2576)	1FTG	-	Sheet	0.0	7.0	43.4	0.02	-	-	Yes	16364364	molten globule; protein fragment; equilibrium phi analysis; protein stability; protein folding	J MOL BIOL 356, 354-366 (2006) PMID: 16364364	Lopez-Llano J, Campos LA, Bueno M, Sancho J
18824	Apoflavodoxin	P0A3E0	G69A (UniProt)	Nostoc sp. (strain PCC 7120 / SAG 25.82 / UTEX 2576)	1FTG	-	Helix	55.91	7.0	43.4	0.38	-	-	Yes	16364364	molten globule; protein fragment; equilibrium phi analysis; protein stability; protein folding	J MOL BIOL 356, 354-366 (2006) PMID: 16364364	Lopez-Llano J, Campos LA, Bueno M, Sancho J.
18825	Apoflavodoxin	P0A3E0	E73K (UniProt)	Nostoc sp. (strain PCC 7120 / SAG 25.82 / UTEX 2576)	1FTG	-	Sheet	49.8	7.0	43.4	0.33	-	-	Yes	16364364	molten globule; protein fragment; equilibrium phi analysis; protein stability; protein folding	J MOL BIOL 356, 354-366 (2006) PMID: 16364364	Lopez-Llano J, Campos LA, Bueno M, Sancho J.
18826	Apoflavodoxin	P0A3E0	D76K (PDB: D76K)	Nostoc sp. (strain PCC 7120 / SAG 25.82 / UTEX 2576)	1FTG	D76K	Helix	83.97	7.0	43.4	0.4	-	-	Yes	16364364	molten globule; protein fragment; equilibrium phi analysis; protein stability; protein folding	J MOL BIOL 356, 354-366 (2006) PMID: 16364364	Lopez-Llano J, Campos LA, Bueno M, Sancho J.
18827	Apoflavodoxin	P0A3E0	V84I (UniProt)	Nostoc sp. (strain PCC 7120 / SAG 25.82 / UTEX 2576)	1FTG	-	Sheet	0.0	7.0	43.4	0.05	-	-	Yes	16364364	molten globule; protein fragment; equilibrium phi analysis; protein stability; protein folding	J MOL BIOL 356, 354-366 (2006) PMID: 16364364	Lopez-Llano J, Campos LA, Bueno M, Sancho J.
18828	Apoflavodoxin	P0A3E0	Q100A (UniProt)	Nostoc sp. (strain PCC 7120 / SAG 25.82 / UTEX 2576)	1FTG	-	Turn	0.0	7.0	43.4	0.43	-	-	Yes	16364364	molten globule; protein fragment; equilibrium phi analysis; protein stability; protein folding	J MOL BIOL 356, 354-366 (2006) PMID: 16364364	Lopez-Llano J, Campos LA, Bueno M, Sancho J.
18829	Apoflavodoxin	P0A3E0	A102V (UniProt)	Nostoc sp. (strain PCC 7120 / SAG 25.82 / UTEX 2576)	1FTG	-	Helix	2.72	7.0	43.4	0.16	-	-	Yes	16364364	molten globule; protein fragment; equilibrium phi analysis; protein stability; protein folding	J MOL BIOL 356, 354-366 (2006) PMID: 16364364	Lopez-Llano J, Campos LA, Bueno M, Sancho J.
18830	Apoflavodoxin	P0A3E0	E108A (UniProt)	Nostoc sp. (strain PCC 7120 / SAG 25.82 / UTEX 2576)	1FTG	-	Sheet	69.83	7.0	43.4	0.15	-	-	Yes	16364364	molten globule; protein fragment; equilibrium phi analysis; protein stability; protein folding	J MOL BIOL 356, 354-366 (2006) PMID: 16364364	Lopez-Llano J, Campos LA, Bueno M, Sancho J.
18831	Apoflavodoxin	P0A3E0	Q112G (UniProt)	Nostoc sp. (strain PCC 7120 / SAG 25.82 / UTEX 2576)	1FTG	-	Helix	67.75	7.0	43.4	0.22	-	-	Yes	16364364	molten globule; protein fragment; equilibrium phi analysis; protein stability; protein folding	J MOL BIOL 356, 354-366 (2006) PMID: 16364364	Lopez-Llano J, Campos LA, Bueno M, Sancho J.
18833	Chitosanase	P33665	W141F (PDB: W101F)	Streptomyces sp. (strain N174)	1CHK	W101F	Helix	0.0	7.0	43.2	-4.27	-	-	yes(77%)	9989221	chitosanase; tryptophan residue; site-directed mutagenesis;	BIOCHIM BIOPHYS ACTA 1429, 365-376 (1999); doi:10.1016/S0167-4838(98)00243-X	Honda Y, Fukamizo T, Okajima T, Goto S, Boucher I, Brzezinski R
18834	Chitosanase	P33665	W68F (PDB: W28F)	Streptomyces sp. (strain N174)	1CHK	W28F	Helix	11.23	7.0	43.2	-4.43	-	-	yes(75%)	9989221	chitosanase; tryptophan residue; site-directed mutagenesis;	BIOCHIM BIOPHYS ACTA 1429, 365-376 (1999); doi:10.1016/S0167-4838(98)00243-X PMID: 9989221	Honda Y, Fukamizo T, Okajima T, Goto S, Boucher I, Brzezinski R
18835	Chitosanase	P33665	W267F (PDB: W227F)	Streptomyces sp. (strain N174)	1CHK	W227F	Sheet	0.0	7.0	43.2	-2.51	-	-	yes(81%)	9989221	chitosanase; tryptophan residue; site-directed mutagenesis;	BIOCHIM BIOPHYS ACTA 1429, 365-376 (1999); doi:10.1016/S0167-4838(98)00243-X PMID: 9989221	Honda Y, Fukamizo T, Okajima T, Goto S, Boucher I, Brzezinski R
18837	Chitosanase	P33665	W68F (PDB: W28F)	Streptomyces sp. (strain N174)	1CHK	W28F	Helix	11.23	7.0	42.7	-3.56	-	3	yes(77%)	9989221	chitosanase; tryptophan residue; site-directed mutagenesis;	BIOCHIM BIOPHYS ACTA 1429, 365-376 (1999); doi:10.1016/S0167-4838(98)00243-X PMID: 9989221	Honda Y, Fukamizo T, Okajima T, Goto S, Boucher I, Brzezinski R
18838	Chitosanase	P33665	W141F (PDB: W101F)	Streptomyces sp. (strain N174)	1CHK	W101F	Helix	0.0	7.0	42.7	-3.91	-	3	yes(79%)	9989221	chitosanase; tryptophan residue; site-directed mutagenesis;	BIOCHIM BIOPHYS ACTA 1429, 365-376 (1999); doi:10.1016/S0167-4838(98)00243-X PMID: 9989221	Honda Y, Fukamizo T, Okajima T, Goto S, Boucher I, Brzezinski R
18839	Chitosanase	P33665	W267F (PDB: W227F)	Streptomyces sp. (strain N174)	1CHK	W227F	Sheet	0.0	7.0	42.7	-2.97	-	3	yes(79%)	9989221	chitosanase; tryptophan residue; site-directed mutagenesis;	BIOCHIM BIOPHYS ACTA 1429, 365-376 (1999); doi:10.1016/S0167-4838(98)00243-X PMID: 9989221	Honda Y, Fukamizo T, Okajima T, Goto S, Boucher I, Brzezinski R
18841	Lysozyme	P00720	Q105A (PDB: Q105A)	Enterobacteria phage T4 (Bacteriophage T4)	2LZM	Q105A	Helix	33.03	2.1	42	-0.9	-	-	yes	8460110	tryptophan; fluorescence; phosphorescence	PROTEINS 15, 401-412 (1993) PMID: 8460110	Pjura P., McIntosh L.P., Wozniak J.A. & Matthews B.W.
18842	Lysozyme	P00720	Q105E (PDB: Q105E)	Enterobacteria phage T4 (Bacteriophage T4)	2LZM	Q105E	Helix	33.03	2.1	42	-0.5	-	-	yes	8460110	tryptophan; fluorescence; phosphorescence	PROTEINS 15, 401-412 (1993) PMID: 8460110	Pjura P., McIntosh L.P., Wozniak J.A. & Matthews B.W.
18843	Lysozyme	P00720	Q105G (PDB: Q105G)	Enterobacteria phage T4 (Bacteriophage T4)	2LZM	Q105G	Helix	33.03	2.1	42	-1.7	-	-	yes	8460110	tryptophan; fluorescence; phosphorescence	PROTEINS 15, 401-412 (1993) PMID: 8460110	Pjura P., McIntosh L.P., Wozniak J.A. & Matthews B.W.
18844	Lysozyme	P00720	T157N (PDB: T157N)	Enterobacteria phage T4 (Bacteriophage T4)	2LZM	T157N	Turn	35.33	2.0	42	-0.45	-	-	yes	3118211	T4 lysozyme; activity; thermal stability; structure	NATURE 330, 41-46 (1987) PMID: 3118211	Alber T., Dao-Pin S., Wilson K., Wozniak J.A., Cook S.P.
18845	Lysozyme	P00720	T157S (PDB: T157S)	Enterobacteria phage T4 (Bacteriophage T4)	2LZM	T157S	Turn	35.33	2.0	42	-0.66	-	-	yes	3118211	T4 lysozyme; activity; thermal stability; structure	NATURE 330, 41-46 (1987) PMID: 3118211	Alber T., Dao-Pin S., Wilson K., Wozniak J.A., Cook S.P.
18846	Lysozyme	P00720	T157D (PDB: T157D)	Enterobacteria phage T4 (Bacteriophage T4)	2LZM	T157D	Turn	35.33	2.0	42	-1.1	-	-	yes	3118211	T4 lysozyme; activity; thermal stability; structure	NATURE 330, 41-46 (1987) PMID: 3118211	Alber T., Dao-Pin S., Wilson K., Wozniak J.A., Cook S.P.
18847	Lysozyme	P00720	T157G (PDB: T157G)	Enterobacteria phage T4 (Bacteriophage T4)	2LZM	T157G	Turn	35.33	2.0	42	-1.1	-	-	yes	3118211	T4 lysozyme; activity; thermal stability; structure	NATURE 330, 41-46 (1987) PMID: 3118211	Alber T., Dao-Pin S., Wilson K., Wozniak J.A., Cook S.P.
18848	Lysozyme	P00720	T157C (PDB: T157C)	Enterobacteria phage T4 (Bacteriophage T4)	2LZM	T157C	Turn	35.33	2.0	42	-1.3	-	-	yes	3118211	T4 lysozyme; activity; thermal stability; structure	NATURE 330, 41-46 (1987) PMID: 3118211	Alber T., Dao-Pin S., Wilson K., Wozniak J.A., Cook S.P.
18849	Lysozyme	P00720	T157L (PDB: T157L)	Enterobacteria phage T4 (Bacteriophage T4)	2LZM	T157L	Turn	35.33	2.0	42	-1.3	-	-	yes	3118211	T4 lysozyme; activity; thermal stability; structure	NATURE 330, 41-46 (1987) PMID: 3118211	Alber T., Dao-Pin S., Wilson K., Wozniak J.A., Cook S.P.
18850	Lysozyme	P00720	T157R (PDB: T157R)	Enterobacteria phage T4 (Bacteriophage T4)	2LZM	T157R	Turn	35.33	2.0	42	-1.3	-	-	yes	3118211	T4 lysozyme; activity; thermal stability; structure	NATURE 330, 41-46 (1987) PMID: 3118211	Alber T., Dao-Pin S., Wilson K., Wozniak J.A., Cook S.P.
18851	Lysozyme	P00720	T157A (PDB: T157A)	Enterobacteria phage T4 (Bacteriophage T4)	2LZM	T157A	Turn	35.33	2.0	42	-1.4	-	-	yes	3118211	T4 lysozyme; activity; thermal stability; structure	NATURE 330, 41-46 (1987) PMID: 3118211	Alber T., Dao-Pin S., Wilson K., Wozniak J.A., Cook S.P.
18852	Lysozyme	P00720	T157E (PDB: T157E)	Enterobacteria phage T4 (Bacteriophage T4)	2LZM	T157E	Turn	35.33	2.0	42	-1.5	-	-	yes	3118211	T4 lysozyme; activity; thermal stability; structure	NATURE 330, 41-46 (1987) PMID: 3118211	Alber T., Dao-Pin S., Wilson K., Wozniak J.A., Cook S.P.
18853	Lysozyme	P00720	T157V (PDB: T157V)	Enterobacteria phage T4 (Bacteriophage T4)	2LZM	T157V	Turn	35.33	2.0	42	-1.6	-	-	yes	3118211	T4 lysozyme; activity; thermal stability; structure	NATURE 330, 41-46 (1987) PMID: 3118211	Alber T., Dao-Pin S., Wilson K., Wozniak J.A., Cook S.P.
18854	Lysozyme	P00720	T157H (PDB: T157H)	Enterobacteria phage T4 (Bacteriophage T4)	2LZM	T157H	Turn	35.33	2.0	42	-2.1	-	-	yes	3118211	T4 lysozyme; activity; thermal stability; structure	NATURE 330, 41-46 (1987) PMID: 3118211	Alber T., Dao-Pin S., Wilson K., Wozniak J.A., Cook S.P.
18855	Lysozyme	P00720	T157F (PDB: T157F)	Enterobacteria phage T4 (Bacteriophage T4)	2LZM	T157F	Turn	35.33	2.0	42	-2.4	-	-	yes	3118211	T4 lysozyme; activity; thermal stability; structure	NATURE 330, 41-46 (1987) PMID: 3118211	Alber T., Dao-Pin S., Wilson K., Wozniak J.A., Cook S.P.
18856	Lysozyme	P00720	T157I (PDB: T157I)	Enterobacteria phage T4 (Bacteriophage T4)	2LZM	T157I	Turn	35.33	2.0	42	-2.9	-	-	yes	3118211	T4 lysozyme; activity; thermal stability; structure	NATURE 330, 41-46 (1987) PMID: 3118211	Alber T., Dao-Pin S., Wilson K., Wozniak J.A., Cook S.P.
18861	Lysozyme	P00720	G77A (PDB: G77A)	Enterobacteria phage T4 (Bacteriophage T4)	2LZM	G77A	Helix	3.81	2.0	41.9	-0.4	-	-	yes	3477797	lysozyme; protein structure; protein design; proline;	PROC NATL ACAD SCI U S A 84, 6663-6667 (1987) PMID: 3477797	Matthews B.W., Nicholson H. & Becktel W.J.
18862	Lysozyme	P00720	A82P (PDB: A82P)	Enterobacteria phage T4 (Bacteriophage T4)	2LZM	A82P	Helix	78.95	2.0	41.9	0.3	-	-	yes	3477797	lysozyme; protein structure; protein design; proline;	PROC NATL ACAD SCI U S A 84, 6663-6667 (1987) PMID: 3477797	Matthews B.W., Nicholson H. & Becktel W.J.
18863	Lysozyme	P00720	N55G (PDB: N55G)	Enterobacteria phage T4 (Bacteriophage T4)	2LZM	N55G	Turn	83.33	2.0	41.9	-0.5	-	-	yes	2511328	T4 lysozyme; thermodynamic stability; conformational energy;	J MOL BIOL 210, 181-193 (1989) PMID: 2511328	Nicholson H, Soderlind E, Tronrud DE, Matthews B
18864	Lysozyme	P00720	K124G (PDB: K124G)	Enterobacteria phage T4 (Bacteriophage T4)	2LZM	K124G	Coil	46.67	2.0	41.9	0	-	-	yes	2511328	T4 lysozyme; thermodynamic stability; conformational energy;	J MOL BIOL 210, 181-193 (1989) PMID: 2511328	Nicholson H, Soderlind E, Tronrud DE, Matthews B
18865	Lysozyme	P00720	I3Y (PDB: I3Y)	Enterobacteria phage T4 (Bacteriophage T4)	2LZM	I3Y	Helix	10.81	2.0	41.9	-2.7	-	-	yes	3405287	bacteriophage T4; hydrophobicity; protein folding;	NATURE 334, 406-410 (1988) PMID: 3405287	Matsumura M., Becktel W.J. & Matthews B.W.
18866	Lysozyme	P00720	I3F (PDB: I3F)	Enterobacteria phage T4 (Bacteriophage T4)	2LZM	I3F	Helix	10.81	2.0	41.9	-1	-	-	yes	3405287	bacteriophage T4; hydrophobicity; protein folding;	NATURE 334, 406-410 (1988) PMID: 3405287	Matsumura M., Becktel W.J. & Matthews B.W.
18867	Lysozyme	P00720	I3L (PDB: I3L)	Enterobacteria phage T4 (Bacteriophage T4)	2LZM	I3L	Helix	10.81	2.0	41.9	0.9	-	-	yes	3405287	bacteriophage T4; hydrophobicity; protein folding;	NATURE 334, 406-410 (1988) PMID: 3405287	Matsumura M., Becktel W.J. & Matthews B.W.
18868	Lysozyme	P00720	I3V (PDB: I3V)	Enterobacteria phage T4 (Bacteriophage T4)	2LZM	I3V	Helix	10.81	2.0	41.9	-0.6	-	-	yes	3405287	bacteriophage T4; hydrophobicity; protein folding;	NATURE 334, 406-410 (1988) PMID: 3405287	Matsumura M., Becktel W.J. & Matthews B.W.
18869	Lysozyme	P00720	I3M (PDB: I3M)	Enterobacteria phage T4 (Bacteriophage T4)	2LZM	I3M	Helix	10.81	2.0	41.9	-0.3	-	-	yes	3405287	bacteriophage T4; hydrophobicity; protein folding;	NATURE 334, 406-410 (1988) PMID: 3405287	Matsumura M., Becktel W.J. & Matthews B.W.
18870	Lysozyme	P00720	I3C (PDB: I3C)	Enterobacteria phage T4 (Bacteriophage T4)	2LZM	I3C	Helix	10.81	2.0	41.9	-0.4	-	-	yes	3405287	bacteriophage T4; hydrophobicity; protein folding;	NATURE 334, 406-410 (1988) PMID: 3405287	Matsumura M., Becktel W.J. & Matthews B.W.
18871	Lysozyme	P00720	I3C (PDB: I3C)	Enterobacteria phage T4 (Bacteriophage T4)	2LZM	I3C	Helix	10.81	2.0	41.9	1	-	-	yes	3405287	bacteriophage T4; hydrophobicity; protein folding;	NATURE 334, 406-410 (1988) PMID: 3405287	Matsumura M., Becktel W.J. & Matthews B.W.
18872	Lysozyme	P00720	I3A (PDB: I3A)	Enterobacteria phage T4 (Bacteriophage T4)	2LZM	I3A	Helix	10.81	2.0	41.9	-1.1	-	-	yes	3405287	bacteriophage T4; hydrophobicity; protein folding;	NATURE 334, 406-410 (1988) PMID: 3405287	Matsumura M., Becktel W.J. & Matthews B.W.
18873	Lysozyme	P00720	I3T (PDB: I3T)	Enterobacteria phage T4 (Bacteriophage T4)	2LZM	I3T	Helix	10.81	2.0	41.9	-1.7	-	-	yes	3405287	bacteriophage T4; hydrophobicity; protein folding;	NATURE 334, 406-410 (1988) PMID: 3405287	Matsumura M., Becktel W.J. & Matthews B.W.
18874	Lysozyme	P00720	I3S (PDB: I3S)	Enterobacteria phage T4 (Bacteriophage T4)	2LZM	I3S	Helix	10.81	2.0	41.9	-1.9	-	-	yes	3405287	bacteriophage T4; hydrophobicity; protein folding;	NATURE 334, 406-410 (1988) PMID: 3405287	Matsumura M., Becktel W.J. & Matthews B.W.
18875	Lysozyme	P00720	I3G (PDB: I3G)	Enterobacteria phage T4 (Bacteriophage T4)	2LZM	I3G	Helix	10.81	2.0	41.9	-1.8	-	-	yes	3405287	bacteriophage T4; hydrophobicity; protein folding;	NATURE 334, 406-410 (1988) PMID: 3405287	Matsumura M., Becktel W.J. & Matthews B.W.
18876	Lysozyme	P00720	I3E (PDB: I3E)	Enterobacteria phage T4 (Bacteriophage T4)	2LZM	I3E	Helix	10.81	2.0	41.9	-1.1	-	-	yes	3405287	bacteriophage T4; hydrophobicity; protein folding;	NATURE 334, 406-410 (1988) PMID: 3405287	Matsumura M., Becktel W.J. & Matthews B.W.
18877	Lysozyme	P00720	I3D (PDB: I3D)	Enterobacteria phage T4 (Bacteriophage T4)	2LZM	I3D	Helix	10.81	2.0	41.9	-1.8	-	-	yes	3405287	bacteriophage T4; hydrophobicity; protein folding;	NATURE 334, 406-410 (1988) PMID: 3405287	Matsumura M., Becktel W.J. & Matthews B.W.
18878	Lysozyme	P00720	K60P (PDB: K60P)	Enterobacteria phage T4 (Bacteriophage T4)	2LZM	K60P	Helix	52.02	2.0	41.9	0.1	-	-	yes	1457724	phage T4 lysozyme; thermostability; alpha-helix;	BIOPOLYMERS 32, 1431-1441 (1992) PMID: 1457724	Nicholson H., Tronrud D.E., Becktel W.J. & Matthews B.W.
18879	Lysozyme	P00720	G77A (PDB: G77A)	Enterobacteria phage T4 (Bacteriophage T4)	2LZM	G77A	Helix	3.81	2.0	41.9	-0.4	-	-	yes	1457724	phage T4 lysozyme; thermostability; alpha-helix;	BIOPOLYMERS 32, 1431-1441 (1992) PMID: 1457724	Nicholson H., Tronrud D.E., Becktel W.J. & Matthews B.W.
18880	Lysozyme	P00720	A82P (PDB: A82P)	Enterobacteria phage T4 (Bacteriophage T4)	2LZM	A82P	Helix	78.95	2.0	41.9	0.3	-	-	yes	1457724	phage T4 lysozyme; thermostability; alpha-helix;	BIOPOLYMERS 32, 1431-1441 (1992) PMID: 1457724	Nicholson H., Tronrud D.E., Becktel W.J. & Matthews B.W.
18881	Lysozyme	P00720	A93P (PDB: A93P)	Enterobacteria phage T4 (Bacteriophage T4)	2LZM	A93P	Helix	66.24	2.0	41.9	0.1	-	-	yes	1457724	phage T4 lysozyme; thermostability; alpha-helix;	BIOPOLYMERS 32, 1431-1441 (1992) PMID: 1457724	Nicholson H., Tronrud D.E., Becktel W.J. & Matthews B.W.
18882	Lysozyme	P00720	G113A (PDB: G113A)	Enterobacteria phage T4 (Bacteriophage T4)	2LZM	G113A	Helix	68.61	2.0	41.9	0.1	-	-	yes	1457724	phage T4 lysozyme; thermostability; alpha-helix;	BIOPOLYMERS 32, 1431-1441 (1992) PMID: 1457724	Nicholson H., Tronrud D.E., Becktel W.J. & Matthews B.W.
18883	Lysozyme	P00720	G156D (PDB: G156D)	Enterobacteria phage T4 (Bacteriophage T4)	2LZM	G156D	Helix	21.6	2.0	41.9	-1.4	-	-	yes	3680274	T4 lysozyme; temperature-sensitive; crystallographic refinement;	J BIOL CHEM 262, 16858-16864 (1987) PMID: 3680274	Gray T.M. & Matthews B.W.
18884	Lysozyme	P00720	V131A (PDB: V131A)	Enterobacteria phage T4 (Bacteriophage T4)	2LZM	V131A	Helix	58.56	2.03	41.47	0.15	-	-	Unknown	2326253	protein stability; protein design; strain	PROTEINS 7, 198-204 (1990) PMID: 2326253	Dao-Pin S., Baase W.A. & Matthews B.W.
18885	Lysozyme	P00720	V131T (PDB: V131T)	Enterobacteria phage T4 (Bacteriophage T4)	2LZM	V131T	Helix	58.56	2.03	41.47	-0.11	-	-	Unknown	2326253	protein stability; protein design; strain	PROTEINS 7, 198-204 (1990) PMID: 2326253	Dao-Pin S., Baase W.A. & Matthews B.W.
18886	Lysozyme	P00720	A41V (PDB: A41V)	Enterobacteria phage T4 (Bacteriophage T4)	2LZM	A41V	Helix	29.95	2.03	41.47	0.42	-	-	Unknown	2326253	protein stability; protein design; strain	PROTEINS 7, 198-204 (1990) PMID: 2326253	Dao-Pin S., Baase W.A. & Matthews B.W.
18888	Lysozyme	P00720	L133F (PDB: L133F)	Enterobacteria phage T4 (Bacteriophage T4)	2LZM	L133F	Helix	0.55	1.99	41.4	-0.2	-	-	yes	2682639	bacteriophage T4; hydrophobicity; protein folding;	PROC NATL ACAD SCI U S A 86, 8237-8241 (1989) PMID: 2682639	Karpusas M., Baase W.A., Matsumura M. & Matthews B.W.
18889	Lysozyme	P00720	A129V (PDB: A129V)	Enterobacteria phage T4 (Bacteriophage T4)	2LZM	A129V	Helix	0.0	1.99	41.4	-0.8	-	-	yes	2682639	bacteriophage T4; hydrophobicity; protein folding;	PROC NATL ACAD SCI U S A 86, 8237-8241 (1989) PMID: 2682639	Karpusas M., Baase W.A., Matsumura M. & Matthews B.W.
18891	Lysozyme	P00720	T59N (PDB: T59N)	Enterobacteria phage T4 (Bacteriophage T4)	2LZM	T59N	Turn	47.58	2.0	41	-0.6	-	-	yes	1567817	T4 lysozyme; threonine; helix capping; structural;	BIOCHEMISTRY 31, 3590-3596 (1992) PMID: 1567817	Bell J.A., Becktel W.J., Sauer U., Baase W.A. & Matthews B.W.
18892	Lysozyme	P00720	T59S (PDB: T59S)	Enterobacteria phage T4 (Bacteriophage T4)	2LZM	T59S	Turn	47.58	2.0	41	-0.7	-	-	yes	1567817	T4 lysozyme; threonine; helix capping; structural;	BIOCHEMISTRY 31, 3590-3596 (1992) PMID: 1567817	Bell J.A., Becktel W.J., Sauer U., Baase W.A. & Matthews B.W.
18893	Lysozyme	P00720	T59D (PDB: T59D)	Enterobacteria phage T4 (Bacteriophage T4)	2LZM	T59D	Turn	47.58	2.0	41	-0.9	-	-	yes	1567817	T4 lysozyme; threonine; helix capping; structural;	BIOCHEMISTRY 31, 3590-3596 (1992) PMID: 1567817	Bell J.A., Becktel W.J., Sauer U., Baase W.A. & Matthews B.W.
18894	Lysozyme	P00720	T59G (PDB: T59G)	Enterobacteria phage T4 (Bacteriophage T4)	2LZM	T59G	Turn	47.58	2.0	41	-2.2	-	-	yes	1567817	T4 lysozyme; threonine; helix capping; structural;	BIOCHEMISTRY 31, 3590-3596 (1992) PMID: 1567817	Bell J.A., Becktel W.J., Sauer U., Baase W.A. & Matthews B.W.
18895	Lysozyme	P00720	T59V (PDB: T59V)	Enterobacteria phage T4 (Bacteriophage T4)	2LZM	T59V	Turn	47.58	2.0	41	-2.8	-	-	yes	1567817	T4 lysozyme; threonine; helix capping; structural;	BIOCHEMISTRY 31, 3590-3596 (1992) PMID: 1567817	Bell J.A., Becktel W.J., Sauer U., Baase W.A. & Matthews B.W.
18896	Lysozyme	P00720	T59A (PDB: T59A)	Enterobacteria phage T4 (Bacteriophage T4)	2LZM	T59A	Turn	47.58	2.0	41	-2.8	-	-	yes	1567817	T4 lysozyme; threonine; helix capping; structural;	BIOCHEMISTRY 31, 3590-3596 (1992) PMID: 1567817	Bell J.A., Becktel W.J., Sauer U., Baase W.A. & Matthews B.W.
18898	Lysozyme	P00720	S38D (PDB: S38D)	Enterobacteria phage T4 (Bacteriophage T4)	2LZM	S38D	Coil	46.08	2.0	40.9	-0.1	-	-	yes	1911773	T4 lysozyme; thermostability; alpha-helix dipole;	BIOCHEMISTRY 30, 9816-9828 (1991) PMID: 1911773	Nicholson H., Anderson D.E., Dao-pin S. & Matthews B.W.
18899	Lysozyme	P00720	T115E (PDB: T115E)	Enterobacteria phage T4 (Bacteriophage T4)	2LZM	T115E	Turn	63.45	2.0	40.9	-0.5	-	-	yes	1911773	T4 lysozyme; thermostability; alpha-helix dipole;	BIOCHEMISTRY 30, 9816-9828 (1991) PMID: 1911773	Nicholson H., Anderson D.E., Dao-pin S. & Matthews B.W.
18900	Lysozyme	P00720	N116D (PDB: N116D)	Enterobacteria phage T4 (Bacteriophage T4)	2LZM	N116D	Helix	60.11	2.0	40.9	-0.1	-	-	yes	1911773	T4 lysozyme; thermostability; alpha-helix dipole;	BIOCHEMISTRY 30, 9816-9828 (1991) PMID: 1911773	Nicholson H., Anderson D.E., Dao-pin S. & Matthews B.W.
18901	Lysozyme	P00720	R119M (PDB: R119M)	Enterobacteria phage T4 (Bacteriophage T4)	2LZM	R119M	Helix	49.78	2.0	40.9	-0.3	-	-	yes	1911773	T4 lysozyme; thermostability; alpha-helix dipole;	BIOCHEMISTRY 30, 9816-9828 (1991) PMID: 1911773	Nicholson H., Anderson D.E., Dao-pin S. & Matthews B.W.
18902	Lysozyme	P00720	N144D (PDB: N144D)	Enterobacteria phage T4 (Bacteriophage T4)	2LZM	N144D	Helix	75.14	2.0	40.9	-0.1	-	-	yes	1911773	T4 lysozyme; thermostability; alpha-helix dipole;	BIOCHEMISTRY 30, 9816-9828 (1991) PMID: 1911773	Nicholson H., Anderson D.E., Dao-pin S. & Matthews B.W.
18904	Lysozyme	P00720	E128A (PDB: E128A)	Enterobacteria phage T4 (Bacteriophage T4)	2LZM	E128A	Sheet	54.95	2.0	40.8	0.16	-	-	yes	1998663	alanine; alpha-helix; hydrophobic core; solvent exposed	BIOCHEMISTRY 30, 2012-2017 (1991) PMID: 1998663	Zhang XJ, Baase WA, Matthews BW
18905	Lysozyme	P00720	V131A (PDB: V131A)	Enterobacteria phage T4 (Bacteriophage T4)	2LZM	V131A	Helix	58.56	2.0	40.8	0.26	-	-	yes	1998663	alanine; alpha-helix; hydrophobic core; solvent exposed	BIOCHEMISTRY 30, 2012-2017 (1991) PMID: 1998663	Zhang XJ, Baase WA, Matthews BW
18909	Lysozyme	P00720	E128A (PDB: E128A)	Enterobacteria phage T4 (Bacteriophage T4)	2LZM	E128A	Sheet	54.95	2.02	40.75	0.16	-	-	yes	1304917	lysozyme; protein folding; protein structure; alanine;	PROTEIN SCI 1, 761-776 (1992) PMID: 1304917	Zhang X.-J., Baase W.A. & Matthews B.W.
18910	Lysozyme	P00720	V131A (PDB: V131A)	Enterobacteria phage T4 (Bacteriophage T4)	2LZM	V131A	Helix	58.56	2.02	40.75	0.27	-	-	yes	1304917	lysozyme; protein folding; protein structure; alanine;	PROTEIN SCI 1, 761-776 (1992) PMID: 1304917	Zhang X.-J., Baase W.A. & Matthews B.W.
18911	Lysozyme	P00720	L133A (PDB: L133A)	Enterobacteria phage T4 (Bacteriophage T4)	2LZM	L133A	Helix	0.55	2.02	40.75	-4.19	-	-	yes	1304917	lysozyme; protein folding; protein structure; alanine;	PROTEIN SCI 1, 761-776 (1992) PMID: 1304917	Zhang X.-J., Baase W.A. & Matthews B.W.
18919	Acidic fibroblast growth factor	P05230	H36Y (UniProt)	Homo sapiens (Human)	2AFG	-	Helix	4.4	7.3	40.7	0.39	-	-	Yes	15469994	DNA synthesis; fibroblast growth factor; MAP kinase activation; protein engineering; stability	PROTEIN ENG DES SEL 17, 603-611 (2004) PMID: 15469994	Zakrzewska M, Krowarsch D, Wiedlocha A, Otlewski J
18920	Acidic fibroblast growth factor	P05230	L59F (UniProt)	Homo sapiens (Human)	2AFG	-	Sheet	0.0	7.3	40.7	0.47	-	-	Yes	15469994	DNA synthesis; fibroblast growth factor; MAP kinase activation; protein engineering; stability	PROTEIN ENG DES SEL 17, 603-611 (2004) PMID: 15469994	Zakrzewska M, Krowarsch D, Wiedlocha A, Otlewski J
18921	Acidic fibroblast growth factor	P05230	H117Y (UniProt)	Homo sapiens (Human)	2AFG	-	Helix	8.8	7.3	40.7	0.1	-	-	Yes	15469994	DNA synthesis; fibroblast growth factor; MAP kinase activation; protein engineering; stability	PROTEIN ENG DES SEL 17, 603-611 (2004) PMID: 15469994	Zakrzewska M, Krowarsch D, Wiedlocha A, Otlewski J
18922	Acidic fibroblast growth factor	P05230	F123Y (UniProt)	Homo sapiens (Human)	2AFG	-	Sheet	4.48	7.3	40.7	0.33	-	-	Yes	15469994	DNA synthesis; fibroblast growth factor; MAP kinase activation; protein engineering; stability	PROTEIN ENG DES SEL 17, 603-611 (2004) PMID: 15469994	Zakrzewska M, Krowarsch D, Wiedlocha A, Otlewski J
18923	Acidic fibroblast growth factor	P05230	V124I (UniProt)	Homo sapiens (Human)	2AFG	-	Coil	0.65	7.3	40.7	-0.11	-	-	Yes	15469994	DNA synthesis; fibroblast growth factor; MAP kinase activation; protein engineering; stability	PROTEIN ENG DES SEL 17, 603-611 (2004) PMID: 15469994	Zakrzewska M, Krowarsch D, Wiedlocha A, Otlewski J
18934	Lysozyme	P00720	T115E (PDB: T115E)	Enterobacteria phage T4 (Bacteriophage T4)	2LZM	T115E	Turn	63.45	2.0	40.4	-0.5	-	-	yes	1854726	salt bridges; T4 lysozyme; electrostatic interactions;	BIOCHEMISTRY 30, 7142-7153 (1991) PMID: 1854726	Dao-pin S., Sauer U., Nicholson H. & Matthews B.W.
18935	Lysozyme	P00720	Q123E (PDB: Q123E)	Enterobacteria phage T4 (Bacteriophage T4)	2LZM	Q123E	Helix	55.43	2.0	40.4	0.3	-	-	yes	1854726	salt bridges; T4 lysozyme; electrostatic interactions;	BIOCHEMISTRY 30, 7142-7153 (1991) PMID: 1854726	Dao-pin S., Sauer U., Nicholson H. & Matthews B.W.
18936	Lysozyme	P00720	N144E (PDB: N144E)	Enterobacteria phage T4 (Bacteriophage T4)	2LZM	N144E	Helix	75.14	2.0	40.4	0.2	-	-	yes	1854726	salt bridges; T4 lysozyme; electrostatic interactions;	BIOCHEMISTRY 30, 7142-7153 (1991) PMID: 1854726	Dao-pin S., Sauer U., Nicholson H. & Matthews B.W.
18938	Fibroblast growth factor-1	P05230	L59P (UniProt)	Homo sapiens (Human)	2AFG	-	Sheet	0.0	6.6	40.2	0.69	-	-	yes	11266617	beta-trefoil; fibroblast growth factor; core-packing; protein engineering;	PROTEIN SCI 10 2587-2899 (2001) PMID: 11266617	Brych SR, Blaber SI, Logan TM, Blaber M
18939	Fibroblast growth factor-1	P05230	L88V (UniProt)	Homo sapiens (Human)	2AFG	-	Sheet	1.64	6.6	40.2	-1.46	-	-	yes	11266617	beta-trefoil; fibroblast growth factor; core-packing; protein engineering;	PROTEIN SCI 10 2587-2899 (2001) PMID: 11266617	Brych SR, Blaber SI, Logan TM, Blaber M
18940	Fibroblast growth factor-1	P05230	V124L (UniProt)	Homo sapiens (Human)	2AFG	-	Coil	0.65	6.6	40.2	-0.57	-	-	yes	11266617	beta-trefoil; fibroblast growth factor; core-packing; protein engineering;	PROTEIN SCI 10 2587-2899 (2001) PMID: 11266617	Brych SR, Blaber SI, Logan TM, Blaber M
18956	Staphylococcal nuclease	P00644	L89F (UniProt)	Staphylococcus aureus	1STN	-	Coil	14.2	5.38	40	-1.2	-	-	yes	2372535	cis/trans isomerization; kinetic assays; enzymatic activities;	BIOCHEMISTRY 29, 4516-4525 (1990) PMID: 2372535	Alexandrescu AT, Hinck AP, Markley JL
18958	Staphylococcal nuclease	P00644	H128Y (UniProt)	Staphylococcus aureus	1STN	-	Helix	23.09	5.38	40	0	-	-	yes	2372535	cis/trans isomerization; kinetic assays; enzymatic activities;	BIOCHEMISTRY 29, 4516-4525 (1990) PMID: 2372535	Alexandrescu AT, Hinck AP, Markley JL
18959	Staphylococcal nuclease	P00644	I100M (UniProt)	Staphylococcus aureus	1STN	-	Helix	23.24	5.42	40	-0.2	-	-	yes	2372535	cis/trans isomerization; kinetic assays; enzymatic activities;	BIOCHEMISTRY 29, 4516-4525 (1990) PMID: 2372535	Alexandrescu AT, Hinck AP, Markley JL
18960	Staphylococcal nuclease	P00644	H206L (UniProt)	Staphylococcus aureus	1STN	-	Helix	52.23	5.2	40	0.7	-	-	yes	2372535	cis/trans isomerization; kinetic assays; enzymatic activities;	BIOCHEMISTRY 29, 4516-4525 (1990) PMID: 2372535	Alexandrescu AT, Hinck AP, Markley JL
18961	Lysozyme	P00720	A98V (PDB: A98V)	Enterobacteria phage T4 (Bacteriophage T4)	2LZM	A98V	Helix	0.0	3.0	40	-4.9	-	-	yes	1920439	hydrophobicity; helix packing; lysozyme; protein stability;	J MOL BIOL 221, 647-667 (1991) PMID: 1920439	Daopin S, Alber T, Baase WA, Wozniak JA, Matthews BW
18965	Lysozyme	P00720	T152S (PDB: T152S)	Enterobacteria phage T4 (Bacteriophage T4)	2LZM	T152S	Turn	0.0	3.0	40	-2.6	-	-	yes	1920439	hydrophobicity; helix packing; lysozyme; protein stability;	J MOL BIOL 221, 647-667 (1991) PMID: 1920439	Daopin S, Alber T, Baase WA, Wozniak JA, Matthews BW
18966	Lysozyme	P00720	V149C (PDB: V149C)	Enterobacteria phage T4 (Bacteriophage T4)	2LZM	V149C	Helix	0.0	3.0	40	-2.2	-	-	yes	1920439	hydrophobicity; helix packing; lysozyme; protein stability;	J MOL BIOL 221, 647-667 (1991) PMID: 1920439	Daopin S, Alber T, Baase WA, Wozniak JA, Matthews BW
18971	Staphylococcal nuclease	P00644	S141A (UniProt)	Staphylococcus aureus	1STN	-	Coil	89.59	7.0	40	-0.12	-	-	Unknown	12211005	deletion mutant; site-directed mutagenesis; circular dichroism; solution X-ray scattering; inhibitor-induced folding; DNA hydrolysis	PROTEINS 49, 255-265 (2002) PMID: 12211005	Hirano S, Mihara K, Yamazaki Y, Kamikubo H, Imamoto Y, Kataoka M.
18990	Ribonuclease pancreatic	P61823	V73A (PDB: V47A)	Bos taurus (Bovine)	1RTB	V47A	Sheet	0.0	5.0	40	-3.8	-	-	Yes	16542150	hydrophobic interactions; packing interactions; pressure denaturation; ribonuclease A; temperature denaturation; UV spectroscopy	BIOL CHEM 387, 285-296 (2006); doi:10.1515/BC.2006.038 PMID: 16542150	Font J, Benito A, Torrent J, Lange R, Ribo M, Vilanova M.
18991	Ribonuclease pancreatic	P61823	V80A (PDB: V54A)	Bos taurus (Bovine)	1RTB	V54A	Helix	0.0	5.0	40	-2.58	-	-	Yes	16542150	hydrophobic interactions; packing interactions; pressure denaturation; ribonuclease A; temperature denaturation; UV spectroscopy	BIOL CHEM 387, 285-296 (2006); doi:10.1515/BC.2006.038 PMID: 16542150	Font J, Benito A, Torrent J, Lange R, Ribo M, Vilanova M.
18992	Ribonuclease pancreatic	P61823	V80G (PDB: V54G)	Bos taurus (Bovine)	1RTB	V54G	Helix	0.0	5.0	40	-4.87	-	-	Yes	16542150	hydrophobic interactions; packing interactions; pressure denaturation; ribonuclease A; temperature denaturation; UV spectroscopy	BIOL CHEM 387, 285-296 (2006); doi:10.1515/BC.2006.038 PMID: 16542150	Font J, Benito A, Torrent J, Lange R, Ribo M, Vilanova M.
18993	Ribonuclease pancreatic	P61823	V83A (PDB: V57A)	Bos taurus (Bovine)	1RTB	V57A	Helix	0.0	5.0	40	-2.85	-	-	Yes	16542150	hydrophobic interactions; packing interactions; pressure denaturation; ribonuclease A; temperature denaturation; UV spectroscopy	BIOL CHEM 387, 285-296 (2006); doi:10.1515/BC.2006.038 PMID: 16542150	Font J, Benito A, Torrent J, Lange R, Ribo M, Vilanova M.
18994	Ribonuclease pancreatic	P61823	V89A (PDB: V63A)	Bos taurus (Bovine)	1RTB	V63A	Sheet	29.93	5.0	40	-2.02	-	-	Yes	16542150	hydrophobic interactions; packing interactions; pressure denaturation; ribonuclease A; temperature denaturation; UV spectroscopy	BIOL CHEM 387, 285-296 (2006); doi:10.1515/BC.2006.038 PMID: 16542150	Font J, Benito A, Torrent J, Lange R, Ribo M, Vilanova M.
18995	Ribonuclease pancreatic	P61823	V89G (PDB: V63G)	Bos taurus (Bovine)	1RTB	V63G	Sheet	29.93	5.0	40	-3.5	-	-	Yes	16542150	hydrophobic interactions; packing interactions; pressure denaturation; ribonuclease A; temperature denaturation; UV spectroscopy	BIOL CHEM 387, 285-296 (2006); doi:10.1515/BC.2006.038 PMID: 16542150	Font J, Benito A, Torrent J, Lange R, Ribo M, Vilanova M.
18996	Ribonuclease pancreatic	P61823	A90G (PDB: A64G)	Bos taurus (Bovine)	1RTB	A64G	Coil	64.43	5.0	40	-0.43	-	-	Yes	16542150	hydrophobic interactions; packing interactions; pressure denaturation; ribonuclease A; temperature denaturation; UV spectroscopy	BIOL CHEM 387, 285-296 (2006); doi:10.1515/BC.2006.038 PMID: 16542150	Font J, Benito A, Torrent J, Lange R, Ribo M, Vilanova M.
18997	Ribonuclease pancreatic	P61823	I107V (PDB: I81V)	Bos taurus (Bovine)	1RTB	I81V	Helix	0.0	5.0	40	-0.43	-	-	Yes	16542150	hydrophobic interactions; packing interactions; pressure denaturation; ribonuclease A; temperature denaturation; UV spectroscopy	BIOL CHEM 387, 285-296 (2006); doi:10.1515/BC.2006.038 PMID: 16542150	Font J, Benito A, Torrent J, Lange R, Ribo M, Vilanova M.
18998	Ribonuclease pancreatic	P61823	I107A (PDB: I81A)	Bos taurus (Bovine)	1RTB	I81A	Helix	0.0	5.0	40	-2.99	-	-	Yes	16542150	hydrophobic interactions; packing interactions; pressure denaturation; ribonuclease A; temperature denaturation; UV spectroscopy	BIOL CHEM 387, 285-296 (2006); doi:10.1515/BC.2006.038 PMID: 16542150	Font J, Benito A, Torrent J, Lange R, Ribo M, Vilanova M.
18999	Ribonuclease pancreatic	P61823	I107G (PDB: I81G)	Bos taurus (Bovine)	1RTB	I81G	Helix	0.0	5.0	40	-4.8	-	-	Yes	16542150	hydrophobic interactions; packing interactions; pressure denaturation; ribonuclease A; temperature denaturation; UV spectroscopy	BIOL CHEM 387, 285-296 (2006); doi:10.1515/BC.2006.038 PMID: 16542150	Font J, Benito A, Torrent J, Lange R, Ribo M, Vilanova M.
19000	Ribonuclease pancreatic	P61823	I132V (PDB: I106V)	Bos taurus (Bovine)	1RTB	I106V	Helix	0.0	5.0	40	-0.8	-	-	Yes	16542150	hydrophobic interactions; packing interactions; pressure denaturation; ribonuclease A; temperature denaturation; UV spectroscopy	BIOL CHEM 387, 285-296 (2006); doi:10.1515/BC.2006.038 PMID: 16542150	Font J, Benito A, Torrent J, Lange R, Ribo M, Vilanova M.
19001	Ribonuclease pancreatic	P61823	I132A (PDB: I106A)	Bos taurus (Bovine)	1RTB	I106A	Helix	0.0	5.0	40	-4.37	-	-	Yes	16542150	hydrophobic interactions; packing interactions; pressure denaturation; ribonuclease A; temperature denaturation; UV spectroscopy	BIOL CHEM 387, 285-296 (2006); doi:10.1515/BC.2006.038 PMID: 16542150	Font J, Benito A, Torrent J, Lange R, Ribo M, Vilanova M.
19002	Ribonuclease pancreatic	P61823	I107V (PDB: I107V)	Bos taurus (Bovine)	1RTB	I107V	Helix	4.32	5.0	40	-0.08	-	-	Yes	16542150	hydrophobic interactions; packing interactions; pressure denaturation; ribonuclease A; temperature denaturation; UV spectroscopy	BIOL CHEM 387, 285-296 (2006); doi:10.1515/BC.2006.038 PMID: 16542150	Font J, Benito A, Torrent J, Lange R, Ribo M, Vilanova M.
19003	Ribonuclease pancreatic	P61823	I107A (PDB: I107A)	Bos taurus (Bovine)	1RTB	I107A	Helix	4.32	5.0	40	-2.84	-	-	Yes	16542150	hydrophobic interactions; packing interactions; pressure denaturation; ribonuclease A; temperature denaturation; UV spectroscopy	BIOL CHEM 387, 285-296 (2006); doi:10.1515/BC.2006.038 PMID: 16542150	Font J, Benito A, Torrent J, Lange R, Ribo M, Vilanova M.
19004	Ribonuclease pancreatic	P61823	V134A (PDB: V108A)	Bos taurus (Bovine)	1RTB	V108A	Sheet	0.0	5.0	40	-4.2	-	-	Yes	16542150	hydrophobic interactions; packing interactions; pressure denaturation; ribonuclease A; temperature denaturation; UV spectroscopy	BIOL CHEM 387, 285-296 (2006); doi:10.1515/BC.2006.038 PMID: 16542150	Font J, Benito A, Torrent J, Lange R, Ribo M, Vilanova M.
19005	Ribonuclease pancreatic	P61823	A135G (PDB: A109G)	Bos taurus (Bovine)	1RTB	A109G	Sheet	4.54	5.0	40	-0.43	-	-	Yes	16542150	hydrophobic interactions; packing interactions; pressure denaturation; ribonuclease A; temperature denaturation; UV spectroscopy	BIOL CHEM 387, 285-296 (2006); doi:10.1515/BC.2006.038 PMID: 16542150	Font J, Benito A, Torrent J, Lange R, Ribo M, Vilanova M.
19006	Ribonuclease pancreatic	P61823	V142A (PDB: V116A)	Bos taurus (Bovine)	1RTB	V116A	Sheet	11.06	5.0	40	-0.66	-	-	Yes	16542150	hydrophobic interactions; packing interactions; pressure denaturation; ribonuclease A; temperature denaturation; UV spectroscopy	BIOL CHEM 387, 285-296 (2006); doi:10.1515/BC.2006.038 PMID: 16542150	Font J, Benito A, Torrent J, Lange R, Ribo M, Vilanova M.
19007	Ribonuclease pancreatic	P61823	V142G (PDB: V116G)	Bos taurus (Bovine)	1RTB	V116G	Sheet	11.06	5.0	40	-1.18	-	-	Yes	16542150	hydrophobic interactions; packing interactions; pressure denaturation; ribonuclease A; temperature denaturation; UV spectroscopy	BIOL CHEM 387, 285-296 (2006); doi:10.1515/BC.2006.038 PMID: 16542150	Font J, Benito A, Torrent J, Lange R, Ribo M, Vilanova M.
19008	Ribonuclease pancreatic	P61823	V144A (PDB: V118A)	Bos taurus (Bovine)	1RTB	V118A	Sheet	19.52	5.0	40	-1.92	-	-	Yes	16542150	hydrophobic interactions; packing interactions; pressure denaturation; ribonuclease A; temperature denaturation; UV spectroscopy	BIOL CHEM 387, 285-296 (2006); doi:10.1515/BC.2006.038 PMID: 16542150	Font J, Benito A, Torrent J, Lange R, Ribo M, Vilanova M.
19009	Ribonuclease pancreatic	P61823	V144G (PDB: V118G)	Bos taurus (Bovine)	1RTB	V118G	Sheet	19.52	5.0	40	-2.77	-	-	Yes	16542150	hydrophobic interactions; packing interactions; pressure denaturation; ribonuclease A; temperature denaturation; UV spectroscopy	BIOL CHEM 387, 285-296 (2006); doi:10.1515/BC.2006.038 PMID: 16542150	Font J, Benito A, Torrent J, Lange R, Ribo M, Vilanova M.
19010	Ribonuclease pancreatic	P61823	I132L (PDB: I106L)	Bos taurus (Bovine)	1RTB	I106L	Helix	0.0	5.0	40	-1.79	-	-	Yes	16542150	hydrophobic interactions; packing interactions; pressure denaturation; ribonuclease A; temperature denaturation; UV spectroscopy	BIOL CHEM 387, 285-296 (2006); doi:10.1515/BC.2006.038 PMID: 16542150	Font J, Benito A, Torrent J, Lange R, Ribo M, Vilanova M.
19011	Ribonuclease pancreatic	P61823	I107L (PDB: I107L)	Bos taurus (Bovine)	1RTB	I107L	Helix	4.32	5.0	40	-2.19	-	-	Yes	16542150	hydrophobic interactions; packing interactions; pressure denaturation; ribonuclease A; temperature denaturation; UV spectroscopy	BIOL CHEM 387, 285-296 (2006); doi:10.1515/BC.2006.038 PMID: 16542150	Font J, Benito A, Torrent J, Lange R, Ribo M, Vilanova M.
19012	Ribonuclease pancreatic	P61823	V80L (PDB: V54L)	Bos taurus (Bovine)	1RTB	V54L	Helix	0.0	5.0	40	-1.09	-	-	Yes	16542150	hydrophobic interactions; packing interactions; pressure denaturation; ribonuclease A; temperature denaturation; UV spectroscopy	BIOL CHEM 387, 285-296 (2006); doi:10.1515/BC.2006.038 PMID: 16542150	Font J, Benito A, Torrent J, Lange R, Ribo M, Vilanova M.
19013	Ribonuclease pancreatic	P61823	V80I (PDB: V54I)	Bos taurus (Bovine)	1RTB	V54I	Helix	0.0	5.0	40	-1.95	-	-	Yes	16542150	hydrophobic interactions; packing interactions; pressure denaturation; ribonuclease A; temperature denaturation; UV spectroscopy	BIOL CHEM 387, 285-296 (2006); doi:10.1515/BC.2006.038 PMID: 16542150	Font J, Benito A, Torrent J, Lange R, Ribo M, Vilanova M.
19014	Ribonuclease pancreatic	P61823	V83L (PDB: V57L)	Bos taurus (Bovine)	1RTB	V57L	Helix	0.0	5.0	40	-2.37	-	-	Yes	16542150	hydrophobic interactions; packing interactions; pressure denaturation; ribonuclease A; temperature denaturation; UV spectroscopy	BIOL CHEM 387, 285-296 (2006); doi:10.1515/BC.2006.038 PMID: 16542150	Font J, Benito A, Torrent J, Lange R, Ribo M, Vilanova M.
19015	Ribonuclease pancreatic	P61823	V83I (PDB: V57I)	Bos taurus (Bovine)	1RTB	V57I	Helix	0.0	5.0	40	-1.3	-	-	Yes	16542150	hydrophobic interactions; packing interactions; pressure denaturation; ribonuclease A; temperature denaturation; UV spectroscopy	BIOL CHEM 387, 285-296 (2006); doi:10.1515/BC.2006.038 PMID: 16542150	Font J, Benito A, Torrent J, Lange R, Ribo M, Vilanova M.
19016	Ribonuclease pancreatic	P61823	V134L (PDB: V108L)	Bos taurus (Bovine)	1RTB	V108L	Sheet	0.0	5.0	40	-0.7	-	-	Yes	16542150	hydrophobic interactions; packing interactions; pressure denaturation; ribonuclease A; temperature denaturation; UV spectroscopy	BIOL CHEM 387, 285-296 (2006); doi:10.1515/BC.2006.038 PMID: 16542150	Font J, Benito A, Torrent J, Lange R, Ribo M, Vilanova M.
19017	Ribonuclease pancreatic	P61823	V134I (PDB: V108I)	Bos taurus (Bovine)	1RTB	V108I	Sheet	0.0	5.0	40	-0.43	-	-	Yes	16542150	hydrophobic interactions; packing interactions; pressure denaturation; ribonuclease A; temperature denaturation; UV spectroscopy	BIOL CHEM 387, 285-296 (2006); doi:10.1515/BC.2006.038 PMID: 16542150	Font J, Benito A, Torrent J, Lange R, Ribo M, Vilanova M.
19023	Pin1 WW domain (Trp-Trp)	Q13526	K6A (PDB: K6A)	Homo sapiens (Human)	1PIN	K6A	Coil	79.73	7.0	40	0.15	-	-	Unknown	19565466	WW domain; Ala scanning; Gly scanning; side chain mutagenesis; protein stability; protein folding; beta-sheet	PROTEIN SCI 18, 1806-1813 (2009) PMID: 19565466	Jager M, Dendle M, Kelly JW.
19024	Pin1 WW domain (Trp-Trp)	Q13526	L7I (PDB: L7I)	Homo sapiens (Human)	1PIN	L7I	Coil	21.3	7.0	40	-0.85	-	-	Unknown	19565466	WW domain; Ala scanning; Gly scanning; side chain mutagenesis; protein stability; protein folding; beta-sheet	PROTEIN SCI 18, 1806-1813 (2009) PMID: 19565466	Jager M, Dendle M, Kelly JW.
19025	Pin1 WW domain (Trp-Trp)	Q13526	L7V (PDB: L7V)	Homo sapiens (Human)	1PIN	L7V	Coil	21.3	7.0	40	-1.26	-	-	Unknown	19565466	WW domain; Ala scanning; Gly scanning; side chain mutagenesis; protein stability; protein folding; beta-sheet	PROTEIN SCI 18, 1806-1813 (2009) PMID: 19565466	Jager M, Dendle M, Kelly JW.
19026	Pin1 WW domain (Trp-Trp)	Q13526	L7N (PDB: L7N)	Homo sapiens (Human)	1PIN	L7N	Coil	21.3	7.0	40	-0.9	-	-	Unknown	19565466	WW domain; Ala scanning; Gly scanning; side chain mutagenesis; protein stability; protein folding; beta-sheet	PROTEIN SCI 18, 1806-1813 (2009) PMID: 19565466	Jager M, Dendle M, Kelly JW.
19027	Pin1 WW domain (Trp-Trp)	Q13526	P8A (PDB: P8A)	Homo sapiens (Human)	1PIN	P8A	Turn	16.91	7.0	40	-0.97	-	-	Unknown	19565466	WW domain; Ala scanning; Gly scanning; side chain mutagenesis; protein stability; protein folding; beta-sheet	PROTEIN SCI 18, 1806-1813 (2009) PMID: 19565466	Jager M, Dendle M, Kelly JW.
19028	Pin1 WW domain (Trp-Trp)	Q13526	P8G (PDB: P8G)	Homo sapiens (Human)	1PIN	P8G	Turn	16.91	7.0	40	-0.92	-	-	Unknown	19565466	WW domain; Ala scanning; Gly scanning; side chain mutagenesis; protein stability; protein folding; beta-sheet	PROTEIN SCI 18, 1806-1813 (2009) PMID: 19565466	Jager M, Dendle M, Kelly JW.
19029	Pin1 WW domain (Trp-Trp)	Q13526	P9A (PDB: P9A)	Homo sapiens (Human)	1PIN	P9A	Turn	68.36	7.0	40	-0.19	-	-	Unknown	19565466	WW domain; Ala scanning; Gly scanning; side chain mutagenesis; protein stability; protein folding; beta-sheet	PROTEIN SCI 18, 1806-1813 (2009) PMID: 19565466	Jager M, Dendle M, Kelly JW.
19030	Pin1 WW domain (Trp-Trp)	Q13526	P9G (PDB: P9G)	Homo sapiens (Human)	1PIN	P9G	Turn	68.36	7.0	40	-0.49	-	-	Unknown	19565466	WW domain; Ala scanning; Gly scanning; side chain mutagenesis; protein stability; protein folding; beta-sheet	PROTEIN SCI 18, 1806-1813 (2009) PMID: 19565466	Jager M, Dendle M, Kelly JW.
19031	Pin1 WW domain (Trp-Trp)	Q13526	G10A (PDB: G10A)	Homo sapiens (Human)	1PIN	G10A	Helix	34.31	7.0	40	-0.85	-	-	Unknown	19565466	WW domain; Ala scanning; Gly scanning; side chain mutagenesis; protein stability; protein folding; beta-sheet	PROTEIN SCI 18, 1806-1813 (2009) PMID: 19565466	Jager M, Dendle M, Kelly JW.
19032	Pin1 WW domain (Trp-Trp)	Q13526	E12A (PDB: E12A)	Homo sapiens (Human)	1PIN	E12A	Sheet	47.51	7.0	40	-0.48	-	-	Unknown	19565466	WW domain; Ala scanning; Gly scanning; side chain mutagenesis; protein stability; protein folding; beta-sheet	PROTEIN SCI 18, 1806-1813 (2009) PMID: 19565466	Jager M, Dendle M, Kelly JW.
19033	Pin1 WW domain (Trp-Trp)	Q13526	K13A (PDB: K13A)	Homo sapiens (Human)	1PIN	K13A	Sheet	61.74	7.0	40	-0.02	-	-	Unknown	19565466	WW domain; Ala scanning; Gly scanning; side chain mutagenesis; protein stability; protein folding; beta-sheet	PROTEIN SCI 18, 1806-1813 (2009) PMID: 19565466	Jager M, Dendle M, Kelly JW.
19034	Pin1 WW domain (Trp-Trp)	Q13526	M15A (PDB: M15A)	Homo sapiens (Human)	1PIN	M15A	Sheet	48.98	7.0	40	-0.59	-	-	Unknown	19565466	WW domain; Ala scanning; Gly scanning; side chain mutagenesis; protein stability; protein folding; beta-sheet	PROTEIN SCI 18, 1806-1813 (2009) PMID: 19565466	Jager M, Dendle M, Kelly JW.
19035	Pin1 WW domain (Trp-Trp)	Q13526	S16A (PDB: S16A)	Homo sapiens (Human)	1PIN	S16A	Coil	35.84	7.0	40	-0.44	-	-	Unknown	19565466	WW domain; Ala scanning; Gly scanning; side chain mutagenesis; protein stability; protein folding; beta-sheet	PROTEIN SCI 18, 1806-1813 (2009) PMID: 19565466	Jager M, Dendle M, Kelly JW.
19036	Pin1 WW domain (Trp-Trp)	Q13526	S16G (PDB: S16G)	Homo sapiens (Human)	1PIN	S16G	Coil	35.84	7.0	40	-0.92	-	-	Unknown	19565466	WW domain; Ala scanning; Gly scanning; side chain mutagenesis; protein stability; protein folding; beta-sheet	PROTEIN SCI 18, 1806-1813 (2009) PMID: 19565466	Jager M, Dendle M, Kelly JW.
19037	Pin1 WW domain (Trp-Trp)	Q13526	R17A (PDB: R17A)	Homo sapiens (Human)	1PIN	R17A	Turn	100.44	7.0	40	0	-	-	Unknown	19565466	WW domain; Ala scanning; Gly scanning; side chain mutagenesis; protein stability; protein folding; beta-sheet	PROTEIN SCI 18, 1806-1813 (2009) PMID: 19565466	Jager M, Dendle M, Kelly JW.
19038	Pin1 WW domain (Trp-Trp)	Q13526	R17G (PDB: R17G)	Homo sapiens (Human)	1PIN	R17G	Turn	100.44	7.0	40	-0.22	-	-	Unknown	19565466	WW domain; Ala scanning; Gly scanning; side chain mutagenesis; protein stability; protein folding; beta-sheet	PROTEIN SCI 18, 1806-1813 (2009) PMID: 19565466	Jager M, Dendle M, Kelly JW.
19039	Pin1 WW domain (Trp-Trp)	Q13526	S18A (PDB: S18A)	Homo sapiens (Human)	1PIN	S18A	Coil	114.33	7.0	40	0.03	-	-	Unknown	19565466	WW domain; Ala scanning; Gly scanning; side chain mutagenesis; protein stability; protein folding; beta-sheet	PROTEIN SCI 18, 1806-1813 (2009) PMID: 19565466	Jager M, Dendle M, Kelly JW.
19040	Pin1 WW domain (Trp-Trp)	Q13526	S18G (PDB: S18G)	Homo sapiens (Human)	1PIN	S18G	Coil	114.33	7.0	40	0.02	-	-	Unknown	19565466	WW domain; Ala scanning; Gly scanning; side chain mutagenesis; protein stability; protein folding; beta-sheet	PROTEIN SCI 18, 1806-1813 (2009) PMID: 19565466	Jager M, Dendle M, Kelly JW.
19041	Pin1 WW domain (Trp-Trp)	Q13526	S19A (PDB: S19A)	Homo sapiens (Human)	1PIN	S19A	Coil	38.4	7.0	40	-0.14	-	-	Unknown	19565466	WW domain; Ala scanning; Gly scanning; side chain mutagenesis; protein stability; protein folding; beta-sheet	PROTEIN SCI 18, 1806-1813 (2009) PMID: 19565466	Jager M, Dendle M, Kelly JW.1806-13.
19042	Pin1 WW domain (Trp-Trp)	Q13526	S19G (PDB: S19G)	Homo sapiens (Human)	1PIN	S19G	Coil	38.4	7.0	40	0.01	-	-	Unknown	19565466	WW domain; Ala scanning; Gly scanning; side chain mutagenesis; protein stability; protein folding; beta-sheet	PROTEIN SCI 18, 1806-1813 (2009) PMID: 19565466	Jager M, Dendle M, Kelly JW.
19043	Pin1 WW domain (Trp-Trp)	Q13526	G20A (PDB: G20A)	Homo sapiens (Human)	1PIN	G20A	Helix	72.43	7.0	40	-0.86	-	-	Unknown	19565466	WW domain; Ala scanning; Gly scanning; side chain mutagenesis; protein stability; protein folding; beta-sheet	PROTEIN SCI 18, 1806-1813 (2009) PMID: 19565466	Jager M, Dendle M, Kelly JW.
19044	Pin1 WW domain (Trp-Trp)	Q13526	R21A (PDB: R21A)	Homo sapiens (Human)	1PIN	R21A	Coil	69.43	7.0	40	-0.65	-	-	Unknown	19565466	WW domain; Ala scanning; Gly scanning; side chain mutagenesis; protein stability; protein folding; beta-sheet	PROTEIN SCI 18, 1806-1813 (2009) PMID: 19565466	Jager M, Dendle M, Kelly JW.
19045	Pin1 WW domain (Trp-Trp)	Q13526	R21G (PDB: R21G)	Homo sapiens (Human)	1PIN	R21G	Coil	69.43	7.0	40	-0.67	-	-	Unknown	19565466	WW domain; Ala scanning; Gly scanning; side chain mutagenesis; protein stability; protein folding; beta-sheet	PROTEIN SCI 18, 1806-1813 (2009) PMID: 19565466	Jager M, Dendle M, Kelly JW.
19046	Pin1 WW domain (Trp-Trp)	Q13526	V22A (PDB: V22A)	Homo sapiens (Human)	1PIN	V22A	Sheet	43.59	7.0	40	-0.26	-	-	Unknown	19565466	WW domain; Ala scanning; Gly scanning; side chain mutagenesis; protein stability; protein folding; beta-sheet	PROTEIN SCI 18, 1806-1813 (2009) PMID: 19565466	Jager M, Dendle M, Kelly JW.
19047	Pin1 WW domain (Trp-Trp)	Q13526	Y23L (PDB: Y23L)	Homo sapiens (Human)	1PIN	Y23L	Sheet	21.99	7.0	40	-1.18	-	-	Unknown	19565466	WW domain; Ala scanning; Gly scanning; side chain mutagenesis; protein stability; protein folding; beta-sheet	PROTEIN SCI 18, 1806-1813 (2009) PMID: 19565466	Jager M, Dendle M, Kelly JW.
19048	Pin1 WW domain (Trp-Trp)	Q13526	Y23F (PDB: Y23F)	Homo sapiens (Human)	1PIN	Y23F	Sheet	21.99	7.0	40	-0.52	-	-	Unknown	19565466	WW domain; Ala scanning; Gly scanning; side chain mutagenesis; protein stability; protein folding; beta-sheet	PROTEIN SCI 18, 1806-1813 (2009) PMID: 19565466	Jager M, Dendle M, Kelly JW.
19049	Pin1 WW domain (Trp-Trp)	Q13526	Y24F (PDB: Y24F)	Homo sapiens (Human)	1PIN	Y24F	Sheet	14.97	7.0	40	-0.66	-	-	Unknown	19565466	WW domain; Ala scanning; Gly scanning; side chain mutagenesis; protein stability; protein folding; beta-sheet	PROTEIN SCI 18, 1806-1813 (2009) PMID: 19565466	Jager M, Dendle M, Kelly JW.
19050	Pin1 WW domain (Trp-Trp)	Q13526	Y24W (PDB: Y24W)	Homo sapiens (Human)	1PIN	Y24W	Sheet	14.97	7.0	40	-0.56	-	-	Unknown	19565466	WW domain; Ala scanning; Gly scanning; side chain mutagenesis; protein stability; protein folding; beta-sheet	PROTEIN SCI 18, 1806-1813 (2009) PMID: 19565466	Jager M, Dendle M, Kelly JW.
19051	Pin1 WW domain (Trp-Trp)	Q13526	F25L (PDB: F25L)	Homo sapiens (Human)	1PIN	F25L	Sheet	19.93	7.0	40	-1.37	-	-	Unknown	19565466	WW domain; Ala scanning; Gly scanning; side chain mutagenesis; protein stability; protein folding; beta-sheet	PROTEIN SCI 18, 1806-1813 (2009) PMID: 19565466	Jager M, Dendle M, Kelly JW.
19052	Pin1 WW domain (Trp-Trp)	Q13526	F25Y (PDB: F25Y)	Homo sapiens (Human)	1PIN	F25Y	Sheet	19.93	7.0	40	0.22	-	-	Unknown	19565466	WW domain; Ala scanning; Gly scanning; side chain mutagenesis; protein stability; protein folding; beta-sheet	PROTEIN SCI 18, 1806-1813 (2009) PMID: 19565466	Jager M, Dendle M, Kelly JW.
19053	Pin1 WW domain (Trp-Trp)	Q13526	H27A (PDB: H27A)	Homo sapiens (Human)	1PIN	H27A	Helix	50.03	7.0	40	-0.12	-	-	Unknown	19565466	WW domain; Ala scanning; Gly scanning; side chain mutagenesis; protein stability; protein folding; beta-sheet	PROTEIN SCI 18, 1806-1813 (2009) PMID: 19565466	Jager M, Dendle M, Kelly JW.
19054	Pin1 WW domain (Trp-Trp)	Q13526	H27G (PDB: H27G)	Homo sapiens (Human)	1PIN	H27G	Helix	50.03	7.0	40	-0.68	-	-	Unknown	19565466	WW domain; Ala scanning; Gly scanning; side chain mutagenesis; protein stability; protein folding; beta-sheet	PROTEIN SCI 18, 1806-1813 (2009) PMID: 19565466	Jager M, Dendle M, Kelly JW.
19055	Pin1 WW domain (Trp-Trp)	Q13526	I28A (PDB: I28A)	Homo sapiens (Human)	1PIN	I28A	Helix	35.68	7.0	40	-0.36	-	-	Unknown	19565466	WW domain; Ala scanning; Gly scanning; side chain mutagenesis; protein stability; protein folding; beta-sheet	PROTEIN SCI 18, 1806-1813 (2009) PMID: 19565466	Jager M, Dendle M, Kelly JW.
19056	Pin1 WW domain (Trp-Trp)	Q13526	I28G (PDB: I28G)	Homo sapiens (Human)	1PIN	I28G	Helix	35.68	7.0	40	-0.48	-	-	Unknown	19565466	WW domain; Ala scanning; Gly scanning; side chain mutagenesis; protein stability; protein folding; beta-sheet	PROTEIN SCI 18, 1806-1813 (2009) PMID: 19565466	Jager M, Dendle M, Kelly JW.
19057	Pin1 WW domain (Trp-Trp)	Q13526	T29A (PDB: T29A)	Homo sapiens (Human)	1PIN	T29A	Turn	0.72	7.0	40	-1.25	-	-	Unknown	19565466	WW domain; Ala scanning; Gly scanning; side chain mutagenesis; protein stability; protein folding; beta-sheet	PROTEIN SCI 18, 1806-1813 (2009) PMID: 19565466	Jager M, Dendle M, Kelly JW.
19058	Pin1 WW domain (Trp-Trp)	Q13526	T29S (PDB: T29S)	Homo sapiens (Human)	1PIN	T29S	Turn	0.72	7.0	40	-0.65	-	-	Unknown	19565466	WW domain; Ala scanning; Gly scanning; side chain mutagenesis; protein stability; protein folding; beta-sheet	PROTEIN SCI 18, 1806-1813 (2009) PMID: 19565466	Jager M, Dendle M, Kelly JW.
19059	Pin1 WW domain (Trp-Trp)	Q13526	T29D (PDB: T29D)	Homo sapiens (Human)	1PIN	T29D	Turn	0.72	7.0	40	-1.33	-	-	Unknown	19565466	WW domain; Ala scanning; Gly scanning; side chain mutagenesis; protein stability; protein folding; beta-sheet	PROTEIN SCI 18, 1806-1813 (2009) PMID: 19565466	Jager M, Dendle M, Kelly JW.
19060	Pin1 WW domain (Trp-Trp)	Q13526	N30A (PDB: N30A)	Homo sapiens (Human)	1PIN	N30A	Turn	34.15	7.0	40	-0.47	-	-	Unknown	19565466	WW domain; Ala scanning; Gly scanning; side chain mutagenesis; protein stability; protein folding; beta-sheet	PROTEIN SCI 18, 1806-1813 (2009) PMID: 19565466	Jager M, Dendle M, Kelly JW.
19061	Pin1 WW domain (Trp-Trp)	Q13526	N30G (PDB: N30G)	Homo sapiens (Human)	1PIN	N30G	Turn	34.15	7.0	40	0.53	-	-	Unknown	19565466	WW domain; Ala scanning; Gly scanning; side chain mutagenesis; protein stability; protein folding; beta-sheet	PROTEIN SCI 18, 1806-1813 (2009) PMID: 19565466	Jager M, Dendle M, Kelly JW.
19062	Pin1 WW domain (Trp-Trp)	Q13526	A31G (PDB: A31G)	Homo sapiens (Human)	1PIN	A31G	Coil	6.35	7.0	40	-1.49	-	-	Unknown	19565466	WW domain; Ala scanning; Gly scanning; side chain mutagenesis; protein stability; protein folding; beta-sheet	PROTEIN SCI 18, 1806-1813 (2009) PMID: 19565466	Jager M, Dendle M, Kelly JW.
19063	Pin1 WW domain (Trp-Trp)	Q13526	S32A (PDB: S32A)	Homo sapiens (Human)	1PIN	S32A	Coil	36.69	7.0	40	-0.26	-	-	Unknown	19565466	WW domain; Ala scanning; Gly scanning; side chain mutagenesis; protein stability; protein folding; beta-sheet	PROTEIN SCI 18, 1806-1813 (2009) PMID: 19565466	Jager M, Dendle M, Kelly JW.
19064	Pin1 WW domain (Trp-Trp)	Q13526	S32G (PDB: S32G)	Homo sapiens (Human)	1PIN	S32G	Coil	36.69	7.0	40	-0.81	-	-	Unknown	19565466	WW domain; Ala scanning; Gly scanning; side chain mutagenesis; protein stability; protein folding; beta-sheet	PROTEIN SCI 18, 1806-1813 (2009) PMID: 19565466	Jager M, Dendle M, Kelly JW.
19065	Pin1 WW domain (Trp-Trp)	Q13526	Q33A (PDB: Q33A)	Homo sapiens (Human)	1PIN	Q33A	Sheet	28.0	7.0	40	-0.57	-	-	Unknown	19565466	WW domain; Ala scanning; Gly scanning; side chain mutagenesis; protein stability; protein folding; beta-sheet	PROTEIN SCI 18, 1806-1813 (2009) PMID: 19565466	Jager M, Dendle M, Kelly JW.
19066	Pin1 WW domain (Trp-Trp)	Q13526	W34A (PDB: W34A)	Homo sapiens (Human)	1PIN	W34A	Coil	65.28	7.0	40	-0.4	-	-	Unknown	19565466	WW domain; Ala scanning; Gly scanning; side chain mutagenesis; protein stability; protein folding; beta-sheet	PROTEIN SCI 18, 1806-1813 (2009) PMID: 19565466	Jager M, Dendle M, Kelly JW.
19067	Pin1 WW domain (Trp-Trp)	Q13526	W34F (PDB: W34F)	Homo sapiens (Human)	1PIN	W34F	Coil	65.28	7.0	40	-0.1	-	-	Unknown	19565466	WW domain; Ala scanning; Gly scanning; side chain mutagenesis; protein stability; protein folding; beta-sheet	PROTEIN SCI 18, 1806-1813 (2009) PMID: 19565466	Jager M, Dendle M, Kelly JW.
19068	Pin1 WW domain (Trp-Trp)	Q13526	E35A (PDB: E35A)	Homo sapiens (Human)	1PIN	E35A	Sheet	72.12	7.0	40	-0.73	-	-	Unknown	19565466	WW domain; Ala scanning; Gly scanning; side chain mutagenesis; protein stability; protein folding; beta-sheet	PROTEIN SCI 18, 1806-1813 (2009) PMID: 19565466	Jager M, Dendle M, Kelly JW.
19069	Pin1 WW domain (Trp-Trp)	Q13526	R36A (PDB: R36A)	Homo sapiens (Human)	1PIN	R36A	Coil	45.85	7.0	40	-0.29	-	-	Unknown	19565466	WW domain; Ala scanning; Gly scanning; side chain mutagenesis; protein stability; protein folding; beta-sheet	PROTEIN SCI 18, 1806-1813 (2009) PMID: 19565466	Jager M, Dendle M, Kelly JW.
19070	Pin1 WW domain (Trp-Trp)	Q13526	S38A (PDB: S38A)	Homo sapiens (Human)	1PIN	S38A	Coil	26.45	7.0	40	0.05	-	-	Unknown	19565466	WW domain; Ala scanning; Gly scanning; side chain mutagenesis; protein stability; protein folding; beta-sheet	PROTEIN SCI 18, 1806-1813 (2009) PMID: 19565466	Jager M, Dendle M, Kelly JW.
19071	Pin1 WW domain (Trp-Trp)	Q13526	S38G (PDB: S38G)	Homo sapiens (Human)	1PIN	S38G	Coil	26.45	7.0	40	-0.08	-	-	Unknown	19565466	WW domain; Ala scanning; Gly scanning; side chain mutagenesis; protein stability; protein folding; beta-sheet	PROTEIN SCI 18, 1806-1813 (2009) PMID: 19565466	Jager M, Dendle M, Kelly JW.
19150	Acidic fibroblast growth factor	P05230	H36Y (UniProt)	Homo sapiens (Human)	2AFG	-	Helix	4.4	7.3	39.8	0.75	-	-	Yes	15469994	DNA synthesis; fibroblast growth factor; MAP kinase activation; protein engineering; stability	PROTEIN ENG DES SEL 17, 603-611 (2004) PMID: 15469994	Zakrzewska M, Krowarsch D, Wiedlocha A, Otlewski J
19151	Acidic fibroblast growth factor	P05230	L59F (UniProt)	Homo sapiens (Human)	2AFG	-	Sheet	0.0	7.3	39.8	0.31	-	-	Yes	15469994	DNA synthesis; fibroblast growth factor; MAP kinase activation; protein engineering; stability	PROTEIN ENG DES SEL 17, 603-611 (2004) PMID: 15469994	Zakrzewska M, Krowarsch D, Wiedlocha A, Otlewski J
19152	Acidic fibroblast growth factor	P05230	H117Y (UniProt)	Homo sapiens (Human)	2AFG	-	Helix	8.8	7.3	39.8	0.4	-	-	Yes	15469994	DNA synthesis; fibroblast growth factor; MAP kinase activation; protein engineering; stability	PROTEIN ENG DES SEL 17, 603-611 (2004) PMID: 15469994	Zakrzewska M, Krowarsch D, Wiedlocha A, Otlewski J
19153	Acidic fibroblast growth factor	P05230	F123Y (UniProt)	Homo sapiens (Human)	2AFG	-	Sheet	4.48	7.3	39.8	0.33	-	-	Yes	15469994	DNA synthesis; fibroblast growth factor; MAP kinase activation; protein engineering; stability	PROTEIN ENG DES SEL 17, 603-611 (2004) PMID: 15469994	Zakrzewska M, Krowarsch D, Wiedlocha A, Otlewski J
19154	Acidic fibroblast growth factor	P05230	V124I (UniProt)	Homo sapiens (Human)	2AFG	-	Coil	0.65	7.3	39.8	-0.08	-	-	Yes	15469994	DNA synthesis; fibroblast growth factor; MAP kinase activation; protein engineering; stability	PROTEIN ENG DES SEL 17, 603-611 (2004) PMID: 15469994	Zakrzewska M, Krowarsch D, Wiedlocha A, Otlewski J
19167	Acidic fibroblast growth factor	P05230	C132S (UniProt)	Homo sapiens (Human)	2AFG	-	Coil	12.82	6.6	39.6	-0.26	-	-	yes	10852713	thermal stability; specific activity; sulfhydryl chemistry;	BIOCHEMISTRY 39, 7153-7158 (2000) PMID: 10852713	Culajay JF, Blaber SI, Khurana A, Blaber M
19168	Acidic fibroblast growth factor	P05230	H108G (PDB: H93G)	Homo sapiens (Human)	2AFG	H93G	Helix	85.21	6.6	39.6	1.6	-	-	yes	10852713	thermal stability; specific activity; sulfhydryl chemistry;	BIOCHEMISTRY 39, 7153-7158 (2000) PMID: 10852713	Culajay JF, Blaber SI, Khurana A, Blaber M
19170	Lysozyme	P00720	S38N (PDB: S38N)	Enterobacteria phage T4 (Bacteriophage T4)	2LZM	S38N	Coil	46.08	2.0	39.5	-0.1	-	-	yes	1911773	T4 lysozyme; thermostability; alpha-helix dipole;	BIOCHEMISTRY 30, 9816-9828 (1991) PMID: 1911773	Nicholson H., Anderson D.E., Dao-pin S. & Matthews B.W.
19171	Lysozyme	P00720	D92N (PDB: D92N)	Enterobacteria phage T4 (Bacteriophage T4)	2LZM	D92N	Coil	38.86	2.0	39.5	-0.1	-	-	yes	1911773	T4 lysozyme; thermostability; alpha-helix dipole;	BIOCHEMISTRY 30, 9816-9828 (1991) PMID: 1911773	Nicholson H., Anderson D.E., Dao-pin S. & Matthews B.W.
19172	Lysozyme	P00720	T109D (PDB: T109D)	Enterobacteria phage T4 (Bacteriophage T4)	2LZM	T109D	Turn	84.35	2.0	39.5	-0.3	-	-	yes	1911773	T4 lysozyme; thermostability; alpha-helix dipole;	BIOCHEMISTRY 30, 9816-9828 (1991) PMID: 1911773	Nicholson H., Anderson D.E., Dao-pin S. & Matthews B.W.
19173	Lysozyme	P00720	T109N (PDB: T109N)	Enterobacteria phage T4 (Bacteriophage T4)	2LZM	T109N	Turn	84.35	2.0	39.5	0	-	-	yes	1911773	T4 lysozyme; thermostability; alpha-helix dipole;	BIOCHEMISTRY 30, 9816-9828 (1991) PMID: 1911773	Nicholson H., Anderson D.E., Dao-pin S. & Matthews B.W.
19174	Lysozyme	P00720	N144H (PDB: N144H)	Enterobacteria phage T4 (Bacteriophage T4)	2LZM	N144H	Helix	75.14	2.0	39.5	-0.6	-	-	yes	1911773	T4 lysozyme; thermostability; alpha-helix dipole;	BIOCHEMISTRY 30, 9816-9828 (1991) PMID: 1911773	Nicholson H., Anderson D.E., Dao-pin S. & Matthews B.W.
19175	Trypsin inhibitor	P00974	R36A (PDB: R1A)	Bos taurus (Bovine)	1BPI	R1A	Coil	67.69	7.0	39	-0.5	-	-	Unknown	7540212	BPTI; protein folding; protein stability	J MOL BIOL 249, 388-397 (1995) PMID: 7540212	Yu MH, Weissman JS, Kim PS
19176	Trypsin inhibitor	P00974	P37A (PDB: P2A)	Bos taurus (Bovine)	1BPI	P2A	Helix	42.28	7.0	39	-1.3	-	-	Unknown	7540212	BPTI; protein folding; protein stability	J MOL BIOL 249, 388-397 (1995) PMID: 7540212	Yu MH, Weissman JS, Kim PS
19177	Trypsin inhibitor	P00974	D38A (PDB: D3A)	Bos taurus (Bovine)	1BPI	D3A	Helix	88.83	7.0	39	0.2	-	-	Unknown	7540212	BPTI; protein folding; protein stability	J MOL BIOL 249, 388-397 (1995) PMID: 7540212	Yu MH, Weissman JS, Kim PS
19178	Trypsin inhibitor	P00974	F39A (PDB: F4A)	Bos taurus (Bovine)	1BPI	F4A	Helix	8.47	7.0	39	-3	-	-	Unknown	7540212	BPTI; protein folding; protein stability	J MOL BIOL 249, 388-397 (1995) PMID: 7540212	Yu MH, Weissman JS, Kim PS
19179	Trypsin inhibitor	P00974	L6A (PDB: L6A)	Bos taurus (Bovine)	1BPI	L6A	Helix	59.53	7.0	39	-0.6	-	-	Unknown	7540212	BPTI; protein folding; protein stability	J MOL BIOL 249, 388-397 (1995) PMID: 7540212	Yu MH, Weissman JS, Kim PS
19180	Trypsin inhibitor	P00974	E42A (PDB: E7A)	Bos taurus (Bovine)	1BPI	E7A	Sheet	31.48	7.0	39	-1.5	-	-	Unknown	7540212	BPTI; protein folding; protein stability	J MOL BIOL 249, 388-397 (1995) PMID: 7540212	Yu MH, Weissman JS, Kim PS
19181	Trypsin inhibitor	P00974	P43A (PDB: P8A)	Bos taurus (Bovine)	1BPI	P8A	Coil	71.18	7.0	39	-0.3	-	-	Unknown	7540212	BPTI; protein folding; protein stability	J MOL BIOL 249, 388-397 (1995) PMID: 7540212	Yu MH, Weissman JS, Kim PS
19182	Trypsin inhibitor	P00974	P44A (PDB: P9A)	Bos taurus (Bovine)	1BPI	P9A	Coil	33.12	7.0	39	-0.8	-	-	Unknown	7540212	BPTI; protein folding; protein stability	J MOL BIOL 249, 388-397 (1995) PMID: 7540212	Yu MH, Weissman JS, Kim PS
19183	Trypsin inhibitor	P00974	Y45A (PDB: Y10A)	Bos taurus (Bovine)	1BPI	Y10A	Coil	41.65	7.0	39	-1.2	-	-	Unknown	7540212	BPTI; protein folding; protein stability	J MOL BIOL 249, 388-397 (1995) PMID: 7540212	Yu MH, Weissman JS, Kim PS
19184	Trypsin inhibitor	P00974	T46A (PDB: T11A)	Bos taurus (Bovine)	1BPI	T11A	Turn	49.03	7.0	39	0	-	-	Unknown	7540212	BPTI; protein folding; protein stability	J MOL BIOL 249, 388-397 (1995) PMID: 7540212	Yu MH, Weissman JS, Kim PS
19185	Trypsin inhibitor	P00974	G47A (PDB: G12A)	Bos taurus (Bovine)	1BPI	G12A	Helix	22.87	7.0	39	-1.8	-	-	Unknown	7540212	BPTI; protein folding; protein stability	J MOL BIOL 249, 388-397 (1995) PMID: 7540212	Yu MH, Weissman JS, Kim PS
19186	Trypsin inhibitor	P00974	P48A (PDB: P13A)	Bos taurus (Bovine)	1BPI	P13A	Coil	45.81	7.0	39	-1.2	-	-	Unknown	7540212	BPTI; protein folding; protein stability	J MOL BIOL 249, 388-397 (1995) PMID: 7540212	Yu MH, Weissman JS, Kim PS
19187	Trypsin inhibitor	P00974	K50A (PDB: K15A)	Bos taurus (Bovine)	1BPI	K15A	Coil	90.42	7.0	39	-0.4	-	-	Unknown	7540212	BPTI; protein folding; protein stability	J MOL BIOL 249, 388-397 (1995) PMID: 7540212	Yu MH, Weissman JS, Kim PS
19188	Trypsin inhibitor	P00974	R52A (PDB: R17A)	Bos taurus (Bovine)	1BPI	R17A	Coil	98.69	7.0	39	-0.3	-	-	Unknown	7540212	BPTI; protein folding; protein stability	J MOL BIOL 249, 388-397 (1995) PMID: 7540212	Yu MH, Weissman JS, Kim PS
19189	Trypsin inhibitor	P00974	I53A (PDB: I18A)	Bos taurus (Bovine)	1BPI	I18A	Helix	32.43	7.0	39	-1.5	-	-	Unknown	7540212	BPTI; protein folding; protein stability	J MOL BIOL 249, 388-397 (1995) PMID: 7540212	Yu MH, Weissman JS, Kim PS
19190	Trypsin inhibitor	P00974	I54A (PDB: I19A)	Bos taurus (Bovine)	1BPI	I19A	Helix	55.68	7.0	39	-2.1	-	-	Unknown	7540212	BPTI; protein folding; protein stability	J MOL BIOL 249, 388-397 (1995) PMID: 7540212	Yu MH, Weissman JS, Kim PS
19191	Trypsin inhibitor	P00974	R55A (PDB: R20A)	Bos taurus (Bovine)	1BPI	R20A	Sheet	19.21	7.0	39	-1.8	-	-	Unknown	7540212	BPTI; protein folding; protein stability	J MOL BIOL 249, 388-397 (1995) PMID: 7540212	Yu MH, Weissman JS, Kim PS
19192	Trypsin inhibitor	P00974	F57A (PDB: F22A)	Bos taurus (Bovine)	1BPI	F22A	Sheet	12.95	7.0	39	-2	-	-	Unknown	7540212	BPTI; protein folding; protein stability	J MOL BIOL 249, 388-397 (1995) PMID: 7540212	Yu MH, Weissman JS, Kim PS
19193	Trypsin inhibitor	P00974	N59A (PDB: N24A)	Bos taurus (Bovine)	1BPI	N24A	Sheet	28.01	7.0	39	-2.2	-	-	Unknown	7540212	BPTI; protein folding; protein stability	J MOL BIOL 249, 388-397 (1995) PMID: 7540212	Yu MH, Weissman JS, Kim PS
19194	Trypsin inhibitor	P00974	K61A (PDB: K26A)	Bos taurus (Bovine)	1BPI	K26A	Coil	102.09	7.0	39	0	-	-	Unknown	7540212	BPTI; protein folding; protein stability	J MOL BIOL 249, 388-397 (1995) PMID: 7540212	Yu MH, Weissman JS, Kim PS
19195	Trypsin inhibitor	P00974	G63A (PDB: G28A)	Bos taurus (Bovine)	1BPI	G28A	Helix	48.28	7.0	39	-1	-	-	Unknown	7540212	BPTI; protein folding; protein stability	J MOL BIOL 249, 388-397 (1995) PMID: 7540212	Yu MH, Weissman JS, Kim PS
19196	Trypsin inhibitor	P00974	L64A (PDB: L29A)	Bos taurus (Bovine)	1BPI	L29A	Sheet	54.07	7.0	39	0	-	-	Unknown	7540212	BPTI; protein folding; protein stability	J MOL BIOL 249, 388-397 (1995) PMID: 7540212	Yu MH, Weissman JS, Kim PS
19197	Trypsin inhibitor	P00974	Q31A (PDB: Q31A)	Bos taurus (Bovine)	1BPI	Q31A	Sheet	39.75	7.0	39	-1	-	-	Unknown	7540212	BPTI; protein folding; protein stability	J MOL BIOL 249, 388-397 (1995) PMID: 7540212	Yu MH, Weissman JS, Kim PS
19198	Trypsin inhibitor	P00974	T67A (PDB: T32A)	Bos taurus (Bovine)	1BPI	T32A	Turn	62.73	7.0	39	-0.1	-	-	Unknown	7540212	BPTI; protein folding; protein stability	J MOL BIOL 249, 388-397 (1995) PMID: 7540212	Yu MH, Weissman JS, Kim PS
19199	Trypsin inhibitor	P00974	V69A (PDB: V34A)	Bos taurus (Bovine)	1BPI	V34A	Sheet	39.69	7.0	39	-1.2	-	-	Unknown	7540212	BPTI; protein folding; protein stability	J MOL BIOL 249, 388-397 (1995) PMID: 7540212	Yu MH, Weissman JS, Kim PS
19200	Trypsin inhibitor	P00974	Y70A (PDB: Y35A)	Bos taurus (Bovine)	1BPI	Y35A	Sheet	8.89	7.0	39	-1.1	-	-	Unknown	7540212	BPTI; protein folding; protein stability	J MOL BIOL 249, 388-397 (1995) PMID: 7540212	Yu MH, Weissman JS, Kim PS
19201	Trypsin inhibitor	P00974	G71A (PDB: G36A)	Bos taurus (Bovine)	1BPI	G36A	Helix	1.27	7.0	39	-2.1	-	-	Unknown	7540212	BPTI; protein folding; protein stability	J MOL BIOL 249, 388-397 (1995) PMID: 7540212	Yu MH, Weissman JS, Kim PS
19202	Trypsin inhibitor	P00974	G72A (PDB: G37A)	Bos taurus (Bovine)	1BPI	G37A	Helix	47.01	7.0	39	-2.3	-	-	Unknown	7540212	BPTI; protein folding; protein stability	J MOL BIOL 249, 388-397 (1995) PMID: 7540212	Yu MH, Weissman JS, Kim PS
19203	Trypsin inhibitor	P00974	R74A (PDB: R39A)	Bos taurus (Bovine)	1BPI	R39A	Coil	86.46	7.0	39	0	-	-	Unknown	7540212	BPTI; protein folding; protein stability	J MOL BIOL 249, 388-397 (1995) PMID: 7540212	Yu MH, Weissman JS, Kim PS
19204	Trypsin inhibitor	P00974	K76A (PDB: K41A)	Bos taurus (Bovine)	1BPI	K41A	Coil	50.56	7.0	39	-0.4	-	-	Unknown	7540212	BPTI; protein folding; protein stability	J MOL BIOL 249, 388-397 (1995) PMID: 7540212	Yu MH, Weissman JS, Kim PS
19205	Trypsin inhibitor	P00974	R77A (PDB: R42A)	Bos taurus (Bovine)	1BPI	R42A	Coil	72.49	7.0	39	-0.5	-	-	Unknown	7540212	BPTI; protein folding; protein stability	J MOL BIOL 249, 388-397 (1995) PMID: 7540212	Yu MH, Weissman JS, Kim PS
19206	Trypsin inhibitor	P00974	N79A (PDB: N44A)	Bos taurus (Bovine)	1BPI	N44A	Coil	14.34	7.0	39	-3.3	-	-	Unknown	7540212	BPTI; protein folding; protein stability	J MOL BIOL 249, 388-397 (1995) PMID: 7540212	Yu MH, Weissman JS, Kim PS
19207	Trypsin inhibitor	P00974	K81A (PDB: K46A)	Bos taurus (Bovine)	1BPI	K46A	Coil	80.7	7.0	39	0.1	-	-	Unknown	7540212	BPTI; protein folding; protein stability	J MOL BIOL 249, 388-397 (1995) PMID: 7540212	Yu MH, Weissman JS, Kim PS
19208	Trypsin inhibitor	P00974	S82A (PDB: S47A)	Bos taurus (Bovine)	1BPI	S47A	Coil	23.89	7.0	39	-1.6	-	-	Unknown	7540212	BPTI; protein folding; protein stability	J MOL BIOL 249, 388-397 (1995) PMID: 7540212	Yu MH, Weissman JS, Kim PS
19209	Trypsin inhibitor	P00974	E84A (PDB: E49A)	Bos taurus (Bovine)	1BPI	E49A	Sheet	71.55	7.0	39	-0.2	-	-	Unknown	7540212	BPTI; protein folding; protein stability	J MOL BIOL 249, 388-397 (1995) PMID: 7540212	Yu MH, Weissman JS, Kim PS
19210	Trypsin inhibitor	P00974	D85A (PDB: D50A)	Bos taurus (Bovine)	1BPI	D50A	Helix	41.64	7.0	39	-0.4	-	-	Unknown	7540212	BPTI; protein folding; protein stability	J MOL BIOL 249, 388-397 (1995) PMID: 7540212	Yu MH, Weissman JS, Kim PS
19211	Trypsin inhibitor	P00974	M87A (PDB: M52A)	Bos taurus (Bovine)	1BPI	M52A	Helix	59.97	7.0	39	-1.7	-	-	Unknown	7540212	BPTI; protein folding; protein stability	J MOL BIOL 249, 388-397 (1995) PMID: 7540212	Yu MH, Weissman JS, Kim PS
19212	Trypsin inhibitor	P00974	R88A (PDB: R53A)	Bos taurus (Bovine)	1BPI	R53A	Helix	75.11	7.0	39	-0.1	-	-	Unknown	7540212	BPTI; protein folding; protein stability	J MOL BIOL 249, 388-397 (1995) PMID: 7540212	Yu MH, Weissman JS, Kim PS
19213	Trypsin inhibitor	P00974	T89A (PDB: T54A)	Bos taurus (Bovine)	1BPI	T54A	Turn	38.93	7.0	39	-0.1	-	-	Unknown	7540212	BPTI; protein folding; protein stability	J MOL BIOL 249, 388-397 (1995) PMID: 7540212	Yu MH, Weissman JS, Kim PS
19214	Trypsin inhibitor	P00974	G91A (PDB: G56A)	Bos taurus (Bovine)	1BPI	G56A	Helix	22.87	7.0	39	-0.2	-	-	Unknown	7540212	BPTI; protein folding; protein stability	J MOL BIOL 249, 388-397 (1995) PMID: 7540212	Yu MH, Weissman JS, Kim PS
19215	Trypsin inhibitor	P00974	G92A (PDB: G57A)	Bos taurus (Bovine)	1BPI	G57A	Helix	49.56	7.0	39	-0.2	-	-	Unknown	7540212	BPTI; protein folding; protein stability	J MOL BIOL 249, 388-397 (1995) PMID: 7540212	Yu MH, Weissman JS, Kim PS
19221	Lysozyme	P00720	T157A (PDB: T157A)	Enterobacteria phage T4 (Bacteriophage T4)	2LZM	T157A	Turn	35.33	2.0	38.8	-1.1	-	-	yes	1993203	T4 lysozyme; thermal unfolding; threonine; free energy;	BIOCHEMISTRY 30, 1887-1891 (1991) PMID: 1993203	Connelly P, Ghosaini L, Hu CQ, Kitamura S, Tanaka A, Sturtevant JM
19222	Lysozyme	P00720	T157E (PDB: T157E)	Enterobacteria phage T4 (Bacteriophage T4)	2LZM	T157E	Turn	35.33	2.0	38.8	-1.5	-	-	yes	1993203	T4 lysozyme; thermal unfolding; threonine; free energy;	BIOCHEMISTRY 30, 1887-1891 (1991) PMID: 1993203	Connelly P, Ghosaini L, Hu CQ, Kitamura S, Tanaka A, Sturtevant JM
19223	Lysozyme	P00720	T157I (PDB: T157I)	Enterobacteria phage T4 (Bacteriophage T4)	2LZM	T157I	Turn	35.33	2.0	38.8	-2.1	-	-	yes	1993203	T4 lysozyme; thermal unfolding; threonine; free energy;	BIOCHEMISTRY 30, 1887-1891 (1991) PMID: 1993203	Connelly P, Ghosaini L, Hu CQ, Kitamura S, Tanaka A, Sturtevant JM
19224	Lysozyme	P00720	T157L (PDB: T157L)	Enterobacteria phage T4 (Bacteriophage T4)	2LZM	T157L	Turn	35.33	2.0	38.8	-1.7	-	-	yes	1993203	T4 lysozyme; thermal unfolding; threonine; free energy;	BIOCHEMISTRY 30, 1887-1891 (1991) PMID: 1993203	Connelly P, Ghosaini L, Hu CQ, Kitamura S, Tanaka A, Sturtevant JM
19225	Lysozyme	P00720	T157N (PDB: T157N)	Enterobacteria phage T4 (Bacteriophage T4)	2LZM	T157N	Turn	35.33	2.0	38.8	-1	-	-	yes	1993203	T4 lysozyme; thermal unfolding; threonine; free energy;	BIOCHEMISTRY 30, 1887-1891 (1991) PMID: 1993203	Connelly P, Ghosaini L, Hu CQ, Kitamura S, Tanaka A, Sturtevant JM
19226	Lysozyme	P00720	T157R (PDB: T157R)	Enterobacteria phage T4 (Bacteriophage T4)	2LZM	T157R	Turn	35.33	2.0	38.8	-1.1	-	-	yes	1993203	T4 lysozyme; thermal unfolding; threonine; free energy;	BIOCHEMISTRY 30, 1887-1891 (1991) PMID: 1993203	Connelly P, Ghosaini L, Hu CQ, Kitamura S, Tanaka A, Sturtevant JM
19227	Lysozyme	P00720	T157V (PDB: T157V)	Enterobacteria phage T4 (Bacteriophage T4)	2LZM	T157V	Turn	35.33	2.0	38.8	-1.7	-	-	yes	1993203	T4 lysozyme; thermal unfolding; threonine; free energy;	BIOCHEMISTRY 30, 1887-1891 (1991) PMID: 1993203	Connelly P, Ghosaini L, Hu CQ, Kitamura S, Tanaka A, Sturtevant JM
19228	Lysozyme	P00720	A82P (PDB: A82P)	Enterobacteria phage T4 (Bacteriophage T4)	2LZM	A82P	Helix	78.95	2.0	38.8	-0.07	-	-	yes	1737020	T4 lysozyme; thermal unfolding; free energy;	BIOCHEMISTRY 31, 1643-1647 (1992) PMID: 1737020	Hu CQ, Kitamura S, Tanaka A, Sturtevant JM
19229	Lysozyme	P00720	A93P (PDB: A93P)	Enterobacteria phage T4 (Bacteriophage T4)	2LZM	A93P	Helix	66.24	2.0	38.8	0.03	-	-	yes	1737020	T4 lysozyme; thermal unfolding; free energy;	BIOCHEMISTRY 31, 1643-1647 (1992) PMID: 1737020	Hu CQ, Kitamura S, Tanaka A, Sturtevant JM
19230	Lysozyme	P00720	G113A (PDB: G113A)	Enterobacteria phage T4 (Bacteriophage T4)	2LZM	G113A	Helix	68.61	2.0	38.8	0.5	-	-	yes	1737020	T4 lysozyme; thermal unfolding; free energy;	BIOCHEMISTRY 31, 1643-1647 (1992) PMID: 1737020	Hu CQ, Kitamura S, Tanaka A, Sturtevant JM
19232	Lysozyme	P00720	I3E (PDB: I3E)	Enterobacteria phage T4 (Bacteriophage T4)	2LZM	I3E	Helix	10.81	2.0	38.75	-1.77	-	-	yes	1420185	T4 lysozyme; thermal unfolding; isoleucine; free energy;	BIOCHEMISTRY 31, 10699-10702 (1992) PMID: 1420185	Ladbury J.E., Hu C.-Q. & Sturtevant J.M.
19233	Lysozyme	P00720	I3F (PDB: I3F)	Enterobacteria phage T4 (Bacteriophage T4)	2LZM	I3F	Helix	10.81	2.0	38.75	-1.49	-	-	yes	1420185	T4 lysozyme; thermal unfolding; isoleucine; free energy;	BIOCHEMISTRY 31, 10699-10702 (1992) PMID: 1420185	Ladbury J.E., Hu C.-Q. & Sturtevant J.M.
19234	Lysozyme	P00720	I3L (PDB: I3L)	Enterobacteria phage T4 (Bacteriophage T4)	2LZM	I3L	Helix	10.81	2.0	38.75	0.85	-	-	yes	1420185	T4 lysozyme; thermal unfolding; isoleucine; free energy;	BIOCHEMISTRY 31, 10699-10702 (1992) PMID: 1420185	Ladbury J.E., Hu C.-Q. & Sturtevant J.M.
19235	Lysozyme	P00720	I3P (PDB: I3P)	Enterobacteria phage T4 (Bacteriophage T4)	2LZM	I3P	Helix	10.81	2.0	38.75	-2.96	-	-	yes	1420185	T4 lysozyme; thermal unfolding; isoleucine; free energy;	BIOCHEMISTRY 31, 10699-10702 (1992) PMID: 1420185	Ladbury J.E., Hu C.-Q. & Sturtevant J.M.
19236	Lysozyme	P00720	I3T (PDB: I3T)	Enterobacteria phage T4 (Bacteriophage T4)	2LZM	I3T	Helix	10.81	2.0	38.75	-2.45	-	-	yes	1420185	T4 lysozyme; thermal unfolding; isoleucine; free energy;	BIOCHEMISTRY 31, 10699-10702 (1992) PMID: 1420185	Ladbury J.E., Hu C.-Q. & Sturtevant J.M.
19237	Ribonuclease Sa	P05798	D79N (PDB: D79N)	Kitasatospora aureofaciens (Streptomyces aureofaciens)	1RGG	D79N	Sheet	11.1	3.0	38.6	-1.2	-	-	Unknown	16288913	protein stability; buried carboxyl group; pK; hydrogen bonds; ion pair	J MOL BIOL 354, 967-978 (2005) PMID: 16288913	Trevino SR, Gokulan K, Newsom S, Thurlkill RL, Shaw KL, Mitkevich VA, Makarov AA, Sacchettini JC, Scholtz JM, Pace CN.
19238	Ribonuclease Sa	P05798	D79A (PDB: D79A)	Kitasatospora aureofaciens (Streptomyces aureofaciens)	1RGG	D79A	Sheet	11.1	3.0	38.6	-0.3	-	-	Unknown	16288913	protein stability; buried carboxyl group; pK; hydrogen bonds; ion pair	J MOL BIOL 354, 967-978 (2005) PMID: 16288913	Trevino SR, Gokulan K, Newsom S, Thurlkill RL, Shaw KL, Mitkevich VA, Makarov AA, Sacchettini JC, Scholtz JM, Pace CN.
19239	Ribonuclease Sa	P05798	D79F (PDB: D79F)	Kitasatospora aureofaciens (Streptomyces aureofaciens)	1RGG	D79F	Sheet	11.1	3.0	38.6	-0.3	-	-	Unknown	16288913	protein stability; buried carboxyl group; pK; hydrogen bonds; ion pair	J MOL BIOL 354, 967-978 (2005) PMID: 16288913	Trevino SR, Gokulan K, Newsom S, Thurlkill RL, Shaw KL, Mitkevich VA, Makarov AA, Sacchettini JC, Scholtz JM, Pace CN.
19240	Ribonuclease Sa	P05798	Q94K (PDB: Q94K)	Kitasatospora aureofaciens (Streptomyces aureofaciens)	1RGG	Q94K	Coil	39.75	3.0	38.6	0.2	-	-	Unknown	16288913	protein stability; buried carboxyl group; pK; hydrogen bonds; ion pair	J MOL BIOL 354, 967-978 (2005) PMID: 16288913	Trevino SR, Gokulan K, Newsom S, Thurlkill RL, Shaw KL, Mitkevich VA, Makarov AA, Sacchettini JC, Scholtz JM, Pace CN.
19241	Lysozyme	P00720	Q69P (PDB: Q69P)	Enterobacteria phage T4 (Bacteriophage T4)	2LZM	Q69P	Helix	54.31	2.0	38.5	-3.3	-	-	yes	1733941	T4 lysozyme; proline; alpha-helix; amino acid substitution;	J BIOL CHEM 267, 2393-2399 (1992) PMID: 1733941	Sauer U.H., Dao-pin S. & Matthews B.W.
19242	Lysozyme	P00720	D72P (PDB: D72P)	Enterobacteria phage T4 (Bacteriophage T4)	2LZM	D72P	Helix	57.6	2.0	38.5	-2.6	-	-	yes	1733941	T4 lysozyme; proline; alpha-helix; amino acid substitution;	J BIOL CHEM 267, 2393-2399 (1992) PMID: 1733941	Sauer U.H., Dao-pin S. & Matthews B.W.
19284	Cytochrome c	P00044	N58I (UniProt)	Saccharomyces cerevisiae (strain ATCC 204508 / S288c) (Baker's yeast)	1YCC	-	Helix	8.88	4.6	37	3.14	-	-	yes		side chain size; hydrophobicity; specific activity; additivity	BIOCHEMISTRY 34, 7103-7110 (1995)	Linske-O'Connell LI, Sherman F, McLendon G
19301	Adrenodoxin	P00257	H114Q (UniProt)	Bos taurus (Bovine)	1AYF	-	Helix	3.85	8.5	37	-1.66	-	-	Unknown	8880913	ferredoxin; iron-sulfur protein; mutants; protein unfolding;	PROTEIN SCI 5, 1890-1897 (1996) PMID: 8880913	Burova TV, Beckert V, Uhlmann H, Ristau O, Bernhardt R,
19302	Adrenodoxin	P00257	H114T (UniProt)	Bos taurus (Bovine)	1AYF	-	Helix	3.85	8.5	37	-1.19	-	-	Unknown	8880913	ferredoxin; iron-sulfur protein; mutants; protein unfolding;	PROTEIN SCI 5, 1890-1897 (1996) PMID: 8880913	Burova TV, Beckert V, Uhlmann H, Ristau O, Bernhardt R,
19303	Adrenodoxin	P00257	H114R (UniProt)	Bos taurus (Bovine)	1AYF	-	Helix	3.85	8.5	37	-1.16	-	-	Unknown	8880913	ferredoxin; iron-sulfur protein; mutants; protein unfolding;	PROTEIN SCI 5, 1890-1897 (1996) PMID: 8880913	Burova TV, Beckert V, Uhlmann H, Ristau O, Bernhardt R,
19304	Adrenodoxin	P00257	T112S (UniProt)	Bos taurus (Bovine)	1AYF	-	Turn	17.3	8.5	37	0.05	-	-	Unknown	8880913	ferredoxin; iron-sulfur protein; mutants; protein unfolding;	PROTEIN SCI 5, 1890-1897 (1996) PMID: 8880913	Burova TV, Beckert V, Uhlmann H, Ristau O, Bernhardt R,
19305	Adrenodoxin	P00257	T112A (UniProt)	Bos taurus (Bovine)	1AYF	-	Turn	17.3	8.5	37	-1.31	-	-	Unknown	8880913	ferredoxin; iron-sulfur protein; mutants; protein unfolding;	PROTEIN SCI 5, 1890-1897 (1996) PMID: 8880913	Burova TV, Beckert V, Uhlmann H, Ristau O, Bernhardt R,
19306	Adrenodoxin	P00257	Y140S (UniProt)	Bos taurus (Bovine)	1AYF	-	Coil	86.57	8.5	37	-0.33	-	-	Unknown	8880913	ferredoxin; iron-sulfur protein; mutants; protein unfolding;	PROTEIN SCI 5, 1890-1897 (1996) PMID: 8880913	Burova TV, Beckert V, Uhlmann H, Ristau O, Bernhardt R,
19307	Adrenodoxin	P00257	Y140L (UniProt)	Bos taurus (Bovine)	1AYF	-	Coil	86.57	8.5	37	-0.36	-	-	Unknown	8880913	ferredoxin; iron-sulfur protein; mutants; protein unfolding;	PROTEIN SCI 5, 1890-1897 (1996) PMID: 8880913	Burova TV, Beckert V, Uhlmann H, Ristau O, Bernhardt R,
19308	Adrenodoxin	P00257	Y140F (UniProt)	Bos taurus (Bovine)	1AYF	-	Coil	86.57	8.5	37	-0.01	-	-	Unknown	8880913	ferredoxin; iron-sulfur protein; mutants; protein unfolding;	PROTEIN SCI 5, 1890-1897 (1996) PMID: 8880913	Burova TV, Beckert V, Uhlmann H, Ristau O, Bernhardt R,
19309	Adrenodoxin	P00257	Y140W (UniProt)	Bos taurus (Bovine)	1AYF	-	Coil	86.57	8.5	37	-0.21	-	-	Unknown	8880913	ferredoxin; iron-sulfur protein; mutants; protein unfolding;	PROTEIN SCI 5, 1890-1897 (1996) PMID: 8880913	Burova TV, Beckert V, Uhlmann H, Ristau O, Bernhardt R,
19310	Adrenodoxin	P00257	C153S (UniProt)	Bos taurus (Bovine)	1AYF	-	Coil	51.28	8.5	37	0.96	-	-	Unknown	8880913	ferredoxin; iron-sulfur protein; mutants; protein unfolding;	PROTEIN SCI 5, 1890-1897 (1996) PMID: 8880913	Burova TV, Beckert V, Uhlmann H, Ristau O, Bernhardt R,
19311	Adrenodoxin	P00257	D134E (UniProt)	Bos taurus (Bovine)	1AYF	-	Helix	48.58	8.5	37	0.45	-	-	Unknown	8880913	ferredoxin; iron-sulfur protein; mutants; protein unfolding;	PROTEIN SCI 5, 1890-1897 (1996) PMID: 8880913	Burova TV, Beckert V, Uhlmann H, Ristau O, Bernhardt R,
19696	Phosphocarrier protein - HPr protein	P0AA04	S46D (PDB: S46D)	Escherichia coli (strain K12)	1POH	S46D	Coil	23.04	7.0	30	1.4	-	-	Unknown	8784180	Escherichia coli HPr; conformational stability; free energy;	BIOCHEMISTRY 35, 11268-11277 (1996) PMID: 8784180	Thapar R, Nicholson EM, Rajagopal P, Waygood EB, Scholtz JM, Klevit RE
19697	Phosphocarrier protein - HPr protein	P0AA04	S46N (PDB: S46N)	Escherichia coli (strain K12)	1POH	S46N	Coil	23.04	7.0	30	0.3	-	-	Unknown	8784180	Escherichia coli HPr; conformational stability; free energy;	BIOCHEMISTRY 35, 11268-11277 (1996) PMID: 8784180	Thapar R, Nicholson EM, Rajagopal P, Waygood EB, Scholtz JM, Klevit RE
19698	Phosphocarrier protein - HPr protein	P0AA04	S46A (PDB: S46A)	Escherichia coli (strain K12)	1POH	S46A	Coil	23.04	7.0	30	-1.1	-	-	Unknown	8784180	Escherichia coli HPr; conformational stability; free energy;	BIOCHEMISTRY 35, 11268-11277 (1996) PMID: 8784180	Thapar R, Nicholson EM, Rajagopal P, Waygood EB, Scholtz JM, Klevit RE
19702	Thiol:disulfide interchange protein DsbA	P0AEG4	H51Y (PDB: H32Y)	Escherichia coli (strain K12)	1A23	H32Y	Helix	31.89	7.0	30	6.8	-	-	yes	9300489	DsbA; mutagenesis; oxidoreductase; protein crystallography;	PROTEIN SCI 6, 1893-1900 (1997) PMID: 9300489	Guddat LW, Bardwell JC, Glockshuber R, Huber-Wunderlich M,
19703	Thiol:disulfide interchange protein DsbA	P0AEG4	H51L (PDB: H32L)	Escherichia coli (strain K12)	1A23	H32L	Helix	31.89	7.0	30	5.3	-	-	yes	9300489	DsbA; mutagenesis; oxidoreductase; protein crystallography;	PROTEIN SCI 6, 1893-1900 (1997) PMID: 9300489	Guddat LW, Bardwell JC, Glockshuber R, Huber-Wunderlich M,
19704	Thiol:disulfide interchange protein DsbA	P0AEG4	H51S (PDB: H32S)	Escherichia coli (strain K12)	1A23	H32S	Helix	31.89	7.0	30	5.2	-	-	yes	9300489	DsbA; mutagenesis; oxidoreductase; protein crystallography;	PROTEIN SCI 6, 1893-1900 (1997) PMID: 9300489	Guddat LW, Bardwell JC, Glockshuber R, Huber-Wunderlich M,
19706	Thiol:disulfide interchange protein DsbA	P0AEG4	H51Y (PDB: H32Y)	Escherichia coli (strain K12)	1A23	H32Y	Helix	31.89	7.0	30	0.5	-	-	yes	9300489	DsbA; mutagenesis; oxidoreductase; protein crystallography;	PROTEIN SCI 6, 1893-1900 (1997) PMID: 9300489	Guddat LW, Bardwell JC, Glockshuber R, Huber-Wunderlich M,
19707	Thiol:disulfide interchange protein DsbA	P0AEG4	H51L (PDB: H32L)	Escherichia coli (strain K12)	1A23	H32L	Helix	31.89	7.0	30	4.6	-	-	yes	9300489	DsbA; mutagenesis; oxidoreductase; protein crystallography;	PROTEIN SCI 6, 1893-1900 (1997) PMID: 9300489	Guddat LW, Bardwell JC, Glockshuber R, Huber-Wunderlich M,
19708	Thiol:disulfide interchange protein DsbA	P0AEG4	H51S (PDB: H32S)	Escherichia coli (strain K12)	1A23	H32S	Helix	31.89	7.0	30	3.6	-	-	yes	9300489	DsbA; mutagenesis; oxidoreductase; protein crystallography;	PROTEIN SCI 6, 1893-1900 (1997) PMID: 9300489	Guddat LW, Bardwell JC, Glockshuber R, Huber-Wunderlich M,
19924	Thiol:disulfide interchange protein DsbA	P0AEG4	H51Y (PDB: H32Y)	Escherichia coli (strain K12)	1A23	H32Y	Helix	31.89	7.0	30	6.8	-	-	yes	9300489	DsbA; mutagenesis; oxidoreductase; protein crystallography;	PROTEIN SCI 6, 1893-1900 (1997) PMID: 9300489	Guddat LW, Bardwell JC, Glockshuber R, Huber-Wunderlich M,
19949	Lysozyme	P00720	K60H (PDB: K60H)	Enterobacteria phage T4 (Bacteriophage T4)	2LZM	K60H	Helix	52.02	2.0	28.5	-0.8	-	-	yes	1854726	salt bridges; T4 lysozyme; electrostatic interactions;	BIOCHEMISTRY 30, 7142-7153 (1991) PMID: 1854726	Dao-pin S., Sauer U., Nicholson H. & Matthews B.W.
19950	Lysozyme	P00720	S90H (PDB: S90H)	Enterobacteria phage T4 (Bacteriophage T4)	2LZM	S90H	Coil	30.72	2.0	28.5	-1	-	-	yes	1854726	salt bridges; T4 lysozyme; electrostatic interactions;	BIOCHEMISTRY 30, 7142-7153 (1991) PMID: 1854726	Dao-pin S., Sauer U., Nicholson H. & Matthews B.W.
19951	Lysozyme	P00720	K83H (PDB: K83H)	Enterobacteria phage T4 (Bacteriophage T4)	2LZM	K83H	Helix	66.6	2.0	28.5	-0.5	-	-	yes	1854726	salt bridges; T4 lysozyme; electrostatic interactions;	BIOCHEMISTRY 30, 7142-7153 (1991) PMID: 1854726	Dao-pin S., Sauer U., Nicholson H. & Matthews B.W.
19998	Iso-1 cytochrome c	P00044	N58Q (UniProt)	Saccharomyces cerevisiae (strain ATCC 204508 / S288c) (Baker's yeast)	1YCC	-	Helix	8.88	4.6	27	-0.08	-	-	yes	7766619	molecular basis; global suppressor; cellular protein levels;	BIOCHEMISTRY 34, 7094-7102 (1995); doi:10.1021/bi00021a022	Linske-O'Connell LI, Sherman F, McLendon G
19999	Iso-1 cytochrome c	P00044	N58S (UniProt)	Saccharomyces cerevisiae (strain ATCC 204508 / S288c) (Baker's yeast)	1YCC	-	Helix	8.88	5.0	27	-1.29	-	-	yes	7766619	molecular basis; global suppressor; cellular protein levels;	BIOCHEMISTRY 34, 7094-7102 (1995); doi:10.1021/bi00021a022	Linske-O'Connell LI, Sherman F, McLendon G
20000	Iso-1 cytochrome c	P00044	N58S (UniProt)	Saccharomyces cerevisiae (strain ATCC 204508 / S288c) (Baker's yeast)	1YCC	-	Helix	8.88	4.6	27	-0.05	-	-	yes	7766619	molecular basis; global suppressor; cellular protein levels;	BIOCHEMISTRY 34, 7094-7102 (1995); doi:10.1021/bi00021a022	Linske-O'Connell LI, Sherman F, McLendon G
20001	Iso-1 cytochrome c	P00044	N58S (UniProt)	Saccharomyces cerevisiae (strain ATCC 204508 / S288c) (Baker's yeast)	1YCC	-	Helix	8.88	4.0	27	0.74	-	-	yes	7766619	molecular basis; global suppressor; cellular protein levels;	BIOCHEMISTRY 34, 7094-7102 (1995); doi:10.1021/bi00021a022	Linske-O'Connell LI, Sherman F, McLendon G
20002	Iso-1 cytochrome c	P00044	N58H (UniProt)	Saccharomyces cerevisiae (strain ATCC 204508 / S288c) (Baker's yeast)	1YCC	-	Helix	8.88	4.6	27	-1.27	-	-	yes	7766619	molecular basis; global suppressor; cellular protein levels;	BIOCHEMISTRY 34, 7094-7102 (1995); doi:10.1021/bi00021a022	Linske-O'Connell LI, Sherman F, McLendon G
20003	Iso-1 cytochrome c	P00044	N58T (UniProt)	Saccharomyces cerevisiae (strain ATCC 204508 / S288c) (Baker's yeast)	1YCC	-	Helix	8.88	5.0	27	-0.53	-	-	yes	7766619	molecular basis; global suppressor; cellular protein levels;	BIOCHEMISTRY 34, 7094-7102 (1995); doi:10.1021/bi00021a022	Linske-O'Connell LI, Sherman F, McLendon G
20004	Iso-1 cytochrome c	P00044	N58T (UniProt)	Saccharomyces cerevisiae (strain ATCC 204508 / S288c) (Baker's yeast)	1YCC	-	Helix	8.88	4.6	27	0.59	-	-	yes	7766619	molecular basis; global suppressor; cellular protein levels;	BIOCHEMISTRY 34, 7094-7102 (1995); doi:10.1021/bi00021a022	Linske-O'Connell LI, Sherman F, McLendon G
20005	Iso-1 cytochrome c	P00044	N58T (UniProt)	Saccharomyces cerevisiae (strain ATCC 204508 / S288c) (Baker's yeast)	1YCC	-	Helix	8.88	4.0	27	1.01	-	-	yes	7766619	molecular basis; global suppressor; cellular protein levels;	BIOCHEMISTRY 34, 7094-7102 (1995); doi:10.1021/bi00021a022	Linske-O'Connell LI, Sherman F, McLendon G
20006	Iso-1 cytochrome c	P00044	N58T (UniProt)	Saccharomyces cerevisiae (strain ATCC 204508 / S288c) (Baker's yeast)	1YCC	-	Helix	8.88	3.5	27	0.98	-	-	yes	7766619	molecular basis; global suppressor; cellular protein levels;	BIOCHEMISTRY 34, 7094-7102 (1995); doi:10.1021/bi00021a022	Linske-O'Connell LI, Sherman F, McLendon G
20007	Iso-1 cytochrome c	P00044	N58A (UniProt)	Saccharomyces cerevisiae (strain ATCC 204508 / S288c) (Baker's yeast)	1YCC	-	Helix	8.88	4.6	27	0.63	-	-	yes	7766619	molecular basis; global suppressor; cellular protein levels;	BIOCHEMISTRY 34, 7094-7102 (1995); doi:10.1021/bi00021a022	Linske-O'Connell LI, Sherman F, McLendon G
20008	Iso-1 cytochrome c	P00044	N58V (UniProt)	Saccharomyces cerevisiae (strain ATCC 204508 / S288c) (Baker's yeast)	1YCC	-	Helix	8.88	4.6	27	1.67	-	-	yes	7766619	molecular basis; global suppressor; cellular protein levels;	BIOCHEMISTRY 34, 7094-7102 (1995); doi:10.1021/bi00021a022	Linske-O'Connell LI, Sherman F, McLendon G
20009	Iso-1 cytochrome c	P00044	N58V (UniProt)	Saccharomyces cerevisiae (strain ATCC 204508 / S288c) (Baker's yeast)	1YCC	-	Helix	8.88	4.0	27	2.44	-	-	yes	7766619	molecular basis; global suppressor; cellular protein levels;	BIOCHEMISTRY 34, 7094-7102 (1995); doi:10.1021/bi00021a022	Linske-O'Connell LI, Sherman F, McLendon G
20010	Iso-1 cytochrome c	P00044	N58M (UniProt)	Saccharomyces cerevisiae (strain ATCC 204508 / S288c) (Baker's yeast)	1YCC	-	Helix	8.88	4.6	27	2.25	-	-	yes	7766619	molecular basis; global suppressor; cellular protein levels;	BIOCHEMISTRY 34, 7094-7102 (1995); doi:10.1021/bi00021a022	Linske-O'Connell LI, Sherman F, McLendon G
20011	Iso-1 cytochrome c	P00044	N58M (UniProt)	Saccharomyces cerevisiae (strain ATCC 204508 / S288c) (Baker's yeast)	1YCC	-	Helix	8.88	4.0	27	2.91	-	-	yes	7766619	molecular basis; global suppressor; cellular protein levels;	BIOCHEMISTRY 34, 7094-7102 (1995); doi:10.1021/bi00021a022	Linske-O'Connell LI, Sherman F, McLendon G
20012	Iso-1 cytochrome c	P00044	N58L (UniProt)	Saccharomyces cerevisiae (strain ATCC 204508 / S288c) (Baker's yeast)	1YCC	-	Helix	8.88	4.6	27	2.56	-	-	yes	7766619	molecular basis; global suppressor; cellular protein levels;	BIOCHEMISTRY 34, 7094-7102 (1995); doi:10.1021/bi00021a022	Linske-O'Connell LI, Sherman F, McLendon G
20013	Iso-1 cytochrome c	P00044	N58I (UniProt)	Saccharomyces cerevisiae (strain ATCC 204508 / S288c) (Baker's yeast)	1YCC	-	Helix	8.88	5.0	27	2.02	-	-	yes	7766619	molecular basis; global suppressor; cellular protein levels;	BIOCHEMISTRY 34, 7094-7102 (1995); doi:10.1021/bi00021a022	Linske-O'Connell LI, Sherman F, McLendon G
20014	Iso-1 cytochrome c	P00044	N58I (UniProt)	Saccharomyces cerevisiae (strain ATCC 204508 / S288c) (Baker's yeast)	1YCC	-	Helix	8.88	4.6	27	3.14	-	-	yes	7766619	molecular basis; global suppressor; cellular protein levels;	BIOCHEMISTRY 34, 7094-7102 (1995); doi:10.1021/bi00021a022	Linske-O'Connell LI, Sherman F, McLendon G
20015	Iso-1 cytochrome c	P00044	N58I (UniProt)	Saccharomyces cerevisiae (strain ATCC 204508 / S288c) (Baker's yeast)	1YCC	-	Helix	8.88	4.0	27	3.03	-	-	yes	7766619	molecular basis; global suppressor; cellular protein levels;	BIOCHEMISTRY 34, 7094-7102 (1995); doi:10.1021/bi00021a022	Linske-O'Connell LI, Sherman F, McLendon G
20016	Iso-1 cytochrome c	P00044	N58I (UniProt)	Saccharomyces cerevisiae (strain ATCC 204508 / S288c) (Baker's yeast)	1YCC	-	Helix	8.88	3.5	27	2.62	-	-	yes	7766619	molecular basis; global suppressor; cellular protein levels;	BIOCHEMISTRY 34, 7094-7102 (1995); doi:10.1021/bi00021a022	Linske-O'Connell LI, Sherman F, McLendon G
20177	Ribonuclease T1	P00651	W85Y (PDB: W59Y)	Aspergillus oryzae (strain ATCC 42149 / RIB 40) (Yellow koji mold)	1RN1	W59Y	Sheet	1.66	6.0	25	-0.93	-	-	yes	8125111	alfa-helix; active-site geometry; inhibitor conformation;	EUR J BIOCHEM 220, 527-534 (1994) PMID: 8125111	Schubert WD, Schluckebier G, Backmann J, Granzin J,
20178	Ribonuclease T1	P00651	Y50W (PDB: Y24W)	Aspergillus oryzae (strain ATCC 42149 / RIB 40) (Yellow koji mold)	1RN1	Y24W	Helix	18.25	6.0	25	1.24	-	-	yes	8125111	alfa-helix; active-site geometry; inhibitor conformation;	EUR J BIOCHEM 220, 527-534 (1994) PMID: 8125111	Schubert WD, Schluckebier G, Backmann J, Granzin J,
20180	Ribonuclease T1	P00651	Y68W (PDB: Y42W)	Aspergillus oryzae (strain ATCC 42149 / RIB 40) (Yellow koji mold)	1RN1	Y42W	Sheet	4.68	6.0	25	-0.14	-	-	yes	8125111	alfa-helix; active-site geometry; inhibitor conformation;	EUR J BIOCHEM 220, 527-534 (1994) PMID: 8125111	Schubert WD, Schluckebier G, Backmann J, Granzin J,
20182	Ribonuclease T1	P00651	Y71W (PDB: Y45W)	Aspergillus oryzae (strain ATCC 42149 / RIB 40) (Yellow koji mold)	1RN1	Y45W	Turn	58.03	6.0	25	0.74	-	-	yes	8125111	alfa-helix; active-site geometry; inhibitor conformation;	EUR J BIOCHEM 220, 527-534 (1994) PMID: 8125111	Schubert WD, Schluckebier G, Backmann J, Granzin J,
20184	Ribonuclease T1	P00651	H66T (PDB: H40T)	Aspergillus oryzae (strain ATCC 42149 / RIB 40) (Yellow koji mold)	1RN1	H40T	Helix	34.08	6.0	25	-0.26	-	-	yes	8125111	alfa-helix; active-site geometry; inhibitor conformation;	EUR J BIOCHEM 220, 527-534 (1994) PMID: 8125111	Schubert WD, Schluckebier G, Backmann J, Granzin J,
20186	Ribonuclease T1	P00651	H118A (PDB: H92A)	Aspergillus oryzae (strain ATCC 42149 / RIB 40) (Yellow koji mold)	1RN1	H92A	Helix	19.79	6.0	25	-0.62	-	-	yes	8125111	alfa-helix; active-site geometry; inhibitor conformation;	EUR J BIOCHEM 220, 527-534 (1994) PMID: 8125111	Schubert WD, Schluckebier G, Backmann J, Granzin J,
20352	Barstar	P11540	C83A (PDB: C82A)	Bacillus amyloliquefaciens (Bacillus velezensis)	1BTA	C82A	Coil	26.35	7.4	25	0.48	-	-	yes	9336842	aggregation prevention; barstar wild-type; DSC;	PROTEIN SCI 6, 2196-2202 (1997); doi:10.1002/pro.5560061014	Schoppe A, Hinz HJ, Agashe VR, Ramachandran S, Udgaonkar JB
20358	Iso-1 cytochrome c	P00044	P82L (PDB: P76L)	Saccharomyces cerevisiae (strain ATCC 204508 / S288c) (Baker's yeast)	1YCC	P76L	Coil	67.65	4.6	25	-3.44	-	-	yes	9485396	iso-1-cytochrome c; proline; glycine; melting temperature;	BIOCHEMISTRY 37, 2477-2487 (1998); doi:10.1021/bi972279a	Fetrow JS, Spitzer JS, Gilden BM, Mellender SJ, Begley TJ,
20359	Iso-1 cytochrome c	P00044	P82G (PDB: P76G)	Saccharomyces cerevisiae (strain ATCC 204508 / S288c) (Baker's yeast)	1YCC	P76G	Coil	67.65	4.6	25	-0.78	-	-	yes	9485396	iso-1-cytochrome c; proline; glycine; melting temperature;	BIOCHEMISTRY 37, 2477-2487 (1998); doi:10.1021/bi972279a	Fetrow JS, Spitzer JS, Gilden BM, Mellender SJ, Begley TJ,
20360	Iso-1 cytochrome c	P00044	P82V (PDB: P76V)	Saccharomyces cerevisiae (strain ATCC 204508 / S288c) (Baker's yeast)	1YCC	P76V	Coil	67.65	4.6	25	-1.07	-	-	yes	9485396	iso-1-cytochrome c; proline; glycine; melting temperature;	BIOCHEMISTRY 37, 2477-2487 (1998); doi:10.1021/bi972279a	Fetrow JS, Spitzer JS, Gilden BM, Mellender SJ, Begley TJ,
20361	Iso-1 cytochrome c	P00044	P82R (PDB: P76R)	Saccharomyces cerevisiae (strain ATCC 204508 / S288c) (Baker's yeast)	1YCC	P76R	Coil	67.65	4.6	25	-0.97	-	-	yes	9485396	iso-1-cytochrome c; proline; glycine; melting temperature;	BIOCHEMISTRY 37, 2477-2487 (1998); doi:10.1021/bi972279a	Fetrow JS, Spitzer JS, Gilden BM, Mellender SJ, Begley TJ,
20362	Iso-1 cytochrome c	P00044	P82S (PDB: P76S)	Saccharomyces cerevisiae (strain ATCC 204508 / S288c) (Baker's yeast)	1YCC	P76S	Coil	67.65	4.6	25	-1.89	-	-	yes	9485396	iso-1-cytochrome c; proline; glycine; melting temperature;	BIOCHEMISTRY 37, 2477-2487 (1998); doi:10.1021/bi972279a	Fetrow JS, Spitzer JS, Gilden BM, Mellender SJ, Begley TJ,
20363	Iso-1 cytochrome c	P00044	P82Y (PDB: P76Y)	Saccharomyces cerevisiae (strain ATCC 204508 / S288c) (Baker's yeast)	1YCC	P76Y	Coil	67.65	4.6	25	-2.07	-	-	yes	9485396	iso-1-cytochrome c; proline; glycine; melting temperature;	BIOCHEMISTRY 37, 2477-2487 (1998); doi:10.1021/bi972279a	Fetrow JS, Spitzer JS, Gilden BM, Mellender SJ, Begley TJ,
20364	Iso-1 cytochrome c	P00044	P82W (PDB: P76W)	Saccharomyces cerevisiae (strain ATCC 204508 / S288c) (Baker's yeast)	1YCC	P76W	Coil	67.65	4.6	25	-2.38	-	-	yes	9485396	iso-1-cytochrome c; proline; glycine; melting temperature;	BIOCHEMISTRY 37, 2477-2487 (1998); doi:10.1021/bi972279a	Fetrow JS, Spitzer JS, Gilden BM, Mellender SJ, Begley TJ,
20519	Ribose-binding protein	P02925	L62C (PDB: L62C)	Escherichia coli (strain K12)	2DRI	L62C	Coil	0.0	7.6	25	-2.7	-	-	Unknown	20194783	conformational stability, thermal stability, ligand-binding affinity, linkage analysis, thiol protection	PROC NATL ACAD SCI U S A 107, 4908-4913 (2010); doi:10.1073/pnas.0910421107	Isom DG, Vardy E, Oas TG, Hellinga HW.
20520	Ribose-binding protein	P02925	A213C (PDB: A188C)	Escherichia coli (strain K12)	2DRI	A188C	Coil	0.0	7.6	25	-1.8	-	-	Unknown	20194783	conformational stability, thermal stability, ligand-binding affinity, linkage analysis, thiol protection	PROC NATL ACAD SCI U S A 107, 4908-4913 (2010); doi:10.1073/pnas.0910421107	Isom DG, Vardy E, Oas TG, Hellinga HW.
20650	Ribonuclease Sa	P05798	Y30F (PDB: Y30F)	Kitasatospora aureofaciens (Streptomyces aureofaciens)	1RGG	Y30F	Coil	32.29	7.0	25	0.4	-	-	yes(>95 %)	11554795	protein folding; protein stability; hydrogen bonding;	J MOL BIOL 312 393-404 (2001) PMID: 11554795	Pace CN, Horn G, Hebert EJ, Bechert J, Shaw K,
20651	Ribonuclease Sa	P05798	Y49F (PDB: Y49F)	Kitasatospora aureofaciens (Streptomyces aureofaciens)	1RGG	Y49F	Coil	79.55	7.0	25	-0.2	-	-	yes(>95 %)	11554795	protein folding; protein stability; hydrogen bonding;	J MOL BIOL 312 393-404 (2001) PMID: 11554795	Pace CN, Horn G, Hebert EJ, Bechert J, Shaw K,
20652	Ribonuclease Sa	P05798	Y51F (PDB: Y51F)	Kitasatospora aureofaciens (Streptomyces aureofaciens)	1RGG	Y51F	Coil	15.44	7.0	25	-2.3	-	-	yes(>95 %)	11554795	protein folding; protein stability; hydrogen bonding;	J MOL BIOL 312 393-404 (2001) PMID: 11554795	Pace CN, Horn G, Hebert EJ, Bechert J, Shaw K,
20653	Ribonuclease Sa	P05798	Y52F (PDB: Y52F)	Kitasatospora aureofaciens (Streptomyces aureofaciens)	1RGG	Y52F	Coil	2.34	7.0	25	-3.6	-	-	yes(>95 %)	11554795	protein folding; protein stability; hydrogen bonding;	J MOL BIOL 312 393-404 (2001) PMID: 11554795	Pace CN, Horn G, Hebert EJ, Bechert J, Shaw K,
20654	Ribonuclease Sa	P05798	Y55F (PDB: Y55F)	Kitasatospora aureofaciens (Streptomyces aureofaciens)	1RGG	Y55F	Coil	9.83	7.0	25	-0.6	-	-	yes(>95 %)	11554795	protein folding; protein stability; hydrogen bonding;	J MOL BIOL 312 393-404 (2001) PMID: 11554795	Pace CN, Horn G, Hebert EJ, Bechert J, Shaw K,
20655	Ribonuclease Sa	P05798	Y80F (PDB: Y80F)	Kitasatospora aureofaciens (Streptomyces aureofaciens)	1RGG	Y80F	Coil	7.49	7.0	25	-1.5	-	-	yes(>95 %)	11554795	protein folding; protein stability; hydrogen bonding;	J MOL BIOL 312 393-404 (2001) PMID: 11554795	Pace CN, Horn G, Hebert EJ, Bechert J, Shaw K,
20656	Ribonuclease Sa	P05798	Y81F (PDB: Y81F)	Kitasatospora aureofaciens (Streptomyces aureofaciens)	1RGG	Y81F	Coil	12.17	7.0	25	-1.2	-	-	yes(>95 %)	11554795	protein folding; protein stability; hydrogen bonding;	J MOL BIOL 312 393-404 (2001) PMID: 11554795	Pace CN, Horn G, Hebert EJ, Bechert J, Shaw K,
20657	Ribonuclease Sa	P05798	Y86F (PDB: Y86F)	Kitasatospora aureofaciens (Streptomyces aureofaciens)	1RGG	Y86F	Coil	22.46	7.0	25	-0.3	-	-	yes(>95 %)	11554795	protein folding; protein stability; hydrogen bonding;	J MOL BIOL 312 393-404 (2001) PMID: 11554795	Pace CN, Horn G, Hebert EJ, Bechert J, Shaw K,
20658	Ribonuclease Sa3	P30289	Y53F (UniProt)	Kitasatospora aureofaciens (Streptomyces aureofaciens)	1MGR	-	Coil	33.69	7.0	25	-0.6	-	-	yes(>95 %)	11554795	protein folding; protein stability; hydrogen bonding;	J MOL BIOL 312 393-404 (2001) PMID: 11554795	Pace CN, Horn G, Hebert EJ, Bechert J, Shaw K,
20659	Ribonuclease Sa3	P30289	Y75F (UniProt)	Kitasatospora aureofaciens (Streptomyces aureofaciens)	1MGR	-	Coil	39.78	7.0	25	0.5	-	-	yes(>95 %)	11554795	protein folding; protein stability; hydrogen bonding;	J MOL BIOL 312 393-404 (2001) PMID: 11554795	Pace CN, Horn G, Hebert EJ, Bechert J, Shaw K,
20660	Ribonuclease Sa3	P30289	Y96F (UniProt)	Kitasatospora aureofaciens (Streptomyces aureofaciens)	1MGR	-	Coil	7.49	7.0	25	-2.6	-	-	yes(>95 %)	11554795	protein folding; protein stability; hydrogen bonding;	J MOL BIOL 312 393-404 (2001) PMID: 11554795	Pace CN, Horn G, Hebert EJ, Bechert J, Shaw K,
20661	Ribonuclease Sa3	P30289	Y97F (UniProt)	Kitasatospora aureofaciens (Streptomyces aureofaciens)	1MGR	-	Coil	2.81	7.0	25	-2.1	-	-	yes(>95 %)	11554795	protein folding; protein stability; hydrogen bonding;	J MOL BIOL 312 393-404 (2001) PMID: 11554795	Pace CN, Horn G, Hebert EJ, Bechert J, Shaw K,
20662	Ribonuclease Sa3	P30289	Y100F (UniProt)	Kitasatospora aureofaciens (Streptomyces aureofaciens)	1MGR	-	Coil	14.04	7.0	25	-0.7	-	-	yes(>95 %)	11554795	protein folding; protein stability; hydrogen bonding;	J MOL BIOL 312 393-404 (2001) PMID: 11554795	Pace CN, Horn G, Hebert EJ, Bechert J, Shaw K,
20663	Ribonuclease Sa3	P30289	Y125F (UniProt)	Kitasatospora aureofaciens (Streptomyces aureofaciens)	1MGR	-	Coil	5.62	7.0	25	-1.5	-	-	yes(>95 %)	11554795	protein folding; protein stability; hydrogen bonding;	J MOL BIOL 312 393-404 (2001) PMID: 11554795	Pace CN, Horn G, Hebert EJ, Bechert J, Shaw K,
20664	Ribonuclease Sa3	P30289	Y126F (UniProt)	Kitasatospora aureofaciens (Streptomyces aureofaciens)	1MGR	-	Coil	5.15	7.0	25	-1	-	-	yes(>95 %)	11554795	protein folding; protein stability; hydrogen bonding;	J MOL BIOL 312 393-404 (2001) PMID: 11554795	Pace CN, Horn G, Hebert EJ, Bechert J, Shaw K,
20665	Ribonuclease Sa3	P30289	Y131F (UniProt)	Kitasatospora aureofaciens (Streptomyces aureofaciens)	1MGR	-	Coil	11.23	7.0	25	0	-	-	yes(>95 %)	11554795	protein folding; protein stability; hydrogen bonding;	J MOL BIOL 312 393-404 (2001) PMID: 11554795	Pace CN, Horn G, Hebert EJ, Bechert J, Shaw K,
20707	Alpha-lactalbumin	P00712	T48V (PDB: T29V)	Capra hircus (Goat)	1HFY	T29V	Turn	0.0	7.0	25	1.86	-	-	Unknown	11536356	protein stability; X-ray crystallography; free energy calculation;	PROTEINS 45 16-29 (2001) PMID: 11536356	Horii K, Saito M, Yoda T, Tsumoto K, Matsushima M, Kuwajima K, Kumagai I
20708	Alpha-lactalbumin	P00712	T48I (PDB: T29I)	Capra hircus (Goat)	1HFY	T29I	Turn	0.0	7.0	25	1.37	-	-	Unknown	11536356	protein stability; X-ray crystallography; free energy calculation;	PROTEINS 45 16-29 (2001) PMID: 11536356	Horii K, Saito M, Yoda T, Tsumoto K, Matsushima M, Kuwajima K, Kumagai I
20720	Ribonuclease T1	P00651	V42A (PDB: V16A)	Aspergillus oryzae (strain ATCC 42149 / RIB 40) (Yellow koji mold)	1RN1	V16A	Coil	1.95	7.0	25	-2.19	-	-	yes(0.98)	11513591	cavity; hydrophobic core; sulfhydryl group; hydroxyl; methyl groups	BIOCHEMISTRY 40 10140-10149 (2001) PMID: 11513591	De Vos S, Backmann J, Prevost M, Steyaert J, Loris R
20721	Ribonuclease T1	P00651	V42S (PDB: V16S)	Aspergillus oryzae (strain ATCC 42149 / RIB 40) (Yellow koji mold)	1RN1	V16S	Coil	1.95	7.0	25	-4.71	-	-	yes(1.03)	11513591	cavity; hydrophobic core; sulfhydryl group; hydroxyl; methyl groups	BIOCHEMISTRY 40 10140-10149 (2001) PMID: 11513591	De Vos S, Backmann J, Prevost M, Steyaert J, Loris R
20722	Ribonuclease T1	P00651	V42T (PDB: V16T)	Aspergillus oryzae (strain ATCC 42149 / RIB 40) (Yellow koji mold)	1RN1	V16T	Coil	1.95	7.0	25	-4.1	-	-	yes(1.04)	11513591	cavity; hydrophobic core; sulfhydryl group; hydroxyl; methyl groups	BIOCHEMISTRY 40 10140-10149 (2001) PMID: 11513591	De Vos S, Backmann J, Prevost M, Steyaert J, Loris R
20723	Ribonuclease T1	P00651	V42C (PDB: V16C)	Aspergillus oryzae (strain ATCC 42149 / RIB 40) (Yellow koji mold)	1RN1	V16C	Coil	1.95	7.0	25	-4.68	-	-	yes(0.18)	11513591	cavity; hydrophobic core; sulfhydryl group; hydroxyl; methyl groups	BIOCHEMISTRY 40 10140-10149 (2001) PMID: 11513591	De Vos S, Backmann J, Prevost M, Steyaert J, Loris R
20724	Ribonuclease T1	P00651	V78T (PDB: V78T)	Aspergillus oryzae (strain ATCC 42149 / RIB 40) (Yellow koji mold)	1RN1	V78T	Coil	0.0	7.0	25	-3.1	-	-	yes(0.98)	11513591	cavity; hydrophobic core; sulfhydryl group; hydroxyl; methyl groups	BIOCHEMISTRY 40 10140-10149 (2001) PMID: 11513591	De Vos S, Backmann J, Prevost M, Steyaert J, Loris R
20745	Trypsin inhibitor (BPTI)	P00974	Y70G (PDB: Y35G)	Bos taurus (Bovine)	1BPI	Y35G	Sheet	8.89	2.0	25	-5	-	-	Unknown	7690587	protein folding; BPTI; calorimetry; hydrogen exchange kinetics;	BIOCHEMISTRY 32, 9600-9608 (1993) PMID: 7690587	Kim K.-S., Fuchs J.A. & Woodward C.K.
20746	Trypsin inhibitor (BPTI)	P00974	G72A (PDB: G37A)	Bos taurus (Bovine)	1BPI	G37A	Helix	47.01	2.0	25	-4.9	-	-	Unknown	7690587	protein folding; BPTI; calorimetry; hydrogen exchange kinetics;	BIOCHEMISTRY 32, 9600-9608 (1993) PMID: 7690587	Kim K.-S., Fuchs J.A. & Woodward C.K.
20747	Trypsin inhibitor (BPTI)	P00974	N78G (PDB: N43G)	Bos taurus (Bovine)	1BPI	N43G	Coil	1.37	2.0	25	-5.7	-	-	Unknown	7690587	protein folding; BPTI; calorimetry; hydrogen exchange kinetics;	BIOCHEMISTRY 32, 9600-9608 (1993) PMID: 7690587	Kim K.-S., Fuchs J.A. & Woodward C.K.
20748	Trypsin inhibitor (BPTI)	P00974	N79G (PDB: N44G)	Bos taurus (Bovine)	1BPI	N44G	Coil	14.34	2.0	25	-4.7	-	-	Unknown	7690587	protein folding; BPTI; calorimetry; hydrogen exchange kinetics;	BIOCHEMISTRY 32, 9600-9608 (1993) PMID: 7690587	Kim K.-S., Fuchs J.A. & Woodward C.K.
20750	Ribonuclease	P00648	S138A (UniProt)	Bacillus amyloliquefaciens (Bacillus velezensis)	1BNI	-	Coil	1.71	4.4	25	-1.38	-	-	yes (>95%)	7831279	calorimetry; protein folding; urea	PROTEIN ENG 7, 1089-1095 (1994) PMID: 7831279	Matouschek A, Matthews JM, Johnson CM, Fersht AR
20751	Ribonuclease	P00648	S138A (UniProt)	Bacillus amyloliquefaciens (Bacillus velezensis)	1BNI	-	Coil	1.71	4.4	25	-1.16	-	-	yes (>95%)	7831279	calorimetry; protein folding; urea	PROTEIN ENG 7, 1089-1095 (1994) PMID: 7831279	Matouschek A, Matthews JM, Johnson CM, Fersht AR
20752	Ribonuclease	P00648	I135V (UniProt)	Bacillus amyloliquefaciens (Bacillus velezensis)	1BNI	-	Helix	0.0	4.4	25	-1.47	-	-	yes (>95%)	7831279	calorimetry; protein folding; urea	PROTEIN ENG 7, 1089-1095 (1994) PMID: 7831279	Matouschek A, Matthews JM, Johnson CM, Fersht AR
20753	Ribonuclease	P00648	I143V (UniProt)	Bacillus amyloliquefaciens (Bacillus velezensis)	1BNI	-	Helix	0.0	4.4	25	-1.18	-	-	yes (>95%)	7831279	calorimetry; protein folding; urea	PROTEIN ENG 7, 1089-1095 (1994) PMID: 7831279	Matouschek A, Matthews JM, Johnson CM, Fersht AR
20754	Ribonuclease	P00648	I143V (UniProt)	Bacillus amyloliquefaciens (Bacillus velezensis)	1BNI	-	Helix	0.0	4.4	25	-1.17	-	-	yes (>95%)	7831279	calorimetry; protein folding; urea	PROTEIN ENG 7, 1089-1095 (1994) PMID: 7831279	Matouschek A, Matthews JM, Johnson CM, Fersht AR
20755	Ribonuclease	P00648	I51V (UniProt)	Bacillus amyloliquefaciens (Bacillus velezensis)	1BNI	-	Helix	1.08	4.4	25	-1.86	-	-	yes (>95%)	7831279	calorimetry; protein folding; urea	PROTEIN ENG 7, 1089-1095 (1994) PMID: 7831279	Matouschek A, Matthews JM, Johnson CM, Fersht AR
20757	Ribonuclease	P00648	T63R (UniProt)	Bacillus amyloliquefaciens (Bacillus velezensis)	1BNI	-	Turn	69.94	4.4	25	0.2	-	-	yes (>95%)	7831279	calorimetry; protein folding; urea	PROTEIN ENG 7, 1089-1095 (1994) PMID: 7831279	Matouschek A, Matthews JM, Johnson CM, Fersht AR
20758	Ribonuclease	P00648	T73G (UniProt)	Bacillus amyloliquefaciens (Bacillus velezensis)	1BNI	-	Turn	22.35	4.4	25	-2.08	-	-	yes (>95%)	7831279	calorimetry; protein folding; urea	PROTEIN ENG 7, 1089-1095 (1994) PMID: 7831279	Matouschek A, Matthews JM, Johnson CM, Fersht AR
20759	Ribonuclease	P00648	S139A (UniProt)	Bacillus amyloliquefaciens (Bacillus velezensis)	1BNI	-	Coil	45.22	4.4	25	-2.83	-	-	yes (>95%)	7831279	calorimetry; protein folding; urea	PROTEIN ENG 7, 1089-1095 (1994) PMID: 7831279	Matouschek A, Matthews JM, Johnson CM, Fersht AR
20760	Ribonuclease	P00648	R130Q (UniProt)	Bacillus amyloliquefaciens (Bacillus velezensis)	1BNI	-	Coil	26.64	4.4	25	-1.58	-	-	yes (>95%)	7831279	calorimetry; protein folding; urea	PROTEIN ENG 7, 1089-1095 (1994) PMID: 7831279	Matouschek A, Matthews JM, Johnson CM, Fersht AR
20761	Ribonuclease	P00648	R116M (UniProt)	Bacillus amyloliquefaciens (Bacillus velezensis)	1BNI	-	Coil	18.34	4.4	25	-2.86	-	-	yes (>95%)	7831279	calorimetry; protein folding; urea	PROTEIN ENG 7, 1089-1095 (1994) PMID: 7831279	Matouschek A, Matthews JM, Johnson CM, Fersht AR
20762	Ribonuclease	P00648	D101N (UniProt)	Bacillus amyloliquefaciens (Bacillus velezensis)	1BNI	-	Sheet	27.76	4.4	25	-2.46	-	-	yes (>95%)	7831279	calorimetry; protein folding; urea	PROTEIN ENG 7, 1089-1095 (1994) PMID: 7831279	Matouschek A, Matthews JM, Johnson CM, Fersht AR
20763	Ribonuclease	P00648	D101N (UniProt)	Bacillus amyloliquefaciens (Bacillus velezensis)	1BNI	-	Sheet	27.76	4.4	25	-2.66	-	-	yes (>95%)	7831279	calorimetry; protein folding; urea	PROTEIN ENG 7, 1089-1095 (1994) PMID: 7831279	Matouschek A, Matthews JM, Johnson CM, Fersht AR
20764	Ribonuclease	P00648	D69M (UniProt)	Bacillus amyloliquefaciens (Bacillus velezensis)	1BNI	-	Coil	97.85	4.4	25	-0.27	-	-	yes (>95%)	7831279	calorimetry; protein folding; urea	PROTEIN ENG 7, 1089-1095 (1994) PMID: 7831279	Matouschek A, Matthews JM, Johnson CM, Fersht AR
20765	Ribonuclease	P00648	D59G (UniProt)	Bacillus amyloliquefaciens (Bacillus velezensis)	1BNI	-	Helix	54.13	4.4	25	-0.78	-	-	yes (>95%)	7831279	calorimetry; protein folding; urea	PROTEIN ENG 7, 1089-1095 (1994) PMID: 7831279	Matouschek A, Matthews JM, Johnson CM, Fersht AR
20766	Ribonuclease	P00648	D55A (UniProt)	Bacillus amyloliquefaciens (Bacillus velezensis)	1BNI	-	Helix	66.62	4.4	25	-0.69	-	-	yes (>95%)	7831279	calorimetry; protein folding; urea	PROTEIN ENG 7, 1089-1095 (1994) PMID: 7831279	Matouschek A, Matthews JM, Johnson CM, Fersht AR
20778	Iso-1 cytochrome c	P00044	N58I (UniProt)	Saccharomyces cerevisiae (strain ATCC 204508 / S288c) (Baker's yeast)	1YCC	-	Helix	8.88	6.0	25	4.2	-	-	yes	2536164	protein structure; Saccharomyces cerevisiae; cytochrome c;	PROC NATL ACAD SCI U S A 86, 496-499 (1989) PMID: 2536164	Das G., Hickey D.R., McLendon D., McLendon G. & Sherman F.
20796	Regulatory protein rop (RNA one modulator) (ROM)	P03051	L41V (PDB: L41V)	Escherichia coli	1ROP	L41V	Helix	45.33	6.0	25	-2.53	-	-	yes	8539253	protein stability; 4-alpha-helix bundle; ROP protein;	PROTEINS 23, 83-96 (1995) PMID: 8539253	Steif C, Hinz HJ, Cesareni G
20797	Regulatory protein rop (RNA one modulator) (ROM)	P03051	L41A (PDB: L41A)	Escherichia coli	1ROP	L41A	Helix	45.33	6.0	25	-6.12	-	-	yes	8539253	protein stability; 4-alpha-helix bundle; ROP protein;	PROTEINS 23, 83-96 (1995) PMID: 8539253	Steif C, Hinz HJ, Cesareni G
21016	Chymotrypsin inhibitor	P01053	L28A (UniProt)	Hordeum vulgare (Barley)	2CI2	-	Turn	0.55	3.0	25	-2.66	-	-	yes	8218191	chymotrypsin inhibitor 2; cavity-creating mutations;	BIOCHEMISTRY 32, 11259-11269 (1993) PMID: 8218191	Jackson S.E., Moracci M., ElMasry N., Johnson C.M. & Fersht A.R.
21017	Chymotrypsin inhibitor	P01053	V39A (UniProt)	Hordeum vulgare (Barley)	2CI2	-	Helix	31.88	3.0	25	-0.46	-	-	yes	8218191	chymotrypsin inhibitor 2; cavity-creating mutations;	BIOCHEMISTRY 32, 11259-11269 (1993) PMID: 8218191	Jackson S.E., Moracci M., ElMasry N., Johnson C.M. & Fersht A.R.
21018	Chymotrypsin inhibitor	P01053	I40V (UniProt)	Hordeum vulgare (Barley)	2CI2	-	Helix	0.0	3.0	25	-1.2	-	-	yes	8218191	chymotrypsin inhibitor 2; cavity-creating mutations;	BIOCHEMISTRY 32, 11259-11269 (1993) PMID: 8218191	Jackson S.E., Moracci M., ElMasry N., Johnson C.M. & Fersht A.R.
21019	Chymotrypsin inhibitor	P01053	I40V (UniProt)	Hordeum vulgare (Barley)	2CI2	-	Helix	0.0	3.5	25	-1.16	-	-	yes	8218191	chymotrypsin inhibitor 2; cavity-creating mutations;	BIOCHEMISTRY 32, 11259-11269 (1993) PMID: 8218191	Jackson S.E., Moracci M., ElMasry N., Johnson C.M. & Fersht A.R.
21020	Chymotrypsin inhibitor	P01053	I49V (UniProt)	Hordeum vulgare (Barley)	2CI2	-	Helix	21.08	3.5	25	-0.92	-	-	yes	8218191	chymotrypsin inhibitor 2; cavity-creating mutations;	BIOCHEMISTRY 32, 11259-11269 (1993) PMID: 8218191	Jackson S.E., Moracci M., ElMasry N., Johnson C.M. & Fersht A.R.
21021	Chymotrypsin inhibitor	P01053	I49A (UniProt)	Hordeum vulgare (Barley)	2CI2	-	Helix	21.08	3.5	25	-3.89	-	-	yes	8218191	chymotrypsin inhibitor 2; cavity-creating mutations;	BIOCHEMISTRY 32, 11259-11269 (1993) PMID: 8218191	Jackson S.E., Moracci M., ElMasry N., Johnson C.M. & Fersht A.R.
21022	Chymotrypsin inhibitor	P01053	V67A (UniProt)	Hordeum vulgare (Barley)	2CI2	-	Sheet	0.0	3.5	25	-4.91	-	-	yes	8218191	chymotrypsin inhibitor 2; cavity-creating mutations;	BIOCHEMISTRY 32, 11259-11269 (1993) PMID: 8218191	Jackson S.E., Moracci M., ElMasry N., Johnson C.M. & Fersht A.R.
21023	Chymotrypsin inhibitor	P01053	L69A (UniProt)	Hordeum vulgare (Barley)	2CI2	-	Sheet	0.0	3.5	25	-3.74	-	-	yes	8218191	chymotrypsin inhibitor 2; cavity-creating mutations;	BIOCHEMISTRY 32, 11259-11269 (1993) PMID: 8218191	Jackson S.E., Moracci M., ElMasry N., Johnson C.M. & Fersht A.R.
21024	Chymotrypsin inhibitor	P01053	V71A (UniProt)	Hordeum vulgare (Barley)	2CI2	-	Sheet	7.16	3.0	25	-2.17	-	-	yes	8218191	chymotrypsin inhibitor 2; cavity-creating mutations;	BIOCHEMISTRY 32, 11259-11269 (1993) PMID: 8218191	Jackson S.E., Moracci M., ElMasry N., Johnson C.M. & Fersht A.R.
21025	Chymotrypsin inhibitor	P01053	I77V (UniProt)	Hordeum vulgare (Barley)	2CI2	-	Helix	1.08	3.0	25	0.09	-	-	yes	8218191	chymotrypsin inhibitor 2; cavity-creating mutations;	BIOCHEMISTRY 32, 11259-11269 (1993) PMID: 8218191	Jackson S.E., Moracci M., ElMasry N., Johnson C.M. & Fersht A.R.
21026	Chymotrypsin inhibitor	P01053	I77A (UniProt)	Hordeum vulgare (Barley)	2CI2	-	Helix	1.08	3.0	25	-4.23	-	-	yes	8218191	chymotrypsin inhibitor 2; cavity-creating mutations;	BIOCHEMISTRY 32, 11259-11269 (1993) PMID: 8218191	Jackson S.E., Moracci M., ElMasry N., Johnson C.M. & Fersht A.R.
21027	Chymotrypsin inhibitor	P01053	I77A (UniProt)	Hordeum vulgare (Barley)	2CI2	-	Helix	1.08	3.5	25	-4.34	-	-	yes	8218191	chymotrypsin inhibitor 2; cavity-creating mutations;	BIOCHEMISTRY 32, 11259-11269 (1993) PMID: 8218191	Jackson S.E., Moracci M., ElMasry N., Johnson C.M. & Fersht A.R.
21102	Lysozyme	P03706	H31D (PDB: H31D)	Escherichia phage lambda (Bacteriophage lambda)	1AM7	H31D	Helix	24.74	7.0	25	-1.6	-	-	yes	10556513	lysozyme; diethyl pyrocarbonate; functional motion	FEBS LETT 460, 442-446 (1999) PMID: 10556513	Evrard C, Fastrez J, Soumillion P
21104	Lysozyme	P03706	H48N (PDB: H48N)	Escherichia phage lambda (Bacteriophage lambda)	1AM7	H48N	Helix	2.2	7.0	25	-5	-	-	yes	10556513	lysozyme; diethyl pyrocarbonate; functional motion	FEBS LETT 460, 442-446 (1999) PMID: 10556513	Evrard C, Fastrez J, Soumillion P
21114	Protein G	P06654	T279Y (PDB: T53Y)	Streptococcus sp. group G	1PGA	T53Y	Turn	26.68	5.2	25	4.1	-	-	Unknown	10574793	beta sheet; protein design; protein stability; sidechain interactions; strand register	STRUCTURE FOLD DES 7, 1333-1343 (1999) PMID: 10574793	Merkel JS, Sturtevant JM, Regan L
21115	Protein G	P06654	T279F (PDB: T53F)	Streptococcus sp. group G	1PGA	T53F	Turn	26.68	5.2	25	4.61	-	-	Unknown	10574793	beta sheet; protein design; protein stability; sidechain interactions; strand register	STRUCTURE FOLD DES 7, 1333-1343 (1999) PMID: 10574793	Merkel JS, Sturtevant JM, Regan L
21116	Protein G	P06654	T279I (PDB: T53I)	Streptococcus sp. group G	1PGA	T53I	Turn	26.68	5.2	25	3.3	-	-	Unknown	10574793	beta sheet; protein design; protein stability; sidechain interactions; strand register	STRUCTURE FOLD DES 7, 1333-1343 (1999) PMID: 10574793	Merkel JS, Sturtevant JM, Regan L
21119	Protein G	P06654	T279V (PDB: T53V)	Streptococcus sp. group G	1PGA	T53V	Turn	26.68	5.2	25	2.8	-	-	Unknown	10574793	beta sheet; protein design; protein stability; sidechain interactions; strand register	STRUCTURE FOLD DES 7, 1333-1343 (1999) PMID: 10574793	Merkel JS, Sturtevant JM, Regan L
21128	Protein G	P06654	I232N (PDB: I6N)	Streptococcus sp. group G	1PGA	I6N	Helix	32.43	5.2	25	2.07	-	-	Unknown	10574793	beta sheet; protein design; protein stability; sidechain interactions; strand register	STRUCTURE FOLD DES 7, 1333-1343 (1999) PMID: 10574793	Merkel JS, Sturtevant JM, Regan L
21129	Protein G	P06654	I232T (PDB: I6T)	Streptococcus sp. group G	1PGA	I6T	Helix	32.43	5.2	25	2	-	-	Unknown	10574793	beta sheet; protein design; protein stability; sidechain interactions; strand register	STRUCTURE FOLD DES 7, 1333-1343 (1999) PMID: 10574793	Merkel JS, Sturtevant JM, Regan L
21358	Phosphocarrier protein HPr (Histidine-containing protein)	P0AA04	K49R (PDB: K49R)	Escherichia coli	1CM2	K49R	Helix	44.53	7.0	25	-0.2	-	-	yes	12144791	hydrogen bonds; hydrophobic effect; protein stability; protein folding	J MOL BIOL 321, 355-362 (2002) PMID: 12144791	Nicholson EM, Peterson RW, Scholtz JM.
21359	Phosphocarrier protein HPr (Histidine-containing protein)	P0AA04	K49N (PDB: K49N)	Escherichia coli	1CM2	K49N	Helix	44.53	7.0	25	0.4	-	-	yes	12144791	hydrogen bonds; hydrophobic effect; protein stability; protein folding	J MOL BIOL 321, 355-362 (2002) PMID: 12144791	Nicholson EM, Peterson RW, Scholtz JM.
21360	Phosphocarrier protein HPr (Histidine-containing protein)	P0AA04	K49S (PDB: K49S)	Escherichia coli	1CM2	K49S	Helix	44.53	7.0	25	1.2	-	-	yes	12144791	hydrogen bonds; hydrophobic effect; protein stability; protein folding	J MOL BIOL 321, 355-362 (2002) PMID: 12144791	Nicholson EM, Peterson RW, Scholtz JM.
21361	Phosphocarrier protein HPr (Histidine-containing protein)	P0AA04	K49D (PDB: K49D)	Escherichia coli	1CM2	K49D	Helix	44.53	7.0	25	1.8	-	-	yes	12144791	hydrogen bonds; hydrophobic effect; protein stability; protein folding	J MOL BIOL 321, 355-362 (2002) PMID: 12144791	Nicholson EM, Peterson RW, Scholtz JM.
21362	Phosphocarrier protein HPr (Histidine-containing protein)	P0AA04	K49Q (PDB: K49Q)	Escherichia coli	1CM2	K49Q	Helix	44.53	7.0	25	1.5	-	-	yes	12144791	hydrogen bonds; hydrophobic effect; protein stability; protein folding	J MOL BIOL 321, 355-362 (2002) PMID: 12144791	Nicholson EM, Peterson RW, Scholtz JM.
21363	Phosphocarrier protein HPr (Histidine-containing protein)	P0AA04	K49E (PDB: K49E)	Escherichia coli	1CM2	K49E	Helix	44.53	7.0	25	2.1	-	-	yes	12144791	hydrogen bonds; hydrophobic effect; protein stability; protein folding	J MOL BIOL 321, 355-362 (2002) PMID: 12144791	Nicholson EM, Peterson RW, Scholtz JM.
21364	Phosphocarrier protein HPr (Histidine-containing protein)	P0AA04	K49M (PDB: K49M)	Escherichia coli	1CM2	K49M	Helix	44.53	7.0	25	1	-	-	yes	12144791	hydrogen bonds; hydrophobic effect; protein stability; protein folding	J MOL BIOL 321, 355-362 (2002) PMID: 12144791	Nicholson EM, Peterson RW, Scholtz JM.
21365	Phosphocarrier protein HPr (Histidine-containing protein)	P0AA04	K49G (PDB: K49G)	Escherichia coli	1CM2	K49G	Helix	44.53	7.0	25	1.2	-	-	yes	12144791	hydrogen bonds; hydrophobic effect; protein stability; protein folding	J MOL BIOL 321, 355-362 (2002) PMID: 12144791	Nicholson EM, Peterson RW, Scholtz JM.
21366	Phosphocarrier protein HPr (Histidine-containing protein)	P0AA04	K49A (PDB: K49A)	Escherichia coli	1CM2	K49A	Helix	44.53	7.0	25	1.6	-	-	yes	12144791	hydrogen bonds; hydrophobic effect; protein stability; protein folding	J MOL BIOL 321, 355-362 (2002) PMID: 12144791	Nicholson EM, Peterson RW, Scholtz JM.
21367	Phosphocarrier protein HPr (Histidine-containing protein)	P08877	G49K (PDB: G49K)	Bacillus subtilis	1KKM	G49K	Helix	23.76	7.0	25	-1	-	-	yes	12144791	hydrogen bonds; hydrophobic effect; protein stability; protein folding	J MOL BIOL 321, 355-362 (2002) PMID: 12144791	Nicholson EM, Peterson RW, Scholtz JM.
21368	Phosphocarrier protein HPr (Histidine-containing protein)	P08877	G49E (PDB: G49E)	Bacillus subtilis	1KKM	G49E	Helix	23.76	7.0	25	1.4	-	-	yes	12144791	hydrogen bonds; hydrophobic effect; protein stability; protein folding	J MOL BIOL 321, 355-362 (2002) PMID: 12144791	Nicholson EM, Peterson RW, Scholtz JM.
21369	Phosphocarrier protein HPr (Histidine-containing protein)	P08877	G49A (PDB: G49A)	Bacillus subtilis	1KKM	G49A	Helix	23.76	7.0	25	0.8	-	-	yes	12144791	hydrogen bonds; hydrophobic effect; protein stability; protein folding	J MOL BIOL 321, 355-362 (2002) PMID: 12144791	Nicholson EM, Peterson RW, Scholtz JM.
21664	Alpha-spectrin	P07751	D1011G (UniProt)	Gallus gallus (Chicken)	1SHG	-	Turn	78.42	2.0	25	0.98	-	-	yes	12684010	SH3 domain; folding; transition state; hydrophobic core packing; protein design	J MOL BIOL 328, 221-233 (2003) PMID: 12684010	Cobos ES, Filimonov VV, Vega MC, Mateo PL, Serrano L, Martinez JC.
21667	Alpha-spectrin	P07751	D1011G (UniProt)	Gallus gallus (Chicken)	1SHG	-	Turn	78.42	2.5	25	0.69	-	-	yes	12684010	SH3 domain; folding; transition state; hydrophobic core packing; protein design	J MOL BIOL 328, 221-233 (2003) PMID: 12684010	Cobos ES, Filimonov VV, Vega MC, Mateo PL, Serrano L, Martinez JC.
21670	Alpha-spectrin	P07751	D1011G (UniProt)	Gallus gallus (Chicken)	1SHG	-	Turn	78.42	3.0	25	0.57	-	-	yes	12684010	SH3 domain; folding; transition state; hydrophobic core packing; protein design	J MOL BIOL 328, 221-233 (2003) PMID: 12684010	Cobos ES, Filimonov VV, Vega MC, Mateo PL, Serrano L, Martinez JC.
21673	Alpha-spectrin	P07751	D1011G (UniProt)	Gallus gallus (Chicken)	1SHG	-	Turn	78.42	3.5	25	1.05	-	-	yes	12684010	SH3 domain; folding; transition state; hydrophobic core packing; protein design	J MOL BIOL 328, 221-233 (2003) PMID: 12684010	Cobos ES, Filimonov VV, Vega MC, Mateo PL, Serrano L, Martinez JC.
21684	Ribonuclease pancreatic	P61823	F72L (PDB: F46L)	Bos taurus (Bovine)	1RTB	F46L	Sheet	0.0	6.0	25	-3.2	-	-	Unknown	12962489	hydrophobic core; folding kinetics; active site; cavity volume	BIOCHEMISTRY 42, 10651-10658 (2003) PMID: 12962489	Kadonosono T, Chatani E, Hayashi R, Moriyama H, Ueki T.
21685	Ribonuclease pancreatic	P61823	F72V (PDB: F46V)	Bos taurus (Bovine)	1RTB	F46V	Sheet	0.0	6.0	25	-4.54	-	-	Unknown	12962489	hydrophobic core; folding kinetics; active site; cavity volume	BIOCHEMISTRY 42, 10651-10658 (2003) PMID: 12962489	Kadonosono T, Chatani E, Hayashi R, Moriyama H, Ueki T.
21686	Ribonuclease pancreatic	P61823	F72A (PDB: F46A)	Bos taurus (Bovine)	1RTB	F46A	Sheet	0.0	6.0	25	-6.36	-	-	Unknown	12962489	hydrophobic core; folding kinetics; active site; cavity volume	BIOCHEMISTRY 42, 10651-10658 (2003) PMID: 12962489	Kadonosono T, Chatani E, Hayashi R, Moriyama H, Ueki T.
21816	Ribonuclease	P00648	D59G (UniProt)	Bacillus amyloliquefaciens (Bacillus velezensis)	1BNI	-	Helix	54.13	6.3	25	-1.2	-	-	Unknown	15035606	folding pathway; transition state; secondary structure; hidden intermediates	BIOCHEMISTRY 43, 3346-3356 (2004) PMID: 15035606	Vu ND, Feng H, Bai Y.
21817	Ribonuclease	P00648	D59A (UniProt)	Bacillus amyloliquefaciens (Bacillus velezensis)	1BNI	-	Helix	54.13	6.3	25	1.1	-	-	Unknown	15035606	folding pathway; transition state; secondary structure; hidden intermediates	BIOCHEMISTRY 43, 3346-3356 (2004) PMID: 15035606	Vu ND, Feng H, Bai Y.
21818	Ribonuclease	P00648	Y60G (UniProt)	Bacillus amyloliquefaciens (Bacillus velezensis)	1BNI	-	Helix	15.91	6.3	25	-6.4	-	-	Unknown	15035606	folding pathway; transition state; secondary structure; hidden intermediates	BIOCHEMISTRY 43, 3346-3356 (2004) PMID: 15035606	Vu ND, Feng H, Bai Y.
21819	Ribonuclease	P00648	Q62G (UniProt)	Bacillus amyloliquefaciens (Bacillus velezensis)	1BNI	-	Helix	43.67	6.3	25	-1.6	-	-	Unknown	15035606	folding pathway; transition state; secondary structure; hidden intermediates	BIOCHEMISTRY 43, 3346-3356 (2004) PMID: 15035606	Vu ND, Feng H, Bai Y.
21820	Ribonuclease	P00648	Q62A (UniProt)	Bacillus amyloliquefaciens (Bacillus velezensis)	1BNI	-	Helix	43.67	6.3	25	-0.2	-	-	Unknown	15035606	folding pathway; transition state; secondary structure; hidden intermediates	BIOCHEMISTRY 43, 3346-3356 (2004) PMID: 15035606	Vu ND, Feng H, Bai Y.
21821	Ribonuclease	P00648	Y64G (UniProt)	Bacillus amyloliquefaciens (Bacillus velezensis)	1BNI	-	Turn	58.49	6.3	25	-4.9	-	-	Unknown	15035606	folding pathway; transition state; secondary structure; hidden intermediates	BIOCHEMISTRY 43, 3346-3356 (2004) PMID: 15035606	Vu ND, Feng H, Bai Y.
21822	Ribonuclease	P00648	I102G (UniProt)	Bacillus amyloliquefaciens (Bacillus velezensis)	1BNI	-	Helix	47.57	6.3	25	-3.1	-	-	Unknown	15035606	folding pathway; transition state; secondary structure; hidden intermediates	BIOCHEMISTRY 43, 3346-3356 (2004) PMID: 15035606	Vu ND, Feng H, Bai Y.
21823	Ribonuclease	P00648	R119G (UniProt)	Bacillus amyloliquefaciens (Bacillus velezensis)	1BNI	-	Sheet	44.1	6.3	25	-2.5	-	-	Unknown	15035606	folding pathway; transition state; secondary structure; hidden intermediates	BIOCHEMISTRY 43, 3346-3356 (2004) PMID: 15035606	Vu ND, Feng H, Bai Y.
21824	Ribonuclease	P00648	E120G (UniProt)	Bacillus amyloliquefaciens (Bacillus velezensis)	1BNI	-	Sheet	10.88	6.3	25	-5.4	-	-	Unknown	15035606	folding pathway; transition state; secondary structure; hidden intermediates	BIOCHEMISTRY 43, 3346-3356 (2004) PMID: 15035606	Vu ND, Feng H, Bai Y.
21825	Ribonuclease	P00648	I135G (UniProt)	Bacillus amyloliquefaciens (Bacillus velezensis)	1BNI	-	Helix	0.0	6.3	25	-7.4	-	-	Unknown	15035606	folding pathway; transition state; secondary structure; hidden intermediates	BIOCHEMISTRY 43, 3346-3356 (2004) PMID: 15035606	Vu ND, Feng H, Bai Y.
21826	Ribonuclease	P00648	L89G (UniProt)	Bacillus amyloliquefaciens (Bacillus velezensis)	1BNI	-	Sheet	0.0	6.3	25	-7	-	-	Unknown	15035606	folding pathway; transition state; secondary structure; hidden intermediates	BIOCHEMISTRY 43, 3346-3356 (2004) PMID: 15035606	Vu ND, Feng H, Bai Y.
21827	Ribonuclease	P00648	L142G (UniProt)	Bacillus amyloliquefaciens (Bacillus velezensis)	1BNI	-	Coil	18.57	6.3	25	-4.7	-	-	Unknown	15035606	folding pathway; transition state; secondary structure; hidden intermediates	BIOCHEMISTRY 43, 3346-3356 (2004) PMID: 15035606	Vu ND, Feng H, Bai Y.
21828	Ribonuclease	P00648	I143G (UniProt)	Bacillus amyloliquefaciens (Bacillus velezensis)	1BNI	-	Helix	0.0	6.3	25	-5.7	-	-	Unknown	15035606	folding pathway; transition state; secondary structure; hidden intermediates	BIOCHEMISTRY 43, 3346-3356 (2004) PMID: 15035606	Vu ND, Feng H, Bai Y.
21829	Ribonuclease	P00648	Y144G (UniProt)	Bacillus amyloliquefaciens (Bacillus velezensis)	1BNI	-	Sheet	17.78	6.3	25	-6.6	-	-	Unknown	15035606	folding pathway; transition state; secondary structure; hidden intermediates	BIOCHEMISTRY 43, 3346-3356 (2004) PMID: 15035606	Vu ND, Feng H, Bai Y.
21830	Ribonuclease	P00648	T147G (UniProt)	Bacillus amyloliquefaciens (Bacillus velezensis)	1BNI	-	Turn	56.96	6.3	25	-2.8	-	-	Unknown	15035606	folding pathway; transition state; secondary structure; hidden intermediates	BIOCHEMISTRY 43, 3346-3356 (2004) PMID: 15035606	Vu ND, Feng H, Bai Y.
21906	Cytochrome b5	P00171	P97A (UniProt)	Bos taurus (Bovine)	1B5M	-	Turn	44.4	7.2	25	-0.65	-	-	yes	15379561	long-range effects; heme binding; helical propensity; electrostatic interactions	BIOCHEMISTRY 43, 12227-12236 (2004) PMID: 15379561	Mukhopadhyay K, Lecomte JT
21907	Cytochrome b5	P00171	D76R (UniProt)	Bos taurus (Bovine)	1B5M	-	Turn	99.24	7.2	25	0.33	-	-	yes	15379561	long-range effects; heme binding; helical propensity; electrostatic interactions	BIOCHEMISTRY 43, 12227-12236 (2004) PMID: 15379561	Mukhopadhyay K, Lecomte JT
21909	Cytochrome b5	P00171	P97A (UniProt)	Bos taurus (Bovine)	1B5M	-	Turn	44.4	7.2	25	-1.51	-	-	yes	15379561	long-range effects; heme binding; helical propensity; electrostatic interactions	BIOCHEMISTRY 43, 12227-12236 (2004) PMID: 15379561	Mukhopadhyay K, Lecomte JT
21910	Cytochrome b5	P00171	D76R (UniProt)	Bos taurus (Bovine)	1B5M	-	Turn	99.24	7.2	25	0.14	-	-	yes	15379561	long-range effects; heme binding; helical propensity; electrostatic interactions	BIOCHEMISTRY 43, 12227-12236 (2004) PMID: 15379561	Mukhopadhyay K, Lecomte JT
21966	Trypsin inhibitor	P00974	F57A (PDB: F22A)	Bos taurus (Bovine)	1BPI	F22A	Sheet	12.95	2.0	25	-1.2	-	-	Unknown	7686069	BPTI; crystal structure; hydrogen exchange; protein folding;	PROTEIN SCI 2, 588-596 (1993) PMID: 7686069	Kim K.S., Tao F., Fuchs J., Danishefsky A.T., Housset D.,
21967	Trypsin inhibitor	P00974	Y58A (PDB: Y23A)	Bos taurus (Bovine)	1BPI	Y23A	Sheet	5.15	2.0	25	-5.9	-	-	Unknown	7686069	BPTI; crystal structure; hydrogen exchange; protein folding;	PROTEIN SCI 2, 588-596 (1993) PMID: 7686069	Kim K.S., Tao F., Fuchs J., Danishefsky A.T., Housset D.,
21968	Trypsin inhibitor	P00974	Y70G (PDB: Y35G)	Bos taurus (Bovine)	1BPI	Y35G	Sheet	8.89	2.0	25	-5	-	-	Unknown	7686069	BPTI; crystal structure; hydrogen exchange; protein folding;	PROTEIN SCI 2, 588-596 (1993) PMID: 7686069	Kim K.S., Tao F., Fuchs J., Danishefsky A.T., Housset D.,
21969	Trypsin inhibitor	P00974	N78G (PDB: N43G)	Bos taurus (Bovine)	1BPI	N43G	Coil	1.37	2.0	25	-5.7	-	-	Unknown	7686069	BPTI; crystal structure; hydrogen exchange; protein folding;	PROTEIN SCI 2, 588-596 (1993) PMID: 7686069	Kim K.S., Tao F., Fuchs J., Danishefsky A.T., Housset D.,
21970	Trypsin inhibitor	P00974	F80A (PDB: F45A)	Bos taurus (Bovine)	1BPI	F45A	Sheet	9.47	2.0	25	-6.9	-	-	Unknown	7686069	BPTI; crystal structure; hydrogen exchange; protein folding;	PROTEIN SCI 2, 588-596 (1993) PMID: 7686069	Kim K.S., Tao F., Fuchs J., Danishefsky A.T., Housset D.,
22728	Eglin C	P01051	V14A (PDB: V14A)	Hirudo medicinalis (Medicinal leech)	1egl	V14A	-		2.5	25	-1.65	-	2	Yes (>90%)	16705642	eglin c, protein dynamics, protein thermodynamics, heat capacity change, differential scanning calorimetry	PROTEINS 64, 295-300 (2006) PMID: 16705642	Gribenko AV, Keiffer TR, Makhatadze GI.
22729	Eglin C	P01051	V54A (PDB: V54A)	Hirudo medicinalis (Medicinal leech)	1egl	V54A	-		2.5	25	-2.1	-	2	Yes (>90%)	16705642	eglin c, protein dynamics, protein thermodynamics, heat capacity change, differential scanning calorimetry	PROTEINS 64, 295-300 (2006) PMID: 16705642	Gribenko AV, Keiffer TR, Makhatadze GI.
22731	Eglin C	P01051	V14A (PDB: V14A)	Hirudo medicinalis (Medicinal leech)	1egl	V14A	-		2.75	25	-1.77	-	2	Yes (>90%)	16705642	eglin c, protein dynamics, protein thermodynamics, heat capacity change, differential scanning calorimetry	PROTEINS 64, 295-300 (2006) PMID: 16705642	Gribenko AV, Keiffer TR, Makhatadze GI.
22732	Eglin C	P01051	V54A (PDB: V54A)	Hirudo medicinalis (Medicinal leech)	1egl	V54A	-		2.75	25	-2.2	-	2	Yes (>90%)	16705642	eglin c, protein dynamics, protein thermodynamics, heat capacity change, differential scanning calorimetry	PROTEINS 64, 295-300 (2006) PMID: 16705642	Gribenko AV, Keiffer TR, Makhatadze GI.
22734	Eglin C	P01051	V14A (PDB: V14A)	Hirudo medicinalis (Medicinal leech)	1egl	V14A	-		3.0	25	-1.82	-	2	Yes (>90%)	16705642	eglin c, protein dynamics, protein thermodynamics, heat capacity change, differential scanning calorimetry	PROTEINS 64, 295-300 (2006) PMID: 16705642	Gribenko AV, Keiffer TR, Makhatadze GI.
22735	Eglin C	P01051	V54A (PDB: V54A)	Hirudo medicinalis (Medicinal leech)	1egl	V54A	-		3.0	25	-2.25	-	2	Yes (>90%)	16705642	eglin c, protein dynamics, protein thermodynamics, heat capacity change, differential scanning calorimetry	PROTEINS 64, 295-300 (2006) PMID: 16705642	Gribenko AV, Keiffer TR, Makhatadze GI.
22737	Eglin C	P01051	V14A (PDB: V14A)	Hirudo medicinalis (Medicinal leech)	1egl	V14A	-		3.25	25	-1.82	-	2	Yes (>90%)	16705642	eglin c, protein dynamics, protein thermodynamics, heat capacity change, differential scanning calorimetry	PROTEINS 64, 295-300 (2006) PMID: 16705642	Gribenko AV, Keiffer TR, Makhatadze GI.
22738	Eglin C	P01051	V54A (PDB: V54A)	Hirudo medicinalis (Medicinal leech)	1egl	V54A	-		3.25	25	-2.32	-	2	Yes (>90%)	16705642	eglin c, protein dynamics, protein thermodynamics, heat capacity change, differential scanning calorimetry	PROTEINS 64, 295-300 (2006) PMID: 16705642	Gribenko AV, Keiffer TR, Makhatadze GI.
22740	Eglin C	P01051	V14A (PDB: V14A)	Hirudo medicinalis (Medicinal leech)	1egl	V14A	-		3.5	25	-1.67	-	2	Yes (>90%)	16705642	eglin c, protein dynamics, protein thermodynamics, heat capacity change, differential scanning calorimetry	PROTEINS 64, 295-300 (2006) PMID: 16705642	Gribenko AV, Keiffer TR, Makhatadze GI.
22741	Eglin C	P01051	V54A (PDB: V54A)	Hirudo medicinalis (Medicinal leech)	1egl	V54A	-		3.5	25	-2.2	-	2	Yes (>90%)	16705642	eglin c, protein dynamics, protein thermodynamics, heat capacity change, differential scanning calorimetry	PROTEINS 64, 295-300 (2006) PMID: 16705642	Gribenko AV, Keiffer TR, Makhatadze GI.
22743	Eglin C	P01051	V14A (PDB: V14A)	Hirudo medicinalis (Medicinal leech)	1egl	V14A	-		7.0	25	-1.67	-	2	Yes (>90%)	16705642	eglin c, protein dynamics, protein thermodynamics, heat capacity change, differential scanning calorimetry	PROTEINS 64, 295-300 (2006) PMID: 16705642	Gribenko AV, Keiffer TR, Makhatadze GI.
22744	Eglin C	P01051	V54A (PDB: V54A)	Hirudo medicinalis (Medicinal leech)	1egl	V54A	-		7.0	25	-2.37	-	2	Yes (>90%)	16705642	eglin c, protein dynamics, protein thermodynamics, heat capacity change, differential scanning calorimetry	PROTEINS 64, 295-300 (2006) PMID: 16705642	Gribenko AV, Keiffer TR, Makhatadze GI.
23210	Protein G	P06654	T228P (PDB: T2P)	Streptococcus sp. group G	1PGA	T2P	Turn	67.77	5.5	25	-2.7	-	-	Yes	16549401	proline; protein; design; protein G; protein stability	PROTEIN ENG DES SEL 19, 285-289 (2006) PMID: 16549401	Choi EJ, Mayo SL.
23211	Protein G	P06654	G235P (PDB: G9P)	Streptococcus sp. group G	1PGA	G9P	Helix	3.81	5.5	25	-2.4	-	-	Yes	16549401	proline; protein; design; protein G; protein stability	PROTEIN ENG DES SEL 19, 285-289 (2006) PMID: 16549401	Choi EJ, Mayo SL.
23212	Protein G	P06654	K236P (PDB: K10P)	Streptococcus sp. group G	1PGA	K10P	Turn	79.24	5.5	25	-0.2	-	-	No	16549401	proline; protein; design; protein G; protein stability	PROTEIN ENG DES SEL 19, 285-289 (2006) PMID: 16549401	Choi EJ, Mayo SL.
23213	Protein G	P06654	V21P (PDB: V21P)	Streptococcus sp. group G	1PGA	V21P	Coil	80.03	5.5	25	0.5	-	-	Yes	16549401	proline; protein; design; protein G; protein stability	PROTEIN ENG DES SEL 19, 285-289 (2006) PMID: 16549401	Choi EJ, Mayo SL.
23214	Protein G	P06654	A23P (PDB: A23P)	Streptococcus sp. group G	1PGA	A23P	Helix	23.59	5.5	25	-0.3	-	-	Yes	16549401	proline; protein; design; protein G; protein stability	PROTEIN ENG DES SEL 19, 285-289 (2006) PMID: 16549401	Choi EJ, Mayo SL.
23215	Protein G	P06654	A24P (PDB: A24P)	Streptococcus sp. group G	1PGA	A24P	Helix	42.65	5.5	25	-0.5	-	-	Yes	16549401	proline; protein; design; protein G; protein stability	PROTEIN ENG DES SEL 19, 285-289 (2006) PMID: 16549401	Choi EJ, Mayo SL.
23216	Protein G	P06654	T251P (PDB: T25P)	Streptococcus sp. group G	1PGA	T25P	Turn	42.54	5.5	25	-2.8	-	-	No	16549401	proline; protein; design; protein G; protein stability	PROTEIN ENG DES SEL 19, 285-289 (2006) PMID: 16549401	Choi EJ, Mayo SL.
23217	Protein G	P06654	V255P (PDB: V29P)	Streptococcus sp. group G	1PGA	V29P	Helix	37.09	5.5	25	-3.5	-	-	No	16549401	proline; protein; design; protein G; protein stability	PROTEIN ENG DES SEL 19, 285-289 (2006) PMID: 16549401	Choi EJ, Mayo SL.
23218	Protein G	P06654	D262P (PDB: D36P)	Streptococcus sp. group G	1PGA	D36P	Helix	86.75	5.5	25	-3.1	-	-	Yes	16549401	proline; protein; design; protein G; protein stability	PROTEIN ENG DES SEL 19, 285-289 (2006) PMID: 16549401	Choi EJ, Mayo SL.
23219	Protein G	P06654	A274P (PDB: A48P)	Streptococcus sp. group G	1PGA	A48P	Turn	79.85	5.5	25	-0.7	-	-	Yes	16549401	proline; protein; design; protein G; protein stability	PROTEIN ENG DES SEL 19, 285-289 (2006) PMID: 16549401	Choi EJ, Mayo SL.
24078	Disulfide bond formation protein D	Q9EYL5	T171V (UniProt)	Staphylococcus aureus	3bci	-	-		7.0	25	1	-	-	Yes	18077463	disulfide bonds; hydrophobic patch; oxidized; reduced	J BIOL CHEM 283, 4261-4271 (2008) PMID: 18077463	Heras B, Kurz M, Jarrott R, Shouldice SR, Frei P, Robin G, Cemazar M, Thy-Meyer L, Glockshuber R, Martin JL.
24079	Disulfide bond formation protein D	Q9EYL5	T171V (UniProt)	Staphylococcus aureus	3bci	-	-		7.0	25	1.28	-	-	Yes	18077463	disulfide bonds; hydrophobic patch; oxidized; reduced	J BIOL CHEM 283, 4261-4271 (2008) PMID: 18077463	Heras B, Kurz M, Jarrott R, Shouldice SR, Frei P, Robin G, Cemazar M, Thy-Meyer L, Glockshuber R, Martin JL.
24080	Disulfide bond formation protein D	Q9EYL5	E114Q (UniProt)	Staphylococcus aureus	3bci	-	-		7.0	25	-1.06	-	-	Yes	18077463	disulfide bonds; hydrophobic patch; oxidized; reduced	J BIOL CHEM 283, 4261-4271 (2008) PMID: 18077463	Heras B, Kurz M, Jarrott R, Shouldice SR, Frei P, Robin G, Cemazar M, Thy-Meyer L, Glockshuber R, Martin JL.
24531	Iso-1 cytochrome c	P00044	K79W (UniProt)	Saccharomyces cerevisiae (strain ATCC 204508 / S288c) (Baker's yeast)	1YCC	-	Helix	84.59	4.5	25	-1.6	-	-	yes	9070448	circular dichroism; guanidine hydrochloride denaturation;	PROTEIN SCI 6, 657-665 (1997) PMID: 9070448	Herrmann LM, Bowler BE
24532	Iso-1 cytochrome c	P00044	K79V (UniProt)	Saccharomyces cerevisiae (strain ATCC 204508 / S288c) (Baker's yeast)	1YCC	-	Helix	84.59	4.5	25	0.1	-	-	yes	9070448	circular dichroism; guanidine hydrochloride denaturation;	PROTEIN SCI 6, 657-665 (1997) PMID: 9070448	Herrmann LM, Bowler BE
24533	Iso-1 cytochrome c	P00044	K79I (UniProt)	Saccharomyces cerevisiae (strain ATCC 204508 / S288c) (Baker's yeast)	1YCC	-	Helix	84.59	4.5	25	-0.4	-	-	yes	9070448	circular dichroism; guanidine hydrochloride denaturation;	PROTEIN SCI 6, 657-665 (1997) PMID: 9070448	Herrmann LM, Bowler BE
24861	Ribonuclease	P00648	D101A (UniProt)	Bacillus amyloliquefaciens (Bacillus velezensis)	1BNI	-	Sheet	27.76	6.3	25	-3.3	-	-	Unknown	7626612	charged residues; protonation; unfolding kinetics; solvent;	BIOCHEMISTRY 34, 9424-9433 (1995) PMID: 7626612	Oliveberg M, Arcus VL, Fersht AR
24862	Ribonuclease	P00648	D101N (UniProt)	Bacillus amyloliquefaciens (Bacillus velezensis)	1BNI	-	Sheet	27.76	6.3	25	-2.6	-	-	Unknown	7626612	charged residues; protonation; unfolding kinetics; solvent;	BIOCHEMISTRY 34, 9424-9433 (1995) PMID: 7626612	Oliveberg M, Arcus VL, Fersht AR
24863	Ribonuclease	P00648	E120A (UniProt)	Bacillus amyloliquefaciens (Bacillus velezensis)	1BNI	-	Sheet	10.88	6.3	25	-2.5	-	-	Unknown	7626612	charged residues; protonation; unfolding kinetics; solvent;	BIOCHEMISTRY 34, 9424-9433 (1995) PMID: 7626612	Oliveberg M, Arcus VL, Fersht AR
24864	Ribonuclease	P00648	D122N (UniProt)	Bacillus amyloliquefaciens (Bacillus velezensis)	1BNI	-	Sheet	0.0	6.3	25	-5	-	-	Unknown	7626612	charged residues; protonation; unfolding kinetics; solvent;	BIOCHEMISTRY 34, 9424-9433 (1995) PMID: 7626612	Oliveberg M, Arcus VL, Fersht AR
25433	Iso-1 cytochrome c	P00044	F88Y (UniProt)	Saccharomyces cerevisiae (strain ATCC 204508 / S288c) (Baker's yeast)	1YCC	-	Coil	16.94	6.0	25	-0.7	-	-	yes	10631980	free energy; iso-1 cytochrome c; protein folding; yeast	PROTEIN SCI 8, 2645-2654 (1999) PMID: 10631980	Liggins JR, Lo TP, Brayer GD, Nall BT
25434	Iso-1 cytochrome c	P00044	L91A (UniProt)	Saccharomyces cerevisiae (strain ATCC 204508 / S288c) (Baker's yeast)	1YCC	-	Coil	2.18	6.0	25	-2.8	-	-	yes	10631980	free energy; iso-1 cytochrome c; protein folding; yeast	PROTEIN SCI 8, 2645-2654 (1999) PMID: 10631980	Liggins JR, Lo TP, Brayer GD, Nall BT
25576	Adenylate kinase	P07170	N171D (UniProt)	Saccharomyces cerevisiae (strain ATCC 204508 / S288c) (Baker's yeast)	2AKY	-	Coil	42.35	7.5	25	-2.15	-	-	yes	7635152	melting temprature; melting enthalpy; site-directed mutagenesis;	EUR J BIOCHEM 231, 405-413 (1995) PMID: 7635152	Spuergin P, Abele U, Schulz GE
25577	Adenylate kinase	P07170	T79H (UniProt)	Saccharomyces cerevisiae (strain ATCC 204508 / S288c) (Baker's yeast)	2AKY	-	Turn	72.82	7.5	25	-2.15	-	-	yes	7635152	melting temprature; melting enthalpy; site-directed mutagenesis;	EUR J BIOCHEM 231, 405-413 (1995) PMID: 7635152	Spuergin P, Abele U, Schulz GE
25581	Adenylate kinase	P07170	V10I (UniProt)	Saccharomyces cerevisiae (strain ATCC 204508 / S288c) (Baker's yeast)	2AKY	-	Sheet	0.0	7.5	25	-1.2	-	-	yes	7635152	melting temprature; melting enthalpy; site-directed mutagenesis;	EUR J BIOCHEM 231, 405-413 (1995) PMID: 7635152	Spuergin P, Abele U, Schulz GE
25582	Adenylate kinase	P07170	I215F (UniProt)	Saccharomyces cerevisiae (strain ATCC 204508 / S288c) (Baker's yeast)	2AKY	-	Helix	0.0	7.5	25	-1.91	-	-	yes	7635152	melting temprature; melting enthalpy; site-directed mutagenesis;	EUR J BIOCHEM 231, 405-413 (1995) PMID: 7635152	Spuergin P, Abele U, Schulz GE
25753	Protein G	P06654	D273A (PDB: D47A)	Streptococcus sp. group G	1PGA	D47A	Turn	61.76	7.0	25	0.36	-	-	Unknown	10828973	beta-hairpin; cooperative folding; hydrophobic cluster; rigid	BIOCHEMISTRY 39, 6564-6571 (2000) PMID: 10828973	Kobayashi N, Honda S, Yoshii H, Munekata M
25754	Protein G	P06654	V280A (PDB: V54A)	Streptococcus sp. group G	1PGA	V54A	Sheet	0.65	7.0	25	-0.1	-	-	Unknown	10828973	beta-hairpin; cooperative folding; hydrophobic cluster; rigid	BIOCHEMISTRY 39, 6564-6571 (2000) PMID: 10828973	Kobayashi N, Honda S, Yoshii H, Munekata M
25755	Protein G	P06654	K276A (PDB: K50A)	Streptococcus sp. group G	1PGA	K50A	Turn	27.71	7.0	25	-0.45	-	-	Unknown	10828973	beta-hairpin; cooperative folding; hydrophobic cluster; rigid	BIOCHEMISTRY 39, 6564-6571 (2000) PMID: 10828973	Kobayashi N, Honda S, Yoshii H, Munekata M
25756	Protein G	P06654	T275A (PDB: T49A)	Streptococcus sp. group G	1PGA	T49A	Turn	59.84	7.0	25	-0.86	-	-	Unknown	10828973	beta-hairpin; cooperative folding; hydrophobic cluster; rigid	BIOCHEMISTRY 39, 6564-6571 (2000) PMID: 10828973	Kobayashi N, Honda S, Yoshii H, Munekata M
25757	Protein G	P06654	D272A (PDB: D46A)	Streptococcus sp. group G	1PGA	D46A	Sheet	54.13	7.0	25	-1.36	-	-	Unknown	10828973	beta-hairpin; cooperative folding; hydrophobic cluster; rigid	BIOCHEMISTRY 39, 6564-6571 (2000) PMID: 10828973	Kobayashi N, Honda S, Yoshii H, Munekata M
25765	Acidic fibroblast growth factor	P05230	C98S (UniProt)	Homo sapiens (Human)	2AFG	-	Turn	0.0	6.6	25	-1.91	-	-	yes	10852713	thermal stability; specific activity; sulfhydryl chemistry;	BIOCHEMISTRY 39, 7153-7158 (2000) PMID: 10852713	Culajay JF, Blaber SI, Khurana A, Blaber M
25766	Acidic fibroblast growth factor	P05230	C132S (UniProt)	Homo sapiens (Human)	2AFG	-	Turn	12.82	6.6	25	-0.62	-	-	yes	10852713	thermal stability; specific activity; sulfhydryl chemistry;	BIOCHEMISTRY 39, 7153-7158 (2000) PMID: 10852713	Culajay JF, Blaber SI, Khurana A, Blaber M
25768	Acidic fibroblast growth factor	P05230	H108G (PDB: H93G)	Homo sapiens (Human)	2AFG	H93G	Helix	85.21	6.6	25	0.55	-	-	yes	10852713	thermal stability; specific activity; sulfhydryl chemistry;	BIOCHEMISTRY 39, 7153-7158 (2000) PMID: 10852713	Culajay JF, Blaber SI, Khurana A, Blaber M
25797	Ribonuclease T1	P00651	D75H (PDB: D49H)	Aspergillus oryzae (strain ATCC 42149 / RIB 40) (Yellow koji mold)	1RN1	D49H	Coil	20.12	7.0	25	1.1	-	-	Unknown	10933506	denatured states; electrostatic interactions;	PROTEIN SCI 9, 1395-1398 (2000) PMID: 10933506	Pace CN, Alston RW, Shaw KL
25798	Ribonuclease Sa	P05798	D17K (PDB: D17K)	Kitasatospora aureofaciens (Streptomyces aureofaciens)	1RGG	D17K	Coil	48.58	7.0	25	-1.1	-	-	Unknown	10933506	denatured states; electrostatic interactions;	PROTEIN SCI 9, 1395-1398 (2000) PMID: 10933506	Pace CN, Alston RW, Shaw KL
25799	Ribonuclease Sa	P05798	D25H (PDB: D25H)	Kitasatospora aureofaciens (Streptomyces aureofaciens)	1RGG	D25H	Coil	84.66	7.0	25	0.9	-	-	Unknown	10933506	denatured states; electrostatic interactions;	PROTEIN SCI 9, 1395-1398 (2000) PMID: 10933506	Pace CN, Alston RW, Shaw KL
25800	Ribonuclease Sa	P05798	E41K (PDB: E41K)	Kitasatospora aureofaciens (Streptomyces aureofaciens)	1RGG	E41K	Sheet	96.74	7.0	25	-1.2	-	-	Unknown	10933506	denatured states; electrostatic interactions;	PROTEIN SCI 9, 1395-1398 (2000) PMID: 10933506	Pace CN, Alston RW, Shaw KL
25801	Ribonuclease Sa	P05798	E74K (PDB: E74K)	Kitasatospora aureofaciens (Streptomyces aureofaciens)	1RGG	E74K	Sheet	79.56	7.0	25	1.1	-	-	Unknown	10933506	denatured states; electrostatic interactions;	PROTEIN SCI 9, 1395-1398 (2000) PMID: 10933506	Pace CN, Alston RW, Shaw KL
25802	Lysozyme	P00720	R119E (PDB: R119E)	Enterobacteria phage T4 (Bacteriophage T4)	2LZM	R119E	Coil	49.78	5.3	25	0	-	-	Unknown	10933506	denatured states; electrostatic interactions;	PROTEIN SCI 9, 1395-1398 (2000) PMID: 10933506	Pace CN, Alston RW, Shaw KL
25803	Lysozyme	P00720	K135E (PDB: K135E)	Enterobacteria phage T4 (Bacteriophage T4)	2LZM	K135E	Turn	72.44	5.3	25	-1	-	-	Unknown	10933506	denatured states; electrostatic interactions;	PROTEIN SCI 9, 1395-1398 (2000) PMID: 10933506	Pace CN, Alston RW, Shaw KL
25804	Lysozyme	P00720	K147E (PDB: K147E)	Enterobacteria phage T4 (Bacteriophage T4)	2LZM	K147E	Helix	39.86	5.3	25	-0.7	-	-	Unknown	10933506	denatured states; electrostatic interactions;	PROTEIN SCI 9, 1395-1398 (2000) PMID: 10933506	Pace CN, Alston RW, Shaw KL
26019	Onconase	P22069	M23L (PDB: M23L)	Lithobates pipiens (Northern leopard frog) (Rana pipiens)	1ONC	M23L	Turn	0.0	2.0	25	-2.51	-	-	yes	10913282	antitumor activity; catalytic activity; renal toxicity; proteolysis	BIOCHEMISTRY 39, 8711-8718 (2000) PMID: 10913282	Notomista E, Catanzano F, Graziano G, Dal Piaz F, Barone G,
26020	Onconase	P22069	M23L (PDB: M23L)	Lithobates pipiens (Northern leopard frog) (Rana pipiens)	1ONC	M23L	Turn	0.0	2.5	25	-2.29	-	-	yes	10913282	antitumor activity; catalytic activity; renal toxicity; proteolysis	BIOCHEMISTRY 39, 8711-8718 (2000) PMID: 10913282	Notomista E, Catanzano F, Graziano G, Dal Piaz F, Barone G,
26021	Onconase	P22069	M23L (PDB: M23L)	Lithobates pipiens (Northern leopard frog) (Rana pipiens)	1ONC	M23L	Turn	0.0	3.0	25	-2.77	-	-	yes	10913282	antitumor activity; catalytic activity; renal toxicity; proteolysis	BIOCHEMISTRY 39, 8711-8718 (2000) PMID: 10913282	Notomista E, Catanzano F, Graziano G, Dal Piaz F, Barone G,
26022	Onconase	P22069	M23L (PDB: M23L)	Lithobates pipiens (Northern leopard frog) (Rana pipiens)	1ONC	M23L	Turn	0.0	3.5	25	-2.89	-	-	yes	10913282	antitumor activity; catalytic activity; renal toxicity; proteolysis	BIOCHEMISTRY 39, 8711-8718 (2000) PMID: 10913282	Notomista E, Catanzano F, Graziano G, Dal Piaz F, Barone G,
26023	Onconase	P22069	M23L (PDB: M23L)	Lithobates pipiens (Northern leopard frog) (Rana pipiens)	1ONC	M23L	Turn	0.0	4.0	25	-2.41	-	-	yes	10913282	antitumor activity; catalytic activity; renal toxicity; proteolysis	BIOCHEMISTRY 39, 8711-8718 (2000) PMID: 10913282	Notomista E, Catanzano F, Graziano G, Dal Piaz F, Barone G,
26024	Onconase	P22069	M23L (PDB: M23L)	Lithobates pipiens (Northern leopard frog) (Rana pipiens)	1ONC	M23L	Turn	0.0	5.0	25	-2.65	-	-	yes	10913282	antitumor activity; catalytic activity; renal toxicity; proteolysis	BIOCHEMISTRY 39, 8711-8718 (2000) PMID: 10913282	Notomista E, Catanzano F, Graziano G, Dal Piaz F, Barone G,
26025	Onconase	P22069	M23L (PDB: M23L)	Lithobates pipiens (Northern leopard frog) (Rana pipiens)	1ONC	M23L	Turn	0.0	6.0	25	-2.65	-	-	yes	10913282	antitumor activity; catalytic activity; renal toxicity; proteolysis	BIOCHEMISTRY 39, 8711-8718 (2000) PMID: 10913282	Notomista E, Catanzano F, Graziano G, Dal Piaz F, Barone G,
26026	Onconase	P22069	M23L (PDB: M23L)	Lithobates pipiens (Northern leopard frog) (Rana pipiens)	1ONC	M23L	Turn	0.0	7.0	25	-2.22	-	-	yes	10913282	antitumor activity; catalytic activity; renal toxicity; proteolysis	BIOCHEMISTRY 39, 8711-8718 (2000) PMID: 10913282	Notomista E, Catanzano F, Graziano G, Dal Piaz F, Barone G,
26027	Onconase	P22069	M23L (PDB: M23L)	Lithobates pipiens (Northern leopard frog) (Rana pipiens)	1ONC	M23L	Turn	0.0	8.0	25	-2.39	-	-	yes	10913282	antitumor activity; catalytic activity; renal toxicity; proteolysis	BIOCHEMISTRY 39, 8711-8718 (2000) PMID: 10913282	Notomista E, Catanzano F, Graziano G, Dal Piaz F, Barone G,
26220	Ribonuclease pancreatic	P61823	D147N (PDB: D121N)	Bos taurus (Bovine)	1RTB	D121N	Coil	9.72	1.2	25	-0.76	-	-	Unknown	9922164	bovine; hydrogen bond; thermal stability;	BIOCHEMISTRY 37, 17958-17964 (1998) PMID: 9922164	Quirk DJ, Park C, Thompson JE, Raines RT
26221	Ribonuclease pancreatic	P61823	D147A (PDB: D121A)	Bos taurus (Bovine)	1RTB	D121A	Coil	9.72	1.2	25	-0.72	-	-	Unknown	9922164	bovine; hydrogen bond; thermal stability;	BIOCHEMISTRY 37, 17958-17964 (1998) PMID: 9922164	Quirk DJ, Park C, Thompson JE, Raines RT
26222	Ribonuclease pancreatic	P61823	H145A (PDB: H119A)	Bos taurus (Bovine)	1RTB	H119A	Helix	36.83	1.2	25	1.1	-	-	Unknown	9922164	bovine; hydrogen bond; thermal stability;	BIOCHEMISTRY 37, 17958-17964 (1998) PMID: 9922164	Quirk DJ, Park C, Thompson JE, Raines RT
26224	Ribonuclease pancreatic	P61823	D147N (PDB: D121N)	Bos taurus (Bovine)	1RTB	D121N	Coil	9.72	6.0	25	-1.9	-	-	Unknown	9922164	bovine; hydrogen bond; thermal stability;	BIOCHEMISTRY 37, 17958-17964 (1998) PMID: 9922164	Quirk DJ, Park C, Thompson JE, Raines RT
26225	Ribonuclease pancreatic	P61823	D147A (PDB: D121A)	Bos taurus (Bovine)	1RTB	D121A	Coil	9.72	6.0	25	-2.2	-	-	Unknown	9922164	bovine; hydrogen bond; thermal stability;	BIOCHEMISTRY 37, 17958-17964 (1998) PMID: 9922164	Quirk DJ, Park C, Thompson JE, Raines RT
26226	Ribonuclease pancreatic	P61823	H145A (PDB: H119A)	Bos taurus (Bovine)	1RTB	H119A	Helix	36.83	6.0	25	0.2	-	-	Unknown	9922164	bovine; hydrogen bond; thermal stability;	BIOCHEMISTRY 37, 17958-17964 (1998) PMID: 9922164	Quirk DJ, Park C, Thompson JE, Raines RT
26292	Chymotrypsin inhibitor	P01053	S32G (UniProt)	Hordeum vulgare (Barley)	2CI2	-	Coil	15.36	3.5	25	0.84	-	-	Unknown	7937708	helix stability; N-cap; protein folding; protein stability	PROTEIN ENG 7, 777-782 (1994) PMID: 7937708	elMasry NF, Fersht AR
26293	Chymotrypsin inhibitor	P01053	S32A (UniProt)	Hordeum vulgare (Barley)	2CI2	-	Coil	15.36	3.0	25	1	-	-	Unknown	7937708	helix stability; N-cap; protein folding; protein stability	PROTEIN ENG 7, 777-782 (1994) PMID: 7937708	elMasry NF, Fersht AR
28441	Thermonuclease	P00644	F116C (UniProt)	Staphylococcal	1stn	-	-		7.6	20	-2.8	-	-	Unknown	20194783	conformational stability, thermal stability, ligand-binding affinity, linkage analysis, thiol protection	PROC NATL ACAD SCI U S A 107, 4908-4913 (2010); doi:10.1073/pnas.0910421107	Isom DG, Vardy E, Oas TG, Hellinga HW.
28442	Thermonuclease	P00644	L118C (UniProt)	Staphylococcal	1stn	-	-		7.6	20	-2.9	-	-	Unknown	20194783	conformational stability, thermal stability, ligand-binding affinity, linkage analysis, thiol protection	PROC NATL ACAD SCI U S A 107, 4908-4913 (2010); doi:10.1073/pnas.0910421107	Isom DG, Vardy E, Oas TG, Hellinga HW.
28443	Thermonuclease	P00644	L118C (UniProt)	Staphylococcal	1stn	-	-		7.6	20	0.6	-	-	Unknown	20194783	conformational stability, thermal stability, ligand-binding affinity, linkage analysis, thiol protection	PROC NATL ACAD SCI U S A 107, 4908-4913 (2010); doi:10.1073/pnas.0910421107	Isom DG, Vardy E, Oas TG, Hellinga HW.
28444	Thermonuclease	P00644	L118C (UniProt)	Staphylococcal	1stn	-	-		7.6	20	0.7	-	-	Unknown	20194783	conformational stability, thermal stability, ligand-binding affinity, linkage analysis, thiol protection	PROC NATL ACAD SCI U S A 107, 4908-4913 (2010); doi:10.1073/pnas.0910421107	Isom DG, Vardy E, Oas TG, Hellinga HW.
28477	Lysozyme	P00698	K31D (PDB: K13D)	Gallus gallus (Chicken)	4LYZ	K13D	Helix	35.49	9.5	20	-6.69	-	-	Unknown	7664875	mutant lysozyme; anti-lysozyme mAb	FEBS LETT 371 17-20 (1995) PMID: 7664875	Kato A, Shimizu T, Saga S.
28478	Lysozyme	P00698	G67N (PDB: G49N)	Gallus gallus (Chicken)	4LYZ	G49N	Helix	25.41	9.5	20	-0.96	-	-	Unknown	7664875	mutant lysozyme; anti-lysozyme mAb	FEBS LETT 371 17-20 (1995) PMID: 7664875	Kato A, Shimizu T, Saga S.
28479	Lysozyme	P00698	P88N (PDB: P70N)	Gallus gallus (Chicken)	4LYZ	P70N	Coil	84.57	9.5	20	-2.15	-	-	Unknown	7664875	mutant lysozyme; anti-lysozyme mAb	FEBS LETT 371 17-20 (1995) PMID: 7664875	Kato A, Shimizu T, Saga S.
28480	Lysozyme	P00698	C94A (PDB: C94A)	Gallus gallus (Chicken)	4LYZ	C94A	Helix	2.14	9.5	20	-4.78	-	-	Unknown	7664875	mutant lysozyme; anti-lysozyme mAb	FEBS LETT 371 17-20 (1995) PMID: 7664875	Kato A, Shimizu T, Saga S.
28481	Lysozyme	P00698	N121D (PDB: N103D)	Gallus gallus (Chicken)	4LYZ	N103D	Turn	77.19	9.5	20	0.24	-	-	Unknown	7664875	mutant lysozyme; anti-lysozyme mAb	FEBS LETT 371 17-20 (1995) PMID: 7664875	Kato A, Shimizu T, Saga S.
28482	Lysozyme	P00698	M123T (PDB: M105T)	Gallus gallus (Chicken)	4LYZ	M105T	Helix	0.0	9.5	20	-0.24	-	-	Unknown	7664875	mutant lysozyme; anti-lysozyme mAb	FEBS LETT 371 17-20 (1995) PMID: 7664875	Kato A, Shimizu T, Saga S.
29095	Staphylococcal nuclease	P00644	W222H (UniProt)	Staphylococcus aureus	1STN	-	Helix	23.7	7.0	20	-0.4	-	-	yes	15066439	protein folding kinetics; stopped-flow; continuous-flow; fluorescence; ANS	J MOL BIOL 338, 383-400 (2004) PMID: 15066439	Maki K, Cheng H, Dolgikh DA, Shastry MC, Roder H.
29096	Staphylococcal nuclease	P00644	W222F (UniProt)	Staphylococcus aureus	1STN	-	Helix	23.7	7.0	20	-0.6	-	-	yes	15066439	protein folding kinetics; stopped-flow; continuous-flow; fluorescence; ANS	J MOL BIOL 338, 383-400 (2004) PMID: 15066439	Maki K, Cheng H, Dolgikh DA, Shastry MC, Roder H.
29097	Staphylococcal nuclease	P00644	W222Y (UniProt)	Staphylococcus aureus	1STN	-	Helix	23.7	7.0	20	-1.1	-	-	yes	15066439	protein folding kinetics; stopped-flow; continuous-flow; fluorescence; ANS	J MOL BIOL 338, 383-400 (2004) PMID: 15066439	Maki K, Cheng H, Dolgikh DA, Shastry MC, Roder H.
29098	Staphylococcal nuclease	P00644	W222L (UniProt)	Staphylococcus aureus	1STN	-	Helix	23.7	7.0	20	-4.5	-	-	yes	15066439	protein folding kinetics; stopped-flow; continuous-flow; fluorescence; ANS	J MOL BIOL 338, 383-400 (2004) PMID: 15066439	Maki K, Cheng H, Dolgikh DA, Shastry MC, Roder H.
29119	High mobility group protein	P63159	S121H (UniProt)	Rattus norvegicus (Rat)	1HME	-	Coil	60.58	7.0	20	-1.5	-	-	Unknown	12468716	circular dichroism; divalent metals; DNA binding; high mobility group protein box B (rHMGB1b); protein stability	PROTEIN ENG 15, 817-825 (2002) PMID: 12468716	Bell AJ Jr, Xin H, Taudte S, Shi Z, Kallenbach NR.
29120	High mobility group protein	P63159	I122H (UniProt)	Rattus norvegicus (Rat)	1HME	-	Helix	69.73	7.0	20	0	-	-	Unknown	12468716	circular dichroism; divalent metals; DNA binding; high mobility group protein box B (rHMGB1b); protein stability	PROTEIN ENG 15, 817-825 (2002) PMID: 12468716	Bell AJ Jr, Xin H, Taudte S, Shi Z, Kallenbach NR.
29121	High mobility group protein	P63159	G123H (UniProt)	Rattus norvegicus (Rat)	1HME	-	Helix	48.28	7.0	20	0.47	-	-	Unknown	12468716	circular dichroism; divalent metals; DNA binding; high mobility group protein box B (rHMGB1b); protein stability	PROTEIN ENG 15, 817-825 (2002) PMID: 12468716	Bell AJ Jr, Xin H, Taudte S, Shi Z, Kallenbach NR.
29130	High mobility group protein	P63159	S121H (UniProt)	Rattus norvegicus (Rat)	1HME	-	Coil	60.58	7.0	20	-1.85	-	-	Unknown	12468716	circular dichroism; divalent metals; DNA binding; high mobility group protein box B (rHMGB1b); protein stability	PROTEIN ENG 15, 817-825 (2002) PMID: 12468716	Bell AJ Jr, Xin H, Taudte S, Shi Z, Kallenbach NR.
29131	High mobility group protein	P63159	I122H (UniProt)	Rattus norvegicus (Rat)	1HME	-	Helix	69.73	7.0	20	-1.23	-	-	Unknown	12468716	circular dichroism; divalent metals; DNA binding; high mobility group protein box B (rHMGB1b); protein stability	PROTEIN ENG 15, 817-825 (2002) PMID: 12468716	Bell AJ Jr, Xin H, Taudte S, Shi Z, Kallenbach NR.
29132	High mobility group protein	P63159	G123H (UniProt)	Rattus norvegicus (Rat)	1HME	-	Helix	48.28	7.0	20	-0.34	-	-	Unknown	12468716	circular dichroism; divalent metals; DNA binding; high mobility group protein box B (rHMGB1b); protein stability	PROTEIN ENG 15, 817-825 (2002) PMID: 12468716	Bell AJ Jr, Xin H, Taudte S, Shi Z, Kallenbach NR.
29867	Catabolite activator protein	P0ACJ8	S129A (UniProt)	Escherichia coli (strain K12)	1G6N	-	Coil	11.95	7.9	20	-0.26	-	-	yes	9588945	cyclic AMP receptor protein; Escherichia coli;	J PROTEIN CHEM 17, 219-228 (1998) PMID: 9588945	Malecki J, Wasylewski Z
29868	Catabolite activator protein	P0ACJ8	S129P (UniProt)	Escherichia coli (strain K12)	1G6N	-	Coil	11.95	7.9	20	0.14	-	-	yes	9588945	cyclic AMP receptor protein; Escherichia coli;	J PROTEIN CHEM 17, 219-228 (1998) PMID: 9588945	Malecki J, Wasylewski Z
30341	Subtilisin BPN'	P00782	Q70L (UniProt)	Bacillus amyloliquefaciens (Bacillus velezensis)	1SPB	-	-		5.0	20	-1.1	-	-	yes	9265621	folding equilibrium; thermodynamic analysis; two-state behavior;	BIOCHEMISTRY 36, 10414-10421 (1997) PMID: 9265621	Ruvinov S, Wang L, Ruan B, Almog O, Gilliland GL,
30342	Subtilisin BPN'	P00782	K87E (UniProt)	Bacillus amyloliquefaciens (Bacillus velezensis)	1SPB	-	-		5.0	20	-1	-	-	yes	9265621	folding equilibrium; thermodynamic analysis; two-state behavior;	BIOCHEMISTRY 36, 10414-10421 (1997) PMID: 9265621	Ruvinov S, Wang L, Ruan B, Almog O, Gilliland GL,
30659	Chitinase	Q9REI6	G130P (UniProt)	Arthrobacter sp.	1KFW	-	Helix	55.91	7.5	16	0.5	-	-	Unknown	12915727	chitinases; cold adaptation; mutagenesis; psychrophilic enzyme; thermostability	PROTEIN ENG 16, 497-503 (2003) PMID: 12915727	Mavromatis K, Feller G, Kokkinidis M, Bouriotis V.
30660	Chitinase	Q9REI6	N235K (UniProt)	Arthrobacter sp.	1KFW	-	Turn	71.72	7.5	16	0.81	-	-	Unknown	12915727	chitinases; cold adaptation; mutagenesis; psychrophilic enzyme; thermostability	PROTEIN ENG 16, 497-503 (2003) PMID: 12915727	Mavromatis K, Feller G, Kokkinidis M, Bouriotis V.
30661	Chitinase	Q9REI6	G291P (UniProt)	Arthrobacter sp.	1KFW	-	Helix	5.08	7.5	16	-0.65	-	-	Unknown	12915727	chitinases; cold adaptation; mutagenesis; psychrophilic enzyme; thermostability	PROTEIN ENG 16, 497-503 (2003) PMID: 12915727	Mavromatis K, Feller G, Kokkinidis M, Bouriotis V.
30662	Chitinase	Q9REI6	G443Q (UniProt)	Arthrobacter sp.	1KFW	-	Helix	38.12	7.5	16	0.62	-	-	Unknown	12915727	chitinases; cold adaptation; mutagenesis; psychrophilic enzyme; thermostability	PROTEIN ENG 16, 497-503 (2003) PMID: 12915727	Mavromatis K, Feller G, Kokkinidis M, Bouriotis V.
30675	Ribonuclease T1	P00651	D102N (PDB: D76N)	Aspergillus oryzae (strain ATCC 42149 / RIB 40) (Yellow koji mold)	1RN1	D76N	Sheet	2.78	7.0	15	-3.1	-	-	yes	10529213	charged; non-ion-paired; intramolecular hydrogen bond;	BIOCHEMISTRY 38, 13379-13384 (1999) PMID: 10529213	Giletto A, Pace CN
30676	Ribonuclease T1	P00651	D102S (PDB: D76S)	Aspergillus oryzae (strain ATCC 42149 / RIB 40) (Yellow koji mold)	1RN1	D76S	Sheet	2.78	7.0	15	-3.1	-	-	yes	10529213	charged; non-ion-paired; intramolecular hydrogen bond;	BIOCHEMISTRY 38, 13379-13384 (1999) PMID: 10529213	Giletto A, Pace CN
30677	Ribonuclease T1	P00651	D102A (PDB: D76A)	Aspergillus oryzae (strain ATCC 42149 / RIB 40) (Yellow koji mold)	1RN1	D76A	Sheet	2.78	7.0	15	-3.8	-	-	yes	10529213	charged; non-ion-paired; intramolecular hydrogen bond;	BIOCHEMISTRY 38, 13379-13384 (1999) PMID: 10529213	Giletto A, Pace CN
31213	Tumor suppressor P53 complexed with DNA	P04637	R175H (PDB: R175H)	Homo sapiens (Human)	1TUP	R175H	Coil	2.62	7.2	10	-3.01	-3.01	-	yes	9405613	thermodynamic stability; p53 core domain; tumor suppressor;	PROC NATL ACAD SCI U S A 94, 14338-14342 (1997) PMID: 9405613	Bullock AN, Henckel J, DeDecker BS, Johnson CM, Nikolova PV,
31214	Tumor suppressor P53 complexed with DNA	P04637	C242S (PDB: C242S)	Homo sapiens (Human)	1TUP	C242S	Coil	12.82	7.2	10	-2.94	-2.94	-	yes	9405613	thermodynamic stability; p53 core domain; tumor suppressor;	PROC NATL ACAD SCI U S A 94, 14338-14342 (1997) PMID: 9405613	Bullock AN, Henckel J, DeDecker BS, Johnson CM, Nikolova PV,
31215	Tumor suppressor P53 complexed with DNA	P04637	R248Q (PDB: R248Q)	Homo sapiens (Human)	1TUP	R248Q	Coil	89.52	7.2	10	-1.94	-1.94	-	yes	9405613	thermodynamic stability; p53 core domain; tumor suppressor;	PROC NATL ACAD SCI U S A 94, 14338-14342 (1997) PMID: 9405613	Bullock AN, Henckel J, DeDecker BS, Johnson CM, Nikolova PV,
31216	Tumor suppressor P53 complexed with DNA	P04637	R249S (PDB: R249S)	Homo sapiens (Human)	1TUP	R249S	Coil	8.73	7.2	10	-1.95	-1.95	-	yes	9405613	thermodynamic stability; p53 core domain; tumor suppressor;	PROC NATL ACAD SCI U S A 94, 14338-14342 (1997) PMID: 9405613	Bullock AN, Henckel J, DeDecker BS, Johnson CM, Nikolova PV,
31217	Tumor suppressor P53 complexed with DNA	P04637	R273H (PDB: R273H)	Homo sapiens (Human)	1TUP	R273H	Sheet	34.06	7.2	10	-0.35	-0.35	-	yes	9405613	thermodynamic stability; p53 core domain; tumor suppressor;	PROC NATL ACAD SCI U S A 94, 14338-14342 (1997) PMID: 9405613	Bullock AN, Henckel J, DeDecker BS, Johnson CM, Nikolova PV,
31415	Collagen; Synthetic	-	P26A (Based on Paper)	Synthetic	-	-	-		7.0	5	0.4	-	-	yes	12873129	collagen triple-helix; folding kinetics; folding rate; trans nucleation domain	BIOCHEMISTRY 42, 8696-8703 (2003) PMID: 12873129	Xu Y, Hyde T, Wang X, Bhate M, Brodsky B, Baum J.
