NO,PROTEIN,UniProt_ID,MUTATION,SOURCE,PDB_wild,PDB_Chain_Mutation,SEC_STR,ASA,pH,T_(C),∆∆G_(kcal/mol),∆∆G_H2O_(kcal/mol),STATE,REVERSIBILITY,PubMed_ID,KEY_WORDS,REFERENCE,AUTHOR,ddG,WT_AA,POSITION,MUT_AA,pH_num,temp_C_num,ASA_num,pH_missing,temp_missing,ASA_missing,mutation_basis,protein_group,mutation_key,row_id,split
176,Villin-1,P02640,D44N (UniProt),Gallus gallus (Chicken),1YRF,-,-,,3.0,-,1.73,-,-,-,33779182.0,Ferritin; nativs-side chain;Xa,"J Phys Chem B 125, 3269-3277 (2021) PMID: 33779182","Zou J, Xiao S, Simmerling C, Raleigh DP",1.73,D,44,N,3.0,,,0,1,1,uniprot,UP:P02640,UP:P02640:D44N,0,train
177,Villin-1,P02640,E795Q (UniProt),Gallus gallus (Chicken),1YRF,-,-,,3.0,-,1.9,-,-,-,33779182.0,Ferritin; nativs-side chain;Xa,"J Phys Chem B 125, 3269-3277 (2021) PMID: 33779182","Zou J, Xiao S, Simmerling C, Raleigh DP",1.9,E,795,Q,3.0,,,0,1,1,uniprot,UP:P02640,UP:P02640:E795Q,1,train
178,Villin-1,P02640,D796N (UniProt),Gallus gallus (Chicken),1YRF,-,-,,3.0,-,1.61,-,-,-,33779182.0,Ferritin; nativs-side chain;Xa,"J Phys Chem B 125, 3269-3277 (2021) PMID: 33779182","Zou J, Xiao S, Simmerling C, Raleigh DP",1.61,D,796,N,3.0,,,0,1,1,uniprot,UP:P02640,UP:P02640:D796N,2,train
179,Villin-1,P02640,E822Q (UniProt),Gallus gallus (Chicken),1YRF,-,-,,3.0,-,1.6,-,-,-,33779182.0,Ferritin; nativs-side chain;Xa,"J Phys Chem B 125, 3269-3277 (2021) PMID: 33779182","Zou J, Xiao S, Simmerling C, Raleigh DP",1.6,E,822,Q,3.0,,,0,1,1,uniprot,UP:P02640,UP:P02640:E822Q,3,train
181,Villin-1,P02640,D44N (UniProt),Gallus gallus (Chicken),1YRF,-,-,,6.0,-,-0.46,-,-,-,33779182.0,Ferritin; nativs-side chain;Xa,"J Phys Chem B 125, 3269-3277 (2021) PMID: 33779182","Zou J, Xiao S, Simmerling C, Raleigh DP",-0.46,D,44,N,6.0,,,0,1,1,uniprot,UP:P02640,UP:P02640:D44N,4,train
182,Villin-1,P02640,E795Q (UniProt),Gallus gallus (Chicken),1YRF,-,-,,6.0,-,-0.4,-,-,-,33779182.0,Ferritin; nativs-side chain;Xa,"J Phys Chem B 125, 3269-3277 (2021) PMID: 33779182","Zou J, Xiao S, Simmerling C, Raleigh DP",-0.4,E,795,Q,6.0,,,0,1,1,uniprot,UP:P02640,UP:P02640:E795Q,5,train
183,Villin-1,P02640,D796N (UniProt),Gallus gallus (Chicken),1YRF,-,-,,6.0,-,-0.88,-,-,-,33779182.0,Ferritin; nativs-side chain;Xa,"J Phys Chem B 125, 3269-3277 (2021) PMID: 33779182","Zou J, Xiao S, Simmerling C, Raleigh DP",-0.88,D,796,N,6.0,,,0,1,1,uniprot,UP:P02640,UP:P02640:D796N,6,train
184,Villin-1,P02640,E822Q (UniProt),Gallus gallus (Chicken),1YRF,-,-,,6.0,-,-0.1,-,-,-,33779182.0,Ferritin; nativs-side chain;Xa,"J Phys Chem B 125, 3269-3277 (2021) PMID: 33779182","Zou J, Xiao S, Simmerling C, Raleigh DP",-0.1,E,822,Q,6.0,,,0,1,1,uniprot,UP:P02640,UP:P02640:E822Q,7,train
197,Class A sortase SrtA,Q9S446,M155V (UniProt),Staphylococcus aureus,1T2P,-,-,,7.5,-,2.0076504,-,-,yes,32725168.0,sortase; consensus; thermostability,"Protein Eng Des Sel 32, 555-564 (2019) PMID: 32725168","Wójcik M,Vázquez Torres S, Quax WJ, Boersma YL",2.0076504,M,155,V,7.5,,,0,1,1,uniprot,UP:Q9S446,UP:Q9S446:M155V,8,test
198,Class A sortase SrtA,Q9S446,V193R (UniProt),Staphylococcus aureus,1T2P,-,-,,7.5,-,2.3183582,-,-,yes,32725168.0,sortase; consensus; thermostability,"Protein Eng Des Sel 32, 555-564 (2019) PMID: 32725168","Wójcik M,Vázquez Torres S, Quax WJ, Boersma YL",2.3183582,V,193,R,7.5,,,0,1,1,uniprot,UP:Q9S446,UP:Q9S446:V193R,9,test
289,Major prion protein,P04156,T183A (UniProt),Homo sapiens (Human),1E1G,-,-,,7.0,-,-2.1,-,-,-,33731477.0,neurodegenerative diseases; prion protein; Protein misfolding ; amyloid ; transmissible spongiform encephalopathies,"Proc Natl Acad Sci U S A 118, (2021) PMID: 33731477","Sanz-Hernández M, Barritt JD, Sobek J, Hornemann S, Aguzzi A, De Simone A",-2.1,T,183,A,7.0,,,0,1,1,uniprot,UP:P04156,UP:P04156:T183A,10,train
2012,Lysozyme,P00720,R96H (PDB: R96H),Enterobacteria phage T4 (Bacteriophage T4),2LZM,R96H,Helix,34.06,3.0,-,-3.3,-,-,yes,6726809.0,bacteriophage T4 lysozyme; free energies of unfolding;,"J MOL BIOL 175, 195-212 (1984) PMID: 6726809","Hawkes R, Grutter MG, Schellman J",-3.3,R,96,H,3.0,,34.06,0,1,0,pdb,UP:P00720,UP:P00720:R96H,11,train
2013,Lysozyme,P00720,M102V (PDB: M102V),Enterobacteria phage T4 (Bacteriophage T4),2LZM,M102V,Helix,1.5,3.0,-,-3,-,-,yes,6726809.0,bacteriophage T4 lysozyme; free energies of unfolding;,"J MOL BIOL 175, 195-212 (1984) PMID: 6726809","Hawkes R, Grutter MG, Schellman J",-3.0,M,102,V,3.0,,1.5,0,1,0,pdb,UP:P00720,UP:P00720:M102V,12,train
2163,Lysozyme,P00720,W138Y (PDB: W138Y),Enterobacteria phage T4 (Bacteriophage T4),2LZM,W138Y,Helix,4.99,2.2,-,-1.71,-,-,yes,911878.0,bacteriophage T4 lysozyme; tyrosine; tryptophan;,"BIOCHIM BIOPHYS ACTA 494, 367-383 (1977) PMID: 911878","Elwell ML, Schellman JA",-1.71,W,138,Y,2.2,,4.99,0,1,0,pdb,UP:P00720,UP:P00720:W138Y,13,train
6553,Rubredoxin,P00268,V24I (PDB: V24I),Clostridium pasteurianum,1IRO,V24I,Sheet,3.25,9.08,-,0.36,-,-,Yes,17118523.0,Hydrophobic core; Proteins; Thermostability; Thermodynamic additivity; NMR chemical exchange; Chimeric hybrids,"BIOPHYS CHEM 125, 483-489 (2007) PMID: 17118523","LeMaster DM, Hernandez G.",0.36,V,24,I,9.08,,3.25,0,1,0,pdb,UP:P00268,UP:P00268:V24I,14,train
6554,Rubredoxin,P00268,I33L (PDB: I33L),Clostridium pasteurianum,1IRO,I33L,Helix,0.54,9.08,-,0.76,-,-,Yes,17118523.0,Hydrophobic core; Proteins; Thermostability; Thermodynamic additivity; NMR chemical exchange; Chimeric hybrids,"BIOPHYS CHEM 125, 483-489 (2007) PMID: 17118523","LeMaster DM, Hernandez G.",0.76,I,33,L,9.08,,0.54,0,1,0,pdb,UP:P00268,UP:P00268:I33L,15,train
7533,Fibroblast growth factor-1,P05230,L59F (UniProt),Homo sapiens (Human),2AFG,-,Sheet,0.0,6.6,-,-0.72,-,-,Yes (>80%),19695265.0,FGF-1; protein engineering; thermostablity; protein half-life; free cysteine,"J MOL BIOL 393, 113-127 (2009) PMID: 19695265","Lee J, Blaber M.",-0.72,L,59,F,6.6,,0.0,0,1,0,uniprot,UP:P05230,UP:P05230:L59F,16,train
7534,Fibroblast growth factor-1,P05230,F100W (UniProt),Homo sapiens (Human),2AFG,-,Sheet,0.5,6.6,-,0.07,-,-,Yes (>80%),19695265.0,FGF-1; protein engineering; thermostablity; protein half-life; free cysteine,"J MOL BIOL 393, 113-127 (2009) PMID: 19695265","Lee J, Blaber M.",0.07,F,100,W,6.6,,0.5,0,1,0,uniprot,UP:P05230,UP:P05230:F100W,17,train
7535,Fibroblast growth factor-1,P05230,F147W (UniProt),Homo sapiens (Human),2AFG,-,Sheet,0.5,6.6,-,-0.29,-,-,Yes (>80%),19695265.0,FGF-1; protein engineering; thermostablity; protein half-life; free cysteine,"J MOL BIOL 393, 113-127 (2009) PMID: 19695265","Lee J, Blaber M.",-0.29,F,147,W,6.6,,0.5,0,1,0,uniprot,UP:P05230,UP:P05230:F147W,18,train
7845,Peripheral subunit-binding domain,P0AFG6,A113G (UniProt),Escherichia coli (strain K12),1W4H,-,Coil,35.39,7.0,-,0.04,-,-,Unknown,19445954.0,peripheral subunit-binding domain family; ultrafast protein folding; temperature-jump fluorescence spectroscopy; \A6\B5-value analysis; transition-state movement,"J MOL BIOL 390, 1060-1073 (2009) PMID: 19445954","Neuweiler H, Sharpe TD, Rutherford TJ, Johnson CM, Allen MD, Ferguson N, Fersht AR.",0.04,A,113,G,7.0,,35.39,0,1,0,uniprot,UP:P0AFG6,UP:P0AFG6:A113G,19,train
7846,Peripheral subunit-binding domain,P0AFG6,L114A (UniProt),Escherichia coli (strain K12),1W4H,-,Coil,26.76,7.0,-,0.94,-,-,Unknown,19445954.0,peripheral subunit-binding domain family; ultrafast protein folding; temperature-jump fluorescence spectroscopy; \A6\B5-value analysis; transition-state movement,"J MOL BIOL 390, 1060-1073 (2009) PMID: 19445954","Neuweiler H, Sharpe TD, Rutherford TJ, Johnson CM, Allen MD, Ferguson N, Fersht AR.",0.94,L,114,A,7.0,,26.76,0,1,0,uniprot,UP:P0AFG6,UP:P0AFG6:L114A,20,train
7847,Peripheral subunit-binding domain,P0AFG6,S115G (UniProt),Escherichia coli (strain K12),1W4H,-,Coil,19.62,7.0,-,0.47,-,-,Unknown,19445954.0,peripheral subunit-binding domain family; ultrafast protein folding; temperature-jump fluorescence spectroscopy; \A6\B5-value analysis; transition-state movement,"J MOL BIOL 390, 1060-1073 (2009) PMID: 19445954","Neuweiler H, Sharpe TD, Rutherford TJ, Johnson CM, Allen MD, Ferguson N, Fersht AR.",0.47,S,115,G,7.0,,19.62,0,1,0,uniprot,UP:P0AFG6,UP:P0AFG6:S115G,21,train
7848,Peripheral subunit-binding domain,P0AFG6,P116A (UniProt),Escherichia coli (strain K12),1W4H,-,Helix,79.63,7.0,-,-0.38,-,-,Unknown,19445954.0,peripheral subunit-binding domain family; ultrafast protein folding; temperature-jump fluorescence spectroscopy; \A6\B5-value analysis; transition-state movement,"J MOL BIOL 390, 1060-1073 (2009) PMID: 19445954","Neuweiler H, Sharpe TD, Rutherford TJ, Johnson CM, Allen MD, Ferguson N, Fersht AR.",-0.38,P,116,A,7.0,,79.63,0,1,0,uniprot,UP:P0AFG6,UP:P0AFG6:P116A,22,train
7849,Peripheral subunit-binding domain,P0AFG6,A117G (UniProt),Escherichia coli (strain K12),1W4H,-,Helix,37.21,7.0,-,0.37,-,-,Unknown,19445954.0,peripheral subunit-binding domain family; ultrafast protein folding; temperature-jump fluorescence spectroscopy; \A6\B5-value analysis; transition-state movement,"J MOL BIOL 390, 1060-1073 (2009) PMID: 19445954","Neuweiler H, Sharpe TD, Rutherford TJ, Johnson CM, Allen MD, Ferguson N, Fersht AR.",0.37,A,117,G,7.0,,37.21,0,1,0,uniprot,UP:P0AFG6,UP:P0AFG6:A117G,23,train
7850,Peripheral subunit-binding domain,P0AFG6,I118V (UniProt),Escherichia coli (strain K12),1W4H,-,Helix,3.24,7.0,-,0.03,-,-,Unknown,19445954.0,peripheral subunit-binding domain family; ultrafast protein folding; temperature-jump fluorescence spectroscopy; \A6\B5-value analysis; transition-state movement,"J MOL BIOL 390, 1060-1073 (2009) PMID: 19445954","Neuweiler H, Sharpe TD, Rutherford TJ, Johnson CM, Allen MD, Ferguson N, Fersht AR.",0.03,I,118,V,7.0,,3.24,0,1,0,uniprot,UP:P0AFG6,UP:P0AFG6:I118V,24,train
7851,Peripheral subunit-binding domain,P0AFG6,I118A (UniProt),Escherichia coli (strain K12),1W4H,-,Helix,3.24,7.0,-,1.63,-,-,Unknown,19445954.0,peripheral subunit-binding domain family; ultrafast protein folding; temperature-jump fluorescence spectroscopy; \A6\B5-value analysis; transition-state movement,"J MOL BIOL 390, 1060-1073 (2009) PMID: 19445954","Neuweiler H, Sharpe TD, Rutherford TJ, Johnson CM, Allen MD, Ferguson N, Fersht AR.",1.63,I,118,A,7.0,,3.24,0,1,0,uniprot,UP:P0AFG6,UP:P0AFG6:I118A,25,train
7852,Peripheral subunit-binding domain,P0AFG6,L121A (UniProt),Escherichia coli (strain K12),1W4H,-,Helix,13.11,7.0,-,1.67,-,-,Unknown,19445954.0,peripheral subunit-binding domain family; ultrafast protein folding; temperature-jump fluorescence spectroscopy; \A6\B5-value analysis; transition-state movement,"J MOL BIOL 390, 1060-1073 (2009) PMID: 19445954","Neuweiler H, Sharpe TD, Rutherford TJ, Johnson CM, Allen MD, Ferguson N, Fersht AR.",1.67,L,121,A,7.0,,13.11,0,1,0,uniprot,UP:P0AFG6,UP:P0AFG6:L121A,26,train
7853,Peripheral subunit-binding domain,P0AFG6,L122A (UniProt),Escherichia coli (strain K12),1W4H,-,Helix,3.82,7.0,-,3.5,-,-,Unknown,19445954.0,peripheral subunit-binding domain family; ultrafast protein folding; temperature-jump fluorescence spectroscopy; \A6\B5-value analysis; transition-state movement,"J MOL BIOL 390, 1060-1073 (2009) PMID: 19445954","Neuweiler H, Sharpe TD, Rutherford TJ, Johnson CM, Allen MD, Ferguson N, Fersht AR.",3.5,L,122,A,7.0,,3.82,0,1,0,uniprot,UP:P0AFG6,UP:P0AFG6:L122A,27,train
7854,Peripheral subunit-binding domain,P0AFG6,A123G (UniProt),Escherichia coli (strain K12),1W4H,-,Helix,68.97,7.0,-,1.02,-,-,Unknown,19445954.0,peripheral subunit-binding domain family; ultrafast protein folding; temperature-jump fluorescence spectroscopy; \A6\B5-value analysis; transition-state movement,"J MOL BIOL 390, 1060-1073 (2009) PMID: 19445954","Neuweiler H, Sharpe TD, Rutherford TJ, Johnson CM, Allen MD, Ferguson N, Fersht AR.",1.02,A,123,G,7.0,,68.97,0,1,0,uniprot,UP:P0AFG6,UP:P0AFG6:A123G,28,train
7855,Peripheral subunit-binding domain,P0AFG6,L127A (UniProt),Escherichia coli (strain K12),1W4H,-,Coil,20.75,7.0,-,1.9,-,-,Unknown,19445954.0,peripheral subunit-binding domain family; ultrafast protein folding; temperature-jump fluorescence spectroscopy; \A6\B5-value analysis; transition-state movement,"J MOL BIOL 390, 1060-1073 (2009) PMID: 19445954","Neuweiler H, Sharpe TD, Rutherford TJ, Johnson CM, Allen MD, Ferguson N, Fersht AR.",1.9,L,127,A,7.0,,20.75,0,1,0,uniprot,UP:P0AFG6,UP:P0AFG6:L127A,29,train
7856,Peripheral subunit-binding domain,P0AFG6,A129G (UniProt),Escherichia coli (strain K12),1W4H,-,Helix,6.35,7.0,-,0.58,-,-,Unknown,19445954.0,peripheral subunit-binding domain family; ultrafast protein folding; temperature-jump fluorescence spectroscopy; \A6\B5-value analysis; transition-state movement,"J MOL BIOL 390, 1060-1073 (2009) PMID: 19445954","Neuweiler H, Sharpe TD, Rutherford TJ, Johnson CM, Allen MD, Ferguson N, Fersht AR.",0.58,A,129,G,7.0,,6.35,0,1,0,uniprot,UP:P0AFG6,UP:P0AFG6:A129G,30,train
7857,Peripheral subunit-binding domain,P0AFG6,A131G (UniProt),Escherichia coli (strain K12),1W4H,-,Helix,49.91,7.0,-,0.43,-,-,Unknown,19445954.0,peripheral subunit-binding domain family; ultrafast protein folding; temperature-jump fluorescence spectroscopy; \A6\B5-value analysis; transition-state movement,"J MOL BIOL 390, 1060-1073 (2009) PMID: 19445954","Neuweiler H, Sharpe TD, Rutherford TJ, Johnson CM, Allen MD, Ferguson N, Fersht AR.",0.43,A,131,G,7.0,,49.91,0,1,0,uniprot,UP:P0AFG6,UP:P0AFG6:A131G,31,train
7858,Peripheral subunit-binding domain,P0AFG6,I132V (UniProt),Escherichia coli (strain K12),1W4H,-,Helix,4.86,7.0,-,0.75,-,-,Unknown,19445954.0,peripheral subunit-binding domain family; ultrafast protein folding; temperature-jump fluorescence spectroscopy; \A6\B5-value analysis; transition-state movement,"J MOL BIOL 390, 1060-1073 (2009) PMID: 19445954","Neuweiler H, Sharpe TD, Rutherford TJ, Johnson CM, Allen MD, Ferguson N, Fersht AR.",0.75,I,132,V,7.0,,4.86,0,1,0,uniprot,UP:P0AFG6,UP:P0AFG6:I132V,32,train
7859,Peripheral subunit-binding domain,P0AFG6,T135S (UniProt),Escherichia coli (strain K12),1W4H,-,Turn,77.14,7.0,-,0.29,-,-,Unknown,19445954.0,peripheral subunit-binding domain family; ultrafast protein folding; temperature-jump fluorescence spectroscopy; \A6\B5-value analysis; transition-state movement,"J MOL BIOL 390, 1060-1073 (2009) PMID: 19445954","Neuweiler H, Sharpe TD, Rutherford TJ, Johnson CM, Allen MD, Ferguson N, Fersht AR.",0.29,T,135,S,7.0,,77.14,0,1,0,uniprot,UP:P0AFG6,UP:P0AFG6:T135S,33,train
7860,Peripheral subunit-binding domain,P0AFG6,T135A (UniProt),Escherichia coli (strain K12),1W4H,-,Turn,77.14,7.0,-,1.36,-,-,Unknown,19445954.0,peripheral subunit-binding domain family; ultrafast protein folding; temperature-jump fluorescence spectroscopy; \A6\B5-value analysis; transition-state movement,"J MOL BIOL 390, 1060-1073 (2009) PMID: 19445954","Neuweiler H, Sharpe TD, Rutherford TJ, Johnson CM, Allen MD, Ferguson N, Fersht AR.",1.36,T,135,A,7.0,,77.14,0,1,0,uniprot,UP:P0AFG6,UP:P0AFG6:T135A,34,train
7861,Peripheral subunit-binding domain,P0AFG6,V137G (UniProt),Escherichia coli (strain K12),1W4H,-,Turn,73.52,7.0,-,0.84,-,-,Unknown,19445954.0,peripheral subunit-binding domain family; ultrafast protein folding; temperature-jump fluorescence spectroscopy; \A6\B5-value analysis; transition-state movement,"J MOL BIOL 390, 1060-1073 (2009) PMID: 19445954","Neuweiler H, Sharpe TD, Rutherford TJ, Johnson CM, Allen MD, Ferguson N, Fersht AR.",0.84,V,137,G,7.0,,73.52,0,1,0,uniprot,UP:P0AFG6,UP:P0AFG6:V137G,35,train
7862,Peripheral subunit-binding domain,P0AFG6,L141A (UniProt),Escherichia coli (strain K12),1W4H,-,Coil,4.92,7.0,-,2.12,-,-,Unknown,19445954.0,peripheral subunit-binding domain family; ultrafast protein folding; temperature-jump fluorescence spectroscopy; \A6\B5-value analysis; transition-state movement,"J MOL BIOL 390, 1060-1073 (2009) PMID: 19445954","Neuweiler H, Sharpe TD, Rutherford TJ, Johnson CM, Allen MD, Ferguson N, Fersht AR.",2.12,L,141,A,7.0,,4.92,0,1,0,uniprot,UP:P0AFG6,UP:P0AFG6:L141A,36,train
7863,Peripheral subunit-binding domain,P0AFG6,T142S (UniProt),Escherichia coli (strain K12),1W4H,-,Turn,24.51,7.0,-,1.63,-,-,Unknown,19445954.0,peripheral subunit-binding domain family; ultrafast protein folding; temperature-jump fluorescence spectroscopy; \A6\B5-value analysis; transition-state movement,"J MOL BIOL 390, 1060-1073 (2009) PMID: 19445954","Neuweiler H, Sharpe TD, Rutherford TJ, Johnson CM, Allen MD, Ferguson N, Fersht AR.",1.63,T,142,S,7.0,,24.51,0,1,0,uniprot,UP:P0AFG6,UP:P0AFG6:T142S,37,train
7864,Peripheral subunit-binding domain,P0AFG6,D145N (UniProt),Escherichia coli (strain K12),1W4H,-,Helix,12.49,7.0,-,3.1,-,-,Unknown,19445954.0,peripheral subunit-binding domain family; ultrafast protein folding; temperature-jump fluorescence spectroscopy; \A6\B5-value analysis; transition-state movement,"J MOL BIOL 390, 1060-1073 (2009) PMID: 19445954","Neuweiler H, Sharpe TD, Rutherford TJ, Johnson CM, Allen MD, Ferguson N, Fersht AR.",3.1,D,145,N,7.0,,12.49,0,1,0,uniprot,UP:P0AFG6,UP:P0AFG6:D145N,38,train
7865,Peripheral subunit-binding domain,P0AFG6,V146A (UniProt),Escherichia coli (strain K12),1W4H,-,Helix,0.0,7.0,-,2.02,-,-,Unknown,19445954.0,peripheral subunit-binding domain family; ultrafast protein folding; temperature-jump fluorescence spectroscopy; \A6\B5-value analysis; transition-state movement,"J MOL BIOL 390, 1060-1073 (2009) PMID: 19445954","Neuweiler H, Sharpe TD, Rutherford TJ, Johnson CM, Allen MD, Ferguson N, Fersht AR.",2.02,V,146,A,7.0,,0.0,0,1,0,uniprot,UP:P0AFG6,UP:P0AFG6:V146A,39,train
7866,Peripheral subunit-binding domain,P0AFG6,H149A (UniProt),Escherichia coli (strain K12),1W4H,-,Helix,16.49,7.0,-,-0.06,-,-,Unknown,19445954.0,peripheral subunit-binding domain family; ultrafast protein folding; temperature-jump fluorescence spectroscopy; \A6\B5-value analysis; transition-state movement,"J MOL BIOL 390, 1060-1073 (2009) PMID: 19445954","Neuweiler H, Sharpe TD, Rutherford TJ, Johnson CM, Allen MD, Ferguson N, Fersht AR.",-0.06,H,149,A,7.0,,16.49,0,1,0,uniprot,UP:P0AFG6,UP:P0AFG6:H149A,40,train
7867,Peripheral subunit-binding domain,P0AFG6,H149G (UniProt),Escherichia coli (strain K12),1W4H,-,Helix,16.49,7.0,-,1.58,-,-,Unknown,19445954.0,peripheral subunit-binding domain family; ultrafast protein folding; temperature-jump fluorescence spectroscopy; \A6\B5-value analysis; transition-state movement,"J MOL BIOL 390, 1060-1073 (2009) PMID: 19445954","Neuweiler H, Sharpe TD, Rutherford TJ, Johnson CM, Allen MD, Ferguson N, Fersht AR.",1.58,H,149,G,7.0,,16.49,0,1,0,uniprot,UP:P0AFG6,UP:P0AFG6:H149G,41,train
7868,Peripheral subunit-binding domain,P0AFG6,L150A (UniProt),Escherichia coli (strain K12),1W4H,-,Helix,22.94,7.0,-,0.57,-,-,Unknown,19445954.0,peripheral subunit-binding domain family; ultrafast protein folding; temperature-jump fluorescence spectroscopy; \A6\B5-value analysis; transition-state movement,"J MOL BIOL 390, 1060-1073 (2009) PMID: 19445954","Neuweiler H, Sharpe TD, Rutherford TJ, Johnson CM, Allen MD, Ferguson N, Fersht AR.",0.57,L,150,A,7.0,,22.94,0,1,0,uniprot,UP:P0AFG6,UP:P0AFG6:L150A,42,train
7869,Peripheral subunit-binding domain,P0AFG6,A151G (UniProt),Escherichia coli (strain K12),1W4H,-,Helix,77.13,7.0,-,0.07,-,-,Unknown,19445954.0,peripheral subunit-binding domain family; ultrafast protein folding; temperature-jump fluorescence spectroscopy; \A6\B5-value analysis; transition-state movement,"J MOL BIOL 390, 1060-1073 (2009) PMID: 19445954","Neuweiler H, Sharpe TD, Rutherford TJ, Johnson CM, Allen MD, Ferguson N, Fersht AR.",0.07,A,151,G,7.0,,77.13,0,1,0,uniprot,UP:P0AFG6,UP:P0AFG6:A151G,43,train
7871,Peripheral subunit-binding domain,P0AFG6,L150A (UniProt),Escherichia coli (strain K12),1W4H,-,Helix,22.94,7.0,-,1.18,-,-,Unknown,19445954.0,peripheral subunit-binding domain family; ultrafast protein folding; temperature-jump fluorescence spectroscopy; \A6\B5-value analysis; transition-state movement,"J MOL BIOL 390, 1060-1073 (2009) PMID: 19445954","Neuweiler H, Sharpe TD, Rutherford TJ, Johnson CM, Allen MD, Ferguson N, Fersht AR.",1.18,L,150,A,7.0,,22.94,0,1,0,uniprot,UP:P0AFG6,UP:P0AFG6:L150A,44,train
10724,Alpha-lactalbumin,P00711,H51Y (UniProt),Bos taurus (Bovine),1HFZ,-,Helix,42.33,7.4,-,0.07,-,-,yes(>95%),10436084.0,flexibility; alpha-lactalbumin; lactose synthase;,"PROTEIN ENG 12, 581-587 (1999) PMID: 10436084","Greene LH, Grobler JA, Malinovskii VA, Tian J, Acharya KR,",0.07,H,51,Y,7.4,,42.33,0,1,0,uniprot,UP:P00711,UP:P00711:H51Y,45,test
10725,Alpha-lactalbumin,P00711,H51A (UniProt),Bos taurus (Bovine),1HFZ,-,Helix,42.33,7.4,-,-2.13,-,-,yes(>95%),10436084.0,flexibility; alpha-lactalbumin; lactose synthase;,"PROTEIN ENG 12, 581-587 (1999) PMID: 10436084","Greene LH, Grobler JA, Malinovskii VA, Tian J, Acharya KR,",-2.13,H,51,A,7.4,,42.33,0,1,0,uniprot,UP:P00711,UP:P00711:H51A,46,test
10726,Alpha-lactalbumin,P00711,L129H (UniProt),Bos taurus (Bovine),1HFZ,-,Helix,51.88,7.4,-,1.39,-,-,yes(>95%),10436084.0,flexibility; alpha-lactalbumin; lactose synthase;,"PROTEIN ENG 12, 581-587 (1999) PMID: 10436084","Greene LH, Grobler JA, Malinovskii VA, Tian J, Acharya KR,",1.39,L,129,H,7.4,,51.88,0,1,0,uniprot,UP:P00711,UP:P00711:L129H,47,test
10727,Alpha-lactalbumin,P00711,L129R (UniProt),Bos taurus (Bovine),1HFZ,-,Helix,51.88,7.4,-,0.43,-,-,yes(>95%),10436084.0,flexibility; alpha-lactalbumin; lactose synthase;,"PROTEIN ENG 12, 581-587 (1999) PMID: 10436084","Greene LH, Grobler JA, Malinovskii VA, Tian J, Acharya KR,",0.43,L,129,R,7.4,,51.88,0,1,0,uniprot,UP:P00711,UP:P00711:L129R,48,test
10728,Alpha-lactalbumin,P00711,L129E (UniProt),Bos taurus (Bovine),1HFZ,-,Helix,51.88,7.4,-,-0.19,-,-,yes(>95%),10436084.0,flexibility; alpha-lactalbumin; lactose synthase;,"PROTEIN ENG 12, 581-587 (1999) PMID: 10436084","Greene LH, Grobler JA, Malinovskii VA, Tian J, Acharya KR,",-0.19,L,129,E,7.4,,51.88,0,1,0,uniprot,UP:P00711,UP:P00711:L129E,49,test
10729,Alpha-lactalbumin,P00711,Q136A (UniProt),Bos taurus (Bovine),1HFZ,-,Helix,64.95,7.4,-,-0.96,-,-,yes(>95%),10436084.0,flexibility; alpha-lactalbumin; lactose synthase;,"PROTEIN ENG 12, 581-587 (1999) PMID: 10436084","Greene LH, Grobler JA, Malinovskii VA, Tian J, Acharya KR,",-0.96,Q,136,A,7.4,,64.95,0,1,0,uniprot,UP:P00711,UP:P00711:Q136A,50,test
10730,Alpha-lactalbumin,P00711,W137Y (UniProt),Bos taurus (Bovine),1HFZ,-,Helix,14.97,7.4,-,-1.17,-,-,yes(>95%),10436084.0,flexibility; alpha-lactalbumin; lactose synthase;,"PROTEIN ENG 12, 581-587 (1999) PMID: 10436084","Greene LH, Grobler JA, Malinovskii VA, Tian J, Acharya KR,",-1.17,W,137,Y,7.4,,14.97,0,1,0,uniprot,UP:P00711,UP:P00711:W137Y,51,test
10731,Alpha-lactalbumin,P00711,W137H (UniProt),Bos taurus (Bovine),1HFZ,-,Helix,14.97,7.4,-,-0.6,-,-,yes(>95%),10436084.0,flexibility; alpha-lactalbumin; lactose synthase;,"PROTEIN ENG 12, 581-587 (1999) PMID: 10436084","Greene LH, Grobler JA, Malinovskii VA, Tian J, Acharya KR,",-0.6,W,137,H,7.4,,14.97,0,1,0,uniprot,UP:P00711,UP:P00711:W137H,52,test
10732,Alpha-lactalbumin,P00711,A125S (UniProt),Bos taurus (Bovine),1HFZ,-,Helix,15.43,7.4,-,-1.05,-,-,yes(>95%),10436084.0,flexibility; alpha-lactalbumin; lactose synthase;,"PROTEIN ENG 12, 581-587 (1999) PMID: 10436084","Greene LH, Grobler JA, Malinovskii VA, Tian J, Acharya KR,",-1.05,A,125,S,7.4,,15.43,0,1,0,uniprot,UP:P00711,UP:P00711:A125S,53,test
10733,Alpha-lactalbumin,P00711,H126Y (UniProt),Bos taurus (Bovine),1HFZ,-,Helix,12.09,7.4,-,-0.19,-,-,yes(>95%),10436084.0,flexibility; alpha-lactalbumin; lactose synthase;,"PROTEIN ENG 12, 581-587 (1999) PMID: 10436084","Greene LH, Grobler JA, Malinovskii VA, Tian J, Acharya KR,",-0.19,H,126,Y,7.4,,12.09,0,1,0,uniprot,UP:P00711,UP:P00711:H126Y,54,test
10734,Alpha-lactalbumin,P00711,H126A (UniProt),Bos taurus (Bovine),1HFZ,-,Helix,12.09,7.4,-,-0.79,-,-,yes(>95%),10436084.0,flexibility; alpha-lactalbumin; lactose synthase;,"PROTEIN ENG 12, 581-587 (1999) PMID: 10436084","Greene LH, Grobler JA, Malinovskii VA, Tian J, Acharya KR,",-0.79,H,126,A,7.4,,12.09,0,1,0,uniprot,UP:P00711,UP:P00711:H126A,55,test
10735,Alpha-lactalbumin,P00711,H126W (UniProt),Bos taurus (Bovine),1HFZ,-,Helix,12.09,7.4,-,-1.72,-,-,yes(>95%),10436084.0,flexibility; alpha-lactalbumin; lactose synthase;,"PROTEIN ENG 12, 581-587 (1999) PMID: 10436084","Greene LH, Grobler JA, Malinovskii VA, Tian J, Acharya KR,",-1.72,H,126,W,7.4,,12.09,0,1,0,uniprot,UP:P00711,UP:P00711:H126W,56,test
10736,Alpha-lactalbumin,P00711,K133N (UniProt),Bos taurus (Bovine),1HFZ,-,Coil,59.31,7.4,-,2.65,-,-,yes(>95%),10436084.0,flexibility; alpha-lactalbumin; lactose synthase;,"PROTEIN ENG 12, 581-587 (1999) PMID: 10436084","Greene LH, Grobler JA, Malinovskii VA, Tian J, Acharya KR,",2.65,K,133,N,7.4,,59.31,0,1,0,uniprot,UP:P00711,UP:P00711:K133N,57,test
10737,Alpha-lactalbumin,P00711,K133Q (UniProt),Bos taurus (Bovine),1HFZ,-,Coil,59.31,7.4,-,-0.6,-,-,yes(>95%),10436084.0,flexibility; alpha-lactalbumin; lactose synthase;,"PROTEIN ENG 12, 581-587 (1999) PMID: 10436084","Greene LH, Grobler JA, Malinovskii VA, Tian J, Acharya KR,",-0.6,K,133,Q,7.4,,59.31,0,1,0,uniprot,UP:P00711,UP:P00711:K133Q,58,test
10738,Alpha-lactalbumin,P00711,K133E (UniProt),Bos taurus (Bovine),1HFZ,-,Coil,59.31,7.4,-,-0.65,-,-,yes(>95%),10436084.0,flexibility; alpha-lactalbumin; lactose synthase;,"PROTEIN ENG 12, 581-587 (1999) PMID: 10436084","Greene LH, Grobler JA, Malinovskii VA, Tian J, Acharya KR,",-0.65,K,133,E,7.4,,59.31,0,1,0,uniprot,UP:P00711,UP:P00711:K133E,59,test
10739,Alpha-lactalbumin,P00711,V61N (UniProt),Bos taurus (Bovine),1HFZ,-,Sheet,39.04,7.4,-,-0.24,-,-,yes(>95%),10436084.0,flexibility; alpha-lactalbumin; lactose synthase;,"PROTEIN ENG 12, 581-587 (1999) PMID: 10436084","Greene LH, Grobler JA, Malinovskii VA, Tian J, Acharya KR,",-0.24,V,61,N,7.4,,39.04,0,1,0,uniprot,UP:P00711,UP:P00711:V61N,60,test
10740,Alpha-lactalbumin,P00711,V61A (UniProt),Bos taurus (Bovine),1HFZ,-,Sheet,39.04,7.4,-,-0.93,-,-,yes(>95%),10436084.0,flexibility; alpha-lactalbumin; lactose synthase;,"PROTEIN ENG 12, 581-587 (1999) PMID: 10436084","Greene LH, Grobler JA, Malinovskii VA, Tian J, Acharya KR,",-0.93,V,61,A,7.4,,39.04,0,1,0,uniprot,UP:P00711,UP:P00711:V61A,61,test
10741,Alpha-lactalbumin,P00711,V61G (UniProt),Bos taurus (Bovine),1HFZ,-,Sheet,39.04,7.4,-,-1.15,-,-,yes(>95%),10436084.0,flexibility; alpha-lactalbumin; lactose synthase;,"PROTEIN ENG 12, 581-587 (1999) PMID: 10436084","Greene LH, Grobler JA, Malinovskii VA, Tian J, Acharya KR,",-1.15,V,61,G,7.4,,39.04,0,1,0,uniprot,UP:P00711,UP:P00711:V61G,62,test
10742,Alpha-lactalbumin,P00711,Q73A (UniProt),Bos taurus (Bovine),1HFZ,-,Coil,5.6,7.4,-,-0.41,-,-,yes(>95%),10436084.0,flexibility; alpha-lactalbumin; lactose synthase;,"PROTEIN ENG 12, 581-587 (1999) PMID: 10436084","Greene LH, Grobler JA, Malinovskii VA, Tian J, Acharya KR,",-0.41,Q,73,A,7.4,,5.6,0,1,0,uniprot,UP:P00711,UP:P00711:Q73A,63,test
10743,Alpha-lactalbumin,P00711,I78W (UniProt),Bos taurus (Bovine),1HFZ,-,Helix,35.14,7.4,-,-0.93,-,-,yes(>95%),10436084.0,flexibility; alpha-lactalbumin; lactose synthase;,"PROTEIN ENG 12, 581-587 (1999) PMID: 10436084","Greene LH, Grobler JA, Malinovskii VA, Tian J, Acharya KR,",-0.93,I,78,W,7.4,,35.14,0,1,0,uniprot,UP:P00711,UP:P00711:I78W,64,test
10744,Alpha-lactalbumin,P00711,Y122P (UniProt),Bos taurus (Bovine),1HFZ,-,Helix,17.31,7.4,-,-0.22,-,-,yes(>95%),10436084.0,flexibility; alpha-lactalbumin; lactose synthase;,"PROTEIN ENG 12, 581-587 (1999) PMID: 10436084","Greene LH, Grobler JA, Malinovskii VA, Tian J, Acharya KR,",-0.22,Y,122,P,7.4,,17.31,0,1,0,uniprot,UP:P00711,UP:P00711:Y122P,65,test
10745,Alpha-lactalbumin,P00711,Y122A (UniProt),Bos taurus (Bovine),1HFZ,-,Helix,17.31,7.4,-,-2.39,-,-,yes(>95%),10436084.0,flexibility; alpha-lactalbumin; lactose synthase;,"PROTEIN ENG 12, 581-587 (1999) PMID: 10436084","Greene LH, Grobler JA, Malinovskii VA, Tian J, Acharya KR,",-2.39,Y,122,A,7.4,,17.31,0,1,0,uniprot,UP:P00711,UP:P00711:Y122A,66,test
10746,Alpha-lactalbumin,P00711,W123Y (UniProt),Bos taurus (Bovine),1HFZ,-,Coil,3.74,7.4,-,-2.44,-,-,yes(>95%),10436084.0,flexibility; alpha-lactalbumin; lactose synthase;,"PROTEIN ENG 12, 581-587 (1999) PMID: 10436084","Greene LH, Grobler JA, Malinovskii VA, Tian J, Acharya KR,",-2.44,W,123,Y,7.4,,3.74,0,1,0,uniprot,UP:P00711,UP:P00711:W123Y,67,test
12234,Beta-lactamase TEM,P62593,G236S (UniProt),Escherichia coli,1BTL,-,Helix,2.54,7.0,-,2.2,-,2,yes,28087769.0,beta lactamase; TEM-1; thermostable,"Mol Biol Evol 34(5), 1040-1054 (2017) PMID: 28087769","Knies JL, Cai F, Weinreich DM.",2.2,G,236,S,7.0,,2.54,0,1,0,uniprot,UP:P62593,UP:P62593:G236S,68,test
12235,Beta-lactamase TEM,P62593,M180T (Based on UniProt),Escherichia coli,1BTL,-,Turn,18.99,7.0,-,-3.5,-,2,yes,28087769.0,beta lactamase; TEM-1; thermostable,"Mol Biol Evol 34(5), 1040-1054 (2017) PMID: 28087769","Knies JL, Cai F, Weinreich DM.",-3.5,M,180,T,7.0,,18.99,0,1,0,uniprot,UP:P62593,UP:P62593:M180T,69,test
12237,Beta-lactamase TEM,P62593,E102K (Based on UniProt),Escherichia coli,1BTL,-,Sheet,78.42,7.0,-,0.4,-,2,yes,28087769.0,beta lactamase; TEM-1; thermostable,"Mol Biol Evol 34(5), 1040-1054 (2017) PMID: 28087769","Knies JL, Cai F, Weinreich DM.",0.4,E,102,K,7.0,,78.42,0,1,0,uniprot,UP:P62593,UP:P62593:E102K,70,test
12241,Beta-lactamase TEM,P62593,A40S (Based on UniProt),Escherichia coli,1BTL,-,Coil,17.24,7.0,-,-3.5,-,2,yes,28087769.0,beta lactamase; TEM-1; thermostable,"Mol Biol Evol 34(5), 1040-1054 (2017) PMID: 28087769","Knies JL, Cai F, Weinreich DM.",-3.5,A,40,S,7.0,,17.24,0,1,0,uniprot,UP:P62593,UP:P62593:A40S,71,test
12864,Villin-1,P02640,S793A (UniProt),Gallus gallus (Chicken),1WY3,-,Coil,49.49,7.0,-,-0.8,-,2,yes,24591301.0,VHP; VlsE; RNase; borrelia,"Protein Sci 23(5), 652-61 (2014) PMID: 24591301","Pace CN, Fu H, Lee Fryar K, Landua J, Trevino SR, Schell D, Thurlkill RL, Imura S, Scholtz JM, Gajiwala K, Sevcik J, Urbanikova L, Myers JK, Takano K, Hebert EJ, Shirley BA, Grimsley GR.",-0.8,S,793,A,7.0,,49.49,0,1,0,uniprot,UP:P02640,UP:P02640:S793A,72,train
12865,Villin-1,P02640,T804V (UniProt),Gallus gallus (Chicken),1WY3,-,Turn,41.82,7.0,-,-1.1,-,2,yes,24591301.0,VHP; VlsE; RNase; borrelia,"Protein Sci 23(5), 652-61 (2014) PMID: 24591301","Pace CN, Fu H, Lee Fryar K, Landua J, Trevino SR, Schell D, Thurlkill RL, Imura S, Scholtz JM, Gajiwala K, Sevcik J, Urbanikova L, Myers JK, Takano K, Hebert EJ, Shirley BA, Grimsley GR.",-1.1,T,804,V,7.0,,41.82,0,1,0,uniprot,UP:P02640,UP:P02640:T804V,73,train
12867,Guanyl-specific ribonuclease Sa (RNase Sa) (EC 4.6.1.24),P05798,N20A (PDB: N20A),Kitasatospora aureofaciens (Streptomyces aureofaciens),1RGG,N20A,Coil,70.36,7.0,-,0,-,2,yes,24591301.0,VHP; VlsE; RNase; borrelia,"Protein Sci 23(5), 652-61 (2014) PMID: 24591301","Pace CN, Fu H, Lee Fryar K, Landua J, Trevino SR, Schell D, Thurlkill RL, Imura S, Scholtz JM, Gajiwala K, Sevcik J, Urbanikova L, Myers JK, Takano K, Hebert EJ, Shirley BA, Grimsley GR.",0.0,N,20,A,7.0,,70.36,0,1,0,pdb,UP:P05798,UP:P05798:N20A,74,train
12868,Guanyl-specific ribonuclease Sa (RNase Sa) (EC 4.6.1.24),P05798,N39A (PDB: N39A),Kitasatospora aureofaciens (Streptomyces aureofaciens),1RGG,N39A,Coil,9.56,7.0,-,-2,-,2,yes,24591301.0,VHP; VlsE; RNase; borrelia,"Protein Sci 23(5), 652-61 (2014) PMID: 24591301","Pace CN, Fu H, Lee Fryar K, Landua J, Trevino SR, Schell D, Thurlkill RL, Imura S, Scholtz JM, Gajiwala K, Sevcik J, Urbanikova L, Myers JK, Takano K, Hebert EJ, Shirley BA, Grimsley GR.",-2.0,N,39,A,7.0,,9.56,0,1,0,pdb,UP:P05798,UP:P05798:N39A,75,train
12869,Guanyl-specific ribonuclease Sa (RNase Sa) (EC 4.6.1.24),P05798,S3A (PDB: S3A),Kitasatospora aureofaciens (Streptomyces aureofaciens),1RGG,S3A,Coil,61.43,7.0,-,-0.3,-,2,yes,24591301.0,VHP; VlsE; RNase; borrelia,"Protein Sci 23(5), 652-61 (2014) PMID: 24591301","Pace CN, Fu H, Lee Fryar K, Landua J, Trevino SR, Schell D, Thurlkill RL, Imura S, Scholtz JM, Gajiwala K, Sevcik J, Urbanikova L, Myers JK, Takano K, Hebert EJ, Shirley BA, Grimsley GR.",-0.3,S,3,A,7.0,,61.43,0,1,0,pdb,UP:P05798,UP:P05798:S3A,76,train
12870,Guanyl-specific ribonuclease Sa (RNase Sa) (EC 4.6.1.24),P05798,S9A (PDB: S9A),Kitasatospora aureofaciens (Streptomyces aureofaciens),1RGG,S9A,Coil,78.5,7.0,-,-1.3,-,2,yes,24591301.0,VHP; VlsE; RNase; borrelia,"Protein Sci 23(5), 652-61 (2014) PMID: 24591301","Pace CN, Fu H, Lee Fryar K, Landua J, Trevino SR, Schell D, Thurlkill RL, Imura S, Scholtz JM, Gajiwala K, Sevcik J, Urbanikova L, Myers JK, Takano K, Hebert EJ, Shirley BA, Grimsley GR.",-1.3,S,9,A,7.0,,78.5,0,1,0,pdb,UP:P05798,UP:P05798:S9A,77,train
12871,Guanyl-specific ribonuclease Sa (RNase Sa) (EC 4.6.1.24),P05798,S24A (PDB: S24A),Kitasatospora aureofaciens (Streptomyces aureofaciens),1RGG,S24A,Coil,62.29,7.0,-,-0.2,-,2,yes,24591301.0,VHP; VlsE; RNase; borrelia,"Protein Sci 23(5), 652-61 (2014) PMID: 24591301","Pace CN, Fu H, Lee Fryar K, Landua J, Trevino SR, Schell D, Thurlkill RL, Imura S, Scholtz JM, Gajiwala K, Sevcik J, Urbanikova L, Myers JK, Takano K, Hebert EJ, Shirley BA, Grimsley GR.",-0.2,S,24,A,7.0,,62.29,0,1,0,pdb,UP:P05798,UP:P05798:S24A,78,train
12872,Guanyl-specific ribonuclease Sa (RNase Sa) (EC 4.6.1.24),P05798,S31A (PDB: S31A),Kitasatospora aureofaciens (Streptomyces aureofaciens),1RGG,S31A,Coil,99.83,7.0,-,0.4,-,2,yes,24591301.0,VHP; VlsE; RNase; borrelia,"Protein Sci 23(5), 652-61 (2014) PMID: 24591301","Pace CN, Fu H, Lee Fryar K, Landua J, Trevino SR, Schell D, Thurlkill RL, Imura S, Scholtz JM, Gajiwala K, Sevcik J, Urbanikova L, Myers JK, Takano K, Hebert EJ, Shirley BA, Grimsley GR.",0.4,S,31,A,7.0,,99.83,0,1,0,pdb,UP:P05798,UP:P05798:S31A,79,train
12873,Guanyl-specific ribonuclease Sa (RNase Sa) (EC 4.6.1.24),P05798,S42A (PDB: S42A),Kitasatospora aureofaciens (Streptomyces aureofaciens),1RGG,S42A,Coil,63.14,7.0,-,0.1,-,2,yes,24591301.0,VHP; VlsE; RNase; borrelia,"Protein Sci 23(5), 652-61 (2014) PMID: 24591301","Pace CN, Fu H, Lee Fryar K, Landua J, Trevino SR, Schell D, Thurlkill RL, Imura S, Scholtz JM, Gajiwala K, Sevcik J, Urbanikova L, Myers JK, Takano K, Hebert EJ, Shirley BA, Grimsley GR.",0.1,S,42,A,7.0,,63.14,0,1,0,pdb,UP:P05798,UP:P05798:S42A,80,train
12874,Guanyl-specific ribonuclease Sa (RNase Sa) (EC 4.6.1.24),P05798,S48A (PDB: S48A),Kitasatospora aureofaciens (Streptomyces aureofaciens),1RGG,S48A,Coil,86.18,7.0,-,0.5,-,2,yes,24591301.0,VHP; VlsE; RNase; borrelia,"Protein Sci 23(5), 652-61 (2014) PMID: 24591301","Pace CN, Fu H, Lee Fryar K, Landua J, Trevino SR, Schell D, Thurlkill RL, Imura S, Scholtz JM, Gajiwala K, Sevcik J, Urbanikova L, Myers JK, Takano K, Hebert EJ, Shirley BA, Grimsley GR.",0.5,S,48,A,7.0,,86.18,0,1,0,pdb,UP:P05798,UP:P05798:S48A,81,train
12875,Guanyl-specific ribonuclease Sa (RNase Sa) (EC 4.6.1.24),P05798,S90A (PDB: S90A),Kitasatospora aureofaciens (Streptomyces aureofaciens),1RGG,S90A,Coil,23.89,7.0,-,0.2,-,2,yes,24591301.0,VHP; VlsE; RNase; borrelia,"Protein Sci 23(5), 652-61 (2014) PMID: 24591301","Pace CN, Fu H, Lee Fryar K, Landua J, Trevino SR, Schell D, Thurlkill RL, Imura S, Scholtz JM, Gajiwala K, Sevcik J, Urbanikova L, Myers JK, Takano K, Hebert EJ, Shirley BA, Grimsley GR.",0.2,S,90,A,7.0,,23.89,0,1,0,pdb,UP:P05798,UP:P05798:S90A,82,train
12876,Guanyl-specific ribonuclease Sa (RNase Sa) (EC 4.6.1.24),P05798,T95A (PDB: T95A),Kitasatospora aureofaciens (Streptomyces aureofaciens),1RGG,T95A,Turn,80.75,7.0,-,-0.6,-,2,yes,24591301.0,VHP; VlsE; RNase; borrelia,"Protein Sci 23(5), 652-61 (2014) PMID: 24591301","Pace CN, Fu H, Lee Fryar K, Landua J, Trevino SR, Schell D, Thurlkill RL, Imura S, Scholtz JM, Gajiwala K, Sevcik J, Urbanikova L, Myers JK, Takano K, Hebert EJ, Shirley BA, Grimsley GR.",-0.6,T,95,A,7.0,,80.75,0,1,0,pdb,UP:P05798,UP:P05798:T95A,83,train
12878,Guanyl-specific ribonuclease T1 (RNase T1) (EC 4.6.1.24),P00651,T117A (UniProt),Aspergillus oryzae (strain ATCC 42149 / RIB 40) (Yellow koji mold),1YGW,-,Turn,1.44,7.0,-,-3.2,-,2,yes,24591301.0,VHP; VlsE; RNase; borrelia,"Protein Sci 23(5), 652-61 (2014) PMID: 24591301","Pace CN, Fu H, Lee Fryar K, Landua J, Trevino SR, Schell D, Thurlkill RL, Imura S, Scholtz JM, Gajiwala K, Sevcik J, Urbanikova L, Myers JK, Takano K, Hebert EJ, Shirley BA, Grimsley GR.",-3.2,T,117,A,7.0,,1.44,0,1,0,uniprot,UP:P00651,UP:P00651:T117A,84,val
12879,Guanyl-specific ribonuclease T1 (RNase T1) (EC 4.6.1.24),P00651,T117V (UniProt),Aspergillus oryzae (strain ATCC 42149 / RIB 40) (Yellow koji mold),1YGW,-,Turn,1.44,7.0,-,-3.6,-,2,yes,24591301.0,VHP; VlsE; RNase; borrelia,"Protein Sci 23(5), 652-61 (2014) PMID: 24591301","Pace CN, Fu H, Lee Fryar K, Landua J, Trevino SR, Schell D, Thurlkill RL, Imura S, Scholtz JM, Gajiwala K, Sevcik J, Urbanikova L, Myers JK, Takano K, Hebert EJ, Shirley BA, Grimsley GR.",-3.6,T,117,V,7.0,,1.44,0,1,0,uniprot,UP:P00651,UP:P00651:T117V,85,val
12880,Guanyl-specific ribonuclease T1 (RNase T1) (EC 4.6.1.24),P00651,T119A (UniProt),Aspergillus oryzae (strain ATCC 42149 / RIB 40) (Yellow koji mold),1YGW,-,Turn,58.4,7.0,-,-0.7,-,2,yes,24591301.0,VHP; VlsE; RNase; borrelia,"Protein Sci 23(5), 652-61 (2014) PMID: 24591301","Pace CN, Fu H, Lee Fryar K, Landua J, Trevino SR, Schell D, Thurlkill RL, Imura S, Scholtz JM, Gajiwala K, Sevcik J, Urbanikova L, Myers JK, Takano K, Hebert EJ, Shirley BA, Grimsley GR.",-0.7,T,119,A,7.0,,58.4,0,1,0,uniprot,UP:P00651,UP:P00651:T119A,86,val
12881,Guanyl-specific ribonuclease T1 (RNase T1) (EC 4.6.1.24),P00651,T119V (UniProt),Aspergillus oryzae (strain ATCC 42149 / RIB 40) (Yellow koji mold),1YGW,-,Turn,58.4,7.0,-,-1,-,2,yes,24591301.0,VHP; VlsE; RNase; borrelia,"Protein Sci 23(5), 652-61 (2014) PMID: 24591301","Pace CN, Fu H, Lee Fryar K, Landua J, Trevino SR, Schell D, Thurlkill RL, Imura S, Scholtz JM, Gajiwala K, Sevcik J, Urbanikova L, Myers JK, Takano K, Hebert EJ, Shirley BA, Grimsley GR.",-1.0,T,119,V,7.0,,58.4,0,1,0,uniprot,UP:P00651,UP:P00651:T119V,87,val
13052,Ribonuclease H,P0A7Y4,V74L (PDB: V74L),Escherichia coli (strain K12),2rn2,V74L,Helix,0.65,3.0,-,1.1,-,-,yes,8390295.0,Ecoli; H1; cavity mutant,"Biochemistry 32(24), 6171–6178 (1993) PMID: 8390295","K. Ishikawa, H. Nakamura, K. Morikawa, and S. Kanaya",1.1,V,74,L,3.0,,0.65,0,1,0,pdb,UP:P0A7Y4,UP:P0A7Y4:V74L,88,test
13053,Ribonuclease H,P0A7Y4,V74I (PDB: V74I),Escherichia coli (strain K12),2rn2,V74I,Helix,0.65,3.0,-,0.7,-,-,yes,8390295.0,Ecoli; H1; cavity mutant,"Biochemistry 32(24), 6171–6178 (1993) PMID: 8390295","K. Ishikawa, H. Nakamura, K. Morikawa, and S. Kanaya",0.7,V,74,I,3.0,,0.65,0,1,0,pdb,UP:P0A7Y4,UP:P0A7Y4:V74I,89,test
13054,Ribonuclease H,P0A7Y4,V74A (PDB: V74A),Escherichia coli (strain K12),2rn2,V74A,Helix,0.65,3.0,-,-2.2,-,-,yes,8390295.0,Ecoli; H1; cavity mutant,"Biochemistry 32(24), 6171–6178 (1993) PMID: 8390295","K. Ishikawa, H. Nakamura, K. Morikawa, and S. Kanaya",-2.2,V,74,A,3.0,,0.65,0,1,0,pdb,UP:P0A7Y4,UP:P0A7Y4:V74A,90,test
13055,Ribonuclease H,P0A7Y4,V74L (PDB: V74L),Escherichia coli (strain K12),2rn2,V74L,Helix,0.65,5.5,-,0.9,-,-,yes,8390295.0,Ecoli; H1; cavity mutant,"Biochemistry 32(24), 6171–6178 (1993) PMID: 8390295","K. Ishikawa, H. Nakamura, K. Morikawa, and S. Kanaya",0.9,V,74,L,5.5,,0.65,0,1,0,pdb,UP:P0A7Y4,UP:P0A7Y4:V74L,91,test
13056,Ribonuclease H,P0A7Y4,V74I (PDB: V74I),Escherichia coli (strain K12),2rn2,V74I,Helix,0.65,5.5,-,0.6,-,-,yes,8390295.0,Ecoli; H1; cavity mutant,"Biochemistry 32(24), 6171–6178 (1993) PMID: 8390295","K. Ishikawa, H. Nakamura, K. Morikawa, and S. Kanaya",0.6,V,74,I,5.5,,0.65,0,1,0,pdb,UP:P0A7Y4,UP:P0A7Y4:V74I,92,test
13057,Ribonuclease H,P0A7Y4,V74A (PDB: V74A),Escherichia coli (strain K12),2rn2,V74A,Helix,0.65,5.5,-,-3.4,-,-,yes,8390295.0,Ecoli; H1; cavity mutant,"Biochemistry 32(24), 6171–6178 (1993) PMID: 8390295","K. Ishikawa, H. Nakamura, K. Morikawa, and S. Kanaya",-3.4,V,74,A,5.5,,0.65,0,1,0,pdb,UP:P0A7Y4,UP:P0A7Y4:V74A,93,test
13662,Ribonuclease MC1,P23540,Y102A (UniProt),Momordica charantia (Bitter gourd) (Balsam pear),1BK7,-,Coil,0.0,7.5,-,-6.69,-,2,Unknown,15322360.0,Ribonuclease; T2; C-terminal; MC1; Rnase,"Biosci Biotechnol Biochem 68(8), 1748-57 (2004) PMID: 15322360","Kimura K, Numata T, Kakuta Y, Kimura M",-6.69,Y,102,A,7.5,,0.0,0,1,0,uniprot,UP:P23540,UP:P23540:Y102A,94,test
13663,Ribonuclease MC1,P23540,F103A (UniProt),Momordica charantia (Bitter gourd) (Balsam pear),1BK7,-,Coil,0.0,7.5,-,-5.28,-,2,Unknown,15322360.0,Ribonuclease; T2; C-terminal; MC1; Rnase,"Biosci Biotechnol Biochem 68(8), 1748-57 (2004) PMID: 15322360","Kimura K, Numata T, Kakuta Y, Kimura M",-5.28,F,103,A,7.5,,0.0,0,1,0,uniprot,UP:P23540,UP:P23540:F103A,95,test
13664,Ribonuclease MC1,P23540,A106L (UniProt),Momordica charantia (Bitter gourd) (Balsam pear),1BK7,-,Coil,0.0,7.5,-,-2.92,-,2,Unknown,15322360.0,Ribonuclease; T2; C-terminal; MC1; Rnase,"Biosci Biotechnol Biochem 68(8), 1748-57 (2004) PMID: 15322360","Kimura K, Numata T, Kakuta Y, Kimura M",-2.92,A,106,L,7.5,,0.0,0,1,0,uniprot,UP:P23540,UP:P23540:A106L,96,test
13665,Ribonuclease MC1,P23540,D108A (UniProt),Momordica charantia (Bitter gourd) (Balsam pear),1BK7,-,Coil,41.64,7.5,-,-0.31,-,2,Unknown,15322360.0,Ribonuclease; T2; C-terminal; MC1; Rnase,"Biosci Biotechnol Biochem 68(8), 1748-57 (2004) PMID: 15322360","Kimura K, Numata T, Kakuta Y, Kimura M",-0.31,D,108,A,7.5,,41.64,0,1,0,uniprot,UP:P23540,UP:P23540:D108A,97,test
13666,Ribonuclease MC1,P23540,P126A (UniProt),Momordica charantia (Bitter gourd) (Balsam pear),1BK7,-,Coil,31.01,7.5,-,-0.83,-,2,Unknown,15322360.0,Ribonuclease; T2; C-terminal; MC1; Rnase,"Biosci Biotechnol Biochem 68(8), 1748-57 (2004) PMID: 15322360","Kimura K, Numata T, Kakuta Y, Kimura M",-0.83,P,126,A,7.5,,31.01,0,1,0,uniprot,UP:P23540,UP:P23540:P126A,98,test
13667,Ribonuclease MC1,P23540,G128A (UniProt),Momordica charantia (Bitter gourd) (Balsam pear),1BK7,-,Helix,66.07,7.5,-,-1.04,-,2,Unknown,15322360.0,Ribonuclease; T2; C-terminal; MC1; Rnase,"Biosci Biotechnol Biochem 68(8), 1748-57 (2004) PMID: 15322360","Kimura K, Numata T, Kakuta Y, Kimura M",-1.04,G,128,A,7.5,,66.07,0,1,0,uniprot,UP:P23540,UP:P23540:G128A,99,test
13668,Ribonuclease MC1,P23540,G144A (PDB),Momordica charantia (Bitter gourd) (Balsam pear),1BK7,G144A,Coil,101.65,7.5,-,-1.51,-,2,Unknown,15322360.0,Ribonuclease; T2; C-terminal; MC1; Rnase,"Biosci Biotechnol Biochem 68(8), 1748-57 (2004) PMID: 15322360","Kimura K, Numata T, Kakuta Y, Kimura M",-1.51,G,144,A,7.5,,101.65,0,1,0,pdb,UP:P23540,UP:P23540:G144A,100,test
13669,Ribonuclease MC1,P23540,V166A (PDB: V166A),Momordica charantia (Bitter gourd) (Balsam pear),1BK7,V166A,Coil,1.3,7.5,-,-2.32,-,2,Unknown,15322360.0,Ribonuclease; T2; C-terminal; MC1; Rnase,"Biosci Biotechnol Biochem 68(8), 1748-57 (2004) PMID: 15322360","Kimura K, Numata T, Kakuta Y, Kimura M",-2.32,V,166,A,7.5,,1.3,0,1,0,pdb,UP:P23540,UP:P23540:V166A,101,test
13670,Ribonuclease MC1,P23540,G174A (UniProt),Momordica charantia (Bitter gourd) (Balsam pear),1BK7,-,Helix,3.81,7.5,-,-0.08,-,2,Unknown,15322360.0,Ribonuclease; T2; C-terminal; MC1; Rnase,"Biosci Biotechnol Biochem 68(8), 1748-57 (2004) PMID: 15322360","Kimura K, Numata T, Kakuta Y, Kimura M",-0.08,G,174,A,7.5,,3.81,0,1,0,uniprot,UP:P23540,UP:P23540:G174A,102,test
13671,Ribonuclease MC1,P23540,F191A (UniProt),Momordica charantia (Bitter gourd) (Balsam pear),1BK7,-,Coil,4.98,7.5,-,-3.23,-,2,Unknown,15322360.0,Ribonuclease; T2; C-terminal; MC1; Rnase,"Biosci Biotechnol Biochem 68(8), 1748-57 (2004) PMID: 15322360","Kimura K, Numata T, Kakuta Y, Kimura M",-3.23,F,191,A,7.5,,4.98,0,1,0,uniprot,UP:P23540,UP:P23540:F191A,103,test
13839,Beta-glucosidase,O61594,L100A (PDB: L100A),Spodoptera frugiperda (Fall armyworm),5CG0,L100A,Coil,0.0,6.0,-,0.81,-,2,-,26785700.0,"residue interactio networks; beta glucosidase; denaturation; unfolding, transition temperature",FEBS J. (2016) Mar;283(6):1124-38 PMID: 26785700,"Souza, V. P., Ikegami, C. M., Arantes, G. M., & Marana, S. R.",0.81,L,100,A,6.0,,0.0,0,1,0,pdb,UP:O61594,UP:O61594:L100A,104,train
13840,Beta-glucosidase,O61594,L350A (PDB: L350A),Spodoptera frugiperda (Fall armyworm),5CG0,L350A,Coil,3.82,6.0,-,-0.7,-,2,-,26785700.0,"residue interactio networks; beta glucosidase; denaturation; unfolding, transition temperature",FEBS J. (2016) Mar;283(6):1124-38 PMID: 26785700,"Souza, V. P., Ikegami, C. M., Arantes, G. M., & Marana, S. R.",-0.7,L,350,A,6.0,,3.82,0,1,0,pdb,UP:O61594,UP:O61594:L350A,105,train
13841,Beta-glucosidase,O61594,L389A (PDB: L389A),Spodoptera frugiperda (Fall armyworm),5CG0,L389A,Coil,39.32,6.0,-,0.67,-,2,-,26785700.0,"residue interactio networks; beta glucosidase; denaturation; unfolding, transition temperature",FEBS J. (2016) Mar;283(6):1124-38 PMID: 26785700,"Souza, V. P., Ikegami, C. M., Arantes, G. M., & Marana, S. R.",0.67,L,389,A,6.0,,39.32,0,1,0,pdb,UP:O61594,UP:O61594:L389A,106,train
13842,Beta-glucosidase,O61594,Y390A (PDB: Y390A),Spodoptera frugiperda (Fall armyworm),5CG0,Y390A,Coil,6.08,6.0,-,-0.34,-,2,-,26785700.0,"residue interactio networks; beta glucosidase; denaturation; unfolding, transition temperature",FEBS J. (2016) Mar;283(6):1124-38 PMID: 26785700,"Souza, V. P., Ikegami, C. M., Arantes, G. M., & Marana, S. R.",-0.34,Y,390,A,6.0,,6.08,0,1,0,pdb,UP:O61594,UP:O61594:Y390A,107,train
13843,Beta-glucosidase,O61594,N391A (PDB: N391A),Spodoptera frugiperda (Fall armyworm),5CG0,N391A,Coil,96.99,6.0,-,-23.21,-,2,-,26785700.0,"residue interactio networks; beta glucosidase; denaturation; unfolding, transition temperature",FEBS J. (2016) Mar;283(6):1124-38 PMID: 26785700,"Souza, V. P., Ikegami, C. M., Arantes, G. M., & Marana, S. R.",-23.21,N,391,A,6.0,,96.99,0,1,0,pdb,UP:O61594,UP:O61594:N391A,108,train
13844,Beta-glucosidase,O61594,S247A (PDB: S247A),Spodoptera frugiperda (Fall armyworm),5CG0,S247A,Coil,10.24,6.0,-,-0.05,-,2,-,26785700.0,"residue interactio networks; beta glucosidase; denaturation; unfolding, transition temperature",FEBS J. (2016) Mar;283(6):1124-38 PMID: 26785700,"Souza, V. P., Ikegami, C. M., Arantes, G. M., & Marana, S. R.",-0.05,S,247,A,6.0,,10.24,0,1,0,pdb,UP:O61594,UP:O61594:S247A,109,train
13845,Beta-glucosidase,O61594,N249A (PDB: N249A),Spodoptera frugiperda (Fall armyworm),5CG0,N249A,Coil,12.3,6.0,-,-0.94,-,2,-,26785700.0,"residue interactio networks; beta glucosidase; denaturation; unfolding, transition temperature",FEBS J. (2016) Mar;283(6):1124-38 PMID: 26785700,"Souza, V. P., Ikegami, C. M., Arantes, G. M., & Marana, S. R.",-0.94,N,249,A,6.0,,12.3,0,1,0,pdb,UP:O61594,UP:O61594:N249A,110,train
13846,Beta-glucosidase,O61594,F251A (PDB: F251A),Spodoptera frugiperda (Fall armyworm),5CG0,F251A,Coil,2.99,6.0,-,-0.67,-,2,-,26785700.0,"residue interactio networks; beta glucosidase; denaturation; unfolding, transition temperature",FEBS J. (2016) Mar;283(6):1124-38 PMID: 26785700,"Souza, V. P., Ikegami, C. M., Arantes, G. M., & Marana, S. R.",-0.67,F,251,A,6.0,,2.99,0,1,0,pdb,UP:O61594,UP:O61594:F251A,111,train
13847,Beta-glucosidase,O61594,F334A (PDB: F334A),Spodoptera frugiperda (Fall armyworm),5CG0,F334A,Coil,15.45,6.0,-,-1.11,-,2,-,26785700.0,"residue interactio networks; beta glucosidase; denaturation; unfolding, transition temperature",FEBS J. (2016) Mar;283(6):1124-38 PMID: 26785700,"Souza, V. P., Ikegami, C. M., Arantes, G. M., & Marana, S. R.",-1.11,F,334,A,6.0,,15.45,0,1,0,pdb,UP:O61594,UP:O61594:F334A,112,train
13848,Beta-glucosidase,O61594,S358A (PDB: S358A),Spodoptera frugiperda (Fall armyworm),5CG0,S358A,Coil,24.74,6.0,-,-0.63,-,2,-,26785700.0,"residue interactio networks; beta glucosidase; denaturation; unfolding, transition temperature",FEBS J. (2016) Mar;283(6):1124-38 PMID: 26785700,"Souza, V. P., Ikegami, C. M., Arantes, G. M., & Marana, S. R.",-0.63,S,358,A,6.0,,24.74,0,1,0,pdb,UP:O61594,UP:O61594:S358A,113,train
13849,Beta-glucosidase,O61594,K366A (PDB: K366A),Spodoptera frugiperda (Fall armyworm),5CG0,K366A,Coil,60.28,6.0,-,-1.25,-,2,-,26785700.0,"residue interactio networks; beta glucosidase; denaturation; unfolding, transition temperature",FEBS J. (2016) Mar;283(6):1124-38 PMID: 26785700,"Souza, V. P., Ikegami, C. M., Arantes, G. M., & Marana, S. R.",-1.25,K,366,A,6.0,,60.28,0,1,0,pdb,UP:O61594,UP:O61594:K366A,114,train
13850,Beta-glucosidase,O61594,Y420A (PDB: Y420A),Spodoptera frugiperda (Fall armyworm),5CG0,Y420A,Coil,2.34,6.0,-,-1.42,-,2,-,26785700.0,"residue interactio networks; beta glucosidase; denaturation; unfolding, transition temperature",FEBS J. (2016) Mar;283(6):1124-38 PMID: 26785700,"Souza, V. P., Ikegami, C. M., Arantes, G. M., & Marana, S. R.",-1.42,Y,420,A,6.0,,2.34,0,1,0,pdb,UP:O61594,UP:O61594:Y420A,115,train
13851,Beta-glucosidase,O61594,D260A (PDB: D260A),Spodoptera frugiperda (Fall armyworm),5CG0,D260A,Coil,6.94,6.0,-,-0.67,-,2,-,26785700.0,"residue interactio networks; beta glucosidase; denaturation; unfolding, transition temperature",FEBS J. (2016) Mar;283(6):1124-38 PMID: 26785700,"Souza, V. P., Ikegami, C. M., Arantes, G. M., & Marana, S. R.",-0.67,D,260,A,6.0,,6.94,0,1,0,pdb,UP:O61594,UP:O61594:D260A,116,train
13852,Beta-glucosidase,O61594,E261A (PDB: E261A),Spodoptera frugiperda (Fall armyworm),5CG0,E261A,Sheet,56.67,6.0,-,0.53,-,2,-,26785700.0,"residue interactio networks; beta glucosidase; denaturation; unfolding, transition temperature",FEBS J. (2016) Mar;283(6):1124-38 PMID: 26785700,"Souza, V. P., Ikegami, C. M., Arantes, G. M., & Marana, S. R.",0.53,E,261,A,6.0,,56.67,0,1,0,pdb,UP:O61594,UP:O61594:E261A,117,train
13853,Beta-glucosidase,O61594,M262F (PDB: M262F),Spodoptera frugiperda (Fall armyworm),5CG0,M262F,Coil,45.98,6.0,-,0.53,-,2,-,26785700.0,"residue interactio networks; beta glucosidase; denaturation; unfolding, transition temperature",FEBS J. (2016) Mar;283(6):1124-38 PMID: 26785700,"Souza, V. P., Ikegami, C. M., Arantes, G. M., & Marana, S. R.",0.53,M,262,F,6.0,,45.98,0,1,0,pdb,UP:O61594,UP:O61594:M262F,118,train
13854,Beta-glucosidase,O61594,A263F (PDB: A263F),Spodoptera frugiperda (Fall armyworm),5CG0,A263F,Coil,4.54,6.0,-,-0.43,-,2,-,26785700.0,"residue interactio networks; beta glucosidase; denaturation; unfolding, transition temperature",FEBS J. (2016) Mar;283(6):1124-38 PMID: 26785700,"Souza, V. P., Ikegami, C. M., Arantes, G. M., & Marana, S. R.",-0.43,A,263,F,6.0,,4.54,0,1,0,pdb,UP:O61594,UP:O61594:A263F,119,train
13855,Beta-glucosidase,O61594,E265A (PDB: E265A),Spodoptera frugiperda (Fall armyworm),5CG0,E265A,Sheet,30.91,6.0,-,0.43,-,2,-,26785700.0,"residue interactio networks; beta glucosidase; denaturation; unfolding, transition temperature",FEBS J. (2016) Mar;283(6):1124-38 PMID: 26785700,"Souza, V. P., Ikegami, C. M., Arantes, G. M., & Marana, S. R.",0.43,E,265,A,6.0,,30.91,0,1,0,pdb,UP:O61594,UP:O61594:E265A,120,train
13856,Beta-glucosidase,O61594,L335A (PDB: L335A),Spodoptera frugiperda (Fall armyworm),5CG0,L335A,Coil,20.21,6.0,-,-0.84,-,2,-,26785700.0,"residue interactio networks; beta glucosidase; denaturation; unfolding, transition temperature",FEBS J. (2016) Mar;283(6):1124-38 PMID: 26785700,"Souza, V. P., Ikegami, C. M., Arantes, G. M., & Marana, S. R.",-0.84,L,335,A,6.0,,20.21,0,1,0,pdb,UP:O61594,UP:O61594:L335A,121,train
13857,Beta-glucosidase,O61594,V336F (PDB: V336F),Spodoptera frugiperda (Fall armyworm),5CG0,V336F,Coil,0.0,6.0,-,-2.14,-,2,-,26785700.0,"residue interactio networks; beta glucosidase; denaturation; unfolding, transition temperature",FEBS J. (2016) Mar;283(6):1124-38 PMID: 26785700,"Souza, V. P., Ikegami, C. M., Arantes, G. M., & Marana, S. R.",-2.14,V,336,F,6.0,,0.0,0,1,0,pdb,UP:O61594,UP:O61594:V336F,122,train
13858,Beta-glucosidase,O61594,S337F (PDB: S337F),Spodoptera frugiperda (Fall armyworm),5CG0,S337F,Coil,2.56,6.0,-,-0.75,-,2,-,26785700.0,"residue interactio networks; beta glucosidase; denaturation; unfolding, transition temperature",FEBS J. (2016) Mar;283(6):1124-38 PMID: 26785700,"Souza, V. P., Ikegami, C. M., Arantes, G. M., & Marana, S. R.",-0.75,S,337,F,6.0,,2.56,0,1,0,pdb,UP:O61594,UP:O61594:S337F,123,train
13934,lambda6 protein V1-22,Q5NV88,P7S (PDB: P7S),Homo sapiens (Human),2W0K,P7S,Coil,41.58,7.5,-,-1.5,-,2,-,19941869.0,AL amyloidosis; crystal structure; fibrillogenesis; λ6 subgroup; thermodynamic stability,J Mol Biol. (2010) Feb 19;396(2):280-92 PMID: 19941869,"Alejandra Hernández-Santoyo , Luis del Pozo Yauner, Deyanira Fuentes-Silva, Ernesto Ortiz, Enrique Rudiño-Piñera, Rosana Sánchez-López, Eduardo Horjales, Baltazar Becerril, Adela Rodríguez-Romero",-1.5,P,7,S,7.5,,41.58,0,1,0,pdb,UP:Q5NV88,UP:Q5NV88:P7S,124,train
13935,lambda6 protein V1-22,Q5NV88,H8P (PDB: H8P),Homo sapiens (Human),2W0K,H8P,Helix,87.41,7.5,-,-0.8,-,2,-,19941869.0,AL amyloidosis; crystal structure; fibrillogenesis; λ6 subgroup; thermodynamic stability,J Mol Biol. (2010) Feb 19;396(2):280-92 PMID: 19941869,"Alejandra Hernández-Santoyo , Luis del Pozo Yauner, Deyanira Fuentes-Silva, Ernesto Ortiz, Enrique Rudiño-Piñera, Rosana Sánchez-López, Eduardo Horjales, Baltazar Becerril, Adela Rodríguez-Romero",-0.8,H,8,P,7.5,,87.41,0,1,0,pdb,UP:Q5NV88,UP:Q5NV88:H8P,125,train
13936,lambda6 protein V1-22,Q5NV88,H8S (PDB: H8S),Homo sapiens (Human),2W0K,H8S,Helix,87.41,7.5,-,-0.2,-,2,-,19941869.0,AL amyloidosis; crystal structure; fibrillogenesis; λ6 subgroup; thermodynamic stability,J Mol Biol. (2010) Feb 19;396(2):280-92 PMID: 19941869,"Alejandra Hernández-Santoyo , Luis del Pozo Yauner, Deyanira Fuentes-Silva, Ernesto Ortiz, Enrique Rudiño-Piñera, Rosana Sánchez-López, Eduardo Horjales, Baltazar Becerril, Adela Rodríguez-Romero",-0.2,H,8,S,7.5,,87.41,0,1,0,pdb,UP:Q5NV88,UP:Q5NV88:H8S,126,train
13982,Disks large homolog 4,P78352,D332G (UniProt),Homo sapiens (Human),3K82,-,-,,7.5,-,-1.44,-,3,yes,24845085.0,binding affinities; post translational modification; PDZ domain of PSD-95; folding/misfolding pathway; site-directed mutagenesis,PLoS One. (2014); 9(5): e98124 PMID: 24845085,"Javier Murciano-Calles,  Marta Marin-Argany,  Eva S. Cobos,  Sandra Villegas,  ,  and Jose C. Martinez",-1.44,D,332,G,7.5,,,0,1,1,uniprot,UP:P78352,UP:P78352:D332G,127,val
13983,Disks large homolog 4,P78352,D332P (UniProt),Homo sapiens (Human),3K82,-,-,,7.5,-,-1.44,-,3,yes,24845085.0,binding affinities; post translational modification; PDZ domain of PSD-95; folding/misfolding pathway; site-directed mutagenesis,PLoS One. (2014); 9(5): e98124 PMID: 24845085,"Javier Murciano-Calles,  Marta Marin-Argany,  Eva S. Cobos,  Sandra Villegas,  ,  and Jose C. Martinez",-1.44,D,332,P,7.5,,,0,1,1,uniprot,UP:P78352,UP:P78352:D332P,128,val
13984,Disks large homolog 4,P78352,E334L (PDB: E334L),Homo sapiens (Human),3K82,E334L,Sheet,10.88,7.5,-,-3.35,-,3,yes,24845085.0,binding affinities; post translational modification; PDZ domain of PSD-95; folding/misfolding pathway; site-directed mutagenesis,PLoS One. (2014); 9(5): e98124 PMID: 24845085,"Javier Murciano-Calles,  Marta Marin-Argany,  Eva S. Cobos,  Sandra Villegas,  ,  and Jose C. Martinez",-3.35,E,334,L,7.5,,10.88,0,1,0,pdb,UP:P78352,UP:P78352:E334L,129,val
13985,Disks large homolog 4,P78352,E334Q (PDB: E334Q),Homo sapiens (Human),3K82,E334Q,Sheet,10.88,7.5,-,-1.68,-,3,yes,24845085.0,binding affinities; post translational modification; PDZ domain of PSD-95; folding/misfolding pathway; site-directed mutagenesis,PLoS One. (2014); 9(5): e98124 PMID: 24845085,"Javier Murciano-Calles,  Marta Marin-Argany,  Eva S. Cobos,  Sandra Villegas,  ,  and Jose C. Martinez",-1.68,E,334,Q,7.5,,10.88,0,1,0,pdb,UP:P78352,UP:P78352:E334Q,130,val
13987,Disks large homolog 4,P78352,E401R (PDB: E401R),Homo sapiens (Human),3K82,E401R,Sheet,42.36,7.5,-,6.93,-,4,yes,24845085.0,binding affinities; post translational modification; PDZ domain of PSD-95; folding/misfolding pathway; site-directed mutagenesis,PLoS One. (2014); 9(5): e98124 PMID: 24845085,"Javier Murciano-Calles,  Marta Marin-Argany,  Eva S. Cobos,  Sandra Villegas,  ,  and Jose C. Martinez",6.93,E,401,R,7.5,,42.36,0,1,0,pdb,UP:P78352,UP:P78352:E401R,131,val
13989,Disks large homolog 4,P78352,E401R (PDB: E401R),Homo sapiens (Human),3K82,E401R,Sheet,42.36,7.5,-,4.3,-,4,yes,24845085.0,binding affinities; post translational modification; PDZ domain of PSD-95; folding/misfolding pathway; site-directed mutagenesis,PLoS One. (2014); 9(5): e98124 PMID: 24845085,"Javier Murciano-Calles,  Marta Marin-Argany,  Eva S. Cobos,  Sandra Villegas,  ,  and Jose C. Martinez",4.3,E,401,R,7.5,,42.36,0,1,0,pdb,UP:P78352,UP:P78352:E401R,132,val
13991,Disks large homolog 4,P78352,E401R (PDB: E401R),Homo sapiens (Human),3K82,E401R,Sheet,42.36,7.5,-,5.49,-,4,yes,24845085.0,binding affinities; post translational modification; PDZ domain of PSD-95; folding/misfolding pathway; site-directed mutagenesis,PLoS One. (2014); 9(5): e98124 PMID: 24845085,"Javier Murciano-Calles,  Marta Marin-Argany,  Eva S. Cobos,  Sandra Villegas,  ,  and Jose C. Martinez",5.49,E,401,R,7.5,,42.36,0,1,0,pdb,UP:P78352,UP:P78352:E401R,133,val
14163,Myelin P2 protein,P02689,F58A (UniProt),Homo sapiens (Human),6EW2,-,Coil,28.4,7.5,-,-1.91,-,2,-,29940944.0,Myelin; Crystal structure; Fatty acid-binding protein; Membrane binding; Molecular dynamics; Mutation; Protein stability,BMC Struct Biol. (2018); 18: 8 PMID: 29940944,"Saara Laulumaa,, Tuomo Nieminen, Arne Raasakka, Oda C. Krokengen, Anushik Safaryan, Erik I. Hallin, Guillaume Brysbaert, Marc F. Lensink, Salla Ruskamo, Ilpo Vattulainen,, and Petri Kursula",-1.91,F,58,A,7.5,,28.4,0,1,0,uniprot,UP:P02689,UP:P02689:F58A,134,train
14164,Myelin P2 protein,P02689,P39G (UniProt),Homo sapiens (Human),6EW2,-,Coil,6.34,7.5,-,-5.38,-,2,-,29940944.0,Myelin; Crystal structure; Fatty acid-binding protein; Membrane binding; Molecular dynamics; Mutation; Protein stability,BMC Struct Biol. (2018); 18: 8 PMID: 29940944,"Saara Laulumaa,, Tuomo Nieminen, Arne Raasakka, Oda C. Krokengen, Anushik Safaryan, Erik I. Hallin, Guillaume Brysbaert, Marc F. Lensink, Salla Ruskamo, Ilpo Vattulainen,, and Petri Kursula",-5.38,P,39,G,7.5,,6.34,0,1,0,uniprot,UP:P02689,UP:P02689:P39G,135,train
14165,Myelin P2 protein,P02689,I43N (PDB: I43N),Homo sapiens (Human),6EW2,I43N,Helix,1.62,7.5,-,-7.63,-,2,-,29940944.0,Myelin; Crystal structure; Fatty acid-binding protein; Membrane binding; Molecular dynamics; Mutation; Protein stability,BMC Struct Biol. (2018); 18: 8 PMID: 29940944,"Saara Laulumaa,, Tuomo Nieminen, Arne Raasakka, Oda C. Krokengen, Anushik Safaryan, Erik I. Hallin, Guillaume Brysbaert, Marc F. Lensink, Salla Ruskamo, Ilpo Vattulainen,, and Petri Kursula",-7.63,I,43,N,7.5,,1.62,0,1,0,pdb,UP:P02689,UP:P02689:I43N,136,train
14166,Myelin P2 protein,P02689,T51P (UniProt),Homo sapiens (Human),6EW2,-,Turn,17.3,7.5,-,-1.51,-,2,-,29940944.0,Myelin; Crystal structure; Fatty acid-binding protein; Membrane binding; Molecular dynamics; Mutation; Protein stability,BMC Struct Biol. (2018); 18: 8 PMID: 29940944,"Saara Laulumaa,, Tuomo Nieminen, Arne Raasakka, Oda C. Krokengen, Anushik Safaryan, Erik I. Hallin, Guillaume Brysbaert, Marc F. Lensink, Salla Ruskamo, Ilpo Vattulainen,, and Petri Kursula",-1.51,T,51,P,7.5,,17.3,0,1,0,uniprot,UP:P02689,UP:P02689:T51P,137,train
14167,Myelin P2 protein,P02689,I52T (UniProt),Homo sapiens (Human),6EW2,-,Helix,2.16,7.5,-,-5.17,-,2,-,29940944.0,Myelin; Crystal structure; Fatty acid-binding protein; Membrane binding; Molecular dynamics; Mutation; Protein stability,BMC Struct Biol. (2018); 18: 8 PMID: 29940944,"Saara Laulumaa,, Tuomo Nieminen, Arne Raasakka, Oda C. Krokengen, Anushik Safaryan, Erik I. Hallin, Guillaume Brysbaert, Marc F. Lensink, Salla Ruskamo, Ilpo Vattulainen,, and Petri Kursula",-5.17,I,52,T,7.5,,2.16,0,1,0,uniprot,UP:P02689,UP:P02689:I52T,138,train
14192,Villin-1,P02640,L42A (PDB),Gallus gallus (Chicken),1YRI,L42A,-,,7.0,-,-1,-,2,yes,21377472.0,Hydrophobic interactions; hydrogen bonds; conformational entropy; protein stability; large proteins; small proteins,J Mol Biol. (2011) May 6; 408(3): 514–528 PMID: 21377472,"C. Nick Pace,, Hailong Fu, Katrina Lee Fryar, John Landua, Saul R. Trevino, Bret A. Shirley, Marsha McNutt Hendricks, Satoshi Iimura, Ketan Gajiwala, J. Martin Scholtz,, and Gerald R. Grimsley",-1.0,L,42,A,7.0,,,0,1,1,pdb,UP:P02640,UP:P02640:L42A,139,train
14193,Villin-1,P02640,F797A (UniProt),Gallus gallus (Chicken),1YRI,-,Coil,1.99,7.0,-,-2.3,-,2,yes,21377472.0,Hydrophobic interactions; hydrogen bonds; conformational entropy; protein stability; large proteins; small proteins,J Mol Biol. (2011) May 6; 408(3): 514–528 PMID: 21377472,"C. Nick Pace,, Hailong Fu, Katrina Lee Fryar, John Landua, Saul R. Trevino, Bret A. Shirley, Marsha McNutt Hendricks, Satoshi Iimura, Ketan Gajiwala, J. Martin Scholtz,, and Gerald R. Grimsley",-2.3,F,797,A,7.0,,1.99,0,1,0,uniprot,UP:P02640,UP:P02640:F797A,140,train
14194,Villin-1,P02640,V800A (UniProt),Gallus gallus (Chicken),1YRI,-,Coil,42.29,7.0,-,-0.5,-,2,yes,21377472.0,Hydrophobic interactions; hydrogen bonds; conformational entropy; protein stability; large proteins; small proteins,J Mol Biol. (2011) May 6; 408(3): 514–528 PMID: 21377472,"C. Nick Pace,, Hailong Fu, Katrina Lee Fryar, John Landua, Saul R. Trevino, Bret A. Shirley, Marsha McNutt Hendricks, Satoshi Iimura, Ketan Gajiwala, J. Martin Scholtz,, and Gerald R. Grimsley",-0.5,V,800,A,7.0,,42.29,0,1,0,uniprot,UP:P02640,UP:P02640:V800A,141,train
14195,Villin-1,P02640,F801A (UniProt),Gallus gallus (Chicken),1YRI,-,Coil,10.46,7.0,-,-1.8,-,2,yes,21377472.0,Hydrophobic interactions; hydrogen bonds; conformational entropy; protein stability; large proteins; small proteins,J Mol Biol. (2011) May 6; 408(3): 514–528 PMID: 21377472,"C. Nick Pace,, Hailong Fu, Katrina Lee Fryar, John Landua, Saul R. Trevino, Bret A. Shirley, Marsha McNutt Hendricks, Satoshi Iimura, Ketan Gajiwala, J. Martin Scholtz,, and Gerald R. Grimsley",-1.8,F,801,A,7.0,,10.46,0,1,0,uniprot,UP:P02640,UP:P02640:F801A,142,train
14196,Villin-1,P02640,M53A (PDB),Gallus gallus (Chicken),1YRI,M53A,Coil,29.99,7.0,-,-2.8,-,2,yes,21377472.0,Hydrophobic interactions; hydrogen bonds; conformational entropy; protein stability; large proteins; small proteins,J Mol Biol. (2011) May 6; 408(3): 514–528 PMID: 21377472,"C. Nick Pace,, Hailong Fu, Katrina Lee Fryar, John Landua, Saul R. Trevino, Bret A. Shirley, Marsha McNutt Hendricks, Satoshi Iimura, Ketan Gajiwala, J. Martin Scholtz,, and Gerald R. Grimsley",-2.8,M,53,A,7.0,,29.99,0,1,0,pdb,UP:P02640,UP:P02640:M53A,143,train
14197,Villin-1,P02640,F808A (UniProt),Gallus gallus (Chicken),1YRI,-,Coil,2.49,7.0,-,-3.3,-,2,yes,21377472.0,Hydrophobic interactions; hydrogen bonds; conformational entropy; protein stability; large proteins; small proteins,J Mol Biol. (2011) May 6; 408(3): 514–528 PMID: 21377472,"C. Nick Pace,, Hailong Fu, Katrina Lee Fryar, John Landua, Saul R. Trevino, Bret A. Shirley, Marsha McNutt Hendricks, Satoshi Iimura, Ketan Gajiwala, J. Martin Scholtz,, and Gerald R. Grimsley",-3.3,F,808,A,7.0,,2.49,0,1,0,uniprot,UP:P02640,UP:P02640:F808A,144,train
14198,Villin-1,P02640,L61A (PDB),Gallus gallus (Chicken),1YRI,L61A,-,,7.0,-,-2.1,-,2,yes,21377472.0,Hydrophobic interactions; hydrogen bonds; conformational entropy; protein stability; large proteins; small proteins,J Mol Biol. (2011) May 6; 408(3): 514–528 PMID: 21377472,"C. Nick Pace,, Hailong Fu, Katrina Lee Fryar, John Landua, Saul R. Trevino, Bret A. Shirley, Marsha McNutt Hendricks, Satoshi Iimura, Ketan Gajiwala, J. Martin Scholtz,, and Gerald R. Grimsley",-2.1,L,61,A,7.0,,,0,1,1,pdb,UP:P02640,UP:P02640:L61A,145,train
14199,Villin-1,P02640,L69A (PDB),Gallus gallus (Chicken),1YRI,L69A,-,,7.0,-,-1.4,-,2,yes,21377472.0,Hydrophobic interactions; hydrogen bonds; conformational entropy; protein stability; large proteins; small proteins,J Mol Biol. (2011) May 6; 408(3): 514–528 PMID: 21377472,"C. Nick Pace,, Hailong Fu, Katrina Lee Fryar, John Landua, Saul R. Trevino, Bret A. Shirley, Marsha McNutt Hendricks, Satoshi Iimura, Ketan Gajiwala, J. Martin Scholtz,, and Gerald R. Grimsley",-1.4,L,69,A,7.0,,,0,1,1,pdb,UP:P02640,UP:P02640:L69A,146,train
14200,Villin-1,P02640,L75A (PDB),Gallus gallus (Chicken),1YRI,L75A,-,,7.0,-,-0.5,-,2,yes,21377472.0,Hydrophobic interactions; hydrogen bonds; conformational entropy; protein stability; large proteins; small proteins,J Mol Biol. (2011) May 6; 408(3): 514–528 PMID: 21377472,"C. Nick Pace,, Hailong Fu, Katrina Lee Fryar, John Landua, Saul R. Trevino, Bret A. Shirley, Marsha McNutt Hendricks, Satoshi Iimura, Ketan Gajiwala, J. Martin Scholtz,, and Gerald R. Grimsley",-0.5,L,75,A,7.0,,,0,1,1,pdb,UP:P02640,UP:P02640:L75A,147,train
14202,Guanyl-specific ribonuclease Sa,P05798,L8A (PDB: L8A),Kitasatospora aureofaciens (Streptomyces aureofaciens),1rgg,L8A,Coil,14.2,7.0,-,-1.34,-,2,yes,21377472.0,Hydrophobic interactions; hydrogen bonds; conformational entropy; protein stability; large proteins; small proteins,J Mol Biol. (2011) May 6; 408(3): 514–528 PMID: 21377472,"C. Nick Pace,, Hailong Fu, Katrina Lee Fryar, John Landua, Saul R. Trevino, Bret A. Shirley, Marsha McNutt Hendricks, Satoshi Iimura, Ketan Gajiwala, J. Martin Scholtz,, and Gerald R. Grimsley",-1.34,L,8,A,7.0,,14.2,0,1,0,pdb,UP:P05798,UP:P05798:L8A,148,train
14203,Guanyl-specific ribonuclease Sa,P05798,L11A (PDB: L11A),Kitasatospora aureofaciens (Streptomyces aureofaciens),1rgg,L11A,Coil,12.02,7.0,-,-3.08,-,2,yes,21377472.0,Hydrophobic interactions; hydrogen bonds; conformational entropy; protein stability; large proteins; small proteins,J Mol Biol. (2011) May 6; 408(3): 514–528 PMID: 21377472,"C. Nick Pace,, Hailong Fu, Katrina Lee Fryar, John Landua, Saul R. Trevino, Bret A. Shirley, Marsha McNutt Hendricks, Satoshi Iimura, Ketan Gajiwala, J. Martin Scholtz,, and Gerald R. Grimsley",-3.08,L,11,A,7.0,,12.02,0,1,0,pdb,UP:P05798,UP:P05798:L11A,149,train
14204,Guanyl-specific ribonuclease Sa,P05798,L19A (PDB: L19A),Kitasatospora aureofaciens (Streptomyces aureofaciens),1rgg,L19A,Coil,7.1,7.0,-,-3.65,-,2,yes,21377472.0,Hydrophobic interactions; hydrogen bonds; conformational entropy; protein stability; large proteins; small proteins,J Mol Biol. (2011) May 6; 408(3): 514–528 PMID: 21377472,"C. Nick Pace,, Hailong Fu, Katrina Lee Fryar, John Landua, Saul R. Trevino, Bret A. Shirley, Marsha McNutt Hendricks, Satoshi Iimura, Ketan Gajiwala, J. Martin Scholtz,, and Gerald R. Grimsley",-3.65,L,19,A,7.0,,7.1,0,1,0,pdb,UP:P05798,UP:P05798:L19A,150,train
14205,Guanyl-specific ribonuclease Sa,P05798,L21A (PDB: L21A),Kitasatospora aureofaciens (Streptomyces aureofaciens),1rgg,L21A,Coil,30.04,7.0,-,-0.41,-,2,yes,21377472.0,Hydrophobic interactions; hydrogen bonds; conformational entropy; protein stability; large proteins; small proteins,J Mol Biol. (2011) May 6; 408(3): 514–528 PMID: 21377472,"C. Nick Pace,, Hailong Fu, Katrina Lee Fryar, John Landua, Saul R. Trevino, Bret A. Shirley, Marsha McNutt Hendricks, Satoshi Iimura, Ketan Gajiwala, J. Martin Scholtz,, and Gerald R. Grimsley",-0.41,L,21,A,7.0,,30.04,0,1,0,pdb,UP:P05798,UP:P05798:L21A,151,train
14206,Guanyl-specific ribonuclease Sa,P05798,I22V (PDB: I22V),Kitasatospora aureofaciens (Streptomyces aureofaciens),1rgg,I22V,Helix,17.3,7.0,-,-1.48,-,2,yes,21377472.0,Hydrophobic interactions; hydrogen bonds; conformational entropy; protein stability; large proteins; small proteins,J Mol Biol. (2011) May 6; 408(3): 514–528 PMID: 21377472,"C. Nick Pace,, Hailong Fu, Katrina Lee Fryar, John Landua, Saul R. Trevino, Bret A. Shirley, Marsha McNutt Hendricks, Satoshi Iimura, Ketan Gajiwala, J. Martin Scholtz,, and Gerald R. Grimsley",-1.48,I,22,V,7.0,,17.3,0,1,0,pdb,UP:P05798,UP:P05798:I22V,152,train
14207,Guanyl-specific ribonuclease Sa,P05798,I58V (PDB: I58V),Kitasatospora aureofaciens (Streptomyces aureofaciens),1rgg,I58V,Helix,19.46,7.0,-,0,-,2,yes,21377472.0,Hydrophobic interactions; hydrogen bonds; conformational entropy; protein stability; large proteins; small proteins,J Mol Biol. (2011) May 6; 408(3): 514–528 PMID: 21377472,"C. Nick Pace,, Hailong Fu, Katrina Lee Fryar, John Landua, Saul R. Trevino, Bret A. Shirley, Marsha McNutt Hendricks, Satoshi Iimura, Ketan Gajiwala, J. Martin Scholtz,, and Gerald R. Grimsley",0.0,I,58,V,7.0,,19.46,0,1,0,pdb,UP:P05798,UP:P05798:I58V,153,train
14208,Guanyl-specific ribonuclease Sa,P05798,I70V (PDB: I70V),Kitasatospora aureofaciens (Streptomyces aureofaciens),1rgg,I70V,Helix,0.0,7.0,-,-0.94,-,2,yes,21377472.0,Hydrophobic interactions; hydrogen bonds; conformational entropy; protein stability; large proteins; small proteins,J Mol Biol. (2011) May 6; 408(3): 514–528 PMID: 21377472,"C. Nick Pace,, Hailong Fu, Katrina Lee Fryar, John Landua, Saul R. Trevino, Bret A. Shirley, Marsha McNutt Hendricks, Satoshi Iimura, Ketan Gajiwala, J. Martin Scholtz,, and Gerald R. Grimsley",-0.94,I,70,V,7.0,,0.0,0,1,0,pdb,UP:P05798,UP:P05798:I70V,154,train
14209,Guanyl-specific ribonuclease Sa,P05798,I71V (PDB: I71V),Kitasatospora aureofaciens (Streptomyces aureofaciens),1rgg,I71V,Helix,0.0,7.0,-,-0.13,-,2,yes,21377472.0,Hydrophobic interactions; hydrogen bonds; conformational entropy; protein stability; large proteins; small proteins,J Mol Biol. (2011) May 6; 408(3): 514–528 PMID: 21377472,"C. Nick Pace,, Hailong Fu, Katrina Lee Fryar, John Landua, Saul R. Trevino, Bret A. Shirley, Marsha McNutt Hendricks, Satoshi Iimura, Ketan Gajiwala, J. Martin Scholtz,, and Gerald R. Grimsley",-0.13,I,71,V,7.0,,0.0,0,1,0,pdb,UP:P05798,UP:P05798:I71V,155,train
14210,Guanyl-specific ribonuclease Sa,P05798,L91A (PDB: L91A),Kitasatospora aureofaciens (Streptomyces aureofaciens),1rgg,L91A,Coil,31.13,7.0,-,-0.84,-,2,yes,21377472.0,Hydrophobic interactions; hydrogen bonds; conformational entropy; protein stability; large proteins; small proteins,J Mol Biol. (2011) May 6; 408(3): 514–528 PMID: 21377472,"C. Nick Pace,, Hailong Fu, Katrina Lee Fryar, John Landua, Saul R. Trevino, Bret A. Shirley, Marsha McNutt Hendricks, Satoshi Iimura, Ketan Gajiwala, J. Martin Scholtz,, and Gerald R. Grimsley",-0.84,L,91,A,7.0,,31.13,0,1,0,pdb,UP:P05798,UP:P05798:L91A,156,train
14211,Guanyl-specific ribonuclease Sa,P05798,I92V (PDB: I92V),Kitasatospora aureofaciens (Streptomyces aureofaciens),1rgg,I92V,Helix,3.78,7.0,-,-1,-,2,yes,21377472.0,Hydrophobic interactions; hydrogen bonds; conformational entropy; protein stability; large proteins; small proteins,J Mol Biol. (2011) May 6; 408(3): 514–528 PMID: 21377472,"C. Nick Pace,, Hailong Fu, Katrina Lee Fryar, John Landua, Saul R. Trevino, Bret A. Shirley, Marsha McNutt Hendricks, Satoshi Iimura, Ketan Gajiwala, J. Martin Scholtz,, and Gerald R. Grimsley",-1.0,I,92,V,7.0,,3.78,0,1,0,pdb,UP:P05798,UP:P05798:I92V,157,train
14271,DELTA-stichotoxin-She4a,P81662,E2A (PDB: E2A),Stichodactyla helianthus (Sun anemone) (Stoichactis helianthus),2KS4,E2A,Sheet,49.8,7.4,-,-0.23,-,-,-,29138096.0,Pore-forming-toxin; Equinatoxin; Fragaceatoxin; Oligomerization; Ion-channel,Arch Biochem Biophys. (2017) Dec 15;636:79-89 PMID: 29138096,"Esperanza Rivera-de-Torre , Juan Palacios-Ortega , Sara García-Linares , José G Gavilanes , Álvaro Martínez-Del-Pozo",-0.23,E,2,A,7.4,,49.8,0,1,0,pdb,UP:P81662,UP:P81662:E2A,158,val
14272,DELTA-stichotoxin-She4a,P81662,D9A (PDB: D9A),Stichodactyla helianthus (Sun anemone) (Stoichactis helianthus),2KS4,D9A,Coil,54.82,7.4,-,1.26,-,-,-,29138096.0,Pore-forming-toxin; Equinatoxin; Fragaceatoxin; Oligomerization; Ion-channel,Arch Biochem Biophys. (2017) Dec 15;636:79-89 PMID: 29138096,"Esperanza Rivera-de-Torre , Juan Palacios-Ortega , Sara García-Linares , José G Gavilanes , Álvaro Martínez-Del-Pozo",1.26,D,9,A,7.4,,54.82,0,1,0,pdb,UP:P81662,UP:P81662:D9A,159,val
14274,DELTA-stichotoxin-She4b,P07845,A8D (PDB: A8D),Stichodactyla helianthus (Sun anemone) (Stoichactis helianthus),1GWY,A8D,Coil,37.21,7.4,-,-1.6,-,-,-,29138096.0,Pore-forming-toxin; Equinatoxin; Fragaceatoxin; Oligomerization; Ion-channel,Arch Biochem Biophys. (2017) Dec 15;636:79-89 PMID: 29138096,"Esperanza Rivera-de-Torre , Juan Palacios-Ortega , Sara García-Linares , José G Gavilanes , Álvaro Martínez-Del-Pozo",-1.6,A,8,D,7.4,,37.21,0,1,0,pdb,UP:P07845,UP:P07845:A8D,160,train
14403,Cold shock protein CspB,P32081,M1R (PDB: M1R),Bacillus subtilis (strain 168),1csp,M1R,Coil,66.47,7.0,-,1.75,-,2,Unknown,15784264.0,protein stability; in vitro selection; phage display; electrostatic interactions; protein design,J Mol Biol. (2005) Apr 15;347(5):1063-76 PMID: 15784264,"Michael Wunderlich   , Andreas Martin, Franz X Schmid",1.75,M,1,R,7.0,,66.47,0,1,0,pdb,UP:P32081,UP:P32081:M1R,161,val
14411,Cold shock protein CspB,P32081,L2R (PDB: L2R),Bacillus subtilis (strain 168),1csp,L2R,Coil,33.32,7.0,-,-0.36,-,2,Unknown,15784264.0,protein stability; in vitro selection; phage display; electrostatic interactions; protein design,J Mol Biol. (2005) Apr 15;347(5):1063-76 PMID: 15784264,"Michael Wunderlich   , Andreas Martin, Franz X Schmid",-0.36,L,2,R,7.0,,33.32,0,1,0,pdb,UP:P32081,UP:P32081:L2R,162,val
14415,Cold shock protein CspB,P32081,E3L (PDB: E3L),Bacillus subtilis (strain 168),1csp,E3L,Sheet,42.93,7.0,-,1.63,-,2,Unknown,15784264.0,protein stability; in vitro selection; phage display; electrostatic interactions; protein design,J Mol Biol. (2005) Apr 15;347(5):1063-76 PMID: 15784264,"Michael Wunderlich   , Andreas Martin, Franz X Schmid",1.63,E,3,L,7.0,,42.93,0,1,0,pdb,UP:P32081,UP:P32081:E3L,163,val
14416,Cold shock protein CspB,P32081,E3K (PDB: E3K),Bacillus subtilis (strain 168),1csp,E3K,Sheet,42.93,7.0,-,2.76,-,2,Unknown,15784264.0,protein stability; in vitro selection; phage display; electrostatic interactions; protein design,J Mol Biol. (2005) Apr 15;347(5):1063-76 PMID: 15784264,"Michael Wunderlich   , Andreas Martin, Franz X Schmid",2.76,E,3,K,7.0,,42.93,0,1,0,pdb,UP:P32081,UP:P32081:E3K,164,val
14417,Cold shock protein CspB,P32081,E3R (PDB: E3R),Bacillus subtilis (strain 168),1csp,E3R,Sheet,42.93,7.0,-,2.66,-,2,Unknown,15784264.0,protein stability; in vitro selection; phage display; electrostatic interactions; protein design,J Mol Biol. (2005) Apr 15;347(5):1063-76 PMID: 15784264,"Michael Wunderlich   , Andreas Martin, Franz X Schmid",2.66,E,3,R,7.0,,42.93,0,1,0,pdb,UP:P32081,UP:P32081:E3R,165,val
14418,Cold shock protein CspB,P32081,E3V (PDB: E3V),Bacillus subtilis (strain 168),1csp,E3V,Sheet,42.93,7.0,-,1.78,-,2,Unknown,15784264.0,protein stability; in vitro selection; phage display; electrostatic interactions; protein design,J Mol Biol. (2005) Apr 15;347(5):1063-76 PMID: 15784264,"Michael Wunderlich   , Andreas Martin, Franz X Schmid",1.78,E,3,V,7.0,,42.93,0,1,0,pdb,UP:P32081,UP:P32081:E3V,166,val
14435,Cold shock protein CspB,P32081,E43S (PDB: E43S),Bacillus subtilis (strain 168),1csp,E43S,Sheet,88.15,7.0,-,0.29,-,2,Unknown,15784264.0,protein stability; in vitro selection; phage display; electrostatic interactions; protein design,J Mol Biol. (2005) Apr 15;347(5):1063-76 PMID: 15784264,"Michael Wunderlich   , Andreas Martin, Franz X Schmid",0.29,E,43,S,7.0,,88.15,0,1,0,pdb,UP:P32081,UP:P32081:E43S,167,val
14440,Cold shock protein CspB,P32081,A46E (PDB: A46E),Bacillus subtilis (strain 168),1csp,A46E,Coil,18.15,7.0,-,-0.6,-,2,Unknown,15784264.0,protein stability; in vitro selection; phage display; electrostatic interactions; protein design,J Mol Biol. (2005) Apr 15;347(5):1063-76 PMID: 15784264,"Michael Wunderlich   , Andreas Martin, Franz X Schmid",-0.6,A,46,E,7.0,,18.15,0,1,0,pdb,UP:P32081,UP:P32081:A46E,168,val
14441,Cold shock protein CspB,P32081,A46K (PDB: A46K),Bacillus subtilis (strain 168),1csp,A46K,Coil,18.15,7.0,-,1.42,-,2,Unknown,15784264.0,protein stability; in vitro selection; phage display; electrostatic interactions; protein design,J Mol Biol. (2005) Apr 15;347(5):1063-76 PMID: 15784264,"Michael Wunderlich   , Andreas Martin, Franz X Schmid",1.42,A,46,K,7.0,,18.15,0,1,0,pdb,UP:P32081,UP:P32081:A46K,169,val
14442,Cold shock protein CspB,P32081,A46L (PDB: A46L),Bacillus subtilis (strain 168),1csp,A46L,Coil,18.15,7.0,-,0.82,-,2,Unknown,15784264.0,protein stability; in vitro selection; phage display; electrostatic interactions; protein design,J Mol Biol. (2005) Apr 15;347(5):1063-76 PMID: 15784264,"Michael Wunderlich   , Andreas Martin, Franz X Schmid",0.82,A,46,L,7.0,,18.15,0,1,0,pdb,UP:P32081,UP:P32081:A46L,170,val
14446,Cold shock protein CspB,P32081,S48K (PDB: S48K),Bacillus subtilis (strain 168),1csp,S48K,Coil,31.57,7.0,-,1.42,-,2,Unknown,15784264.0,protein stability; in vitro selection; phage display; electrostatic interactions; protein design,J Mol Biol. (2005) Apr 15;347(5):1063-76 PMID: 15784264,"Michael Wunderlich   , Andreas Martin, Franz X Schmid",1.42,S,48,K,7.0,,31.57,0,1,0,pdb,UP:P32081,UP:P32081:S48K,171,val
14447,Cold shock protein CspB,P32081,S48R (PDB: S48R),Bacillus subtilis (strain 168),1csp,S48R,Coil,31.57,7.0,-,1.58,-,2,Unknown,15784264.0,protein stability; in vitro selection; phage display; electrostatic interactions; protein design,J Mol Biol. (2005) Apr 15;347(5):1063-76 PMID: 15784264,"Michael Wunderlich   , Andreas Martin, Franz X Schmid",1.58,S,48,R,7.0,,31.57,0,1,0,pdb,UP:P32081,UP:P32081:S48R,172,val
14449,Cold shock protein CspB,P32081,T64R (PDB: T64R),Bacillus subtilis (strain 168),1csp,T64R,Turn,41.1,7.0,-,1.08,-,2,Unknown,15784264.0,protein stability; in vitro selection; phage display; electrostatic interactions; protein design,J Mol Biol. (2005) Apr 15;347(5):1063-76 PMID: 15784264,"Michael Wunderlich   , Andreas Martin, Franz X Schmid",1.08,T,64,R,7.0,,41.1,0,1,0,pdb,UP:P32081,UP:P32081:T64R,173,val
14451,Cold shock protein CspB,P32081,K65I (PDB: K65I),Bacillus subtilis (strain 168),1csp,K65I,Coil,47.64,7.0,-,1.54,-,2,Unknown,15784264.0,protein stability; in vitro selection; phage display; electrostatic interactions; protein design,J Mol Biol. (2005) Apr 15;347(5):1063-76 PMID: 15784264,"Michael Wunderlich   , Andreas Martin, Franz X Schmid",1.54,K,65,I,7.0,,47.64,0,1,0,pdb,UP:P32081,UP:P32081:K65I,174,val
14452,Cold shock protein CspB,P32081,E66K (PDB: E66K),Bacillus subtilis (strain 168),1csp,E66K,Sheet,22.9,7.0,-,2.18,-,2,Unknown,15784264.0,protein stability; in vitro selection; phage display; electrostatic interactions; protein design,J Mol Biol. (2005) Apr 15;347(5):1063-76 PMID: 15784264,"Michael Wunderlich   , Andreas Martin, Franz X Schmid",2.18,E,66,K,7.0,,22.9,0,1,0,pdb,UP:P32081,UP:P32081:E66K,175,val
14453,Cold shock protein CspB,P32081,E66L (PDB: E66L),Bacillus subtilis (strain 168),1csp,E66L,Sheet,22.9,7.0,-,2.11,-,2,Unknown,15784264.0,protein stability; in vitro selection; phage display; electrostatic interactions; protein design,J Mol Biol. (2005) Apr 15;347(5):1063-76 PMID: 15784264,"Michael Wunderlich   , Andreas Martin, Franz X Schmid",2.11,E,66,L,7.0,,22.9,0,1,0,pdb,UP:P32081,UP:P32081:E66L,176,val
14454,Cold shock protein CspB,P32081,E66V (PDB: E66V),Bacillus subtilis (strain 168),1csp,E66V,Sheet,22.9,7.0,-,1.73,-,2,Unknown,15784264.0,protein stability; in vitro selection; phage display; electrostatic interactions; protein design,J Mol Biol. (2005) Apr 15;347(5):1063-76 PMID: 15784264,"Michael Wunderlich   , Andreas Martin, Franz X Schmid",1.73,E,66,V,7.0,,22.9,0,1,0,pdb,UP:P32081,UP:P32081:E66V,177,val
14457,Cold shock protein CspB,P32081,M1R (PDB: M1R),Bacillus subtilis (strain 168),1csp,M1R,Coil,66.47,7.0,-,0.94,-,2,Unknown,15784264.0,protein stability; in vitro selection; phage display; electrostatic interactions; protein design,J Mol Biol. (2005) Apr 15;347(5):1063-76 PMID: 15784264,"Michael Wunderlich   , Andreas Martin, Franz X Schmid",0.94,M,1,R,7.0,,66.47,0,1,0,pdb,UP:P32081,UP:P32081:M1R,178,val
14465,Cold shock protein CspB,P32081,L2R (PDB: L2R),Bacillus subtilis (strain 168),1csp,L2R,Coil,33.32,7.0,-,0.46,-,2,Unknown,15784264.0,protein stability; in vitro selection; phage display; electrostatic interactions; protein design,J Mol Biol. (2005) Apr 15;347(5):1063-76 PMID: 15784264,"Michael Wunderlich   , Andreas Martin, Franz X Schmid",0.46,L,2,R,7.0,,33.32,0,1,0,pdb,UP:P32081,UP:P32081:L2R,179,val
14469,Cold shock protein CspB,P32081,E3L (PDB: E3L),Bacillus subtilis (strain 168),1csp,E3L,Sheet,42.93,7.0,-,1.18,-,2,Unknown,15784264.0,protein stability; in vitro selection; phage display; electrostatic interactions; protein design,J Mol Biol. (2005) Apr 15;347(5):1063-76 PMID: 15784264,"Michael Wunderlich   , Andreas Martin, Franz X Schmid",1.18,E,3,L,7.0,,42.93,0,1,0,pdb,UP:P32081,UP:P32081:E3L,180,val
14470,Cold shock protein CspB,P32081,E3K (PDB: E3K),Bacillus subtilis (strain 168),1csp,E3K,Sheet,42.93,7.0,-,2.02,-,2,Unknown,15784264.0,protein stability; in vitro selection; phage display; electrostatic interactions; protein design,J Mol Biol. (2005) Apr 15;347(5):1063-76 PMID: 15784264,"Michael Wunderlich   , Andreas Martin, Franz X Schmid",2.02,E,3,K,7.0,,42.93,0,1,0,pdb,UP:P32081,UP:P32081:E3K,181,val
14471,Cold shock protein CspB,P32081,E3R (PDB: E3R),Bacillus subtilis (strain 168),1csp,E3R,Sheet,42.93,7.0,-,1.9,-,2,Unknown,15784264.0,protein stability; in vitro selection; phage display; electrostatic interactions; protein design,J Mol Biol. (2005) Apr 15;347(5):1063-76 PMID: 15784264,"Michael Wunderlich   , Andreas Martin, Franz X Schmid",1.9,E,3,R,7.0,,42.93,0,1,0,pdb,UP:P32081,UP:P32081:E3R,182,val
14472,Cold shock protein CspB,P32081,E3V (PDB: E3V),Bacillus subtilis (strain 168),1csp,E3V,Sheet,42.93,7.0,-,1.1,-,2,Unknown,15784264.0,protein stability; in vitro selection; phage display; electrostatic interactions; protein design,J Mol Biol. (2005) Apr 15;347(5):1063-76 PMID: 15784264,"Michael Wunderlich   , Andreas Martin, Franz X Schmid",1.1,E,3,V,7.0,,42.93,0,1,0,pdb,UP:P32081,UP:P32081:E3V,183,val
14489,Cold shock protein CspB,P32081,E43S (PDB: E43S),Bacillus subtilis (strain 168),1csp,E43S,Sheet,88.15,7.0,-,0.19,-,2,Unknown,15784264.0,protein stability; in vitro selection; phage display; electrostatic interactions; protein design,J Mol Biol. (2005) Apr 15;347(5):1063-76 PMID: 15784264,"Michael Wunderlich   , Andreas Martin, Franz X Schmid",0.19,E,43,S,7.0,,88.15,0,1,0,pdb,UP:P32081,UP:P32081:E43S,184,val
14494,Cold shock protein CspB,P32081,A46E (PDB: A46E),Bacillus subtilis (strain 168),1csp,A46E,Coil,18.15,7.0,-,-0.62,-,2,Unknown,15784264.0,protein stability; in vitro selection; phage display; electrostatic interactions; protein design,J Mol Biol. (2005) Apr 15;347(5):1063-76 PMID: 15784264,"Michael Wunderlich   , Andreas Martin, Franz X Schmid",-0.62,A,46,E,7.0,,18.15,0,1,0,pdb,UP:P32081,UP:P32081:A46E,185,val
14495,Cold shock protein CspB,P32081,A46K (PDB: A46K),Bacillus subtilis (strain 168),1csp,A46K,Coil,18.15,7.0,-,0.65,-,2,Unknown,15784264.0,protein stability; in vitro selection; phage display; electrostatic interactions; protein design,J Mol Biol. (2005) Apr 15;347(5):1063-76 PMID: 15784264,"Michael Wunderlich   , Andreas Martin, Franz X Schmid",0.65,A,46,K,7.0,,18.15,0,1,0,pdb,UP:P32081,UP:P32081:A46K,186,val
14496,Cold shock protein CspB,P32081,A46L (PDB: A46L),Bacillus subtilis (strain 168),1csp,A46L,Coil,18.15,7.0,-,0.26,-,2,Unknown,15784264.0,protein stability; in vitro selection; phage display; electrostatic interactions; protein design,J Mol Biol. (2005) Apr 15;347(5):1063-76 PMID: 15784264,"Michael Wunderlich   , Andreas Martin, Franz X Schmid",0.26,A,46,L,7.0,,18.15,0,1,0,pdb,UP:P32081,UP:P32081:A46L,187,val
14500,Cold shock protein CspB,P32081,S48K (PDB: S48K),Bacillus subtilis (strain 168),1csp,S48K,Coil,31.57,7.0,-,0.74,-,2,Unknown,15784264.0,protein stability; in vitro selection; phage display; electrostatic interactions; protein design,J Mol Biol. (2005) Apr 15;347(5):1063-76 PMID: 15784264,"Michael Wunderlich   , Andreas Martin, Franz X Schmid",0.74,S,48,K,7.0,,31.57,0,1,0,pdb,UP:P32081,UP:P32081:S48K,188,val
14501,Cold shock protein CspB,P32081,S48R (PDB: S48R),Bacillus subtilis (strain 168),1csp,S48R,Coil,31.57,7.0,-,0.62,-,2,Unknown,15784264.0,protein stability; in vitro selection; phage display; electrostatic interactions; protein design,J Mol Biol. (2005) Apr 15;347(5):1063-76 PMID: 15784264,"Michael Wunderlich   , Andreas Martin, Franz X Schmid",0.62,S,48,R,7.0,,31.57,0,1,0,pdb,UP:P32081,UP:P32081:S48R,189,val
14503,Cold shock protein CspB,P32081,T64R (PDB: T64R),Bacillus subtilis (strain 168),1csp,T64R,Turn,41.1,7.0,-,0.6,-,2,Unknown,15784264.0,protein stability; in vitro selection; phage display; electrostatic interactions; protein design,J Mol Biol. (2005) Apr 15;347(5):1063-76 PMID: 15784264,"Michael Wunderlich   , Andreas Martin, Franz X Schmid",0.6,T,64,R,7.0,,41.1,0,1,0,pdb,UP:P32081,UP:P32081:T64R,190,val
14505,Cold shock protein CspB,P32081,K65I (PDB: K65I),Bacillus subtilis (strain 168),1csp,K65I,Coil,47.64,7.0,-,0,-,2,Unknown,15784264.0,protein stability; in vitro selection; phage display; electrostatic interactions; protein design,J Mol Biol. (2005) Apr 15;347(5):1063-76 PMID: 15784264,"Michael Wunderlich   , Andreas Martin, Franz X Schmid",0.0,K,65,I,7.0,,47.64,0,1,0,pdb,UP:P32081,UP:P32081:K65I,191,val
14506,Cold shock protein CspB,P32081,E66K (PDB: E66K),Bacillus subtilis (strain 168),1csp,E66K,Sheet,22.9,7.0,-,1.25,-,2,Unknown,15784264.0,protein stability; in vitro selection; phage display; electrostatic interactions; protein design,J Mol Biol. (2005) Apr 15;347(5):1063-76 PMID: 15784264,"Michael Wunderlich   , Andreas Martin, Franz X Schmid",1.25,E,66,K,7.0,,22.9,0,1,0,pdb,UP:P32081,UP:P32081:E66K,192,val
14507,Cold shock protein CspB,P32081,E66L (PDB: E66L),Bacillus subtilis (strain 168),1csp,E66L,Sheet,22.9,7.0,-,0.67,-,2,Unknown,15784264.0,protein stability; in vitro selection; phage display; electrostatic interactions; protein design,J Mol Biol. (2005) Apr 15;347(5):1063-76 PMID: 15784264,"Michael Wunderlich   , Andreas Martin, Franz X Schmid",0.67,E,66,L,7.0,,22.9,0,1,0,pdb,UP:P32081,UP:P32081:E66L,193,val
14508,Cold shock protein CspB,P32081,E66V (PDB: E66V),Bacillus subtilis (strain 168),1csp,E66V,Sheet,22.9,7.0,-,0.6,-,2,Unknown,15784264.0,protein stability; in vitro selection; phage display; electrostatic interactions; protein design,J Mol Biol. (2005) Apr 15;347(5):1063-76 PMID: 15784264,"Michael Wunderlich   , Andreas Martin, Franz X Schmid",0.6,E,66,V,7.0,,22.9,0,1,0,pdb,UP:P32081,UP:P32081:E66V,194,val
14511,Cold shock protein CspB,P32081,M1R (PDB: M1R),Bacillus subtilis (strain 168),1csp,M1R,Coil,66.47,7.0,-,0.82,-,2,Unknown,15784264.0,protein stability; in vitro selection; phage display; electrostatic interactions; protein design,J Mol Biol. (2005) Apr 15;347(5):1063-76 PMID: 15784264,"Michael Wunderlich   , Andreas Martin, Franz X Schmid",0.82,M,1,R,7.0,,66.47,0,1,0,pdb,UP:P32081,UP:P32081:M1R,195,val
14519,Cold shock protein CspB,P32081,L2R (PDB: L2R),Bacillus subtilis (strain 168),1csp,L2R,Coil,33.32,7.0,-,-0.82,-,2,Unknown,15784264.0,protein stability; in vitro selection; phage display; electrostatic interactions; protein design,J Mol Biol. (2005) Apr 15;347(5):1063-76 PMID: 15784264,"Michael Wunderlich   , Andreas Martin, Franz X Schmid",-0.82,L,2,R,7.0,,33.32,0,1,0,pdb,UP:P32081,UP:P32081:L2R,196,val
14523,Cold shock protein CspB,P32081,E3L (PDB: E3L),Bacillus subtilis (strain 168),1csp,E3L,Sheet,42.93,7.0,-,0.46,-,2,Unknown,15784264.0,protein stability; in vitro selection; phage display; electrostatic interactions; protein design,J Mol Biol. (2005) Apr 15;347(5):1063-76 PMID: 15784264,"Michael Wunderlich   , Andreas Martin, Franz X Schmid",0.46,E,3,L,7.0,,42.93,0,1,0,pdb,UP:P32081,UP:P32081:E3L,197,val
14524,Cold shock protein CspB,P32081,E3K (PDB: E3K),Bacillus subtilis (strain 168),1csp,E3K,Sheet,42.93,7.0,-,0.74,-,2,Unknown,15784264.0,protein stability; in vitro selection; phage display; electrostatic interactions; protein design,J Mol Biol. (2005) Apr 15;347(5):1063-76 PMID: 15784264,"Michael Wunderlich   , Andreas Martin, Franz X Schmid",0.74,E,3,K,7.0,,42.93,0,1,0,pdb,UP:P32081,UP:P32081:E3K,198,val
14525,Cold shock protein CspB,P32081,E3R (PDB: E3R),Bacillus subtilis (strain 168),1csp,E3R,Sheet,42.93,7.0,-,0.77,-,2,Unknown,15784264.0,protein stability; in vitro selection; phage display; electrostatic interactions; protein design,J Mol Biol. (2005) Apr 15;347(5):1063-76 PMID: 15784264,"Michael Wunderlich   , Andreas Martin, Franz X Schmid",0.77,E,3,R,7.0,,42.93,0,1,0,pdb,UP:P32081,UP:P32081:E3R,199,val
14526,Cold shock protein CspB,P32081,E3V (PDB: E3V),Bacillus subtilis (strain 168),1csp,E3V,Sheet,42.93,7.0,-,0.67,-,2,Unknown,15784264.0,protein stability; in vitro selection; phage display; electrostatic interactions; protein design,J Mol Biol. (2005) Apr 15;347(5):1063-76 PMID: 15784264,"Michael Wunderlich   , Andreas Martin, Franz X Schmid",0.67,E,3,V,7.0,,42.93,0,1,0,pdb,UP:P32081,UP:P32081:E3V,200,val
14542,Cold shock protein CspB,P32081,E43S (PDB: E43S),Bacillus subtilis (strain 168),1csp,E43S,Sheet,88.15,7.0,-,0.1,-,2,Unknown,15784264.0,protein stability; in vitro selection; phage display; electrostatic interactions; protein design,J Mol Biol. (2005) Apr 15;347(5):1063-76 PMID: 15784264,"Michael Wunderlich   , Andreas Martin, Franz X Schmid",0.1,E,43,S,7.0,,88.15,0,1,0,pdb,UP:P32081,UP:P32081:E43S,201,val
14547,Cold shock protein CspB,P32081,A46E (PDB: A46E),Bacillus subtilis (strain 168),1csp,A46E,Coil,18.15,7.0,-,0.02,-,2,Unknown,15784264.0,protein stability; in vitro selection; phage display; electrostatic interactions; protein design,J Mol Biol. (2005) Apr 15;347(5):1063-76 PMID: 15784264,"Michael Wunderlich   , Andreas Martin, Franz X Schmid",0.02,A,46,E,7.0,,18.15,0,1,0,pdb,UP:P32081,UP:P32081:A46E,202,val
14548,Cold shock protein CspB,P32081,A46K (PDB: A46K),Bacillus subtilis (strain 168),1csp,A46K,Coil,18.15,7.0,-,0.77,-,2,Unknown,15784264.0,protein stability; in vitro selection; phage display; electrostatic interactions; protein design,J Mol Biol. (2005) Apr 15;347(5):1063-76 PMID: 15784264,"Michael Wunderlich   , Andreas Martin, Franz X Schmid",0.77,A,46,K,7.0,,18.15,0,1,0,pdb,UP:P32081,UP:P32081:A46K,203,val
14549,Cold shock protein CspB,P32081,A46L (PDB: A46L),Bacillus subtilis (strain 168),1csp,A46L,Coil,18.15,7.0,-,0.55,-,2,Unknown,15784264.0,protein stability; in vitro selection; phage display; electrostatic interactions; protein design,J Mol Biol. (2005) Apr 15;347(5):1063-76 PMID: 15784264,"Michael Wunderlich   , Andreas Martin, Franz X Schmid",0.55,A,46,L,7.0,,18.15,0,1,0,pdb,UP:P32081,UP:P32081:A46L,204,val
14553,Cold shock protein CspB,P32081,S48K (PDB: S48K),Bacillus subtilis (strain 168),1csp,S48K,Coil,31.57,7.0,-,0.62,-,2,Unknown,15784264.0,protein stability; in vitro selection; phage display; electrostatic interactions; protein design,J Mol Biol. (2005) Apr 15;347(5):1063-76 PMID: 15784264,"Michael Wunderlich   , Andreas Martin, Franz X Schmid",0.62,S,48,K,7.0,,31.57,0,1,0,pdb,UP:P32081,UP:P32081:S48K,205,val
14554,Cold shock protein CspB,P32081,S48R (PDB: S48R),Bacillus subtilis (strain 168),1csp,S48R,Coil,31.57,7.0,-,0.96,-,2,Unknown,15784264.0,protein stability; in vitro selection; phage display; electrostatic interactions; protein design,J Mol Biol. (2005) Apr 15;347(5):1063-76 PMID: 15784264,"Michael Wunderlich   , Andreas Martin, Franz X Schmid",0.96,S,48,R,7.0,,31.57,0,1,0,pdb,UP:P32081,UP:P32081:S48R,206,val
14556,Cold shock protein CspB,P32081,T64R (PDB: T64R),Bacillus subtilis (strain 168),1csp,T64R,Turn,41.1,7.0,-,0.48,-,2,Unknown,15784264.0,protein stability; in vitro selection; phage display; electrostatic interactions; protein design,J Mol Biol. (2005) Apr 15;347(5):1063-76 PMID: 15784264,"Michael Wunderlich   , Andreas Martin, Franz X Schmid",0.48,T,64,R,7.0,,41.1,0,1,0,pdb,UP:P32081,UP:P32081:T64R,207,val
14558,Cold shock protein CspB,P32081,K65I (PDB: K65I),Bacillus subtilis (strain 168),1csp,K65I,Coil,47.64,7.0,-,1.54,-,2,Unknown,15784264.0,protein stability; in vitro selection; phage display; electrostatic interactions; protein design,J Mol Biol. (2005) Apr 15;347(5):1063-76 PMID: 15784264,"Michael Wunderlich   , Andreas Martin, Franz X Schmid",1.54,K,65,I,7.0,,47.64,0,1,0,pdb,UP:P32081,UP:P32081:K65I,208,val
14559,Cold shock protein CspB,P32081,E66K (PDB: E66K),Bacillus subtilis (strain 168),1csp,E66K,Sheet,22.9,7.0,-,0.94,-,2,Unknown,15784264.0,protein stability; in vitro selection; phage display; electrostatic interactions; protein design,J Mol Biol. (2005) Apr 15;347(5):1063-76 PMID: 15784264,"Michael Wunderlich   , Andreas Martin, Franz X Schmid",0.94,E,66,K,7.0,,22.9,0,1,0,pdb,UP:P32081,UP:P32081:E66K,209,val
14560,Cold shock protein CspB,P32081,E66L (PDB: E66L),Bacillus subtilis (strain 168),1csp,E66L,Sheet,22.9,7.0,-,1.44,-,2,Unknown,15784264.0,protein stability; in vitro selection; phage display; electrostatic interactions; protein design,J Mol Biol. (2005) Apr 15;347(5):1063-76 PMID: 15784264,"Michael Wunderlich   , Andreas Martin, Franz X Schmid",1.44,E,66,L,7.0,,22.9,0,1,0,pdb,UP:P32081,UP:P32081:E66L,210,val
14561,Cold shock protein CspB,P32081,E66V (PDB: E66V),Bacillus subtilis (strain 168),1csp,E66V,Sheet,22.9,7.0,-,1.13,-,2,Unknown,15784264.0,protein stability; in vitro selection; phage display; electrostatic interactions; protein design,J Mol Biol. (2005) Apr 15;347(5):1063-76 PMID: 15784264,"Michael Wunderlich   , Andreas Martin, Franz X Schmid",1.13,E,66,V,7.0,,22.9,0,1,0,pdb,UP:P32081,UP:P32081:E66V,211,val
14568,Cold shock protein CspB,P32081,M1R (PDB: M1R),Bacillus subtilis (strain 168),1csp,M1R,Coil,66.47,7.0,-,1.75,-,2,Unknown,15784264.0,protein stability; in vitro selection; phage display; electrostatic interactions; protein design,J Mol Biol. (2005) Apr 15;347(5):1063-76 PMID: 15784264,"Michael Wunderlich   , Andreas Martin, Franz X Schmid",1.75,M,1,R,7.0,,66.47,0,1,0,pdb,UP:P32081,UP:P32081:M1R,212,val
14569,Cold shock protein CspB,P32081,E3K (PDB: E3K),Bacillus subtilis (strain 168),1csp,E3K,Sheet,42.93,7.0,-,2.76,-,2,Unknown,15784264.0,protein stability; in vitro selection; phage display; electrostatic interactions; protein design,J Mol Biol. (2005) Apr 15;347(5):1063-76 PMID: 15784264,"Michael Wunderlich   , Andreas Martin, Franz X Schmid",2.76,E,3,K,7.0,,42.93,0,1,0,pdb,UP:P32081,UP:P32081:E3K,213,val
14570,Cold shock protein CspB,P32081,K65I (PDB: K65I),Bacillus subtilis (strain 168),1csp,K65I,Coil,47.64,7.0,-,1.54,-,2,Unknown,15784264.0,protein stability; in vitro selection; phage display; electrostatic interactions; protein design,J Mol Biol. (2005) Apr 15;347(5):1063-76 PMID: 15784264,"Michael Wunderlich   , Andreas Martin, Franz X Schmid",1.54,K,65,I,7.0,,47.64,0,1,0,pdb,UP:P32081,UP:P32081:K65I,214,val
14571,Cold shock protein CspB,P32081,E66K (PDB: E66K),Bacillus subtilis (strain 168),1csp,E66K,Sheet,22.9,7.0,-,2.18,-,2,Unknown,15784264.0,protein stability; in vitro selection; phage display; electrostatic interactions; protein design,J Mol Biol. (2005) Apr 15;347(5):1063-76 PMID: 15784264,"Michael Wunderlich   , Andreas Martin, Franz X Schmid",2.18,E,66,K,7.0,,22.9,0,1,0,pdb,UP:P32081,UP:P32081:E66K,215,val
14585,Cold shock protein CspB,P32081,E43S (PDB: E43S),Bacillus subtilis (strain 168),1csp,E43S,Sheet,88.15,7.0,-,0.29,-,2,Unknown,15784264.0,protein stability; in vitro selection; phage display; electrostatic interactions; protein design,J Mol Biol. (2005) Apr 15;347(5):1063-76 PMID: 15784264,"Michael Wunderlich   , Andreas Martin, Franz X Schmid",0.29,E,43,S,7.0,,88.15,0,1,0,pdb,UP:P32081,UP:P32081:E43S,216,val
14586,Cold shock protein CspB,P32081,A46K (PDB: A46K),Bacillus subtilis (strain 168),1csp,A46K,Coil,18.15,7.0,-,1.42,-,2,Unknown,15784264.0,protein stability; in vitro selection; phage display; electrostatic interactions; protein design,J Mol Biol. (2005) Apr 15;347(5):1063-76 PMID: 15784264,"Michael Wunderlich   , Andreas Martin, Franz X Schmid",1.42,A,46,K,7.0,,18.15,0,1,0,pdb,UP:P32081,UP:P32081:A46K,217,val
14588,Cold shock protein CspB,P32081,S48R (PDB: S48R),Bacillus subtilis (strain 168),1csp,S48R,Coil,31.57,7.0,-,1.58,-,2,Unknown,15784264.0,protein stability; in vitro selection; phage display; electrostatic interactions; protein design,J Mol Biol. (2005) Apr 15;347(5):1063-76 PMID: 15784264,"Michael Wunderlich   , Andreas Martin, Franz X Schmid",1.58,S,48,R,7.0,,31.57,0,1,0,pdb,UP:P32081,UP:P32081:S48R,218,val
14594,Cold shock protein CspB,P32081,M1R (PDB: M1R),Bacillus subtilis (strain 168),1csp,M1R,Coil,66.47,7.0,-,0.94,-,2,Unknown,15784264.0,protein stability; in vitro selection; phage display; electrostatic interactions; protein design,J Mol Biol. (2005) Apr 15;347(5):1063-76 PMID: 15784264,"Michael Wunderlich   , Andreas Martin, Franz X Schmid",0.94,M,1,R,7.0,,66.47,0,1,0,pdb,UP:P32081,UP:P32081:M1R,219,val
14595,Cold shock protein CspB,P32081,E3K (PDB: E3K),Bacillus subtilis (strain 168),1csp,E3K,Sheet,42.93,7.0,-,2.02,-,2,Unknown,15784264.0,protein stability; in vitro selection; phage display; electrostatic interactions; protein design,J Mol Biol. (2005) Apr 15;347(5):1063-76 PMID: 15784264,"Michael Wunderlich   , Andreas Martin, Franz X Schmid",2.02,E,3,K,7.0,,42.93,0,1,0,pdb,UP:P32081,UP:P32081:E3K,220,val
14596,Cold shock protein CspB,P32081,K65I (PDB: K65I),Bacillus subtilis (strain 168),1csp,K65I,Coil,47.64,7.0,-,0,-,2,Unknown,15784264.0,protein stability; in vitro selection; phage display; electrostatic interactions; protein design,J Mol Biol. (2005) Apr 15;347(5):1063-76 PMID: 15784264,"Michael Wunderlich   , Andreas Martin, Franz X Schmid",0.0,K,65,I,7.0,,47.64,0,1,0,pdb,UP:P32081,UP:P32081:K65I,221,val
14597,Cold shock protein CspB,P32081,E66K (PDB: E66K),Bacillus subtilis (strain 168),1csp,E66K,Sheet,22.9,7.0,-,1.25,-,2,Unknown,15784264.0,protein stability; in vitro selection; phage display; electrostatic interactions; protein design,J Mol Biol. (2005) Apr 15;347(5):1063-76 PMID: 15784264,"Michael Wunderlich   , Andreas Martin, Franz X Schmid",1.25,E,66,K,7.0,,22.9,0,1,0,pdb,UP:P32081,UP:P32081:E66K,222,val
14611,Cold shock protein CspB,P32081,E43S (PDB: E43S),Bacillus subtilis (strain 168),1csp,E43S,Sheet,88.15,7.0,-,0.19,-,2,Unknown,15784264.0,protein stability; in vitro selection; phage display; electrostatic interactions; protein design,J Mol Biol. (2005) Apr 15;347(5):1063-76 PMID: 15784264,"Michael Wunderlich   , Andreas Martin, Franz X Schmid",0.19,E,43,S,7.0,,88.15,0,1,0,pdb,UP:P32081,UP:P32081:E43S,223,val
14612,Cold shock protein CspB,P32081,A46K (PDB: A46K),Bacillus subtilis (strain 168),1csp,A46K,Coil,18.15,7.0,-,0.65,-,2,Unknown,15784264.0,protein stability; in vitro selection; phage display; electrostatic interactions; protein design,J Mol Biol. (2005) Apr 15;347(5):1063-76 PMID: 15784264,"Michael Wunderlich   , Andreas Martin, Franz X Schmid",0.65,A,46,K,7.0,,18.15,0,1,0,pdb,UP:P32081,UP:P32081:A46K,224,val
14614,Cold shock protein CspB,P32081,S48R (PDB: S48R),Bacillus subtilis (strain 168),1csp,S48R,Coil,31.57,7.0,-,0.62,-,2,Unknown,15784264.0,protein stability; in vitro selection; phage display; electrostatic interactions; protein design,J Mol Biol. (2005) Apr 15;347(5):1063-76 PMID: 15784264,"Michael Wunderlich   , Andreas Martin, Franz X Schmid",0.62,S,48,R,7.0,,31.57,0,1,0,pdb,UP:P32081,UP:P32081:S48R,225,val
14620,Cold shock protein CspB,P32081,M1R (PDB: M1R),Bacillus subtilis (strain 168),1csp,M1R,Coil,66.47,7.0,-,0.82,-,2,Unknown,15784264.0,protein stability; in vitro selection; phage display; electrostatic interactions; protein design,J Mol Biol. (2005) Apr 15;347(5):1063-76 PMID: 15784264,"Michael Wunderlich   , Andreas Martin, Franz X Schmid",0.82,M,1,R,7.0,,66.47,0,1,0,pdb,UP:P32081,UP:P32081:M1R,226,val
14621,Cold shock protein CspB,P32081,E3K (PDB: E3K),Bacillus subtilis (strain 168),1csp,E3K,Sheet,42.93,7.0,-,0.74,-,2,Unknown,15784264.0,protein stability; in vitro selection; phage display; electrostatic interactions; protein design,J Mol Biol. (2005) Apr 15;347(5):1063-76 PMID: 15784264,"Michael Wunderlich   , Andreas Martin, Franz X Schmid",0.74,E,3,K,7.0,,42.93,0,1,0,pdb,UP:P32081,UP:P32081:E3K,227,val
14622,Cold shock protein CspB,P32081,K65I (PDB: K65I),Bacillus subtilis (strain 168),1csp,K65I,Coil,47.64,7.0,-,1.54,-,2,Unknown,15784264.0,protein stability; in vitro selection; phage display; electrostatic interactions; protein design,J Mol Biol. (2005) Apr 15;347(5):1063-76 PMID: 15784264,"Michael Wunderlich   , Andreas Martin, Franz X Schmid",1.54,K,65,I,7.0,,47.64,0,1,0,pdb,UP:P32081,UP:P32081:K65I,228,val
14623,Cold shock protein CspB,P32081,E66K (PDB: E66K),Bacillus subtilis (strain 168),1csp,E66K,Sheet,22.9,7.0,-,0.94,-,2,Unknown,15784264.0,protein stability; in vitro selection; phage display; electrostatic interactions; protein design,J Mol Biol. (2005) Apr 15;347(5):1063-76 PMID: 15784264,"Michael Wunderlich   , Andreas Martin, Franz X Schmid",0.94,E,66,K,7.0,,22.9,0,1,0,pdb,UP:P32081,UP:P32081:E66K,229,val
14637,Cold shock protein CspB,P32081,E43S (PDB: E43S),Bacillus subtilis (strain 168),1csp,E43S,Sheet,88.15,7.0,-,0.1,-,2,Unknown,15784264.0,protein stability; in vitro selection; phage display; electrostatic interactions; protein design,J Mol Biol. (2005) Apr 15;347(5):1063-76 PMID: 15784264,"Michael Wunderlich   , Andreas Martin, Franz X Schmid",0.1,E,43,S,7.0,,88.15,0,1,0,pdb,UP:P32081,UP:P32081:E43S,230,val
14638,Cold shock protein CspB,P32081,A46K (PDB: A46K),Bacillus subtilis (strain 168),1csp,A46K,Coil,18.15,7.0,-,0.77,-,2,Unknown,15784264.0,protein stability; in vitro selection; phage display; electrostatic interactions; protein design,J Mol Biol. (2005) Apr 15;347(5):1063-76 PMID: 15784264,"Michael Wunderlich   , Andreas Martin, Franz X Schmid",0.77,A,46,K,7.0,,18.15,0,1,0,pdb,UP:P32081,UP:P32081:A46K,231,val
14640,Cold shock protein CspB,P32081,S48R (PDB: S48R),Bacillus subtilis (strain 168),1csp,S48R,Coil,31.57,7.0,-,0.96,-,2,Unknown,15784264.0,protein stability; in vitro selection; phage display; electrostatic interactions; protein design,J Mol Biol. (2005) Apr 15;347(5):1063-76 PMID: 15784264,"Michael Wunderlich   , Andreas Martin, Franz X Schmid",0.96,S,48,R,7.0,,31.57,0,1,0,pdb,UP:P32081,UP:P32081:S48R,232,val
14641,Cold shock protein CspB,P32081,E43S (PDB: E43S),Bacillus subtilis (strain 168),1csp,E43S,Sheet,88.15,7.0,-,0.29,-,2,Unknown,15784264.0,protein stability; in vitro selection; phage display; electrostatic interactions; protein design,J Mol Biol. (2005) Apr 15;347(5):1063-76 PMID: 15784264,"Michael Wunderlich   , Andreas Martin, Franz X Schmid",0.29,E,43,S,7.0,,88.15,0,1,0,pdb,UP:P32081,UP:P32081:E43S,233,val
14642,Cold shock protein CspB,P32081,E3V (PDB: E3V),Bacillus subtilis (strain 168),1csp,E3V,Sheet,42.93,7.0,-,1.78,-,2,Unknown,15784264.0,protein stability; in vitro selection; phage display; electrostatic interactions; protein design,J Mol Biol. (2005) Apr 15;347(5):1063-76 PMID: 15784264,"Michael Wunderlich   , Andreas Martin, Franz X Schmid",1.78,E,3,V,7.0,,42.93,0,1,0,pdb,UP:P32081,UP:P32081:E3V,234,val
14643,Cold shock protein CspB,P32081,E66L (PDB: E66L),Bacillus subtilis (strain 168),1csp,E66L,Sheet,22.9,7.0,-,2.11,-,2,Unknown,15784264.0,protein stability; in vitro selection; phage display; electrostatic interactions; protein design,J Mol Biol. (2005) Apr 15;347(5):1063-76 PMID: 15784264,"Michael Wunderlich   , Andreas Martin, Franz X Schmid",2.11,E,66,L,7.0,,22.9,0,1,0,pdb,UP:P32081,UP:P32081:E66L,235,val
14644,Cold shock protein CspB,P32081,M1R (PDB: M1R),Bacillus subtilis (strain 168),1csp,M1R,Coil,66.47,7.0,-,1.75,-,2,Unknown,15784264.0,protein stability; in vitro selection; phage display; electrostatic interactions; protein design,J Mol Biol. (2005) Apr 15;347(5):1063-76 PMID: 15784264,"Michael Wunderlich   , Andreas Martin, Franz X Schmid",1.75,M,1,R,7.0,,66.47,0,1,0,pdb,UP:P32081,UP:P32081:M1R,236,val
14645,Cold shock protein CspB,P32081,E3R (PDB: E3R),Bacillus subtilis (strain 168),1csp,E3R,Sheet,42.93,7.0,-,2.66,-,2,Unknown,15784264.0,protein stability; in vitro selection; phage display; electrostatic interactions; protein design,J Mol Biol. (2005) Apr 15;347(5):1063-76 PMID: 15784264,"Michael Wunderlich   , Andreas Martin, Franz X Schmid",2.66,E,3,R,7.0,,42.93,0,1,0,pdb,UP:P32081,UP:P32081:E3R,237,val
14646,Cold shock protein CspB,P32081,E43S (PDB: E43S),Bacillus subtilis (strain 168),1csp,E43S,Sheet,88.15,7.0,-,0.19,-,2,Unknown,15784264.0,protein stability; in vitro selection; phage display; electrostatic interactions; protein design,J Mol Biol. (2005) Apr 15;347(5):1063-76 PMID: 15784264,"Michael Wunderlich   , Andreas Martin, Franz X Schmid",0.19,E,43,S,7.0,,88.15,0,1,0,pdb,UP:P32081,UP:P32081:E43S,238,val
14647,Cold shock protein CspB,P32081,E3V (PDB: E3V),Bacillus subtilis (strain 168),1csp,E3V,Sheet,42.93,7.0,-,1.1,-,2,Unknown,15784264.0,protein stability; in vitro selection; phage display; electrostatic interactions; protein design,J Mol Biol. (2005) Apr 15;347(5):1063-76 PMID: 15784264,"Michael Wunderlich   , Andreas Martin, Franz X Schmid",1.1,E,3,V,7.0,,42.93,0,1,0,pdb,UP:P32081,UP:P32081:E3V,239,val
14648,Cold shock protein CspB,P32081,E66L (PDB: E66L),Bacillus subtilis (strain 168),1csp,E66L,Sheet,22.9,7.0,-,0.67,-,2,Unknown,15784264.0,protein stability; in vitro selection; phage display; electrostatic interactions; protein design,J Mol Biol. (2005) Apr 15;347(5):1063-76 PMID: 15784264,"Michael Wunderlich   , Andreas Martin, Franz X Schmid",0.67,E,66,L,7.0,,22.9,0,1,0,pdb,UP:P32081,UP:P32081:E66L,240,val
14649,Cold shock protein CspB,P32081,M1R (PDB: M1R),Bacillus subtilis (strain 168),1csp,M1R,Coil,66.47,7.0,-,0.94,-,2,Unknown,15784264.0,protein stability; in vitro selection; phage display; electrostatic interactions; protein design,J Mol Biol. (2005) Apr 15;347(5):1063-76 PMID: 15784264,"Michael Wunderlich   , Andreas Martin, Franz X Schmid",0.94,M,1,R,7.0,,66.47,0,1,0,pdb,UP:P32081,UP:P32081:M1R,241,val
14650,Cold shock protein CspB,P32081,E3R (PDB: E3R),Bacillus subtilis (strain 168),1csp,E3R,Sheet,42.93,7.0,-,1.9,-,2,Unknown,15784264.0,protein stability; in vitro selection; phage display; electrostatic interactions; protein design,J Mol Biol. (2005) Apr 15;347(5):1063-76 PMID: 15784264,"Michael Wunderlich   , Andreas Martin, Franz X Schmid",1.9,E,3,R,7.0,,42.93,0,1,0,pdb,UP:P32081,UP:P32081:E3R,242,val
14651,Cold shock protein CspB,P32081,E43S (PDB: E43S),Bacillus subtilis (strain 168),1csp,E43S,Sheet,88.15,7.0,-,0.1,-,2,Unknown,15784264.0,protein stability; in vitro selection; phage display; electrostatic interactions; protein design,J Mol Biol. (2005) Apr 15;347(5):1063-76 PMID: 15784264,"Michael Wunderlich   , Andreas Martin, Franz X Schmid",0.1,E,43,S,7.0,,88.15,0,1,0,pdb,UP:P32081,UP:P32081:E43S,243,val
14652,Cold shock protein CspB,P32081,E3V (PDB: E3V),Bacillus subtilis (strain 168),1csp,E3V,Sheet,42.93,7.0,-,0.67,-,2,Unknown,15784264.0,protein stability; in vitro selection; phage display; electrostatic interactions; protein design,J Mol Biol. (2005) Apr 15;347(5):1063-76 PMID: 15784264,"Michael Wunderlich   , Andreas Martin, Franz X Schmid",0.67,E,3,V,7.0,,42.93,0,1,0,pdb,UP:P32081,UP:P32081:E3V,244,val
14653,Cold shock protein CspB,P32081,E66L (PDB: E66L),Bacillus subtilis (strain 168),1csp,E66L,Sheet,22.9,7.0,-,1.44,-,2,Unknown,15784264.0,protein stability; in vitro selection; phage display; electrostatic interactions; protein design,J Mol Biol. (2005) Apr 15;347(5):1063-76 PMID: 15784264,"Michael Wunderlich   , Andreas Martin, Franz X Schmid",1.44,E,66,L,7.0,,22.9,0,1,0,pdb,UP:P32081,UP:P32081:E66L,245,val
14654,Cold shock protein CspB,P32081,M1R (PDB: M1R),Bacillus subtilis (strain 168),1csp,M1R,Coil,66.47,7.0,-,0.82,-,2,Unknown,15784264.0,protein stability; in vitro selection; phage display; electrostatic interactions; protein design,J Mol Biol. (2005) Apr 15;347(5):1063-76 PMID: 15784264,"Michael Wunderlich   , Andreas Martin, Franz X Schmid",0.82,M,1,R,7.0,,66.47,0,1,0,pdb,UP:P32081,UP:P32081:M1R,246,val
14655,Cold shock protein CspB,P32081,E3R (PDB: E3R),Bacillus subtilis (strain 168),1csp,E3R,Sheet,42.93,7.0,-,0.77,-,2,Unknown,15784264.0,protein stability; in vitro selection; phage display; electrostatic interactions; protein design,J Mol Biol. (2005) Apr 15;347(5):1063-76 PMID: 15784264,"Michael Wunderlich   , Andreas Martin, Franz X Schmid",0.77,E,3,R,7.0,,42.93,0,1,0,pdb,UP:P32081,UP:P32081:E3R,247,val
16394,Rubredoxin,P00268,V24I (PDB: V24I),Clostridium pasteurianum,1IRO,V24I,Sheet,3.25,9.08,107,0.36,-,-,Yes,17118523.0,Hydrophobic core; Proteins; Thermostability; Thermodynamic additivity; NMR chemical exchange; Chimeric hybrids,"BIOPHYS CHEM 125, 483-489 (2007) PMID: 17118523","LeMaster DM, Hernandez G.",0.36,V,24,I,9.08,107.0,3.25,0,0,0,pdb,UP:P00268,UP:P00268:V24I,248,train
16395,Rubredoxin,P00268,I33L (PDB: I33L),Clostridium pasteurianum,1IRO,I33L,Helix,0.54,9.08,107,0.76,-,-,Yes,17118523.0,Hydrophobic core; Proteins; Thermostability; Thermodynamic additivity; NMR chemical exchange; Chimeric hybrids,"BIOPHYS CHEM 125, 483-489 (2007) PMID: 17118523","LeMaster DM, Hernandez G.",0.76,I,33,L,9.08,107.0,0.54,0,0,0,pdb,UP:P00268,UP:P00268:I33L,249,train
16412,Superoxide dismutase [Mn],P04179,Y58F (PDB: Y34F),Homo sapiens (Human),1N0J,Y34F,Helix,6.55,7.8,88.9,3.1,-,2,Yes,9537987.0,"crystallography, manganese superoxide dismutase, tyrosine 34, mutagenesis.","BIOCHEMISTRY 37, 4722-4730 (1998) PMID: 9537987","Guan Y, Hickey MJ, Borgstahl GE, Hallewell RA, Lepock JR, O'Connor D, Hsieh Y, Nick HS, Silverman DN, Tainer JA.",3.1,Y,58,F,7.8,88.9,6.55,0,0,0,pdb,UP:P04179,UP:P04179:Y58F,250,train
16413,Superoxide dismutase [Mn],P04179,Q143N (PDB: Q143N),Homo sapiens (Human),1N0J,Q143N,Turn,0.0,7.8,88.9,0.06,-,2,Yes,9537988.0,"manganese superoxide dismutase, glutamine 143, active site, mutagenesis.","BIOCHEMISTRY 37, 4731-4739 (1998) PMID: 9537988","Hsieh Y, Guan Y, Tu C, Bratt PJ, Angerhofer A, Lepock JR, Hickey MJ, Tainer JA, Nick HS, Silverman DN.",0.06,Q,143,N,7.8,88.9,0.0,0,0,0,pdb,UP:P04179,UP:P04179:Q143N,251,train
16414,Tailspike protein,P12528,G178R (UniProt),Salmonella phage P22 (Bacteriophage P22),1CLW,-,Helix,30.5,7.4,88.4,-2.1,-,-,no,2525128.0,P22 tailspike protein; thermostability; folding intermediate;,"J BIOL CHEM 264, 10693-10698 (1989) PMID: 2525128","Sturtevant JM, Yu MH, Haase-Pettingell C, King J",-2.1,G,178,R,7.4,88.4,30.5,0,0,0,uniprot,UP:P12528,UP:P12528:G178R,252,train
16415,Tailspike protein,P12528,T236I (UniProt),Salmonella phage P22 (Bacteriophage P22),1CLW,-,Turn,16.58,7.4,88.4,-1.6,-,-,no,2525128.0,P22 tailspike protein; thermostability; folding intermediate;,"J BIOL CHEM 264, 10693-10698 (1989) PMID: 2525128","Sturtevant JM, Yu MH, Haase-Pettingell C, King J",-1.6,T,236,I,7.4,88.4,16.58,0,0,0,uniprot,UP:P12528,UP:P12528:T236I,253,train
16416,Tailspike protein,P12528,G245R (UniProt),Salmonella phage P22 (Bacteriophage P22),1CLW,-,Helix,48.28,7.4,88.4,-4,-,-,no,2525128.0,P22 tailspike protein; thermostability; folding intermediate;,"J BIOL CHEM 264, 10693-10698 (1989) PMID: 2525128","Sturtevant JM, Yu MH, Haase-Pettingell C, King J",-4.0,G,245,R,7.4,88.4,48.28,0,0,0,uniprot,UP:P12528,UP:P12528:G245R,254,train
16417,Tailspike protein,P12528,E310V (UniProt),Salmonella phage P22 (Bacteriophage P22),1CLW,-,Sheet,21.75,7.4,88.4,-2.3,-,-,no,2525128.0,P22 tailspike protein; thermostability; folding intermediate;,"J BIOL CHEM 264, 10693-10698 (1989) PMID: 2525128","Sturtevant JM, Yu MH, Haase-Pettingell C, King J",-2.3,E,310,V,7.4,88.4,21.75,0,0,0,uniprot,UP:P12528,UP:P12528:E310V,255,train
16418,Tailspike protein,P12528,R286K (UniProt),Salmonella phage P22 (Bacteriophage P22),1CLW,-,Sheet,33.19,7.4,88.4,-10.3,-,-,no,2525128.0,P22 tailspike protein; thermostability; folding intermediate;,"J BIOL CHEM 264, 10693-10698 (1989) PMID: 2525128","Sturtevant JM, Yu MH, Haase-Pettingell C, King J",-10.3,R,286,K,7.4,88.4,33.19,0,0,0,uniprot,UP:P12528,UP:P12528:R286K,256,train
16419,Tailspike protein,P12528,G324D (UniProt),Salmonella phage P22 (Bacteriophage P22),1CLW,-,Helix,16.52,7.4,88.4,-0.4,-,-,no,2525128.0,P22 tailspike protein; thermostability; folding intermediate;,"J BIOL CHEM 264, 10693-10698 (1989) PMID: 2525128","Sturtevant JM, Yu MH, Haase-Pettingell C, King J",-0.4,G,324,D,7.4,88.4,16.52,0,0,0,uniprot,UP:P12528,UP:P12528:G324D,257,train
16420,Tailspike protein,P12528,R383S (UniProt),Salmonella phage P22 (Bacteriophage P22),1CLW,-,Sheet,26.64,7.4,88.4,-17.4,-,-,no,2525128.0,P22 tailspike protein; thermostability; folding intermediate;,"J BIOL CHEM 264, 10693-10698 (1989) PMID: 2525128","Sturtevant JM, Yu MH, Haase-Pettingell C, King J",-17.4,R,383,S,7.4,88.4,26.64,0,0,0,uniprot,UP:P12528,UP:P12528:R383S,258,train
16421,Thioredoxin,P0AA25,L79K (PDB: L78K),Escherichia coli (strain K12),2TRX,L78K,Sheet,0.0,7.0,85.32,-3.9,-,-,yes,7857925.0,thioredoxin; hydrophobic core; charged residues; heat capacity;,"BIOCHEMISTRY 34, 2148-2152 (1995) PMID: 7857925","Ladbury JE, Wynn R, Thomson JA, Sturtevant JM",-3.9,L,79,K,7.0,85.32,0.0,0,0,0,pdb,UP:P0AA25,UP:P0AA25:L79K,259,train
16422,Thioredoxin,P0AA25,L79R (PDB: L78R),Escherichia coli (strain K12),2TRX,L78R,Sheet,0.0,7.0,85.32,-4,-,-,yes,7857925.0,thioredoxin; hydrophobic core; charged residues; heat capacity;,"BIOCHEMISTRY 34, 2148-2152 (1995) PMID: 7857925","Ladbury JE, Wynn R, Thomson JA, Sturtevant JM",-4.0,L,79,R,7.0,85.32,0.0,0,0,0,pdb,UP:P0AA25,UP:P0AA25:L79R,260,train
16431,Cytochrome c,P00004,L95V (PDB: L94V),Equus caballus (Horse),1AKK,L94V,Helix,4.92,2.0,83,-1.2,-,3,Unknown,8946855.0,molten globule; transient intermediate;,"NAT STRUCT BIOL 3, 1019-1025 (1996) PMID: 8946855","Colon W, Roder H",-1.2,L,95,V,2.0,83.0,4.92,0,0,0,pdb,UP:P00004,UP:P00004:L95V,261,val
16434,Subtilisin inhibitor,P01006,M134A (UniProt),Streptomyces albogriseolus,3SSI,-,Helix,0.0,7.0,82.21,-2.32,-,-,yes,7783215.0,calorimetry; protein stability; hydrophobicity;,"J MOL BIOL 249, 625-635 (1995) PMID: 7783215","Tamura A, Sturtevant JM",-2.32,M,134,A,7.0,82.21,0.0,0,0,0,uniprot,UP:P01006,UP:P01006:M134A,262,train
16435,Subtilisin inhibitor,P01006,M134V (UniProt),Streptomyces albogriseolus,3SSI,-,Helix,0.0,7.0,82.21,-1.84,-,-,yes,7783215.0,calorimetry; protein stability; hydrophobicity;,"J MOL BIOL 249, 625-635 (1995) PMID: 7783215","Tamura A, Sturtevant JM",-1.84,M,134,V,7.0,82.21,0.0,0,0,0,uniprot,UP:P01006,UP:P01006:M134V,263,train
16436,Subtilisin inhibitor,P01006,M134I (UniProt),Streptomyces albogriseolus,3SSI,-,Helix,0.0,7.0,82.21,-1.89,-,-,yes,7783215.0,calorimetry; protein stability; hydrophobicity;,"J MOL BIOL 249, 625-635 (1995) PMID: 7783215","Tamura A, Sturtevant JM",-1.89,M,134,I,7.0,82.21,0.0,0,0,0,uniprot,UP:P01006,UP:P01006:M134I,264,train
16437,Subtilisin inhibitor,P01006,M134L (UniProt),Streptomyces albogriseolus,3SSI,-,Helix,0.0,7.0,82.21,0.15,-,-,yes,7783215.0,calorimetry; protein stability; hydrophobicity;,"J MOL BIOL 249, 625-635 (1995) PMID: 7783215","Tamura A, Sturtevant JM",0.15,M,134,L,7.0,82.21,0.0,0,0,0,uniprot,UP:P01006,UP:P01006:M134L,265,train
16438,Subtilisin inhibitor,P01006,V44F (UniProt),Streptomyces albogriseolus,3SSI,-,Sheet,40.99,7.0,82.21,-5.69,-,-,yes,7783216.0,calorimetry; protein stability; hydrophobicity; mutagenesis;,"J MOL BIOL 249, 636-645 (1995) PMID: 7783216","Tamura A, Kojima S, Miura K, Sturtevant JM",-5.69,V,44,F,7.0,82.21,40.99,0,0,0,uniprot,UP:P01006,UP:P01006:V44F,266,train
16439,Subtilisin inhibitor,P01006,V44I (UniProt),Streptomyces albogriseolus,3SSI,-,Sheet,40.99,7.0,82.21,-0.84,-,-,yes,7783216.0,calorimetry; protein stability; hydrophobicity; mutagenesis;,"J MOL BIOL 249, 636-645 (1995) PMID: 7783216","Tamura A, Kojima S, Miura K, Sturtevant JM",-0.84,V,44,I,7.0,82.21,40.99,0,0,0,uniprot,UP:P01006,UP:P01006:V44I,267,train
16440,Subtilisin inhibitor,P01006,V44L (UniProt),Streptomyces albogriseolus,3SSI,-,Sheet,40.99,7.0,82.21,-2.21,-,-,yes,7783216.0,calorimetry; protein stability; hydrophobicity; mutagenesis;,"J MOL BIOL 249, 636-645 (1995) PMID: 7783216","Tamura A, Kojima S, Miura K, Sturtevant JM",-2.21,V,44,L,7.0,82.21,40.99,0,0,0,uniprot,UP:P01006,UP:P01006:V44L,268,train
16441,Subtilisin inhibitor,P01006,V44M (UniProt),Streptomyces albogriseolus,3SSI,-,Sheet,40.99,7.0,82.21,-5.92,-,-,yes,7783216.0,calorimetry; protein stability; hydrophobicity; mutagenesis;,"J MOL BIOL 249, 636-645 (1995) PMID: 7783216","Tamura A, Kojima S, Miura K, Sturtevant JM",-5.92,V,44,M,7.0,82.21,40.99,0,0,0,uniprot,UP:P01006,UP:P01006:V44M,269,train
16442,Subtilisin inhibitor,P01006,V44F (UniProt),Streptomyces albogriseolus,3SSI,-,Sheet,40.99,9.5,82.21,-5.33,-,-,yes,7783216.0,calorimetry; protein stability; hydrophobicity; mutagenesis;,"J MOL BIOL 249, 636-645 (1995) PMID: 7783216","Tamura A, Kojima S, Miura K, Sturtevant JM",-5.33,V,44,F,9.5,82.21,40.99,0,0,0,uniprot,UP:P01006,UP:P01006:V44F,270,train
16443,Subtilisin inhibitor,P01006,V44I (UniProt),Streptomyces albogriseolus,3SSI,-,Sheet,40.99,9.5,82.21,-0.94,-,-,yes,7783216.0,calorimetry; protein stability; hydrophobicity; mutagenesis;,"J MOL BIOL 249, 636-645 (1995) PMID: 7783216","Tamura A, Kojima S, Miura K, Sturtevant JM",-0.94,V,44,I,9.5,82.21,40.99,0,0,0,uniprot,UP:P01006,UP:P01006:V44I,271,train
16444,Subtilisin inhibitor,P01006,V44L (UniProt),Streptomyces albogriseolus,3SSI,-,Sheet,40.99,9.5,82.21,-2.52,-,-,yes,7783216.0,calorimetry; protein stability; hydrophobicity; mutagenesis;,"J MOL BIOL 249, 636-645 (1995) PMID: 7783216","Tamura A, Kojima S, Miura K, Sturtevant JM",-2.52,V,44,L,9.5,82.21,40.99,0,0,0,uniprot,UP:P01006,UP:P01006:V44L,272,train
16445,Subtilisin inhibitor,P01006,V44M (UniProt),Streptomyces albogriseolus,3SSI,-,Sheet,40.99,9.5,82.21,-5.43,-,-,yes,7783216.0,calorimetry; protein stability; hydrophobicity; mutagenesis;,"J MOL BIOL 249, 636-645 (1995) PMID: 7783216","Tamura A, Kojima S, Miura K, Sturtevant JM",-5.43,V,44,M,9.5,82.21,40.99,0,0,0,uniprot,UP:P01006,UP:P01006:V44M,273,train
16468,Myoglobin,P02185,G130A (PDB: G129A),Physeter macrocephalus (Sperm whale) (Physeter catodon),1BVC,G129A,Helix,35.58,9.6,82.2,1.1,-,-,yes,8358293.0,alpha-helix; helix capping; protein folding; secondary,"PROTEIN SCI 2, 1099-1105 (1993) PMID: 8358293","Pinker R.J., Lin L., Rose G.D. & Kallenbach N.R.",1.1,G,130,A,9.6,82.2,35.58,0,0,0,pdb,UP:P02185,UP:P02185:G130A,274,train
16469,Myoglobin,P02185,V67A (PDB: V66A),Physeter macrocephalus (Sperm whale) (Physeter catodon),1BVC,V66A,Helix,31.23,9.6,82.2,0.8,-,-,yes,8358293.0,alpha-helix; helix capping; protein folding; secondary,"PROTEIN SCI 2, 1099-1105 (1993) PMID: 8358293","Pinker R.J., Lin L., Rose G.D. & Kallenbach N.R.",0.8,V,67,A,9.6,82.2,31.23,0,0,0,pdb,UP:P02185,UP:P02185:V67A,275,train
16470,Myoglobin,P02185,P89A (PDB: P88A),Physeter macrocephalus (Sperm whale) (Physeter catodon),1BVC,P88A,Helix,59.2,9.6,82.2,0.6,-,-,yes,8358293.0,alpha-helix; helix capping; protein folding; secondary,"PROTEIN SCI 2, 1099-1105 (1993) PMID: 8358293","Pinker R.J., Lin L., Rose G.D. & Kallenbach N.R.",0.6,P,89,A,9.6,82.2,59.2,0,0,0,pdb,UP:P02185,UP:P02185:P89A,276,train
16471,Myoglobin,P02185,H117A (PDB: H116A),Physeter macrocephalus (Sperm whale) (Physeter catodon),1BVC,H116A,Helix,47.83,9.6,82.2,0.2,-,-,yes,8358293.0,alpha-helix; helix capping; protein folding; secondary,"PROTEIN SCI 2, 1099-1105 (1993) PMID: 8358293","Pinker R.J., Lin L., Rose G.D. & Kallenbach N.R.",0.2,H,117,A,9.6,82.2,47.83,0,0,0,pdb,UP:P02185,UP:P02185:H117A,277,train
16472,Myoglobin,P02185,V14A (PDB: V13A),Physeter macrocephalus (Sperm whale) (Physeter catodon),1BVC,V13A,Helix,2.6,9.6,82.2,-0.7,-,-,yes,8358293.0,alpha-helix; helix capping; protein folding; secondary,"PROTEIN SCI 2, 1099-1105 (1993) PMID: 8358293","Pinker R.J., Lin L., Rose G.D. & Kallenbach N.R.",-0.7,V,14,A,9.6,82.2,2.6,0,0,0,pdb,UP:P02185,UP:P02185:V14A,278,train
16473,Myoglobin,P02185,T68A (PDB: T67A),Physeter macrocephalus (Sperm whale) (Physeter catodon),1BVC,T67A,Turn,62.73,9.6,82.2,-0.3,-,-,yes,8358293.0,alpha-helix; helix capping; protein folding; secondary,"PROTEIN SCI 2, 1099-1105 (1993) PMID: 8358293","Pinker R.J., Lin L., Rose G.D. & Kallenbach N.R.",-0.3,T,68,A,9.6,82.2,62.73,0,0,0,pdb,UP:P02185,UP:P02185:T68A,279,train
16474,Myoglobin,P02185,S118A (PDB: S117A),Physeter macrocephalus (Sperm whale) (Physeter catodon),1BVC,S117A,Coil,59.73,9.6,82.2,-0.3,-,-,yes,8358293.0,alpha-helix; helix capping; protein folding; secondary,"PROTEIN SCI 2, 1099-1105 (1993) PMID: 8358293","Pinker R.J., Lin L., Rose G.D. & Kallenbach N.R.",-0.3,S,118,A,9.6,82.2,59.73,0,0,0,pdb,UP:P02185,UP:P02185:S118A,280,train
16475,Myoglobin,P02185,L12A (PDB: L11A),Physeter macrocephalus (Sperm whale) (Physeter catodon),1BVC,L11A,Helix,18.02,9.6,82.2,-0.4,-,-,yes,8358293.0,alpha-helix; helix capping; protein folding; secondary,"PROTEIN SCI 2, 1099-1105 (1993) PMID: 8358293","Pinker R.J., Lin L., Rose G.D. & Kallenbach N.R.",-0.4,L,12,A,9.6,82.2,18.02,0,0,0,pdb,UP:P02185,UP:P02185:L12A,281,train
16476,Myoglobin,P02185,L10A (PDB: L9A),Physeter macrocephalus (Sperm whale) (Physeter catodon),1BVC,L9A,Helix,36.05,9.6,82.2,-0.4,-,-,yes,8358293.0,alpha-helix; helix capping; protein folding; secondary,"PROTEIN SCI 2, 1099-1105 (1993) PMID: 8358293","Pinker R.J., Lin L., Rose G.D. & Kallenbach N.R.",-0.4,L,10,A,9.6,82.2,36.05,0,0,0,pdb,UP:P02185,UP:P02185:L10A,282,train
16477,Myoglobin,P02185,G24A (PDB: G23A),Physeter macrocephalus (Sperm whale) (Physeter catodon),1BVC,G23A,Helix,10.17,9.6,82.2,-1.1,-,-,yes,8358293.0,alpha-helix; helix capping; protein folding; secondary,"PROTEIN SCI 2, 1099-1105 (1993) PMID: 8358293","Pinker R.J., Lin L., Rose G.D. & Kallenbach N.R.",-1.1,G,24,A,9.6,82.2,10.17,0,0,0,pdb,UP:P02185,UP:P02185:G24A,283,train
16478,Myoglobin,P02185,L138A (PDB: L137A),Physeter macrocephalus (Sperm whale) (Physeter catodon),1BVC,L137A,Helix,20.75,9.6,82.2,-1.8,-,-,yes,8358293.0,alpha-helix; helix capping; protein folding; secondary,"PROTEIN SCI 2, 1099-1105 (1993) PMID: 8358293","Pinker R.J., Lin L., Rose G.D. & Kallenbach N.R.",-1.8,L,138,A,9.6,82.2,20.75,0,0,0,pdb,UP:P02185,UP:P02185:L138A,284,train
16479,Myoglobin,P02185,V115A (PDB: V114A),Physeter macrocephalus (Sperm whale) (Physeter catodon),1BVC,V114A,Helix,3.25,9.6,82.2,-1.4,-,-,yes,8358293.0,alpha-helix; helix capping; protein folding; secondary,"PROTEIN SCI 2, 1099-1105 (1993) PMID: 8358293","Pinker R.J., Lin L., Rose G.D. & Kallenbach N.R.",-1.4,V,115,A,9.6,82.2,3.25,0,0,0,pdb,UP:P02185,UP:P02185:V115A,285,train
16480,Myoglobin,P02185,T52A (PDB: T51A),Physeter macrocephalus (Sperm whale) (Physeter catodon),1BVC,T51A,Turn,45.42,9.6,82.2,-1.4,-,-,yes,8358293.0,alpha-helix; helix capping; protein folding; secondary,"PROTEIN SCI 2, 1099-1105 (1993) PMID: 8358293","Pinker R.J., Lin L., Rose G.D. & Kallenbach N.R.",-1.4,T,52,A,9.6,82.2,45.42,0,0,0,pdb,UP:P02185,UP:P02185:T52A,286,train
16481,Myoglobin,P02185,L150A (PDB: L149A),Physeter macrocephalus (Sperm whale) (Physeter catodon),1BVC,L149A,Coil,42.6,9.6,82.2,-1.6,-,-,yes,8358293.0,alpha-helix; helix capping; protein folding; secondary,"PROTEIN SCI 2, 1099-1105 (1993) PMID: 8358293","Pinker R.J., Lin L., Rose G.D. & Kallenbach N.R.",-1.6,L,150,A,9.6,82.2,42.6,0,0,0,pdb,UP:P02185,UP:P02185:L150A,287,train
16482,Myoglobin,P02185,I143A (PDB: I142A),Physeter macrocephalus (Sperm whale) (Physeter catodon),1BVC,I142A,Helix,1.08,9.6,82.2,-1.9,-,-,yes,8358293.0,alpha-helix; helix capping; protein folding; secondary,"PROTEIN SCI 2, 1099-1105 (1993) PMID: 8358293","Pinker R.J., Lin L., Rose G.D. & Kallenbach N.R.",-1.9,I,143,A,9.6,82.2,1.08,0,0,0,pdb,UP:P02185,UP:P02185:I143A,288,train
16492,Subtilisin inhibitor,P01006,M134A (UniProt),Streptomyces albogriseolus,3SSI,-,Helix,0.0,9.5,80.7,-2.8,-,-,yes,7783215.0,calorimetry; protein stability; hydrophobicity;,"J MOL BIOL 249, 625-635 (1995) PMID: 7783215","Tamura A, Sturtevant JM",-2.8,M,134,A,9.5,80.7,0.0,0,0,0,uniprot,UP:P01006,UP:P01006:M134A,289,train
16493,Subtilisin inhibitor,P01006,M134V (UniProt),Streptomyces albogriseolus,3SSI,-,Helix,0.0,9.5,80.7,-2.22,-,-,yes,7783215.0,calorimetry; protein stability; hydrophobicity;,"J MOL BIOL 249, 625-635 (1995) PMID: 7783215","Tamura A, Sturtevant JM",-2.22,M,134,V,9.5,80.7,0.0,0,0,0,uniprot,UP:P01006,UP:P01006:M134V,290,train
16494,Subtilisin inhibitor,P01006,M134I (UniProt),Streptomyces albogriseolus,3SSI,-,Helix,0.0,9.5,80.7,-2.29,-,-,yes,7783215.0,calorimetry; protein stability; hydrophobicity;,"J MOL BIOL 249, 625-635 (1995) PMID: 7783215","Tamura A, Sturtevant JM",-2.29,M,134,I,9.5,80.7,0.0,0,0,0,uniprot,UP:P01006,UP:P01006:M134I,291,train
16495,Subtilisin inhibitor,P01006,M134L (UniProt),Streptomyces albogriseolus,3SSI,-,Helix,0.0,9.5,80.7,-0.29,-,-,yes,7783215.0,calorimetry; protein stability; hydrophobicity;,"J MOL BIOL 249, 625-635 (1995) PMID: 7783215","Tamura A, Sturtevant JM",-0.29,M,134,L,9.5,80.7,0.0,0,0,0,uniprot,UP:P01006,UP:P01006:M134L,292,train
16509,Cytochrome b5,P00171,V50Y (PDB: V45Y),Bos taurus (Bovine),1CYO,V45Y,Helix,46.84,7.0,77.6,-1.55,-,-,Unknown,10631476.0,cytochrome b5; mutagenesis; redox potential; protein stability,"BIOPHYS CHEM 83, 3-17 (2000) PMID: 10631476","Wang ZQ, Wang YH, Wang WH, Xue LL, Wu XZ, Xie Y, Huang ZX",-1.55,V,50,Y,7.0,77.6,46.84,0,0,0,pdb,UP:P00171,UP:P00171:V50Y,293,val
16510,Cytochrome b5,P00171,V50H (PDB: V45H),Bos taurus (Bovine),1CYO,V45H,Helix,46.84,7.0,77.6,-1.39,-,-,Unknown,10631476.0,cytochrome b5; mutagenesis; redox potential; protein stability,"BIOPHYS CHEM 83, 3-17 (2000) PMID: 10631476","Wang ZQ, Wang YH, Wang WH, Xue LL, Wu XZ, Xie Y, Huang ZX",-1.39,V,50,H,7.0,77.6,46.84,0,0,0,pdb,UP:P00171,UP:P00171:V50H,294,val
16511,Cytochrome b5,P00171,V50E (PDB: V45E),Bos taurus (Bovine),1CYO,V45E,Helix,46.84,7.0,77.6,-2.06,-,-,Unknown,10631476.0,cytochrome b5; mutagenesis; redox potential; protein stability,"BIOPHYS CHEM 83, 3-17 (2000) PMID: 10631476","Wang ZQ, Wang YH, Wang WH, Xue LL, Wu XZ, Xie Y, Huang ZX",-2.06,V,50,E,7.0,77.6,46.84,0,0,0,pdb,UP:P00171,UP:P00171:V50E,295,val
16512,Myoglobin,P02185,I29L (PDB: I28L),Physeter macrocephalus (Sperm whale) (Physeter catodon),1BVC,I28L,Helix,2.16,11.0,76.5,-0.6,-,-,yes,8251481.0,hydrophobic effects; alpha-helix stability; myoglobin;,"BIOCHEMISTRY 32, 12638-12643 (1993) PMID: 8251481","Lin L., Pinker R.J. & Kallenbach N.R.",-0.6,I,29,L,11.0,76.5,2.16,0,0,0,pdb,UP:P02185,UP:P02185:I29L,296,train
16513,Myoglobin,P02185,I29M (PDB: I28M),Physeter macrocephalus (Sperm whale) (Physeter catodon),1BVC,I28M,Helix,2.16,11.0,76.5,-0.6,-,-,yes,8251481.0,hydrophobic effects; alpha-helix stability; myoglobin;,"BIOCHEMISTRY 32, 12638-12643 (1993) PMID: 8251481","Lin L., Pinker R.J. & Kallenbach N.R.",-0.6,I,29,M,11.0,76.5,2.16,0,0,0,pdb,UP:P02185,UP:P02185:I29M,297,train
16514,Myoglobin,P02185,I29V (PDB: I28V),Physeter macrocephalus (Sperm whale) (Physeter catodon),1BVC,I28V,Helix,2.16,11.0,76.5,0,-,-,yes,8251481.0,hydrophobic effects; alpha-helix stability; myoglobin;,"BIOCHEMISTRY 32, 12638-12643 (1993) PMID: 8251481","Lin L., Pinker R.J. & Kallenbach N.R.",0.0,I,29,V,11.0,76.5,2.16,0,0,0,pdb,UP:P02185,UP:P02185:I29V,298,train
16515,Myoglobin,P02185,I29A (PDB: I28A),Physeter macrocephalus (Sperm whale) (Physeter catodon),1BVC,I28A,Helix,2.16,11.0,76.5,-1.3,-,-,yes,8251481.0,hydrophobic effects; alpha-helix stability; myoglobin;,"BIOCHEMISTRY 32, 12638-12643 (1993) PMID: 8251481","Lin L., Pinker R.J. & Kallenbach N.R.",-1.3,I,29,A,11.0,76.5,2.16,0,0,0,pdb,UP:P02185,UP:P02185:I29A,299,train
16516,Myoglobin,P02185,I112L (PDB: I111L),Physeter macrocephalus (Sperm whale) (Physeter catodon),1BVC,I111L,Helix,2.7,11.0,76.5,-0.6,-,-,yes,8251481.0,hydrophobic effects; alpha-helix stability; myoglobin;,"BIOCHEMISTRY 32, 12638-12643 (1993) PMID: 8251481","Lin L., Pinker R.J. & Kallenbach N.R.",-0.6,I,112,L,11.0,76.5,2.7,0,0,0,pdb,UP:P02185,UP:P02185:I112L,300,train
16517,Myoglobin,P02185,I112M (PDB: I111M),Physeter macrocephalus (Sperm whale) (Physeter catodon),1BVC,I111M,Helix,2.7,11.0,76.5,-1.1,-,-,yes,8251481.0,hydrophobic effects; alpha-helix stability; myoglobin;,"BIOCHEMISTRY 32, 12638-12643 (1993) PMID: 8251481","Lin L., Pinker R.J. & Kallenbach N.R.",-1.1,I,112,M,11.0,76.5,2.7,0,0,0,pdb,UP:P02185,UP:P02185:I112M,301,train
16518,Myoglobin,P02185,I112A (PDB: I111A),Physeter macrocephalus (Sperm whale) (Physeter catodon),1BVC,I111A,Helix,2.7,11.0,76.5,-1.8,-,-,yes,8251481.0,hydrophobic effects; alpha-helix stability; myoglobin;,"BIOCHEMISTRY 32, 12638-12643 (1993) PMID: 8251481","Lin L., Pinker R.J. & Kallenbach N.R.",-1.8,I,112,A,11.0,76.5,2.7,0,0,0,pdb,UP:P02185,UP:P02185:I112A,302,train
16519,Myoglobin,P02185,I143L (PDB: I142L),Physeter macrocephalus (Sperm whale) (Physeter catodon),1BVC,I142L,Helix,1.08,11.0,76.5,0.6,-,-,yes,8251481.0,hydrophobic effects; alpha-helix stability; myoglobin;,"BIOCHEMISTRY 32, 12638-12643 (1993) PMID: 8251481","Lin L., Pinker R.J. & Kallenbach N.R.",0.6,I,143,L,11.0,76.5,1.08,0,0,0,pdb,UP:P02185,UP:P02185:I143L,303,train
16520,Myoglobin,P02185,I143M (PDB: I142M),Physeter macrocephalus (Sperm whale) (Physeter catodon),1BVC,I142M,Helix,1.08,11.0,76.5,0.9,-,-,yes,8251481.0,hydrophobic effects; alpha-helix stability; myoglobin;,"BIOCHEMISTRY 32, 12638-12643 (1993) PMID: 8251481","Lin L., Pinker R.J. & Kallenbach N.R.",0.9,I,143,M,11.0,76.5,1.08,0,0,0,pdb,UP:P02185,UP:P02185:I143M,304,train
16521,Myoglobin,P02185,I143V (PDB: I142V),Physeter macrocephalus (Sperm whale) (Physeter catodon),1BVC,I142V,Helix,1.08,11.0,76.5,-0.1,-,-,yes,8251481.0,hydrophobic effects; alpha-helix stability; myoglobin;,"BIOCHEMISTRY 32, 12638-12643 (1993) PMID: 8251481","Lin L., Pinker R.J. & Kallenbach N.R.",-0.1,I,143,V,11.0,76.5,1.08,0,0,0,pdb,UP:P02185,UP:P02185:I143V,305,train
16522,Myoglobin,P02185,I143A (PDB: I142A),Physeter macrocephalus (Sperm whale) (Physeter catodon),1BVC,I142A,Helix,1.08,11.0,76.5,-1.1,-,-,yes,8251481.0,hydrophobic effects; alpha-helix stability; myoglobin;,"BIOCHEMISTRY 32, 12638-12643 (1993) PMID: 8251481","Lin L., Pinker R.J. & Kallenbach N.R.",-1.1,I,143,A,11.0,76.5,1.08,0,0,0,pdb,UP:P02185,UP:P02185:I143A,306,train
16523,Myoglobin,P02185,L30I (PDB: L29I),Physeter macrocephalus (Sperm whale) (Physeter catodon),1BVC,L29I,Helix,1.09,11.0,76.5,-1.1,-,-,yes,8251481.0,hydrophobic effects; alpha-helix stability; myoglobin;,"BIOCHEMISTRY 32, 12638-12643 (1993) PMID: 8251481","Lin L., Pinker R.J. & Kallenbach N.R.",-1.1,L,30,I,11.0,76.5,1.09,0,0,0,pdb,UP:P02185,UP:P02185:L30I,307,train
16524,Myoglobin,P02185,L30M (PDB: L29M),Physeter macrocephalus (Sperm whale) (Physeter catodon),1BVC,L29M,Helix,1.09,11.0,76.5,0.1,-,-,yes,8251481.0,hydrophobic effects; alpha-helix stability; myoglobin;,"BIOCHEMISTRY 32, 12638-12643 (1993) PMID: 8251481","Lin L., Pinker R.J. & Kallenbach N.R.",0.1,L,30,M,11.0,76.5,1.09,0,0,0,pdb,UP:P02185,UP:P02185:L30M,308,train
16525,Myoglobin,P02185,L30V (PDB: L29V),Physeter macrocephalus (Sperm whale) (Physeter catodon),1BVC,L29V,Helix,1.09,11.0,76.5,-1.7,-,-,yes,8251481.0,hydrophobic effects; alpha-helix stability; myoglobin;,"BIOCHEMISTRY 32, 12638-12643 (1993) PMID: 8251481","Lin L., Pinker R.J. & Kallenbach N.R.",-1.7,L,30,V,11.0,76.5,1.09,0,0,0,pdb,UP:P02185,UP:P02185:L30V,309,train
16526,Myoglobin,P02185,L30A (PDB: L29A),Physeter macrocephalus (Sperm whale) (Physeter catodon),1BVC,L29A,Helix,1.09,11.0,76.5,-2.4,-,-,yes,8251481.0,hydrophobic effects; alpha-helix stability; myoglobin;,"BIOCHEMISTRY 32, 12638-12643 (1993) PMID: 8251481","Lin L., Pinker R.J. & Kallenbach N.R.",-2.4,L,30,A,11.0,76.5,1.09,0,0,0,pdb,UP:P02185,UP:P02185:L30A,310,train
16527,Myoglobin,P02185,L70I (PDB: L69I),Physeter macrocephalus (Sperm whale) (Physeter catodon),1BVC,L69I,Helix,2.18,11.0,76.5,0,-,-,yes,8251481.0,hydrophobic effects; alpha-helix stability; myoglobin;,"BIOCHEMISTRY 32, 12638-12643 (1993) PMID: 8251481","Lin L., Pinker R.J. & Kallenbach N.R.",0.0,L,70,I,11.0,76.5,2.18,0,0,0,pdb,UP:P02185,UP:P02185:L70I,311,train
16528,Myoglobin,P02185,L70M (PDB: L69M),Physeter macrocephalus (Sperm whale) (Physeter catodon),1BVC,L69M,Helix,2.18,11.0,76.5,0,-,-,yes,8251481.0,hydrophobic effects; alpha-helix stability; myoglobin;,"BIOCHEMISTRY 32, 12638-12643 (1993) PMID: 8251481","Lin L., Pinker R.J. & Kallenbach N.R.",0.0,L,70,M,11.0,76.5,2.18,0,0,0,pdb,UP:P02185,UP:P02185:L70M,312,train
16529,Myoglobin,P02185,L70V (PDB: L69V),Physeter macrocephalus (Sperm whale) (Physeter catodon),1BVC,L69V,Helix,2.18,11.0,76.5,-0.1,-,-,yes,8251481.0,hydrophobic effects; alpha-helix stability; myoglobin;,"BIOCHEMISTRY 32, 12638-12643 (1993) PMID: 8251481","Lin L., Pinker R.J. & Kallenbach N.R.",-0.1,L,70,V,11.0,76.5,2.18,0,0,0,pdb,UP:P02185,UP:P02185:L70V,313,train
16530,Myoglobin,P02185,L70A (PDB: L69A),Physeter macrocephalus (Sperm whale) (Physeter catodon),1BVC,L69A,Helix,2.18,11.0,76.5,-1.2,-,-,yes,8251481.0,hydrophobic effects; alpha-helix stability; myoglobin;,"BIOCHEMISTRY 32, 12638-12643 (1993) PMID: 8251481","Lin L., Pinker R.J. & Kallenbach N.R.",-1.2,L,70,A,11.0,76.5,2.18,0,0,0,pdb,UP:P02185,UP:P02185:L70A,314,train
16531,Myoglobin,P02185,L136I (PDB: L135I),Physeter macrocephalus (Sperm whale) (Physeter catodon),1BVC,L135I,Helix,0.55,11.0,76.5,-1.5,-,-,yes,8251481.0,hydrophobic effects; alpha-helix stability; myoglobin;,"BIOCHEMISTRY 32, 12638-12643 (1993) PMID: 8251481","Lin L., Pinker R.J. & Kallenbach N.R.",-1.5,L,136,I,11.0,76.5,0.55,0,0,0,pdb,UP:P02185,UP:P02185:L136I,315,train
16532,Myoglobin,P02185,L136M (PDB: L135M),Physeter macrocephalus (Sperm whale) (Physeter catodon),1BVC,L135M,Helix,0.55,11.0,76.5,-0.8,-,-,yes,8251481.0,hydrophobic effects; alpha-helix stability; myoglobin;,"BIOCHEMISTRY 32, 12638-12643 (1993) PMID: 8251481","Lin L., Pinker R.J. & Kallenbach N.R.",-0.8,L,136,M,11.0,76.5,0.55,0,0,0,pdb,UP:P02185,UP:P02185:L136M,316,train
16533,Myoglobin,P02185,L136V (PDB: L135V),Physeter macrocephalus (Sperm whale) (Physeter catodon),1BVC,L135V,Helix,0.55,11.0,76.5,-2.2,-,-,yes,8251481.0,hydrophobic effects; alpha-helix stability; myoglobin;,"BIOCHEMISTRY 32, 12638-12643 (1993) PMID: 8251481","Lin L., Pinker R.J. & Kallenbach N.R.",-2.2,L,136,V,11.0,76.5,0.55,0,0,0,pdb,UP:P02185,UP:P02185:L136V,317,train
16534,Myoglobin,P02185,L50I (PDB: L49I),Physeter macrocephalus (Sperm whale) (Physeter catodon),1BVC,L49I,Coil,18.02,11.0,76.5,-0.8,-,-,yes,8251481.0,hydrophobic effects; alpha-helix stability; myoglobin;,"BIOCHEMISTRY 32, 12638-12643 (1993) PMID: 8251481","Lin L., Pinker R.J. & Kallenbach N.R.",-0.8,L,50,I,11.0,76.5,18.02,0,0,0,pdb,UP:P02185,UP:P02185:L50I,318,train
16544,Cold shock protein,P41016,R56E (PDB: R56E),Bacillus caldolyticus,1C9O,R56E,Turn,96.07,7.0,75,0.76,-,-,Yes,16720692.0,cold shock protein; electric dipole moment; electrostatic interactions; protein stabilization,"PROTEIN ENG DES SEL 19, 355-358 (2006) PMID: 16720692","Wunderlich M, Schmid FX.",0.76,R,56,E,7.0,75.0,96.07,0,0,0,pdb,UP:P41016,UP:P41016:R56E,319,train
16545,Cold shock protein,P41016,H29E (PDB: H29E),Bacillus caldolyticus,1C9O,H29E,Helix,32.99,7.0,75,-0.76,-,-,Yes,16720692.0,cold shock protein; electric dipole moment; electrostatic interactions; protein stabilization,"PROTEIN ENG DES SEL 19, 355-358 (2006) PMID: 16720692","Wunderlich M, Schmid FX.",-0.76,H,29,E,7.0,75.0,32.99,0,0,0,pdb,UP:P41016,UP:P41016:H29E,320,train
16546,Cold shock protein,P41016,E46K (PDB: E46K),Bacillus caldolyticus,1C9O,E46K,Sheet,45.79,7.0,75,-0.65,-,-,Yes,16720692.0,cold shock protein; electric dipole moment; electrostatic interactions; protein stabilization,"PROTEIN ENG DES SEL 19, 355-358 (2006) PMID: 16720692","Wunderlich M, Schmid FX.",-0.65,E,46,K,7.0,75.0,45.79,0,0,0,pdb,UP:P41016,UP:P41016:E46K,321,train
16547,Cold shock protein,P41016,E21K (PDB: E21K),Bacillus caldolyticus,1C9O,E21K,Sheet,80.14,7.0,75,-0.26,-,-,Yes,16720692.0,cold shock protein; electric dipole moment; electrostatic interactions; protein stabilization,"PROTEIN ENG DES SEL 19, 355-358 (2006) PMID: 16720692","Wunderlich M, Schmid FX.",-0.26,E,21,K,7.0,75.0,80.14,0,0,0,pdb,UP:P41016,UP:P41016:E21K,322,train
16549,Cold shock protein,P41016,N55K (PDB: N55K),Bacillus caldolyticus,1C9O,N55K,Turn,94.26,7.0,75,0.1,-,-,Yes,16720692.0,cold shock protein; electric dipole moment; electrostatic interactions; protein stabilization,"PROTEIN ENG DES SEL 19, 355-358 (2006) PMID: 16720692","Wunderlich M, Schmid FX.",0.1,N,55,K,7.0,75.0,94.26,0,0,0,pdb,UP:P41016,UP:P41016:N55K,323,train
16550,Cold shock protein,P41016,E36K (PDB: E36K),Bacillus caldolyticus,1C9O,E36K,Sheet,58.96,7.0,75,-0.19,-,-,Yes,16720692.0,cold shock protein; electric dipole moment; electrostatic interactions; protein stabilization,"PROTEIN ENG DES SEL 19, 355-358 (2006) PMID: 16720692","Wunderlich M, Schmid FX.",-0.19,E,36,K,7.0,75.0,58.96,0,0,0,pdb,UP:P41016,UP:P41016:E36K,324,train
16551,Cold shock protein,P41016,E50K (PDB: E50K),Bacillus caldolyticus,1C9O,E50K,Sheet,25.76,7.0,75,-0.5,-,-,Yes,16720692.0,cold shock protein; electric dipole moment; electrostatic interactions; protein stabilization,"PROTEIN ENG DES SEL 19, 355-358 (2006) PMID: 16720692","Wunderlich M, Schmid FX.",-0.5,E,50,K,7.0,75.0,25.76,0,0,0,pdb,UP:P41016,UP:P41016:E50K,325,train
16552,Cold shock protein,P41016,E12K (PDB: E12K),Bacillus caldolyticus,1C9O,E12K,Sheet,102.46,7.0,75,-0.43,-,-,Yes,16720692.0,cold shock protein; electric dipole moment; electrostatic interactions; protein stabilization,"PROTEIN ENG DES SEL 19, 355-358 (2006) PMID: 16720692","Wunderlich M, Schmid FX.",-0.43,E,12,K,7.0,75.0,102.46,0,0,0,pdb,UP:P41016,UP:P41016:E12K,326,train
16553,Cold shock protein,P41016,R56E (PDB: R56E),Bacillus caldolyticus,1C9O,R56E,Turn,96.07,7.0,75,0.53,-,-,Yes,16720692.0,cold shock protein; electric dipole moment; electrostatic interactions; protein stabilization,"PROTEIN ENG DES SEL 19, 355-358 (2006) PMID: 16720692","Wunderlich M, Schmid FX.",0.53,R,56,E,7.0,75.0,96.07,0,0,0,pdb,UP:P41016,UP:P41016:R56E,327,train
16554,Cold shock protein,P41016,H29E (PDB: H29E),Bacillus caldolyticus,1C9O,H29E,Helix,32.99,7.0,75,-0.29,-,-,Yes,16720692.0,cold shock protein; electric dipole moment; electrostatic interactions; protein stabilization,"PROTEIN ENG DES SEL 19, 355-358 (2006) PMID: 16720692","Wunderlich M, Schmid FX.",-0.29,H,29,E,7.0,75.0,32.99,0,0,0,pdb,UP:P41016,UP:P41016:H29E,328,train
16555,Cold shock protein,P41016,E46K (PDB: E46K),Bacillus caldolyticus,1C9O,E46K,Sheet,45.79,7.0,75,-0.43,-,-,Yes,16720692.0,cold shock protein; electric dipole moment; electrostatic interactions; protein stabilization,"PROTEIN ENG DES SEL 19, 355-358 (2006) PMID: 16720692","Wunderlich M, Schmid FX.",-0.43,E,46,K,7.0,75.0,45.79,0,0,0,pdb,UP:P41016,UP:P41016:E46K,329,train
16556,Cold shock protein,P41016,E21K (PDB: E21K),Bacillus caldolyticus,1C9O,E21K,Sheet,80.14,7.0,75,-0.43,-,-,Yes,16720692.0,cold shock protein; electric dipole moment; electrostatic interactions; protein stabilization,"PROTEIN ENG DES SEL 19, 355-358 (2006) PMID: 16720692","Wunderlich M, Schmid FX.",-0.43,E,21,K,7.0,75.0,80.14,0,0,0,pdb,UP:P41016,UP:P41016:E21K,330,train
16558,Cold shock protein,P41016,N55K (PDB: N55K),Bacillus caldolyticus,1C9O,N55K,Turn,94.26,7.0,75,-0.29,-,-,Yes,16720692.0,cold shock protein; electric dipole moment; electrostatic interactions; protein stabilization,"PROTEIN ENG DES SEL 19, 355-358 (2006) PMID: 16720692","Wunderlich M, Schmid FX.",-0.29,N,55,K,7.0,75.0,94.26,0,0,0,pdb,UP:P41016,UP:P41016:N55K,331,train
16559,Cold shock protein,P41016,E36K (PDB: E36K),Bacillus caldolyticus,1C9O,E36K,Sheet,58.96,7.0,75,-0.98,-,-,Yes,16720692.0,cold shock protein; electric dipole moment; electrostatic interactions; protein stabilization,"PROTEIN ENG DES SEL 19, 355-358 (2006) PMID: 16720692","Wunderlich M, Schmid FX.",-0.98,E,36,K,7.0,75.0,58.96,0,0,0,pdb,UP:P41016,UP:P41016:E36K,332,train
16560,Cold shock protein,P41016,E50K (PDB: E50K),Bacillus caldolyticus,1C9O,E50K,Sheet,25.76,7.0,75,-0.76,-,-,Yes,16720692.0,cold shock protein; electric dipole moment; electrostatic interactions; protein stabilization,"PROTEIN ENG DES SEL 19, 355-358 (2006) PMID: 16720692","Wunderlich M, Schmid FX.",-0.76,E,50,K,7.0,75.0,25.76,0,0,0,pdb,UP:P41016,UP:P41016:E50K,333,train
16561,Cold shock protein,P41016,E12K (PDB: E12K),Bacillus caldolyticus,1C9O,E12K,Sheet,102.46,7.0,75,-0.1,-,-,Yes,16720692.0,cold shock protein; electric dipole moment; electrostatic interactions; protein stabilization,"PROTEIN ENG DES SEL 19, 355-358 (2006) PMID: 16720692","Wunderlich M, Schmid FX.",-0.1,E,12,K,7.0,75.0,102.46,0,0,0,pdb,UP:P41016,UP:P41016:E12K,334,train
16562,Cold shock protein,P41016,R56E (PDB: R56E),Bacillus caldolyticus,1C9O,R56E,Turn,96.07,7.0,75,0.24,-,-,Yes,16720692.0,cold shock protein; electric dipole moment; electrostatic interactions; protein stabilization,"PROTEIN ENG DES SEL 19, 355-358 (2006) PMID: 16720692","Wunderlich M, Schmid FX.",0.24,R,56,E,7.0,75.0,96.07,0,0,0,pdb,UP:P41016,UP:P41016:R56E,335,train
16563,Cold shock protein,P41016,H29E (PDB: H29E),Bacillus caldolyticus,1C9O,H29E,Helix,32.99,7.0,75,-0.48,-,-,Yes,16720692.0,cold shock protein; electric dipole moment; electrostatic interactions; protein stabilization,"PROTEIN ENG DES SEL 19, 355-358 (2006) PMID: 16720692","Wunderlich M, Schmid FX.",-0.48,H,29,E,7.0,75.0,32.99,0,0,0,pdb,UP:P41016,UP:P41016:H29E,336,train
16564,Cold shock protein,P41016,E46K (PDB: E46K),Bacillus caldolyticus,1C9O,E46K,Sheet,45.79,7.0,75,-0.22,-,-,Yes,16720692.0,cold shock protein; electric dipole moment; electrostatic interactions; protein stabilization,"PROTEIN ENG DES SEL 19, 355-358 (2006) PMID: 16720692","Wunderlich M, Schmid FX.",-0.22,E,46,K,7.0,75.0,45.79,0,0,0,pdb,UP:P41016,UP:P41016:E46K,337,train
16565,Cold shock protein,P41016,E21K (PDB: E21K),Bacillus caldolyticus,1C9O,E21K,Sheet,80.14,7.0,75,0.17,-,-,Yes,16720692.0,cold shock protein; electric dipole moment; electrostatic interactions; protein stabilization,"PROTEIN ENG DES SEL 19, 355-358 (2006) PMID: 16720692","Wunderlich M, Schmid FX.",0.17,E,21,K,7.0,75.0,80.14,0,0,0,pdb,UP:P41016,UP:P41016:E21K,338,train
16567,Cold shock protein,P41016,N55K (PDB: N55K),Bacillus caldolyticus,1C9O,N55K,Turn,94.26,7.0,75,0.19,-,-,Yes,16720692.0,cold shock protein; electric dipole moment; electrostatic interactions; protein stabilization,"PROTEIN ENG DES SEL 19, 355-358 (2006) PMID: 16720692","Wunderlich M, Schmid FX.",0.19,N,55,K,7.0,75.0,94.26,0,0,0,pdb,UP:P41016,UP:P41016:N55K,339,train
16568,Cold shock protein,P41016,E36K (PDB: E36K),Bacillus caldolyticus,1C9O,E36K,Sheet,58.96,7.0,75,0.79,-,-,Yes,16720692.0,cold shock protein; electric dipole moment; electrostatic interactions; protein stabilization,"PROTEIN ENG DES SEL 19, 355-358 (2006) PMID: 16720692","Wunderlich M, Schmid FX.",0.79,E,36,K,7.0,75.0,58.96,0,0,0,pdb,UP:P41016,UP:P41016:E36K,340,train
16569,Cold shock protein,P41016,E50K (PDB: E50K),Bacillus caldolyticus,1C9O,E50K,Sheet,25.76,7.0,75,0.26,-,-,Yes,16720692.0,cold shock protein; electric dipole moment; electrostatic interactions; protein stabilization,"PROTEIN ENG DES SEL 19, 355-358 (2006) PMID: 16720692","Wunderlich M, Schmid FX.",0.26,E,50,K,7.0,75.0,25.76,0,0,0,pdb,UP:P41016,UP:P41016:E50K,341,train
16570,Cold shock protein,P41016,E12K (PDB: E12K),Bacillus caldolyticus,1C9O,E12K,Sheet,102.46,7.0,75,-0.29,-,-,Yes,16720692.0,cold shock protein; electric dipole moment; electrostatic interactions; protein stabilization,"PROTEIN ENG DES SEL 19, 355-358 (2006) PMID: 16720692","Wunderlich M, Schmid FX.",-0.29,E,12,K,7.0,75.0,102.46,0,0,0,pdb,UP:P41016,UP:P41016:E12K,342,train
16575,Chymotrypsin inhibitor-2,Q40059,K44A (UniProt),Hordeum vulgare (Barley),2CI2,-,Helix,3.89,4.15,74.3,0.26,-,-,no,7908135.0,CI-2; mutagenesis; proline; protein stability; reverse turn; salt bridge,"PROTEIN ENG 7, 103-108 (1994) PMID: 7908135","de Prat Gay G, Johnson CM, Fersht AR",0.26,K,44,A,4.15,74.3,3.89,0,0,0,uniprot,UP:Q40059,UP:Q40059:K44A,343,test
16576,Chymotrypsin inhibitor-2,Q40059,E46A (UniProt),Hordeum vulgare (Barley),2CI2,-,Sheet,55.52,4.15,74.3,0.82,-,-,no,7908135.0,CI-2; mutagenesis; proline; protein stability; reverse turn; salt bridge,"PROTEIN ENG 7, 103-108 (1994) PMID: 7908135","de Prat Gay G, Johnson CM, Fersht AR",0.82,E,46,A,4.15,74.3,55.52,0,0,0,uniprot,UP:Q40059,UP:Q40059:E46A,344,test
16578,Chymotrypsin inhibitor-2,Q40059,P45A (UniProt),Hordeum vulgare (Barley),2CI2,-,Turn,72.59,4.15,74.3,1.82,-,-,no,7908135.0,CI-2; mutagenesis; proline; protein stability; reverse turn; salt bridge,"PROTEIN ENG 7, 103-108 (1994) PMID: 7908135","de Prat Gay G, Johnson CM, Fersht AR",1.82,P,45,A,4.15,74.3,72.59,0,0,0,uniprot,UP:Q40059,UP:Q40059:P45A,345,test
16579,Lysozyme,P00698,F21Y (PDB: F3Y),Gallus gallus (Chicken),4LYZ,F3Y,Sheet,7.97,6.4,74,-0.45,-,-,yes,8535242.0,alpha-helix propensity; avian lysozyme sequences;,"PROTEIN SCI 4, 2063-2072 (1995) PMID: 8535242","Shih P, Kirsch JF",-0.45,F,21,Y,6.4,74.0,7.97,0,0,0,pdb,UP:P00698,UP:P00698:F21Y,346,train
16580,Lysozyme,P00698,H33L (PDB: H15L),Gallus gallus (Chicken),4LYZ,H15L,Helix,20.89,6.4,74,0.76,-,-,yes,8535242.0,alpha-helix propensity; avian lysozyme sequences;,"PROTEIN SCI 4, 2063-2072 (1995) PMID: 8535242","Shih P, Kirsch JF",0.76,H,33,L,6.4,74.0,20.89,0,0,0,pdb,UP:P00698,UP:P00698:H33L,347,train
16581,Lysozyme,P00698,N37K (PDB: N19K),Gallus gallus (Chicken),4LYZ,N19K,Turn,69.67,6.4,74,-1.06,-,-,yes,8535242.0,alpha-helix propensity; avian lysozyme sequences;,"PROTEIN SCI 4, 2063-2072 (1995) PMID: 8535242","Shih P, Kirsch JF",-1.06,N,37,K,6.4,74.0,69.67,0,0,0,pdb,UP:P00698,UP:P00698:N37K,348,train
16582,Lysozyme,P00698,R39Q (PDB: R21Q),Gallus gallus (Chicken),4LYZ,R21Q,Turn,67.25,6.4,74,-0.15,-,-,yes,8535242.0,alpha-helix propensity; avian lysozyme sequences;,"PROTEIN SCI 4, 2063-2072 (1995) PMID: 8535242","Shih P, Kirsch JF",-0.15,R,39,Q,6.4,74.0,67.25,0,0,0,pdb,UP:P00698,UP:P00698:R39Q,349,train
16583,Lysozyme,P00698,F52Y (PDB: F34Y),Gallus gallus (Chicken),4LYZ,F34Y,Helix,34.88,6.4,74,0.19,-,-,yes,8535242.0,alpha-helix propensity; avian lysozyme sequences;,"PROTEIN SCI 4, 2063-2072 (1995) PMID: 8535242","Shih P, Kirsch JF",0.19,F,52,Y,6.4,74.0,34.88,0,0,0,pdb,UP:P00698,UP:P00698:F52Y,350,train
16584,Lysozyme,P00698,R86K (PDB: R68K),Gallus gallus (Chicken),4LYZ,R68K,Coil,51.53,6.4,74,-0.04,-,-,yes,8535242.0,alpha-helix propensity; avian lysozyme sequences;,"PROTEIN SCI 4, 2063-2072 (1995) PMID: 8535242","Shih P, Kirsch JF",-0.04,R,86,K,6.4,74.0,51.53,0,0,0,pdb,UP:P00698,UP:P00698:R86K,351,train
16585,Lysozyme,P00698,R91K (PDB: R73K),Gallus gallus (Chicken),4LYZ,R73K,Coil,69.0,6.4,74,0.23,-,-,yes,8535242.0,alpha-helix propensity; avian lysozyme sequences;,"PROTEIN SCI 4, 2063-2072 (1995) PMID: 8535242","Shih P, Kirsch JF",0.23,R,91,K,6.4,74.0,69.0,0,0,0,pdb,UP:P00698,UP:P00698:R91K,352,train
16586,Lysozyme,P00698,N77H (PDB: N77H),Gallus gallus (Chicken),4LYZ,N77H,Turn,93.58,6.4,74,-0.38,-,-,yes,8535242.0,alpha-helix propensity; avian lysozyme sequences;,"PROTEIN SCI 4, 2063-2072 (1995) PMID: 8535242","Shih P, Kirsch JF",-0.38,N,77,H,6.4,74.0,93.58,0,0,0,pdb,UP:P00698,UP:P00698:N77H,353,train
16587,Lysozyme,P00698,D119G (PDB: D101G),Gallus gallus (Chicken),4LYZ,D101G,Coil,69.4,6.4,74,0.45,-,-,yes,8535242.0,alpha-helix propensity; avian lysozyme sequences;,"PROTEIN SCI 4, 2063-2072 (1995) PMID: 8535242","Shih P, Kirsch JF",0.45,D,119,G,6.4,74.0,69.4,0,0,0,pdb,UP:P00698,UP:P00698:D119G,354,train
16588,Lysozyme,P00698,G120V (PDB: G102V),Gallus gallus (Chicken),4LYZ,G102V,Helix,74.97,6.4,74,-0.04,-,-,yes,8535242.0,alpha-helix propensity; avian lysozyme sequences;,"PROTEIN SCI 4, 2063-2072 (1995) PMID: 8535242","Shih P, Kirsch JF",-0.04,G,120,V,6.4,74.0,74.97,0,0,0,pdb,UP:P00698,UP:P00698:G120V,355,train
16589,Lysozyme,P00698,G120R (PDB: G102R),Gallus gallus (Chicken),4LYZ,G102R,Helix,74.97,6.4,74,0.38,-,-,yes,8535242.0,alpha-helix propensity; avian lysozyme sequences;,"PROTEIN SCI 4, 2063-2072 (1995) PMID: 8535242","Shih P, Kirsch JF",0.38,G,120,R,6.4,74.0,74.97,0,0,0,pdb,UP:P00698,UP:P00698:G120R,356,train
16590,Lysozyme,P00698,R132H (PDB: R114H),Gallus gallus (Chicken),4LYZ,R114H,Coil,62.88,6.4,74,0.68,-,-,yes,8535242.0,alpha-helix propensity; avian lysozyme sequences;,"PROTEIN SCI 4, 2063-2072 (1995) PMID: 8535242","Shih P, Kirsch JF",0.68,R,132,H,6.4,74.0,62.88,0,0,0,pdb,UP:P00698,UP:P00698:R132H,357,train
16591,Lysozyme,P00698,Q139H (PDB: Q121H),Gallus gallus (Chicken),4LYZ,Q121H,Coil,68.87,6.4,74,-0.45,-,-,yes,8535242.0,alpha-helix propensity; avian lysozyme sequences;,"PROTEIN SCI 4, 2063-2072 (1995) PMID: 8535242","Shih P, Kirsch JF",-0.45,Q,139,H,6.4,74.0,68.87,0,0,0,pdb,UP:P00698,UP:P00698:Q139H,358,train
16592,Lysozyme,P00698,A49V (PDB: A31V),Gallus gallus (Chicken),4LYZ,A31V,Helix,0.91,6.4,74,1.2,-,-,yes,8535242.0,alpha-helix propensity; avian lysozyme sequences;,"PROTEIN SCI 4, 2063-2072 (1995) PMID: 8535242","Shih P, Kirsch JF",1.2,A,49,V,6.4,74.0,0.91,0,0,0,pdb,UP:P00698,UP:P00698:A49V,359,train
16593,Lysozyme,P00698,A49I (PDB: A31I),Gallus gallus (Chicken),4LYZ,A31I,Helix,0.91,6.4,74,1.4,-,-,yes,8535242.0,alpha-helix propensity; avian lysozyme sequences;,"PROTEIN SCI 4, 2063-2072 (1995) PMID: 8535242","Shih P, Kirsch JF",1.4,A,49,I,6.4,74.0,0.91,0,0,0,pdb,UP:P00698,UP:P00698:A49I,360,train
16594,Lysozyme,P00698,A49L (PDB: A31L),Gallus gallus (Chicken),4LYZ,A31L,Helix,0.91,6.4,74,1.8,-,-,yes,8535242.0,alpha-helix propensity; avian lysozyme sequences;,"PROTEIN SCI 4, 2063-2072 (1995) PMID: 8535242","Shih P, Kirsch JF",1.8,A,49,L,6.4,74.0,0.91,0,0,0,pdb,UP:P00698,UP:P00698:A49L,361,train
16595,Lysozyme,P00698,D119S (PDB: D101S),Gallus gallus (Chicken),4LYZ,D101S,Coil,69.4,6.4,74,0.87,-,-,yes,8535242.0,alpha-helix propensity; avian lysozyme sequences;,"PROTEIN SCI 4, 2063-2072 (1995) PMID: 8535242","Shih P, Kirsch JF",0.87,D,119,S,6.4,74.0,69.4,0,0,0,pdb,UP:P00698,UP:P00698:D119S,362,train
16596,Lysozyme,P00698,D119A (PDB: D101A),Gallus gallus (Chicken),4LYZ,D101A,Coil,69.4,6.4,74,0.76,-,-,yes,8535242.0,alpha-helix propensity; avian lysozyme sequences;,"PROTEIN SCI 4, 2063-2072 (1995) PMID: 8535242","Shih P, Kirsch JF",0.76,D,119,A,6.4,74.0,69.4,0,0,0,pdb,UP:P00698,UP:P00698:D119A,363,train
16597,Lysozyme,P00698,D119F (PDB: D101F),Gallus gallus (Chicken),4LYZ,D101F,Coil,69.4,6.4,74,0.72,-,-,yes,8535242.0,alpha-helix propensity; avian lysozyme sequences;,"PROTEIN SCI 4, 2063-2072 (1995) PMID: 8535242","Shih P, Kirsch JF",0.72,D,119,F,6.4,74.0,69.4,0,0,0,pdb,UP:P00698,UP:P00698:D119F,364,train
16598,Lysozyme,P00698,D119G (PDB: D101G),Gallus gallus (Chicken),4LYZ,D101G,Coil,69.4,6.4,74,0.45,-,-,yes,8535242.0,alpha-helix propensity; avian lysozyme sequences;,"PROTEIN SCI 4, 2063-2072 (1995) PMID: 8535242","Shih P, Kirsch JF",0.45,D,119,G,6.4,74.0,69.4,0,0,0,pdb,UP:P00698,UP:P00698:D119G,365,train
16599,Lysozyme,P00698,D119R (PDB: D101R),Gallus gallus (Chicken),4LYZ,D101R,Coil,69.4,6.4,74,0.27,-,-,yes,8535242.0,alpha-helix propensity; avian lysozyme sequences;,"PROTEIN SCI 4, 2063-2072 (1995) PMID: 8535242","Shih P, Kirsch JF",0.27,D,119,R,6.4,74.0,69.4,0,0,0,pdb,UP:P00698,UP:P00698:D119R,366,train
16600,Lysozyme,P00698,D119K (PDB: D101K),Gallus gallus (Chicken),4LYZ,D101K,Coil,69.4,6.4,74,0.19,-,-,yes,8535242.0,alpha-helix propensity; avian lysozyme sequences;,"PROTEIN SCI 4, 2063-2072 (1995) PMID: 8535242","Shih P, Kirsch JF",0.19,D,119,K,6.4,74.0,69.4,0,0,0,pdb,UP:P00698,UP:P00698:D119K,367,train
16601,Lysozyme,P00698,D119N (PDB: D101N),Gallus gallus (Chicken),4LYZ,D101N,Coil,69.4,6.4,74,0.04,-,-,yes,8535242.0,alpha-helix propensity; avian lysozyme sequences;,"PROTEIN SCI 4, 2063-2072 (1995) PMID: 8535242","Shih P, Kirsch JF",0.04,D,119,N,6.4,74.0,69.4,0,0,0,pdb,UP:P00698,UP:P00698:D119N,368,train
16602,Lysozyme,P00698,D119E (PDB: D101E),Gallus gallus (Chicken),4LYZ,D101E,Coil,69.4,6.4,74,0,-,-,yes,8535242.0,alpha-helix propensity; avian lysozyme sequences;,"PROTEIN SCI 4, 2063-2072 (1995) PMID: 8535242","Shih P, Kirsch JF",0.0,D,119,E,6.4,74.0,69.4,0,0,0,pdb,UP:P00698,UP:P00698:D119E,369,train
16603,Lysozyme,P00698,D119Q (PDB: D101Q),Gallus gallus (Chicken),4LYZ,D101Q,Coil,69.4,6.4,74,-0.08,-,-,yes,8535242.0,alpha-helix propensity; avian lysozyme sequences;,"PROTEIN SCI 4, 2063-2072 (1995) PMID: 8535242","Shih P, Kirsch JF",-0.08,D,119,Q,6.4,74.0,69.4,0,0,0,pdb,UP:P00698,UP:P00698:D119Q,370,train
16605,Lysozyme,P00698,S109T (PDB: S91T),Gallus gallus (Chicken),4LYZ,S91T,Coil,0.85,6.4,74,0.99,-,-,yes,8535241.0,buried water; chicken lysozyme; hydrophobicity; internal packing;,"PROTEIN SCI 4, 2050-2062 (1995) PMID: 8535241","Shih P, Holland DR, Kirsch JF",0.99,S,109,T,6.4,74.0,0.85,0,0,0,pdb,UP:P00698,UP:P00698:S109T,371,train
16608,Lysozyme,P00698,S109V (PDB: S91V),Gallus gallus (Chicken),4LYZ,S91V,Coil,0.85,6.4,74,-0.08,-,-,yes,8535241.0,buried water; chicken lysozyme; hydrophobicity; internal packing;,"PROTEIN SCI 4, 2050-2062 (1995) PMID: 8535241","Shih P, Holland DR, Kirsch JF",-0.08,S,109,V,6.4,74.0,0.85,0,0,0,pdb,UP:P00698,UP:P00698:S109V,372,train
16609,Lysozyme,P00698,S109A (PDB: S91A),Gallus gallus (Chicken),4LYZ,S91A,Coil,0.85,6.4,74,-0.15,-,-,yes,8535241.0,buried water; chicken lysozyme; hydrophobicity; internal packing;,"PROTEIN SCI 4, 2050-2062 (1995) PMID: 8535241","Shih P, Holland DR, Kirsch JF",-0.15,S,109,A,6.4,74.0,0.85,0,0,0,pdb,UP:P00698,UP:P00698:S109A,373,train
16610,Lysozyme,P00698,T58S (PDB: T40S),Gallus gallus (Chicken),4LYZ,T40S,Turn,0.0,6.4,74,-0.27,-,-,yes,8535241.0,buried water; chicken lysozyme; hydrophobicity; internal packing;,"PROTEIN SCI 4, 2050-2062 (1995) PMID: 8535241","Shih P, Holland DR, Kirsch JF",-0.27,T,58,S,6.4,74.0,0.0,0,0,0,pdb,UP:P00698,UP:P00698:T58S,374,train
16612,Lysozyme,P00698,I73L (PDB: I55L),Gallus gallus (Chicken),4LYZ,I55L,Helix,2.16,6.4,74,-0.45,-,-,yes,8535241.0,buried water; chicken lysozyme; hydrophobicity; internal packing;,"PROTEIN SCI 4, 2050-2062 (1995) PMID: 8535241","Shih P, Holland DR, Kirsch JF",-0.45,I,73,L,6.4,74.0,2.16,0,0,0,pdb,UP:P00698,UP:P00698:I73L,375,train
16615,Lysozyme,P00698,I73V (PDB: I55V),Gallus gallus (Chicken),4LYZ,I55V,Helix,2.16,6.4,74,-0.91,-,-,yes,8535241.0,buried water; chicken lysozyme; hydrophobicity; internal packing;,"PROTEIN SCI 4, 2050-2062 (1995) PMID: 8535241","Shih P, Holland DR, Kirsch JF",-0.91,I,73,V,6.4,74.0,2.16,0,0,0,pdb,UP:P00698,UP:P00698:I73V,376,train
16620,Lysozyme,P00698,T58I (PDB: T40I),Gallus gallus (Chicken),4LYZ,T40I,Turn,0.0,6.4,74,-2.2,-,-,yes,8535241.0,buried water; chicken lysozyme; hydrophobicity; internal packing;,"PROTEIN SCI 4, 2050-2062 (1995) PMID: 8535241","Shih P, Holland DR, Kirsch JF",-2.2,T,58,I,6.4,74.0,0.0,0,0,0,pdb,UP:P00698,UP:P00698:T58I,377,train
16621,Lysozyme,P00698,I73M (PDB: I55M),Gallus gallus (Chicken),4LYZ,I55M,Helix,2.16,6.4,74,-2.27,-,-,yes,8535241.0,buried water; chicken lysozyme; hydrophobicity; internal packing;,"PROTEIN SCI 4, 2050-2062 (1995) PMID: 8535241","Shih P, Holland DR, Kirsch JF",-2.27,I,73,M,6.4,74.0,2.16,0,0,0,pdb,UP:P00698,UP:P00698:I73M,378,train
16622,Lysozyme,P00698,S109D (PDB: S91D),Gallus gallus (Chicken),4LYZ,S91D,Coil,0.85,6.4,74,-2.31,-,-,yes,8535241.0,buried water; chicken lysozyme; hydrophobicity; internal packing;,"PROTEIN SCI 4, 2050-2062 (1995) PMID: 8535241","Shih P, Holland DR, Kirsch JF",-2.31,S,109,D,6.4,74.0,0.85,0,0,0,pdb,UP:P00698,UP:P00698:S109D,379,train
16623,Lysozyme,P00698,I73F (PDB: I55F),Gallus gallus (Chicken),4LYZ,I55F,Helix,2.16,6.4,74,-2.46,-,-,yes,8535241.0,buried water; chicken lysozyme; hydrophobicity; internal packing;,"PROTEIN SCI 4, 2050-2062 (1995) PMID: 8535241","Shih P, Holland DR, Kirsch JF",-2.46,I,73,F,6.4,74.0,2.16,0,0,0,pdb,UP:P00698,UP:P00698:I73F,380,train
16625,Lysozyme,P00698,S109Y (PDB: S91Y),Gallus gallus (Chicken),4LYZ,S91Y,Coil,0.85,6.4,74,-3.07,-,-,yes,8535241.0,buried water; chicken lysozyme; hydrophobicity; internal packing;,"PROTEIN SCI 4, 2050-2062 (1995) PMID: 8535241","Shih P, Holland DR, Kirsch JF",-3.07,S,109,Y,6.4,74.0,0.85,0,0,0,pdb,UP:P00698,UP:P00698:S109Y,381,train
16626,Lysozyme,P00698,I73A (PDB: I55A),Gallus gallus (Chicken),4LYZ,I55A,Helix,2.16,6.4,74,-4.4,-,-,yes,8535241.0,buried water; chicken lysozyme; hydrophobicity; internal packing;,"PROTEIN SCI 4, 2050-2062 (1995) PMID: 8535241","Shih P, Holland DR, Kirsch JF",-4.4,I,73,A,6.4,74.0,2.16,0,0,0,pdb,UP:P00698,UP:P00698:I73A,382,train
16627,Lysozyme,P00698,I73T (PDB: I55T),Gallus gallus (Chicken),4LYZ,I55T,Helix,2.16,6.4,74,-4.96,-,-,yes,8535241.0,buried water; chicken lysozyme; hydrophobicity; internal packing;,"PROTEIN SCI 4, 2050-2062 (1995) PMID: 8535241","Shih P, Holland DR, Kirsch JF",-4.96,I,73,T,6.4,74.0,2.16,0,0,0,pdb,UP:P00698,UP:P00698:I73T,383,train
16628,Phosphocarrier protein - HPr protein,P08877,S46D (PDB: S46D),Bacillus subtilis (strain 168),2HPR,S46D,Coil,37.54,7.0,73.6,0.7,-,-,yes,8580838.0,NMR; protein dynamics; protein phosphorylation; protein stability;,"PROTEIN SCI 4, 2478-2486 (1995) PMID: 8580838","Pullen K, Rajagopal P, Branchini BR, Huffine ME, Reizer J, Saier MH Jr,",0.7,S,46,D,7.0,73.6,37.54,0,0,0,pdb,UP:P08877,UP:P08877:S46D,384,test
16630,Trypsin inhibitor,P00974,G71S (PDB: G36S),Bos taurus (Bovine),1BPI,G36S,Helix,1.27,4.6,72.6,-0.7,-,-,yes,7683491.0,internal hydration; protein structure; thermal stability; BPTI,"BIOCHEMISTRY 32, 4564-4570 (1993) PMID: 7683491","Berndt K.D., Beunink J., Schroeder W. & Wuethrich K.",-0.7,G,71,S,4.6,72.6,1.27,0,0,0,pdb,UP:P00974,UP:P00974:G71S,385,train
16632,Cold shock protein,P41016,Q2L (PDB: Q2L),Bacillus caldolyticus,1C9O,Q2L,Sheet,41.99,7.0,70,0.55,-,-,yes,11800561.0,cold shock protein; protein stability; coulombic interactions; thermostable protein,J MOL BIOL 313 343-357 (2001) PMID: 11800561,"Perl D, Schmid FX",0.55,Q,2,L,7.0,70.0,41.99,0,0,0,pdb,UP:P41016,UP:P41016:Q2L,386,train
16633,Cold shock protein,P41016,R3L (PDB: R3L),Bacillus caldolyticus,1C9O,R3L,Sheet,45.41,7.0,70,-0.93,-,-,yes,11800561.0,cold shock protein; protein stability; coulombic interactions; thermostable protein,J MOL BIOL 313 343-357 (2001) PMID: 11800561,"Perl D, Schmid FX",-0.93,R,3,L,7.0,70.0,45.41,0,0,0,pdb,UP:P41016,UP:P41016:R3L,387,train
16634,Cold shock protein,P41016,R3K (PDB: R3K),Bacillus caldolyticus,1C9O,R3K,Sheet,45.41,7.0,70,-0.19,-,-,yes,11800561.0,cold shock protein; protein stability; coulombic interactions; thermostable protein,J MOL BIOL 313 343-357 (2001) PMID: 11800561,"Perl D, Schmid FX",-0.19,R,3,K,7.0,70.0,45.41,0,0,0,pdb,UP:P41016,UP:P41016:R3K,388,train
16635,Cold shock protein,P41016,N11S (PDB: N11S),Bacillus caldolyticus,1C9O,N11S,Turn,84.7,7.0,70,0.33,-,-,yes,11800561.0,cold shock protein; protein stability; coulombic interactions; thermostable protein,J MOL BIOL 313 343-357 (2001) PMID: 11800561,"Perl D, Schmid FX",0.33,N,11,S,7.0,70.0,84.7,0,0,0,pdb,UP:P41016,UP:P41016:N11S,389,train
16636,Cold shock protein,P41016,Y15F (PDB: Y15F),Bacillus caldolyticus,1C9O,Y15F,Sheet,36.03,7.0,70,-0.05,-,-,yes,11800561.0,cold shock protein; protein stability; coulombic interactions; thermostable protein,J MOL BIOL 313 343-357 (2001) PMID: 11800561,"Perl D, Schmid FX",-0.05,Y,15,F,7.0,70.0,36.03,0,0,0,pdb,UP:P41016,UP:P41016:Y15F,390,train
16637,Cold shock protein,P41016,E21A (PDB: E21A),Bacillus caldolyticus,1C9O,E21A,Sheet,80.14,7.0,70,-0.29,-,-,yes,11800561.0,cold shock protein; protein stability; coulombic interactions; thermostable protein,J MOL BIOL 313 343-357 (2001) PMID: 11800561,"Perl D, Schmid FX",-0.29,E,21,A,7.0,70.0,80.14,0,0,0,pdb,UP:P41016,UP:P41016:E21A,391,train
16638,Cold shock protein,P41016,G23Q (PDB: G23Q),Bacillus caldolyticus,1C9O,G23Q,Helix,53.37,7.0,70,-0.29,-,-,yes,11800561.0,cold shock protein; protein stability; coulombic interactions; thermostable protein,J MOL BIOL 313 343-357 (2001) PMID: 11800561,"Perl D, Schmid FX",-0.29,G,23,Q,7.0,70.0,53.37,0,0,0,pdb,UP:P41016,UP:P41016:G23Q,392,train
16640,Cold shock protein,P41016,S24D (PDB: S24D),Bacillus caldolyticus,1C9O,S24D,Coil,87.88,7.0,70,0.22,-,-,yes,11800561.0,cold shock protein; protein stability; coulombic interactions; thermostable protein,J MOL BIOL 313 343-357 (2001) PMID: 11800561,"Perl D, Schmid FX",0.22,S,24,D,7.0,70.0,87.88,0,0,0,pdb,UP:P41016,UP:P41016:S24D,393,train
16641,Cold shock protein,P41016,T31S (PDB: T31S),Bacillus caldolyticus,1C9O,T31S,Turn,16.58,7.0,70,0.17,-,-,yes,11800561.0,cold shock protein; protein stability; coulombic interactions; thermostable protein,J MOL BIOL 313 343-357 (2001) PMID: 11800561,"Perl D, Schmid FX",0.17,T,31,S,7.0,70.0,16.58,0,0,0,pdb,UP:P41016,UP:P41016:T31S,394,train
16642,Cold shock protein,P41016,E46A (PDB: E46A),Bacillus caldolyticus,1C9O,E46A,Sheet,45.79,7.0,70,-0.22,-,-,yes,11800561.0,cold shock protein; protein stability; coulombic interactions; thermostable protein,J MOL BIOL 313 343-357 (2001) PMID: 11800561,"Perl D, Schmid FX",-0.22,E,46,A,7.0,70.0,45.79,0,0,0,pdb,UP:P41016,UP:P41016:E46A,395,train
16644,Cold shock protein,P41016,Q53E (PDB: Q53E),Bacillus caldolyticus,1C9O,Q53E,Sheet,48.71,7.0,70,-0.1,-,-,yes,11800561.0,cold shock protein; protein stability; coulombic interactions; thermostable protein,J MOL BIOL 313 343-357 (2001) PMID: 11800561,"Perl D, Schmid FX",-0.1,Q,53,E,7.0,70.0,48.71,0,0,0,pdb,UP:P41016,UP:P41016:Q53E,396,train
16645,Cold shock protein,P41016,V64T (PDB: V64T),Bacillus caldolyticus,1C9O,V64T,Sheet,33.83,7.0,70,-0.26,-,-,yes,11800561.0,cold shock protein; protein stability; coulombic interactions; thermostable protein,J MOL BIOL 313 343-357 (2001) PMID: 11800561,"Perl D, Schmid FX",-0.26,V,64,T,7.0,70.0,33.83,0,0,0,pdb,UP:P41016,UP:P41016:V64T,397,train
16646,Cold shock protein,P41016,L66A (PDB: L66A),Bacillus caldolyticus,1C9O,L66A,Coil,69.91,7.0,70,0.02,-,-,yes,11800561.0,cold shock protein; protein stability; coulombic interactions; thermostable protein,J MOL BIOL 313 343-357 (2001) PMID: 11800561,"Perl D, Schmid FX",0.02,L,66,A,7.0,70.0,69.91,0,0,0,pdb,UP:P41016,UP:P41016:L66A,398,train
16651,Cold shock protein,P41016,Q2L (PDB: Q2L),Bacillus caldolyticus,1C9O,Q2L,Sheet,41.99,7.0,70,0.29,-,-,yes,11800561.0,cold shock protein; protein stability; coulombic interactions; thermostable protein,J MOL BIOL 313 343-357 (2001) PMID: 11800561,"Perl D, Schmid FX",0.29,Q,2,L,7.0,70.0,41.99,0,0,0,pdb,UP:P41016,UP:P41016:Q2L,399,train
16652,Cold shock protein,P41016,R3E (PDB: R3E),Bacillus caldolyticus,1C9O,R3E,Sheet,45.41,7.0,70,-1,-,-,yes,11800561.0,cold shock protein; protein stability; coulombic interactions; thermostable protein,J MOL BIOL 313 343-357 (2001) PMID: 11800561,"Perl D, Schmid FX",-1.0,R,3,E,7.0,70.0,45.41,0,0,0,pdb,UP:P41016,UP:P41016:R3E,400,train
16655,Cold shock protein,P41016,R3L (PDB: R3L),Bacillus caldolyticus,1C9O,R3L,Sheet,45.41,7.0,70,-0.22,-,-,yes,11800561.0,cold shock protein; protein stability; coulombic interactions; thermostable protein,J MOL BIOL 313 343-357 (2001) PMID: 11800561,"Perl D, Schmid FX",-0.22,R,3,L,7.0,70.0,45.41,0,0,0,pdb,UP:P41016,UP:P41016:R3L,401,train
16656,Cold shock protein,P41016,R3K (PDB: R3K),Bacillus caldolyticus,1C9O,R3K,Sheet,45.41,7.0,70,-0.14,-,-,yes,11800561.0,cold shock protein; protein stability; coulombic interactions; thermostable protein,J MOL BIOL 313 343-357 (2001) PMID: 11800561,"Perl D, Schmid FX",-0.14,R,3,K,7.0,70.0,45.41,0,0,0,pdb,UP:P41016,UP:P41016:R3K,402,train
16657,Cold shock protein,P41016,R3A (PDB: R3A),Bacillus caldolyticus,1C9O,R3A,Sheet,45.41,7.0,70,-1.05,-,-,yes,11800561.0,cold shock protein; protein stability; coulombic interactions; thermostable protein,J MOL BIOL 313 343-357 (2001) PMID: 11800561,"Perl D, Schmid FX",-1.05,R,3,A,7.0,70.0,45.41,0,0,0,pdb,UP:P41016,UP:P41016:R3A,403,train
16658,Cold shock protein,P41016,N11S (PDB: N11S),Bacillus caldolyticus,1C9O,N11S,Turn,84.7,7.0,70,0.22,-,-,yes,11800561.0,cold shock protein; protein stability; coulombic interactions; thermostable protein,J MOL BIOL 313 343-357 (2001) PMID: 11800561,"Perl D, Schmid FX",0.22,N,11,S,7.0,70.0,84.7,0,0,0,pdb,UP:P41016,UP:P41016:N11S,404,train
16659,Cold shock protein,P41016,Y15F (PDB: Y15F),Bacillus caldolyticus,1C9O,Y15F,Sheet,36.03,7.0,70,0.07,-,-,yes,11800561.0,cold shock protein; protein stability; coulombic interactions; thermostable protein,J MOL BIOL 313 343-357 (2001) PMID: 11800561,"Perl D, Schmid FX",0.07,Y,15,F,7.0,70.0,36.03,0,0,0,pdb,UP:P41016,UP:P41016:Y15F,405,train
16660,Cold shock protein,P41016,E21A (PDB: E21A),Bacillus caldolyticus,1C9O,E21A,Sheet,80.14,7.0,70,-0.29,-,-,yes,11800561.0,cold shock protein; protein stability; coulombic interactions; thermostable protein,J MOL BIOL 313 343-357 (2001) PMID: 11800561,"Perl D, Schmid FX",-0.29,E,21,A,7.0,70.0,80.14,0,0,0,pdb,UP:P41016,UP:P41016:E21A,406,train
16661,Cold shock protein,P41016,G23Q (PDB: G23Q),Bacillus caldolyticus,1C9O,G23Q,Helix,53.37,7.0,70,-0.31,-,-,yes,11800561.0,cold shock protein; protein stability; coulombic interactions; thermostable protein,J MOL BIOL 313 343-357 (2001) PMID: 11800561,"Perl D, Schmid FX",-0.31,G,23,Q,7.0,70.0,53.37,0,0,0,pdb,UP:P41016,UP:P41016:G23Q,407,train
16663,Cold shock protein,P41016,S24D (PDB: S24D),Bacillus caldolyticus,1C9O,S24D,Coil,87.88,7.0,70,0.19,-,-,yes,11800561.0,cold shock protein; protein stability; coulombic interactions; thermostable protein,J MOL BIOL 313 343-357 (2001) PMID: 11800561,"Perl D, Schmid FX",0.19,S,24,D,7.0,70.0,87.88,0,0,0,pdb,UP:P41016,UP:P41016:S24D,408,train
16664,Cold shock protein,P41016,T31S (PDB: T31S),Bacillus caldolyticus,1C9O,T31S,Turn,16.58,7.0,70,0.19,-,-,yes,11800561.0,cold shock protein; protein stability; coulombic interactions; thermostable protein,J MOL BIOL 313 343-357 (2001) PMID: 11800561,"Perl D, Schmid FX",0.19,T,31,S,7.0,70.0,16.58,0,0,0,pdb,UP:P41016,UP:P41016:T31S,409,train
16665,Cold shock protein,P41016,E46A (PDB: E46A),Bacillus caldolyticus,1C9O,E46A,Sheet,45.79,7.0,70,-0.12,-,-,yes,11800561.0,cold shock protein; protein stability; coulombic interactions; thermostable protein,J MOL BIOL 313 343-357 (2001) PMID: 11800561,"Perl D, Schmid FX",-0.12,E,46,A,7.0,70.0,45.79,0,0,0,pdb,UP:P41016,UP:P41016:E46A,410,train
16668,Cold shock protein,P41016,Q53E (PDB: Q53E),Bacillus caldolyticus,1C9O,Q53E,Sheet,48.71,7.0,70,0,-,-,yes,11800561.0,cold shock protein; protein stability; coulombic interactions; thermostable protein,J MOL BIOL 313 343-357 (2001) PMID: 11800561,"Perl D, Schmid FX",0.0,Q,53,E,7.0,70.0,48.71,0,0,0,pdb,UP:P41016,UP:P41016:Q53E,411,train
16669,Cold shock protein,P41016,V64T (PDB: V64T),Bacillus caldolyticus,1C9O,V64T,Sheet,33.83,7.0,70,-0.19,-,-,yes,11800561.0,cold shock protein; protein stability; coulombic interactions; thermostable protein,J MOL BIOL 313 343-357 (2001) PMID: 11800561,"Perl D, Schmid FX",-0.19,V,64,T,7.0,70.0,33.83,0,0,0,pdb,UP:P41016,UP:P41016:V64T,412,train
16671,Cold shock protein,P41016,L66E (PDB: L66E),Bacillus caldolyticus,1C9O,L66E,Coil,69.91,7.0,70,-1.27,-,-,yes,11800561.0,cold shock protein; protein stability; coulombic interactions; thermostable protein,J MOL BIOL 313 343-357 (2001) PMID: 11800561,"Perl D, Schmid FX",-1.27,L,66,E,7.0,70.0,69.91,0,0,0,pdb,UP:P41016,UP:P41016:L66E,413,train
16672,Cold shock protein,P41016,L66A (PDB: L66A),Bacillus caldolyticus,1C9O,L66A,Coil,69.91,7.0,70,-0.07,-,-,yes,11800561.0,cold shock protein; protein stability; coulombic interactions; thermostable protein,J MOL BIOL 313 343-357 (2001) PMID: 11800561,"Perl D, Schmid FX",-0.07,L,66,A,7.0,70.0,69.91,0,0,0,pdb,UP:P41016,UP:P41016:L66A,414,train
16673,Cold shock protein,P32081,E3R (PDB: E3R),Bacillus subtilis (strain 168),1CSP,E3R,Sheet,42.93,7.0,70,0.76,-,-,yes,11800561.0,cold shock protein; protein stability; coulombic interactions; thermostable protein,J MOL BIOL 313 343-357 (2001) PMID: 11800561,"Perl D, Schmid FX",0.76,E,3,R,7.0,70.0,42.93,0,0,0,pdb,UP:P32081,UP:P32081:E3R,415,val
16674,Cold shock protein,P32081,E3L (PDB: E3L),Bacillus subtilis (strain 168),1CSP,E3L,Sheet,42.93,7.0,70,0.41,-,-,yes,11800561.0,cold shock protein; protein stability; coulombic interactions; thermostable protein,J MOL BIOL 313 343-357 (2001) PMID: 11800561,"Perl D, Schmid FX",0.41,E,3,L,7.0,70.0,42.93,0,0,0,pdb,UP:P32081,UP:P32081:E3L,416,val
16675,Cold shock protein,P32081,A46E (PDB: A46E),Bacillus subtilis (strain 168),1CSP,A46E,Sheet,18.15,7.0,70,0.02,-,-,yes,11800561.0,cold shock protein; protein stability; coulombic interactions; thermostable protein,J MOL BIOL 313 343-357 (2001) PMID: 11800561,"Perl D, Schmid FX",0.02,A,46,E,7.0,70.0,18.15,0,0,0,pdb,UP:P32081,UP:P32081:A46E,417,val
16676,Cold shock protein,P32081,E66L (PDB: E66L),Bacillus subtilis (strain 168),1CSP,E66L,Sheet,22.9,7.0,70,1.43,-,-,yes,11800561.0,cold shock protein; protein stability; coulombic interactions; thermostable protein,J MOL BIOL 313 343-357 (2001) PMID: 11800561,"Perl D, Schmid FX",1.43,E,66,L,7.0,70.0,22.9,0,0,0,pdb,UP:P32081,UP:P32081:E66L,418,val
16679,Lysozyme,P00720,C54V (PDB: C54V),Enterobacteria phage T4 (Bacteriophage T4),2LZM,C54V,Turn,2.85,6.5,70,-0.7,-,-,yes,3277175.0,folding thermodynamics; irreversible inactivation;,"PROC NATL ACAD SCI U S A 85, 401-405 (1988) PMID: 3277175","Wetzel R., Perry L.J., Baase W.A. & Becktel W.J.",-0.7,C,54,V,6.5,70.0,2.85,0,0,0,pdb,UP:P00720,UP:P00720:C54V,419,train
16680,Lysozyme,P00720,C54T (PDB: C54T),Enterobacteria phage T4 (Bacteriophage T4),2LZM,C54T,Turn,2.85,6.5,70,0.3,-,-,yes,3277175.0,folding thermodynamics; irreversible inactivation;,"PROC NATL ACAD SCI U S A 85, 401-405 (1988) PMID: 3277175","Wetzel R., Perry L.J., Baase W.A. & Becktel W.J.",0.3,C,54,T,6.5,70.0,2.85,0,0,0,pdb,UP:P00720,UP:P00720:C54T,420,train
16681,Lysozyme,P00720,R96H (PDB: R96H),Enterobacteria phage T4 (Bacteriophage T4),2LZM,R96H,Helix,34.06,6.5,70,-2.8,-,-,yes,3277175.0,folding thermodynamics; irreversible inactivation;,"PROC NATL ACAD SCI U S A 85, 401-405 (1988) PMID: 3277175","Wetzel R., Perry L.J., Baase W.A. & Becktel W.J.",-2.8,R,96,H,6.5,70.0,34.06,0,0,0,pdb,UP:P00720,UP:P00720:R96H,421,train
16682,Lysozyme,P00720,A146T (PDB: A146T),Enterobacteria phage T4 (Bacteriophage T4),2LZM,A146T,Helix,0.0,6.5,70,-1.5,-,-,yes,3277175.0,folding thermodynamics; irreversible inactivation;,"PROC NATL ACAD SCI U S A 85, 401-405 (1988) PMID: 3277175","Wetzel R., Perry L.J., Baase W.A. & Becktel W.J.",-1.5,A,146,T,6.5,70.0,0.0,0,0,0,pdb,UP:P00720,UP:P00720:A146T,422,train
16684,Superoxide dismutase [Mn],P04179,I82T (PDB: I58T),Homo sapiens (Human),1N0J,I58T,Helix,52.43,7.8,70,-2.7,-,-,yes,8605177.0,manganese superoxide dismutase; tetrameric interface;,"BIOCHEMISTRY 35, 4287-4297 (1996) PMID: 8605177","Borgstahl GE, Parge HE, Hickey MJ, Johnson MJ, Boissinot M,",-2.7,I,82,T,7.8,70.0,52.43,0,0,0,pdb,UP:P04179,UP:P04179:I82T,423,train
16685,Cold shock protein,P41016,Q2L (PDB: Q2L),Bacillus caldolyticus,1C9O,Q2L,Sheet,41.99,7.0,70,0.55,-,-,yes,10802734.0,systematic mutagenesis; surface-exposed residues;,"NAT STRUCT BIOL 7, 380-383 (2000) PMID: 10802734","Perl D, Mueller U, Heinemann U, Schmid FX",0.55,Q,2,L,7.0,70.0,41.99,0,0,0,pdb,UP:P41016,UP:P41016:Q2L,424,train
16686,Cold shock protein,P41016,N11S (PDB: N11S),Bacillus caldolyticus,1C9O,N11S,Turn,84.7,7.0,70,0.33,-,-,yes,10802734.0,systematic mutagenesis; surface-exposed residues;,"NAT STRUCT BIOL 7, 380-383 (2000) PMID: 10802734","Perl D, Mueller U, Heinemann U, Schmid FX",0.33,N,11,S,7.0,70.0,84.7,0,0,0,pdb,UP:P41016,UP:P41016:N11S,425,train
16687,Cold shock protein,P41016,Y15F (PDB: Y15F),Bacillus caldolyticus,1C9O,Y15F,Sheet,36.03,7.0,70,-0.05,-,-,yes,10802734.0,systematic mutagenesis; surface-exposed residues;,"NAT STRUCT BIOL 7, 380-383 (2000) PMID: 10802734","Perl D, Mueller U, Heinemann U, Schmid FX",-0.05,Y,15,F,7.0,70.0,36.03,0,0,0,pdb,UP:P41016,UP:P41016:Y15F,426,train
16688,Cold shock protein,P41016,G23Q (PDB: G23Q),Bacillus caldolyticus,1C9O,G23Q,Helix,53.37,7.0,70,-0.29,-,-,yes,10802734.0,systematic mutagenesis; surface-exposed residues;,"NAT STRUCT BIOL 7, 380-383 (2000) PMID: 10802734","Perl D, Mueller U, Heinemann U, Schmid FX",-0.29,G,23,Q,7.0,70.0,53.37,0,0,0,pdb,UP:P41016,UP:P41016:G23Q,427,train
16689,Cold shock protein,P41016,S24D (PDB: S24D),Bacillus caldolyticus,1C9O,S24D,Coil,87.88,7.0,70,0.22,-,-,yes,10802734.0,systematic mutagenesis; surface-exposed residues;,"NAT STRUCT BIOL 7, 380-383 (2000) PMID: 10802734","Perl D, Mueller U, Heinemann U, Schmid FX",0.22,S,24,D,7.0,70.0,87.88,0,0,0,pdb,UP:P41016,UP:P41016:S24D,428,train
16690,Cold shock protein,P41016,T31S (PDB: T31S),Bacillus caldolyticus,1C9O,T31S,Turn,16.58,7.0,70,0.17,-,-,yes,10802734.0,systematic mutagenesis; surface-exposed residues;,"NAT STRUCT BIOL 7, 380-383 (2000) PMID: 10802734","Perl D, Mueller U, Heinemann U, Schmid FX",0.17,T,31,S,7.0,70.0,16.58,0,0,0,pdb,UP:P41016,UP:P41016:T31S,429,train
16691,Cold shock protein,P41016,E46A (PDB: E46A),Bacillus caldolyticus,1C9O,E46A,Sheet,45.79,7.0,70,-0.22,-,-,yes,10802734.0,systematic mutagenesis; surface-exposed residues;,"NAT STRUCT BIOL 7, 380-383 (2000) PMID: 10802734","Perl D, Mueller U, Heinemann U, Schmid FX",-0.22,E,46,A,7.0,70.0,45.79,0,0,0,pdb,UP:P41016,UP:P41016:E46A,430,train
16692,Cold shock protein,P41016,Q53E (PDB: Q53E),Bacillus caldolyticus,1C9O,Q53E,Sheet,48.71,7.0,70,-0.1,-,-,yes,10802734.0,systematic mutagenesis; surface-exposed residues;,"NAT STRUCT BIOL 7, 380-383 (2000) PMID: 10802734","Perl D, Mueller U, Heinemann U, Schmid FX",-0.1,Q,53,E,7.0,70.0,48.71,0,0,0,pdb,UP:P41016,UP:P41016:Q53E,431,train
16693,Cold shock protein,P41016,V64T (PDB: V64T),Bacillus caldolyticus,1C9O,V64T,Sheet,33.83,7.0,70,-0.26,-,-,yes,10802734.0,systematic mutagenesis; surface-exposed residues;,"NAT STRUCT BIOL 7, 380-383 (2000) PMID: 10802734","Perl D, Mueller U, Heinemann U, Schmid FX",-0.26,V,64,T,7.0,70.0,33.83,0,0,0,pdb,UP:P41016,UP:P41016:V64T,432,train
16696,Cold shock protein,P41016,Q2L (PDB: Q2L),Bacillus caldolyticus,1C9O,Q2L,Sheet,41.99,7.0,70,0.29,-,-,yes,10802734.0,systematic mutagenesis; surface-exposed residues;,"NAT STRUCT BIOL 7, 380-383 (2000) PMID: 10802734","Perl D, Mueller U, Heinemann U, Schmid FX",0.29,Q,2,L,7.0,70.0,41.99,0,0,0,pdb,UP:P41016,UP:P41016:Q2L,433,train
16697,Cold shock protein,P41016,R3E (PDB: R3E),Bacillus caldolyticus,1C9O,R3E,Sheet,45.41,7.0,70,-1,-,-,yes,10802734.0,systematic mutagenesis; surface-exposed residues;,"NAT STRUCT BIOL 7, 380-383 (2000) PMID: 10802734","Perl D, Mueller U, Heinemann U, Schmid FX",-1.0,R,3,E,7.0,70.0,45.41,0,0,0,pdb,UP:P41016,UP:P41016:R3E,434,train
16698,Cold shock protein,P41016,N11S (PDB: N11S),Bacillus caldolyticus,1C9O,N11S,Turn,84.7,7.0,70,0.22,-,-,yes,10802734.0,systematic mutagenesis; surface-exposed residues;,"NAT STRUCT BIOL 7, 380-383 (2000) PMID: 10802734","Perl D, Mueller U, Heinemann U, Schmid FX",0.22,N,11,S,7.0,70.0,84.7,0,0,0,pdb,UP:P41016,UP:P41016:N11S,435,train
16699,Cold shock protein,P41016,Y15F (PDB: Y15F),Bacillus caldolyticus,1C9O,Y15F,Sheet,36.03,7.0,70,0.07,-,-,yes,10802734.0,systematic mutagenesis; surface-exposed residues;,"NAT STRUCT BIOL 7, 380-383 (2000) PMID: 10802734","Perl D, Mueller U, Heinemann U, Schmid FX",0.07,Y,15,F,7.0,70.0,36.03,0,0,0,pdb,UP:P41016,UP:P41016:Y15F,436,train
16700,Cold shock protein,P41016,G23Q (PDB: G23Q),Bacillus caldolyticus,1C9O,G23Q,Helix,53.37,7.0,70,-0.31,-,-,yes,10802734.0,systematic mutagenesis; surface-exposed residues;,"NAT STRUCT BIOL 7, 380-383 (2000) PMID: 10802734","Perl D, Mueller U, Heinemann U, Schmid FX",-0.31,G,23,Q,7.0,70.0,53.37,0,0,0,pdb,UP:P41016,UP:P41016:G23Q,437,train
16701,Cold shock protein,P41016,S24D (PDB: S24D),Bacillus caldolyticus,1C9O,S24D,Coil,87.88,7.0,70,0.19,-,-,yes,10802734.0,systematic mutagenesis; surface-exposed residues;,"NAT STRUCT BIOL 7, 380-383 (2000) PMID: 10802734","Perl D, Mueller U, Heinemann U, Schmid FX",0.19,S,24,D,7.0,70.0,87.88,0,0,0,pdb,UP:P41016,UP:P41016:S24D,438,train
16702,Cold shock protein,P41016,T31S (PDB: T31S),Bacillus caldolyticus,1C9O,T31S,Turn,16.58,7.0,70,0.19,-,-,yes,10802734.0,systematic mutagenesis; surface-exposed residues;,"NAT STRUCT BIOL 7, 380-383 (2000) PMID: 10802734","Perl D, Mueller U, Heinemann U, Schmid FX",0.19,T,31,S,7.0,70.0,16.58,0,0,0,pdb,UP:P41016,UP:P41016:T31S,439,train
16703,Cold shock protein,P41016,E46A (PDB: E46A),Bacillus caldolyticus,1C9O,E46A,Sheet,45.79,7.0,70,-0.12,-,-,yes,10802734.0,systematic mutagenesis; surface-exposed residues;,"NAT STRUCT BIOL 7, 380-383 (2000) PMID: 10802734","Perl D, Mueller U, Heinemann U, Schmid FX",-0.12,E,46,A,7.0,70.0,45.79,0,0,0,pdb,UP:P41016,UP:P41016:E46A,440,train
16704,Cold shock protein,P41016,Q53E (PDB: Q53E),Bacillus caldolyticus,1C9O,Q53E,Sheet,48.71,7.0,70,0,-,-,yes,10802734.0,systematic mutagenesis; surface-exposed residues;,"NAT STRUCT BIOL 7, 380-383 (2000) PMID: 10802734","Perl D, Mueller U, Heinemann U, Schmid FX",0.0,Q,53,E,7.0,70.0,48.71,0,0,0,pdb,UP:P41016,UP:P41016:Q53E,441,train
16705,Cold shock protein,P41016,V64T (PDB: V64T),Bacillus caldolyticus,1C9O,V64T,Sheet,33.83,7.0,70,-0.19,-,-,yes,10802734.0,systematic mutagenesis; surface-exposed residues;,"NAT STRUCT BIOL 7, 380-383 (2000) PMID: 10802734","Perl D, Mueller U, Heinemann U, Schmid FX",-0.19,V,64,T,7.0,70.0,33.83,0,0,0,pdb,UP:P41016,UP:P41016:V64T,442,train
16706,Cold shock protein,P41016,L66E (PDB: L66E),Bacillus caldolyticus,1C9O,L66E,Coil,69.91,7.0,70,-1.27,-,-,yes,10802734.0,systematic mutagenesis; surface-exposed residues;,"NAT STRUCT BIOL 7, 380-383 (2000) PMID: 10802734","Perl D, Mueller U, Heinemann U, Schmid FX",-1.27,L,66,E,7.0,70.0,69.91,0,0,0,pdb,UP:P41016,UP:P41016:L66E,443,train
16707,Cold shock protein,P41016,L66A (PDB: L66A),Bacillus caldolyticus,1C9O,L66A,Coil,69.91,7.0,70,-0.07,-,-,yes,10802734.0,systematic mutagenesis; surface-exposed residues;,"NAT STRUCT BIOL 7, 380-383 (2000) PMID: 10802734","Perl D, Mueller U, Heinemann U, Schmid FX",-0.07,L,66,A,7.0,70.0,69.91,0,0,0,pdb,UP:P41016,UP:P41016:L66A,444,train
16709,Cold shock protein,P32081,E3R (PDB: E3R),Bacillus subtilis (strain 168),1CSP,E3R,Sheet,42.93,7.0,70,0.76,-,-,yes,10802734.0,systematic mutagenesis; surface-exposed residues;,"NAT STRUCT BIOL 7, 380-383 (2000) PMID: 10802734","Perl D, Mueller U, Heinemann U, Schmid FX",0.76,E,3,R,7.0,70.0,42.93,0,0,0,pdb,UP:P32081,UP:P32081:E3R,445,val
16710,Cold shock protein,P32081,E66L (PDB: E66L),Bacillus subtilis (strain 168),1CSP,E66L,Sheet,22.9,7.0,70,1.43,-,-,yes,10802734.0,systematic mutagenesis; surface-exposed residues;,"NAT STRUCT BIOL 7, 380-383 (2000) PMID: 10802734","Perl D, Mueller U, Heinemann U, Schmid FX",1.43,E,66,L,7.0,70.0,22.9,0,0,0,pdb,UP:P32081,UP:P32081:E66L,446,val
16712,Superoxide dismutase [Mn],P04179,Y58F (PDB: Y34F),Homo sapiens (Human),1N0J,Y34F,Helix,6.55,7.8,70,12.7,-,2,Yes,9537987.0,"crystallography, manganese superoxide dismutase, tyrosine 34, mutagenesis.","BIOCHEMISTRY 37, 4722-4730 (1998) PMID: 9537987","Guan Y, Hickey MJ, Borgstahl GE, Hallewell RA, Lepock JR, O'Connor D, Hsieh Y, Nick HS, Silverman DN, Tainer JA.",12.7,Y,58,F,7.8,70.0,6.55,0,0,0,pdb,UP:P04179,UP:P04179:Y58F,447,train
16713,Superoxide dismutase [Mn],P04179,Q143N (PDB: Q143N),Homo sapiens (Human),1N0J,Q143N,Turn,0.0,7.8,70,2.79,-,2,Yes,9537988.0,"manganese superoxide dismutase, glutamine 143, active site, mutagenesis.","BIOCHEMISTRY 37, 4731-4739 (1998) PMID: 9537988","Hsieh Y, Guan Y, Tu C, Bratt PJ, Angerhofer A, Lepock JR, Hickey MJ, Tainer JA, Nick HS, Silverman DN.",2.79,Q,143,N,7.8,70.0,0.0,0,0,0,pdb,UP:P04179,UP:P04179:Q143N,448,train
16719,Cold shock protein B,P32081,M1R (PDB: M1R),Bacillus subtilis (strain 168),1CSP,M1R,Coil,66.47,7.0,70,1.74,-,-,Unknown,15784264.0,protein stability; in vitro selection; phage display; electrostatic interactions; protein design,"J MOL BIOL 347, 1063-1076 (2005) PMID: 15784264","Wunderlich M, Martin A, Schmid FX",1.74,M,1,R,7.0,70.0,66.47,0,0,0,pdb,UP:P32081,UP:P32081:M1R,449,val
16720,Cold shock protein B,P32081,E3K (PDB: E3K),Bacillus subtilis (strain 168),1CSP,E3K,Sheet,42.93,7.0,70,2.75,-,-,Unknown,15784264.0,protein stability; in vitro selection; phage display; electrostatic interactions; protein design,"J MOL BIOL 347, 1063-1076 (2005) PMID: 15784264","Wunderlich M, Martin A, Schmid FX",2.75,E,3,K,7.0,70.0,42.93,0,0,0,pdb,UP:P32081,UP:P32081:E3K,450,val
16721,Cold shock protein B,P32081,K65I (PDB: K65I),Bacillus subtilis (strain 168),1CSP,K65I,Sheet,47.64,7.0,70,1.53,-,-,Unknown,15784264.0,protein stability; in vitro selection; phage display; electrostatic interactions; protein design,"J MOL BIOL 347, 1063-1076 (2005) PMID: 15784264","Wunderlich M, Martin A, Schmid FX",1.53,K,65,I,7.0,70.0,47.64,0,0,0,pdb,UP:P32081,UP:P32081:K65I,451,val
16722,Cold shock protein B,P32081,E66K (PDB: E66K),Bacillus subtilis (strain 168),1CSP,E66K,Sheet,22.9,7.0,70,2.17,-,-,Unknown,15784264.0,protein stability; in vitro selection; phage display; electrostatic interactions; protein design,"J MOL BIOL 347, 1063-1076 (2005) PMID: 15784264","Wunderlich M, Martin A, Schmid FX",2.17,E,66,K,7.0,70.0,22.9,0,0,0,pdb,UP:P32081,UP:P32081:E66K,452,val
16736,Cold shock protein B,P32081,E43S (PDB: E43S),Bacillus subtilis (strain 168),1CSP,E43S,Sheet,88.15,7.0,70,0.29,-,-,Unknown,15784264.0,protein stability; in vitro selection; phage display; electrostatic interactions; protein design,"J MOL BIOL 347, 1063-1076 (2005) PMID: 15784264","Wunderlich M, Martin A, Schmid FX",0.29,E,43,S,7.0,70.0,88.15,0,0,0,pdb,UP:P32081,UP:P32081:E43S,453,val
16737,Cold shock protein B,P32081,A46K (PDB: A46K),Bacillus subtilis (strain 168),1CSP,A46K,Sheet,18.15,7.0,70,1.41,-,-,Unknown,15784264.0,protein stability; in vitro selection; phage display; electrostatic interactions; protein design,"J MOL BIOL 347, 1063-1076 (2005) PMID: 15784264","Wunderlich M, Martin A, Schmid FX",1.41,A,46,K,7.0,70.0,18.15,0,0,0,pdb,UP:P32081,UP:P32081:A46K,454,val
16739,Cold shock protein B,P32081,S48R (PDB: S48R),Bacillus subtilis (strain 168),1CSP,S48R,Coil,31.57,7.0,70,1.58,-,-,Unknown,15784264.0,protein stability; in vitro selection; phage display; electrostatic interactions; protein design,"J MOL BIOL 347, 1063-1076 (2005) PMID: 15784264","Wunderlich M, Martin A, Schmid FX",1.58,S,48,R,7.0,70.0,31.57,0,0,0,pdb,UP:P32081,UP:P32081:S48R,455,val
16748,Glutamate dehydrogenase,P96110,R191A (UniProt),Thermotoga maritima (strain ATCC 43589 / MSB8 / DSM 3109 / JCM 10099),1B26,-,Helix,0.44,7.0,69.5,-0.34,-,-,yes,12501181.0,ion-pair networks; hyperthermostable proteins; cooperative interactions; cofactor binding domain,"BIOCHEMISTRY 41, 15524-15535 (2002) PMID: 12501181","Lebbink JH, Consalvi V, Chiaraluce R, Berndt KD, Ladenstein R.",-0.34,R,191,A,7.0,69.5,0.44,0,0,0,uniprot,UP:P96110,UP:P96110:R191A,456,val
16749,Glutamate dehydrogenase,P96110,E232A (UniProt),Thermotoga maritima (strain ATCC 43589 / MSB8 / DSM 3109 / JCM 10099),1B26,-,Sheet,47.51,7.0,69.5,-0.17,-,-,yes,12501181.0,ion-pair networks; hyperthermostable proteins; cooperative interactions; cofactor binding domain,"BIOCHEMISTRY 41, 15524-15535 (2002) PMID: 12501181","Lebbink JH, Consalvi V, Chiaraluce R, Berndt KD, Ladenstein R.",-0.17,E,232,A,7.0,69.5,47.51,0,0,0,uniprot,UP:P96110,UP:P96110:E232A,457,val
16750,Glutamate dehydrogenase,P96110,K194A (UniProt),Thermotoga maritima (strain ATCC 43589 / MSB8 / DSM 3109 / JCM 10099),1B26,-,Helix,6.81,7.0,69.5,0.23,-,-,yes,12501181.0,ion-pair networks; hyperthermostable proteins; cooperative interactions; cofactor binding domain,"BIOCHEMISTRY 41, 15524-15535 (2002) PMID: 12501181","Lebbink JH, Consalvi V, Chiaraluce R, Berndt KD, Ladenstein R.",0.23,K,194,A,7.0,69.5,6.81,0,0,0,uniprot,UP:P96110,UP:P96110:K194A,458,val
16755,Regulatory protein rop (RNA one modulator) (ROM),P03051,D30G (PDB: D30G),Escherichia coli,1ROP,D30G,Turn,97.15,7.0,69,2,-,-,Unknown,8548455.0,protein stability; four-helix bundle; Rop; turns;,"NAT STRUCT BIOL 3, 54-58 (1996) PMID: 8548455","Predki PF, Agrawal V, Brunger AT, Regan L",2.0,D,30,G,7.0,69.0,97.15,0,0,0,pdb,UP:P03051,UP:P03051:D30G,459,train
16756,Regulatory protein rop (RNA one modulator) (ROM),P03051,D30Q (PDB: D30Q),Escherichia coli,1ROP,D30Q,Turn,97.15,7.0,69,1.8,-,-,Unknown,8548455.0,protein stability; four-helix bundle; Rop; turns;,"NAT STRUCT BIOL 3, 54-58 (1996) PMID: 8548455","Predki PF, Agrawal V, Brunger AT, Regan L",1.8,D,30,Q,7.0,69.0,97.15,0,0,0,pdb,UP:P03051,UP:P03051:D30Q,460,train
16757,Regulatory protein rop (RNA one modulator) (ROM),P03051,D30E (PDB: D30E),Escherichia coli,1ROP,D30E,Turn,97.15,7.0,69,1,-,-,Unknown,8548455.0,protein stability; four-helix bundle; Rop; turns;,"NAT STRUCT BIOL 3, 54-58 (1996) PMID: 8548455","Predki PF, Agrawal V, Brunger AT, Regan L",1.0,D,30,E,7.0,69.0,97.15,0,0,0,pdb,UP:P03051,UP:P03051:D30E,461,train
16758,Regulatory protein rop (RNA one modulator) (ROM),P03051,D30S (PDB: D30S),Escherichia coli,1ROP,D30S,Turn,97.15,7.0,69,1,-,-,Unknown,8548455.0,protein stability; four-helix bundle; Rop; turns;,"NAT STRUCT BIOL 3, 54-58 (1996) PMID: 8548455","Predki PF, Agrawal V, Brunger AT, Regan L",1.0,D,30,S,7.0,69.0,97.15,0,0,0,pdb,UP:P03051,UP:P03051:D30S,462,train
16759,Regulatory protein rop (RNA one modulator) (ROM),P03051,D30K (PDB: D30K),Escherichia coli,1ROP,D30K,Turn,97.15,7.0,69,0.9,-,-,Unknown,8548455.0,protein stability; four-helix bundle; Rop; turns;,"NAT STRUCT BIOL 3, 54-58 (1996) PMID: 8548455","Predki PF, Agrawal V, Brunger AT, Regan L",0.9,D,30,K,7.0,69.0,97.15,0,0,0,pdb,UP:P03051,UP:P03051:D30K,463,train
16760,Regulatory protein rop (RNA one modulator) (ROM),P03051,D30H (PDB: D30H),Escherichia coli,1ROP,D30H,Turn,97.15,7.0,69,0.9,-,-,Unknown,8548455.0,protein stability; four-helix bundle; Rop; turns;,"NAT STRUCT BIOL 3, 54-58 (1996) PMID: 8548455","Predki PF, Agrawal V, Brunger AT, Regan L",0.9,D,30,H,7.0,69.0,97.15,0,0,0,pdb,UP:P03051,UP:P03051:D30H,464,train
16761,Regulatory protein rop (RNA one modulator) (ROM),P03051,D30C (PDB: D30C),Escherichia coli,1ROP,D30C,Turn,97.15,7.0,69,0.8,-,-,Unknown,8548455.0,protein stability; four-helix bundle; Rop; turns;,"NAT STRUCT BIOL 3, 54-58 (1996) PMID: 8548455","Predki PF, Agrawal V, Brunger AT, Regan L",0.8,D,30,C,7.0,69.0,97.15,0,0,0,pdb,UP:P03051,UP:P03051:D30C,465,train
16762,Regulatory protein rop (RNA one modulator) (ROM),P03051,D30R (PDB: D30R),Escherichia coli,1ROP,D30R,Turn,97.15,7.0,69,0.8,-,-,Unknown,8548455.0,protein stability; four-helix bundle; Rop; turns;,"NAT STRUCT BIOL 3, 54-58 (1996) PMID: 8548455","Predki PF, Agrawal V, Brunger AT, Regan L",0.8,D,30,R,7.0,69.0,97.15,0,0,0,pdb,UP:P03051,UP:P03051:D30R,466,train
16763,Regulatory protein rop (RNA one modulator) (ROM),P03051,D30N (PDB: D30N),Escherichia coli,1ROP,D30N,Turn,97.15,7.0,69,0.8,-,-,Unknown,8548455.0,protein stability; four-helix bundle; Rop; turns;,"NAT STRUCT BIOL 3, 54-58 (1996) PMID: 8548455","Predki PF, Agrawal V, Brunger AT, Regan L",0.8,D,30,N,7.0,69.0,97.15,0,0,0,pdb,UP:P03051,UP:P03051:D30N,467,train
16764,Regulatory protein rop (RNA one modulator) (ROM),P03051,D30M (PDB: D30M),Escherichia coli,1ROP,D30M,Turn,97.15,7.0,69,0.6,-,-,Unknown,8548455.0,protein stability; four-helix bundle; Rop; turns;,"NAT STRUCT BIOL 3, 54-58 (1996) PMID: 8548455","Predki PF, Agrawal V, Brunger AT, Regan L",0.6,D,30,M,7.0,69.0,97.15,0,0,0,pdb,UP:P03051,UP:P03051:D30M,468,train
16765,Regulatory protein rop (RNA one modulator) (ROM),P03051,D30A (PDB: D30A),Escherichia coli,1ROP,D30A,Turn,97.15,7.0,69,0.3,-,-,Unknown,8548455.0,protein stability; four-helix bundle; Rop; turns;,"NAT STRUCT BIOL 3, 54-58 (1996) PMID: 8548455","Predki PF, Agrawal V, Brunger AT, Regan L",0.3,D,30,A,7.0,69.0,97.15,0,0,0,pdb,UP:P03051,UP:P03051:D30A,469,train
16766,Regulatory protein rop (RNA one modulator) (ROM),P03051,D30Y (PDB: D30Y),Escherichia coli,1ROP,D30Y,Turn,97.15,7.0,69,0.2,-,-,Unknown,8548455.0,protein stability; four-helix bundle; Rop; turns;,"NAT STRUCT BIOL 3, 54-58 (1996) PMID: 8548455","Predki PF, Agrawal V, Brunger AT, Regan L",0.2,D,30,Y,7.0,69.0,97.15,0,0,0,pdb,UP:P03051,UP:P03051:D30Y,470,train
16767,Regulatory protein rop (RNA one modulator) (ROM),P03051,D30L (PDB: D30L),Escherichia coli,1ROP,D30L,Turn,97.15,7.0,69,-0.1,-,-,Unknown,8548455.0,protein stability; four-helix bundle; Rop; turns;,"NAT STRUCT BIOL 3, 54-58 (1996) PMID: 8548455","Predki PF, Agrawal V, Brunger AT, Regan L",-0.1,D,30,L,7.0,69.0,97.15,0,0,0,pdb,UP:P03051,UP:P03051:D30L,471,train
16768,Regulatory protein rop (RNA one modulator) (ROM),P03051,D30F (PDB: D30F),Escherichia coli,1ROP,D30F,Turn,97.15,7.0,69,-0.1,-,-,Unknown,8548455.0,protein stability; four-helix bundle; Rop; turns;,"NAT STRUCT BIOL 3, 54-58 (1996) PMID: 8548455","Predki PF, Agrawal V, Brunger AT, Regan L",-0.1,D,30,F,7.0,69.0,97.15,0,0,0,pdb,UP:P03051,UP:P03051:D30F,472,train
16769,Regulatory protein rop (RNA one modulator) (ROM),P03051,D30T (PDB: D30T),Escherichia coli,1ROP,D30T,Turn,97.15,7.0,69,-0.4,-,-,Unknown,8548455.0,protein stability; four-helix bundle; Rop; turns;,"NAT STRUCT BIOL 3, 54-58 (1996) PMID: 8548455","Predki PF, Agrawal V, Brunger AT, Regan L",-0.4,D,30,T,7.0,69.0,97.15,0,0,0,pdb,UP:P03051,UP:P03051:D30T,473,train
16770,Regulatory protein rop (RNA one modulator) (ROM),P03051,D30V (PDB: D30V),Escherichia coli,1ROP,D30V,Turn,97.15,7.0,69,-0.4,-,-,Unknown,8548455.0,protein stability; four-helix bundle; Rop; turns;,"NAT STRUCT BIOL 3, 54-58 (1996) PMID: 8548455","Predki PF, Agrawal V, Brunger AT, Regan L",-0.4,D,30,V,7.0,69.0,97.15,0,0,0,pdb,UP:P03051,UP:P03051:D30V,474,train
16771,Regulatory protein rop (RNA one modulator) (ROM),P03051,D30W (PDB: D30W),Escherichia coli,1ROP,D30W,Turn,97.15,7.0,69,-0.4,-,-,Unknown,8548455.0,protein stability; four-helix bundle; Rop; turns;,"NAT STRUCT BIOL 3, 54-58 (1996) PMID: 8548455","Predki PF, Agrawal V, Brunger AT, Regan L",-0.4,D,30,W,7.0,69.0,97.15,0,0,0,pdb,UP:P03051,UP:P03051:D30W,475,train
16772,Regulatory protein rop (RNA one modulator) (ROM),P03051,D30I (PDB: D30I),Escherichia coli,1ROP,D30I,Turn,97.15,7.0,69,-0.8,-,-,Unknown,8548455.0,protein stability; four-helix bundle; Rop; turns;,"NAT STRUCT BIOL 3, 54-58 (1996) PMID: 8548455","Predki PF, Agrawal V, Brunger AT, Regan L",-0.8,D,30,I,7.0,69.0,97.15,0,0,0,pdb,UP:P03051,UP:P03051:D30I,476,train
16773,Regulatory protein rop (RNA one modulator) (ROM),P03051,D30P (PDB: D30P),Escherichia coli,1ROP,D30P,Turn,97.15,7.0,69,-1.6,-,-,Unknown,8548455.0,protein stability; four-helix bundle; Rop; turns;,"NAT STRUCT BIOL 3, 54-58 (1996) PMID: 8548455","Predki PF, Agrawal V, Brunger AT, Regan L",-1.6,D,30,P,7.0,69.0,97.15,0,0,0,pdb,UP:P03051,UP:P03051:D30P,477,train
16775,Lysozyme,P61626,P89G (PDB: P71G),Homo sapiens (Human),1LZ1,P71G,Turn,47.92,2.8,68.8,-1.6,-,-,yes,1643041.0,human lysozyme; proline; protein stability; accessibility;,"BIOCHEMISTRY 31, 7077-7085 (1992) PMID: 1643041","Herning T., Yutani K., Inaka K.,Kuroki R., Matsushima M. &",-1.6,P,89,G,2.8,68.8,47.92,0,0,0,pdb,UP:P61626,UP:P61626:P89G,478,train
16776,Lysozyme,P61626,P121G (PDB: P103G),Homo sapiens (Human),1LZ1,P103G,Turn,95.14,2.8,68.8,-0.1,-,-,yes,1643041.0,human lysozyme; proline; protein stability; accessibility;,"BIOCHEMISTRY 31, 7077-7085 (1992) PMID: 1643041","Herning T., Yutani K., Inaka K.,Kuroki R., Matsushima M. &",-0.1,P,121,G,2.8,68.8,95.14,0,0,0,pdb,UP:P61626,UP:P61626:P121G,479,train
16778,Lysozyme,P61626,D109P (PDB: D91P),Homo sapiens (Human),1LZ1,D91P,Helix,41.64,2.8,68.8,-0.4,-,-,yes,1643041.0,human lysozyme; proline; protein stability; accessibility;,"BIOCHEMISTRY 31, 7077-7085 (1992) PMID: 1643041","Herning T., Yutani K., Inaka K.,Kuroki R., Matsushima M. &",-0.4,D,109,P,2.8,68.8,41.64,0,0,0,pdb,UP:P61626,UP:P61626:D109P,480,train
16779,Lysozyme,P61626,A65P (PDB: A47P),Homo sapiens (Human),1LZ1,A47P,Coil,69.87,2.8,68.8,0.1,-,-,yes,1643041.0,human lysozyme; proline; protein stability; accessibility;,"BIOCHEMISTRY 31, 7077-7085 (1992) PMID: 1643041","Herning T., Yutani K., Inaka K.,Kuroki R., Matsushima M. &",0.1,A,65,P,2.8,68.8,69.87,0,0,0,pdb,UP:P61626,UP:P61626:A65P,481,train
16780,Lysozyme,P61626,V128P (PDB: V110P),Homo sapiens (Human),1LZ1,V110P,Helix,50.75,2.8,68.8,0.5,-,-,yes,1643041.0,human lysozyme; proline; protein stability; accessibility;,"BIOCHEMISTRY 31, 7077-7085 (1992) PMID: 1643041","Herning T., Yutani K., Inaka K.,Kuroki R., Matsushima M. &",0.5,V,128,P,2.8,68.8,50.75,0,0,0,pdb,UP:P61626,UP:P61626:V128P,482,train
16782,Cytochrome b5,P00171,V66E (PDB: V61E),Bos taurus (Bovine),1CYO,V61E,Turn,66.36,7.0,67.2,-1.1,-,-,Unknown,10508399.0,electronic spectra; protein structur; first-order rate constant;,"BIOCHEMISTRY 38, 11961-11972 (1999) PMID: 10508399","Xue LL, Wang YH, Xie Y, Yao P, Wang WH, Qian W, Huang ZX, Wu J,",-1.1,V,66,E,7.0,67.2,66.36,0,0,0,pdb,UP:P00171,UP:P00171:V66E,483,val
16783,Cytochrome b5,P00171,V66Y (PDB: V61Y),Bos taurus (Bovine),1CYO,V61Y,Turn,66.36,7.0,67.2,-1.29,-,-,Unknown,10508399.0,electronic spectra; protein structur; first-order rate constant;,"BIOCHEMISTRY 38, 11961-11972 (1999) PMID: 10508399","Xue LL, Wang YH, Xie Y, Yao P, Wang WH, Qian W, Huang ZX, Wu J,",-1.29,V,66,Y,7.0,67.2,66.36,0,0,0,pdb,UP:P00171,UP:P00171:V66Y,484,val
16784,Cytochrome b5,P00171,V66H (PDB: V61H),Bos taurus (Bovine),1CYO,V61H,Turn,66.36,7.0,67.2,-1.63,-,-,Unknown,10508399.0,electronic spectra; protein structur; first-order rate constant;,"BIOCHEMISTRY 38, 11961-11972 (1999) PMID: 10508399","Xue LL, Wang YH, Xie Y, Yao P, Wang WH, Qian W, Huang ZX, Wu J,",-1.63,V,66,H,7.0,67.2,66.36,0,0,0,pdb,UP:P00171,UP:P00171:V66H,485,val
16785,Cytochrome b5,P00171,V66K (PDB: V61K),Bos taurus (Bovine),1CYO,V61K,Turn,66.36,7.0,67.2,-2.34,-,-,Unknown,10508399.0,electronic spectra; protein structur; first-order rate constant;,"BIOCHEMISTRY 38, 11961-11972 (1999) PMID: 10508399","Xue LL, Wang YH, Xie Y, Yao P, Wang WH, Qian W, Huang ZX, Wu J,",-2.34,V,66,K,7.0,67.2,66.36,0,0,0,pdb,UP:P00171,UP:P00171:V66K,486,val
16786,Lysozyme,P00720,K16E (PDB: K16E),Enterobacteria phage T4 (Bacteriophage T4),2LZM,K16E,Sheet,58.34,5.3,66.7,0.5,-,-,yes,1942034.0,protein structure; electrostatics; lysozyme;,"J MOL BIOL 221, 873-887 (1991) PMID: 1942034","Dao-pin S., Soderlind E., Baase W.A., Wozniak J.A., Sauer U. &",0.5,K,16,E,5.3,66.7,58.34,0,0,0,pdb,UP:P00720,UP:P00720:K16E,487,train
16787,Lysozyme,P00720,R119E (PDB: R119E),Enterobacteria phage T4 (Bacteriophage T4),2LZM,R119E,Helix,49.78,5.3,66.7,-0.04,-,-,yes,1942034.0,protein structure; electrostatics; lysozyme;,"J MOL BIOL 221, 873-887 (1991) PMID: 1942034","Dao-pin S., Soderlind E., Baase W.A., Wozniak J.A., Sauer U. &",-0.04,R,119,E,5.3,66.7,49.78,0,0,0,pdb,UP:P00720,UP:P00720:R119E,488,train
16788,Lysozyme,P00720,K135E (PDB: K135E),Enterobacteria phage T4 (Bacteriophage T4),2LZM,K135E,Coil,72.44,5.3,66.7,-1,-,-,yes,1942034.0,protein structure; electrostatics; lysozyme;,"J MOL BIOL 221, 873-887 (1991) PMID: 1942034","Dao-pin S., Soderlind E., Baase W.A., Wozniak J.A., Sauer U. &",-1.0,K,135,E,5.3,66.7,72.44,0,0,0,pdb,UP:P00720,UP:P00720:K135E,489,train
16789,Lysozyme,P00720,K147E (PDB: K147E),Enterobacteria phage T4 (Bacteriophage T4),2LZM,K147E,Helix,39.86,5.3,66.7,-0.7,-,-,yes,1942034.0,protein structure; electrostatics; lysozyme;,"J MOL BIOL 221, 873-887 (1991) PMID: 1942034","Dao-pin S., Soderlind E., Baase W.A., Wozniak J.A., Sauer U. &",-0.7,K,147,E,5.3,66.7,39.86,0,0,0,pdb,UP:P00720,UP:P00720:K147E,490,train
16790,Lysozyme,P00720,R154E (PDB: R154E),Enterobacteria phage T4 (Bacteriophage T4),2LZM,R154E,Helix,34.93,5.3,66.7,-1.1,-,-,yes,1942034.0,protein structure; electrostatics; lysozyme;,"J MOL BIOL 221, 873-887 (1991) PMID: 1942034","Dao-pin S., Soderlind E., Baase W.A., Wozniak J.A., Sauer U. &",-1.1,R,154,E,5.3,66.7,34.93,0,0,0,pdb,UP:P00720,UP:P00720:R154E,491,train
16799,Lysozyme,P00720,T115E (PDB: T115E),Enterobacteria phage T4 (Bacteriophage T4),2LZM,T115E,Turn,63.45,5.5,66.7,0,-,-,yes,1854726.0,salt bridges; T4 lysozyme; electrostatic interactions;,"BIOCHEMISTRY 30, 7142-7153 (1991) PMID: 1854726","Dao-pin S., Sauer U., Nicholson H. & Matthews B.W.",0.0,T,115,E,5.5,66.7,63.45,0,0,0,pdb,UP:P00720,UP:P00720:T115E,492,train
16800,Lysozyme,P00720,Q123E (PDB: Q123E),Enterobacteria phage T4 (Bacteriophage T4),2LZM,Q123E,Helix,55.43,5.5,66.7,0.1,-,-,yes,1854726.0,salt bridges; T4 lysozyme; electrostatic interactions;,"BIOCHEMISTRY 30, 7142-7153 (1991) PMID: 1854726","Dao-pin S., Sauer U., Nicholson H. & Matthews B.W.",0.1,Q,123,E,5.5,66.7,55.43,0,0,0,pdb,UP:P00720,UP:P00720:Q123E,493,train
16801,Lysozyme,P00720,N144E (PDB: N144E),Enterobacteria phage T4 (Bacteriophage T4),2LZM,N144E,Helix,75.14,5.5,66.7,0.5,-,-,yes,1854726.0,salt bridges; T4 lysozyme; electrostatic interactions;,"BIOCHEMISTRY 30, 7142-7153 (1991) PMID: 1854726","Dao-pin S., Sauer U., Nicholson H. & Matthews B.W.",0.5,N,144,E,5.5,66.7,75.14,0,0,0,pdb,UP:P00720,UP:P00720:N144E,494,train
16803,Cytochrome b5,P00171,V50Y (PDB: V45Y),Bos taurus (Bovine),1CYO,V45Y,Helix,46.84,7.0,66.7,-1.53,-,-,Unknown,10631476.0,cytochrome b5; mutagenesis; redox potential; protein stability,"BIOPHYS CHEM 83, 3-17 (2000) PMID: 10631476","Wang ZQ, Wang YH, Wang WH, Xue LL, Wu XZ, Xie Y, Huang ZX",-1.53,V,50,Y,7.0,66.7,46.84,0,0,0,pdb,UP:P00171,UP:P00171:V50Y,495,val
16804,Cytochrome b5,P00171,V50H (PDB: V45H),Bos taurus (Bovine),1CYO,V45H,Helix,46.84,7.0,66.7,-1.34,-,-,Unknown,10631476.0,cytochrome b5; mutagenesis; redox potential; protein stability,"BIOPHYS CHEM 83, 3-17 (2000) PMID: 10631476","Wang ZQ, Wang YH, Wang WH, Xue LL, Wu XZ, Xie Y, Huang ZX",-1.34,V,50,H,7.0,66.7,46.84,0,0,0,pdb,UP:P00171,UP:P00171:V50H,496,val
16805,Cytochrome b5,P00171,V50E (PDB: V45E),Bos taurus (Bovine),1CYO,V45E,Helix,46.84,7.0,66.7,-2.68,-,-,Unknown,10631476.0,cytochrome b5; mutagenesis; redox potential; protein stability,"BIOPHYS CHEM 83, 3-17 (2000) PMID: 10631476","Wang ZQ, Wang YH, Wang WH, Xue LL, Wu XZ, Xie Y, Huang ZX",-2.68,V,50,E,7.0,66.7,46.84,0,0,0,pdb,UP:P00171,UP:P00171:V50E,497,val
16806,Lysozyme,P00720,S38D (PDB: S38D),Enterobacteria phage T4 (Bacteriophage T4),2LZM,S38D,Coil,46.08,5.4,66.51,0.6,-,-,Unknown,8771182.0,additivity; genetic engineering; lysozyme; thermostability;,"PROTEIN ENG 8, 1017-1022 (1995) PMID: 8771182","Zhang XJ, Baase WA, Shoichet BK, Wilson KP, Matthews BW",0.6,S,38,D,5.4,66.51,46.08,0,0,0,pdb,UP:P00720,UP:P00720:S38D,498,train
16807,Lysozyme,P00720,A82P (PDB: A82P),Enterobacteria phage T4 (Bacteriophage T4),2LZM,A82P,Helix,78.95,5.4,66.51,0.57,-,-,Unknown,8771182.0,additivity; genetic engineering; lysozyme; thermostability;,"PROTEIN ENG 8, 1017-1022 (1995) PMID: 8771182","Zhang XJ, Baase WA, Shoichet BK, Wilson KP, Matthews BW",0.57,A,82,P,5.4,66.51,78.95,0,0,0,pdb,UP:P00720,UP:P00720:A82P,499,train
16808,Lysozyme,P00720,N144D (PDB: N144D),Enterobacteria phage T4 (Bacteriophage T4),2LZM,N144D,Helix,75.14,5.4,66.51,0.41,-,-,Unknown,8771182.0,additivity; genetic engineering; lysozyme; thermostability;,"PROTEIN ENG 8, 1017-1022 (1995) PMID: 8771182","Zhang XJ, Baase WA, Shoichet BK, Wilson KP, Matthews BW",0.41,N,144,D,5.4,66.51,75.14,0,0,0,pdb,UP:P00720,UP:P00720:N144D,500,train
16809,Lysozyme,P00720,I3L (PDB: I3L),Enterobacteria phage T4 (Bacteriophage T4),2LZM,I3L,Helix,10.81,5.4,66.51,0.7,-,-,Unknown,8771182.0,additivity; genetic engineering; lysozyme; thermostability;,"PROTEIN ENG 8, 1017-1022 (1995) PMID: 8771182","Zhang XJ, Baase WA, Shoichet BK, Wilson KP, Matthews BW",0.7,I,3,L,5.4,66.51,10.81,0,0,0,pdb,UP:P00720,UP:P00720:I3L,501,train
16810,Lysozyme,P00720,V131A (PDB: V131A),Enterobacteria phage T4 (Bacteriophage T4),2LZM,V131A,Helix,58.56,5.4,66.51,0.39,-,-,Unknown,8771182.0,additivity; genetic engineering; lysozyme; thermostability;,"PROTEIN ENG 8, 1017-1022 (1995) PMID: 8771182","Zhang XJ, Baase WA, Shoichet BK, Wilson KP, Matthews BW",0.39,V,131,A,5.4,66.51,58.56,0,0,0,pdb,UP:P00720,UP:P00720:V131A,502,train
16811,Lysozyme,P00720,A41V (PDB: A41V),Enterobacteria phage T4 (Bacteriophage T4),2LZM,A41V,Helix,29.95,5.4,66.51,0.3,-,-,Unknown,8771182.0,additivity; genetic engineering; lysozyme; thermostability;,"PROTEIN ENG 8, 1017-1022 (1995) PMID: 8771182","Zhang XJ, Baase WA, Shoichet BK, Wilson KP, Matthews BW",0.3,A,41,V,5.4,66.51,29.95,0,0,0,pdb,UP:P00720,UP:P00720:A41V,503,train
16812,Lysozyme,P00720,N116D (PDB: N116D),Enterobacteria phage T4 (Bacteriophage T4),2LZM,N116D,Helix,60.11,5.4,66.51,0.6,-,-,Unknown,8771182.0,additivity; genetic engineering; lysozyme; thermostability;,"PROTEIN ENG 8, 1017-1022 (1995) PMID: 8771182","Zhang XJ, Baase WA, Shoichet BK, Wilson KP, Matthews BW",0.6,N,116,D,5.4,66.51,60.11,0,0,0,pdb,UP:P00720,UP:P00720:N116D,504,train
16820,Lysozyme,P00720,E11F (PDB: E11F),Enterobacteria phage T4 (Bacteriophage T4),2LZM,E11F,Sheet,20.61,5.4,66.48,1.7,-,-,yes,7831309.0,T4 lysozyme; protein stability; protein function;,"PROC NATL ACAD SCI U S A 92, 452-456 (1995) PMID: 7831309","Shoichet BK, Baase WA, Kuroki R, Matthews BW",1.7,E,11,F,5.4,66.48,20.61,0,0,0,pdb,UP:P00720,UP:P00720:E11F,505,train
16821,Lysozyme,P00720,E11M (PDB: E11M),Enterobacteria phage T4 (Bacteriophage T4),2LZM,E11M,Sheet,20.61,5.4,66.48,1.6,-,-,yes,7831309.0,T4 lysozyme; protein stability; protein function;,"PROC NATL ACAD SCI U S A 92, 452-456 (1995) PMID: 7831309","Shoichet BK, Baase WA, Kuroki R, Matthews BW",1.6,E,11,M,5.4,66.48,20.61,0,0,0,pdb,UP:P00720,UP:P00720:E11M,506,train
16822,Lysozyme,P00720,E11A (PDB: E11A),Enterobacteria phage T4 (Bacteriophage T4),2LZM,E11A,Sheet,20.61,5.4,66.48,1.1,-,-,yes,7831309.0,T4 lysozyme; protein stability; protein function;,"PROC NATL ACAD SCI U S A 92, 452-456 (1995) PMID: 7831309","Shoichet BK, Baase WA, Kuroki R, Matthews BW",1.1,E,11,A,5.4,66.48,20.61,0,0,0,pdb,UP:P00720,UP:P00720:E11A,507,train
16823,Lysozyme,P00720,G30A (PDB: G30A),Enterobacteria phage T4 (Bacteriophage T4),2LZM,G30A,Helix,20.33,5.4,66.48,0.1,-,-,yes,7831309.0,T4 lysozyme; protein stability; protein function;,"PROC NATL ACAD SCI U S A 92, 452-456 (1995) PMID: 7831309","Shoichet BK, Baase WA, Kuroki R, Matthews BW",0.1,G,30,A,5.4,66.48,20.33,0,0,0,pdb,UP:P00720,UP:P00720:G30A,508,train
16824,Lysozyme,P00720,G30F (PDB: G30F),Enterobacteria phage T4 (Bacteriophage T4),2LZM,G30F,Helix,20.33,5.4,66.48,-1.5,-,-,yes,7831309.0,T4 lysozyme; protein stability; protein function;,"PROC NATL ACAD SCI U S A 92, 452-456 (1995) PMID: 7831309","Shoichet BK, Baase WA, Kuroki R, Matthews BW",-1.5,G,30,F,5.4,66.48,20.33,0,0,0,pdb,UP:P00720,UP:P00720:G30F,509,train
16825,Lysozyme,P00720,S117V (PDB: S117V),Enterobacteria phage T4 (Bacteriophage T4),2LZM,S117V,Coil,0.0,5.4,66.48,2,-,-,yes,7831309.0,T4 lysozyme; protein stability; protein function;,"PROC NATL ACAD SCI U S A 92, 452-456 (1995) PMID: 7831309","Shoichet BK, Baase WA, Kuroki R, Matthews BW",2.0,S,117,V,5.4,66.48,0.0,0,0,0,pdb,UP:P00720,UP:P00720:S117V,510,train
16826,Lysozyme,P00720,S117I (PDB: S117I),Enterobacteria phage T4 (Bacteriophage T4),2LZM,S117I,Coil,0.0,5.4,66.48,1.7,-,-,yes,7831309.0,T4 lysozyme; protein stability; protein function;,"PROC NATL ACAD SCI U S A 92, 452-456 (1995) PMID: 7831309","Shoichet BK, Baase WA, Kuroki R, Matthews BW",1.7,S,117,I,5.4,66.48,0.0,0,0,0,pdb,UP:P00720,UP:P00720:S117I,511,train
16827,Lysozyme,P00720,S117F (PDB: S117F),Enterobacteria phage T4 (Bacteriophage T4),2LZM,S117F,Coil,0.0,5.4,66.48,1.1,-,-,yes,7831309.0,T4 lysozyme; protein stability; protein function;,"PROC NATL ACAD SCI U S A 92, 452-456 (1995) PMID: 7831309","Shoichet BK, Baase WA, Kuroki R, Matthews BW",1.1,S,117,F,5.4,66.48,0.0,0,0,0,pdb,UP:P00720,UP:P00720:S117F,512,train
16828,Lysozyme,P00720,N132M (PDB: N132M),Enterobacteria phage T4 (Bacteriophage T4),2LZM,N132M,Helix,30.74,5.4,66.48,1.5,-,-,yes,7831309.0,T4 lysozyme; protein stability; protein function;,"PROC NATL ACAD SCI U S A 92, 452-456 (1995) PMID: 7831309","Shoichet BK, Baase WA, Kuroki R, Matthews BW",1.5,N,132,M,5.4,66.48,30.74,0,0,0,pdb,UP:P00720,UP:P00720:N132M,513,train
16829,Lysozyme,P00720,N132F (PDB: N132F),Enterobacteria phage T4 (Bacteriophage T4),2LZM,N132F,Helix,30.74,5.4,66.48,1.3,-,-,yes,7831309.0,T4 lysozyme; protein stability; protein function;,"PROC NATL ACAD SCI U S A 92, 452-456 (1995) PMID: 7831309","Shoichet BK, Baase WA, Kuroki R, Matthews BW",1.3,N,132,F,5.4,66.48,30.74,0,0,0,pdb,UP:P00720,UP:P00720:N132F,514,train
16830,Lysozyme,P00720,N132I (PDB: N132I),Enterobacteria phage T4 (Bacteriophage T4),2LZM,N132I,Helix,30.74,5.4,66.48,1.2,-,-,yes,7831309.0,T4 lysozyme; protein stability; protein function;,"PROC NATL ACAD SCI U S A 92, 452-456 (1995) PMID: 7831309","Shoichet BK, Baase WA, Kuroki R, Matthews BW",1.2,N,132,I,5.4,66.48,30.74,0,0,0,pdb,UP:P00720,UP:P00720:N132I,515,train
16835,Lysozyme,P81708,V109K (PDB: V109K),Canis lupus familiaris (Dog) (Canis familiaris),1EL1,V109K,Helix,67.66,4.5,66.4,-0.43,-,-,yes,11809927.0,canine milk lysozyme; cooperativity; differential scanning calorimetry;,PROTEIN ENG 14 967-974 (2001) PMID: 11809927,"Koshiba T, Kobashigawa Y, Demura M, Nitta K",-0.43,V,109,K,4.5,66.4,67.66,0,0,0,pdb,UP:P81708,UP:P81708:V109K,516,val
16836,Lysozyme,P81708,H21G (PDB: H21G),Canis lupus familiaris (Dog) (Canis familiaris),1EL1,H21G,Helix,57.17,4.5,66.4,-0.48,-,-,yes,11809927.0,canine milk lysozyme; cooperativity; differential scanning calorimetry;,PROTEIN ENG 14 967-974 (2001) PMID: 11809927,"Koshiba T, Kobashigawa Y, Demura M, Nitta K",-0.48,H,21,G,4.5,66.4,57.17,0,0,0,pdb,UP:P81708,UP:P81708:H21G,517,val
16837,Lysozyme,P81708,I56L (PDB: I56L),Canis lupus familiaris (Dog) (Canis familiaris),1EL1,I56L,Helix,0.0,4.5,66.4,-0.24,-,-,yes,11809927.0,canine milk lysozyme; cooperativity; differential scanning calorimetry;,PROTEIN ENG 14 967-974 (2001) PMID: 11809927,"Koshiba T, Kobashigawa Y, Demura M, Nitta K",-0.24,I,56,L,4.5,66.4,0.0,0,0,0,pdb,UP:P81708,UP:P81708:I56L,518,val
16838,Lysozyme,P81708,A93S (PDB: A93S),Canis lupus familiaris (Dog) (Canis familiaris),1EL1,A93S,Helix,58.98,4.5,66.4,-0.26,-,-,yes,11809927.0,canine milk lysozyme; cooperativity; differential scanning calorimetry;,PROTEIN ENG 14 967-974 (2001) PMID: 11809927,"Koshiba T, Kobashigawa Y, Demura M, Nitta K",-0.26,A,93,S,4.5,66.4,58.98,0,0,0,pdb,UP:P81708,UP:P81708:A93S,519,val
16839,Lysozyme,P00720,Q105A (PDB: Q105A),Enterobacteria phage T4 (Bacteriophage T4),2LZM,Q105A,Helix,33.03,5.8,66.3,-0.6,-,-,yes,8460110.0,tryptophan; fluorescence; phosphorescence,"PROTEINS 15, 401-412 (1993) PMID: 8460110","Pjura P., McIntosh L.P., Wozniak J.A. & Matthews B.W.",-0.6,Q,105,A,5.8,66.3,33.03,0,0,0,pdb,UP:P00720,UP:P00720:Q105A,520,train
16840,Lysozyme,P00720,Q105E (PDB: Q105E),Enterobacteria phage T4 (Bacteriophage T4),2LZM,Q105E,Helix,33.03,5.8,66.3,-1.1,-,-,yes,8460110.0,tryptophan; fluorescence; phosphorescence,"PROTEINS 15, 401-412 (1993) PMID: 8460110","Pjura P., McIntosh L.P., Wozniak J.A. & Matthews B.W.",-1.1,Q,105,E,5.8,66.3,33.03,0,0,0,pdb,UP:P00720,UP:P00720:Q105E,521,train
16841,Lysozyme,P00720,Q105G (PDB: Q105G),Enterobacteria phage T4 (Bacteriophage T4),2LZM,Q105G,Helix,33.03,5.8,66.3,-1.5,-,-,yes,8460110.0,tryptophan; fluorescence; phosphorescence,"PROTEINS 15, 401-412 (1993) PMID: 8460110","Pjura P., McIntosh L.P., Wozniak J.A. & Matthews B.W.",-1.5,Q,105,G,5.8,66.3,33.03,0,0,0,pdb,UP:P00720,UP:P00720:Q105G,522,train
16842,Cytochrome b5,P00171,F40Y (PDB: F35Y),Bos taurus (Bovine),1CYO,F35Y,Helix,11.96,7.0,66.2,0.79,-,-,yes,9215576.0,cytochrome b5; phenylalanine; hydrophobic patch;,"PROTEIN ENG 10, 575-581 (1997) PMID: 9215576","Yao P, Xie Y, Wang YH, Sun YL, Huang ZX, Xiao GT, Wang SD",0.79,F,40,Y,7.0,66.2,11.96,0,0,0,pdb,UP:P00171,UP:P00171:F40Y,523,val
16843,Cytochrome b5,P00171,F40L (PDB: F35L),Bos taurus (Bovine),1CYO,F35L,Helix,11.96,7.0,66.2,-1.87,-,-,yes,9215576.0,cytochrome b5; phenylalanine; hydrophobic patch;,"PROTEIN ENG 10, 575-581 (1997) PMID: 9215576","Yao P, Xie Y, Wang YH, Sun YL, Huang ZX, Xiao GT, Wang SD",-1.87,F,40,L,7.0,66.2,11.96,0,0,0,pdb,UP:P00171,UP:P00171:F40L,524,val
16844,Cytochrome b5,P00171,F40H (PDB: F35H),Bos taurus (Bovine),1CYO,F35H,Helix,11.96,7.0,66.2,-2.82,-,-,yes,9215576.0,cytochrome b5; phenylalanine; hydrophobic patch;,"PROTEIN ENG 10, 575-581 (1997) PMID: 9215576","Yao P, Xie Y, Wang YH, Sun YL, Huang ZX, Xiao GT, Wang SD",-2.82,F,40,H,7.0,66.2,11.96,0,0,0,pdb,UP:P00171,UP:P00171:F40H,525,val
16845,Lysozyme,P00720,S38D (PDB: S38D),Enterobacteria phage T4 (Bacteriophage T4),2LZM,S38D,Coil,46.08,6.9,66.1,0.6,-,-,yes,1911773.0,T4 lysozyme; thermostability; alpha-helix dipole;,"BIOCHEMISTRY 30, 9816-9828 (1991) PMID: 1911773","Nicholson H., Anderson D.E., Dao-pin S. & Matthews B.W.",0.6,S,38,D,6.9,66.1,46.08,0,0,0,pdb,UP:P00720,UP:P00720:S38D,526,train
16846,Lysozyme,P00720,T115E (PDB: T115E),Enterobacteria phage T4 (Bacteriophage T4),2LZM,T115E,Turn,63.45,6.5,66.1,0.3,-,-,yes,1911773.0,T4 lysozyme; thermostability; alpha-helix dipole;,"BIOCHEMISTRY 30, 9816-9828 (1991) PMID: 1911773","Nicholson H., Anderson D.E., Dao-pin S. & Matthews B.W.",0.3,T,115,E,6.5,66.1,63.45,0,0,0,pdb,UP:P00720,UP:P00720:T115E,527,train
16847,Lysozyme,P00720,N116D (PDB: N116D),Enterobacteria phage T4 (Bacteriophage T4),2LZM,N116D,Helix,60.11,5.7,66.1,0.6,-,-,yes,1911773.0,T4 lysozyme; thermostability; alpha-helix dipole;,"BIOCHEMISTRY 30, 9816-9828 (1991) PMID: 1911773","Nicholson H., Anderson D.E., Dao-pin S. & Matthews B.W.",0.6,N,116,D,5.7,66.1,60.11,0,0,0,pdb,UP:P00720,UP:P00720:N116D,528,train
16848,Lysozyme,P00720,R119M (PDB: R119M),Enterobacteria phage T4 (Bacteriophage T4),2LZM,R119M,Helix,49.78,5.7,66.1,0.1,-,-,yes,1911773.0,T4 lysozyme; thermostability; alpha-helix dipole;,"BIOCHEMISTRY 30, 9816-9828 (1991) PMID: 1911773","Nicholson H., Anderson D.E., Dao-pin S. & Matthews B.W.",0.1,R,119,M,5.7,66.1,49.78,0,0,0,pdb,UP:P00720,UP:P00720:R119M,529,train
16849,Lysozyme,P00720,N144D (PDB: N144D),Enterobacteria phage T4 (Bacteriophage T4),2LZM,N144D,Helix,75.14,6.9,66.1,0.5,-,-,yes,1911773.0,T4 lysozyme; thermostability; alpha-helix dipole;,"BIOCHEMISTRY 30, 9816-9828 (1991) PMID: 1911773","Nicholson H., Anderson D.E., Dao-pin S. & Matthews B.W.",0.5,N,144,D,6.9,66.1,75.14,0,0,0,pdb,UP:P00720,UP:P00720:N144D,530,train
16851,Lysozyme,P00698,M30L (PDB: M12L),Gallus gallus (Chicken),4LYZ,M12L,Helix,1.5,2.7,66,-0.57,-,-,Unknown,11266617.0,cavity-filling mutation; lysozyme; stability; aromatic-aromatic interaction,PROTEIN SCI 10 313-320 (2001) PMID: 11266617,"Ohmura T, Ueda T, Ootsuka K, Saito M, Imoto T",-0.57,M,30,L,2.7,66.0,1.5,0,0,0,pdb,UP:P00698,UP:P00698:M30L,531,train
16852,Lysozyme,P00698,M30F (PDB: M12F),Gallus gallus (Chicken),4LYZ,M12F,Helix,1.5,2.7,66,0.28,-,-,Unknown,11266617.0,cavity-filling mutation; lysozyme; stability; aromatic-aromatic interaction,PROTEIN SCI 10 313-320 (2001) PMID: 11266617,"Ohmura T, Ueda T, Ootsuka K, Saito M, Imoto T",0.28,M,30,F,2.7,66.0,1.5,0,0,0,pdb,UP:P00698,UP:P00698:M30F,532,train
16855,Lysozyme,P00720,H31N (PDB: H31N),Enterobacteria phage T4 (Bacteriophage T4),2LZM,H31N,Helix,17.59,5.5,66,-4,-,-,yes,2337607.0,salt bridge; protonation state; acid groups;,"BIOCHEMISTRY 29, 2403-2408 (1990) PMID: 2337607","Anderson DE, Becktel WJ, Dahlquist FW",-4.0,H,31,N,5.5,66.0,17.59,0,0,0,pdb,UP:P00720,UP:P00720:H31N,533,train
16857,Lysozyme,P00720,A74P (PDB: A74P),Enterobacteria phage T4 (Bacteriophage T4),2LZM,A74P,Helix,8.17,5.5,65.7,-4.5,-,-,yes,1733941.0,T4 lysozyme; proline; alpha-helix; amino acid substitution;,"J BIOL CHEM 267, 2393-2399 (1992) PMID: 1733941","Sauer U.H., Dao-pin S. & Matthews B.W.",-4.5,A,74,P,5.5,65.7,8.17,0,0,0,pdb,UP:P00720,UP:P00720:A74P,534,train
16858,Lysozyme,P00698,G67A (PDB: G49A),Gallus gallus (Chicken),4LYZ,G49A,Helix,25.41,2.7,65.6,-1.89,-,-,yes,11112507.0,differential scanning calorimetry; hen lysozyme;,"PROTEIN ENG 13, 691-695 (2000) PMID: 11112507","Masumoto K, Ueda T, Motoshima H, Imoto T",-1.89,G,67,A,2.7,65.6,25.41,0,0,0,pdb,UP:P00698,UP:P00698:G67A,535,train
16859,Lysozyme,P00698,G67A (PDB: G67A),Gallus gallus (Chicken),4LYZ,G67A,Helix,90.22,2.7,65.6,-0.98,-,-,yes,11112507.0,differential scanning calorimetry; hen lysozyme;,"PROTEIN ENG 13, 691-695 (2000) PMID: 11112507","Masumoto K, Ueda T, Motoshima H, Imoto T",-0.98,G,67,A,2.7,65.6,90.22,0,0,0,pdb,UP:P00698,UP:P00698:G67A,536,train
16860,Lysozyme,P00698,G89A (PDB: G71A),Gallus gallus (Chicken),4LYZ,G71A,Helix,39.39,2.7,65.6,-0.38,-,-,yes,11112507.0,differential scanning calorimetry; hen lysozyme;,"PROTEIN ENG 13, 691-695 (2000) PMID: 11112507","Masumoto K, Ueda T, Motoshima H, Imoto T",-0.38,G,89,A,2.7,65.6,39.39,0,0,0,pdb,UP:P00698,UP:P00698:G89A,537,train
16861,Lysozyme,P00698,G120A (PDB: G102A),Gallus gallus (Chicken),4LYZ,G102A,Helix,74.97,2.7,65.6,0.02,-,-,yes,11112507.0,differential scanning calorimetry; hen lysozyme;,"PROTEIN ENG 13, 691-695 (2000) PMID: 11112507","Masumoto K, Ueda T, Motoshima H, Imoto T",0.02,G,120,A,2.7,65.6,74.97,0,0,0,pdb,UP:P00698,UP:P00698:G120A,538,train
16862,Lysozyme,P00698,G135A (PDB: G117A),Gallus gallus (Chicken),4LYZ,G117A,Helix,102.92,2.7,65.6,-1.46,-,-,yes,11112507.0,differential scanning calorimetry; hen lysozyme;,"PROTEIN ENG 13, 691-695 (2000) PMID: 11112507","Masumoto K, Ueda T, Motoshima H, Imoto T",-1.46,G,135,A,2.7,65.6,102.92,0,0,0,pdb,UP:P00698,UP:P00698:G135A,539,train
16869,Lysozyme,P00720,M6I (PDB: M6I),Enterobacteria phage T4 (Bacteriophage T4),2LZM,M6I,Helix,0.0,6.0,65.5,-1.38,-,-,Unknown,3689874.0,T4 lysozyme; protein stability; free energies of unfolding;,"BIOPOLYMERS 26, 1859-1877 (1987) PMID: 3689874","Becktel WJ, Schellman JA",-1.38,M,6,I,6.0,65.5,0.0,0,0,0,pdb,UP:P00720,UP:P00720:M6I,540,train
16870,Lysozyme,P00720,C54T (PDB: C54T),Enterobacteria phage T4 (Bacteriophage T4),2LZM,C54T,Turn,2.85,6.0,65.5,1.36,-,-,Unknown,3689874.0,T4 lysozyme; protein stability; free energies of unfolding;,"BIOPOLYMERS 26, 1859-1877 (1987) PMID: 3689874","Becktel WJ, Schellman JA",1.36,C,54,T,6.0,65.5,2.85,0,0,0,pdb,UP:P00720,UP:P00720:C54T,541,train
16871,Lysozyme,P00720,R96H (PDB: R96H),Enterobacteria phage T4 (Bacteriophage T4),2LZM,R96H,Helix,34.06,6.0,65.5,-2.82,-,-,Unknown,3689874.0,T4 lysozyme; protein stability; free energies of unfolding;,"BIOPOLYMERS 26, 1859-1877 (1987) PMID: 3689874","Becktel WJ, Schellman JA",-2.82,R,96,H,6.0,65.5,34.06,0,0,0,pdb,UP:P00720,UP:P00720:R96H,542,train
16872,Lysozyme,P00720,A160T (PDB: A160T),Enterobacteria phage T4 (Bacteriophage T4),2LZM,A160T,Turn,14.52,6.0,65.5,-1.65,-,-,Unknown,3689874.0,T4 lysozyme; protein stability; free energies of unfolding;,"BIOPOLYMERS 26, 1859-1877 (1987) PMID: 3689874","Becktel WJ, Schellman JA",-1.65,A,160,T,6.0,65.5,14.52,0,0,0,pdb,UP:P00720,UP:P00720:A160T,543,train
16874,Lysozyme,P00720,S90H (PDB: S90H),Enterobacteria phage T4 (Bacteriophage T4),2LZM,S90H,Coil,30.72,5.5,65.4,-1.1,-,-,yes,1854726.0,salt bridges; T4 lysozyme; electrostatic interactions;,"BIOCHEMISTRY 30, 7142-7153 (1991) PMID: 1854726","Dao-pin S., Sauer U., Nicholson H. & Matthews B.W.",-1.1,S,90,H,5.5,65.4,30.72,0,0,0,pdb,UP:P00720,UP:P00720:S90H,544,train
16876,Lysozyme,P00720,I78M (PDB: I78M),Enterobacteria phage T4 (Bacteriophage T4),2LZM,I78M,Helix,0.0,5.42,65.3,-1.5,-,-,Unknown,8901549.0,T4 lysozyme; protein folding; methionine substitutions;,"PROC NATL ACAD SCI U S A 93, 12155-12158 (1996) PMID: 8901549","Gassner NC, Baase WA, Matthews BW",-1.5,I,78,M,5.42,65.3,0.0,0,0,0,pdb,UP:P00720,UP:P00720:I78M,545,train
16877,Lysozyme,P00720,L84M (PDB: L84M),Enterobacteria phage T4 (Bacteriophage T4),2LZM,L84M,Helix,0.0,5.42,65.3,-1.9,-,-,Unknown,8901549.0,T4 lysozyme; protein folding; methionine substitutions;,"PROC NATL ACAD SCI U S A 93, 12155-12158 (1996) PMID: 8901549","Gassner NC, Baase WA, Matthews BW",-1.9,L,84,M,5.42,65.3,0.0,0,0,0,pdb,UP:P00720,UP:P00720:L84M,546,train
16878,Lysozyme,P00720,L91M (PDB: L91M),Enterobacteria phage T4 (Bacteriophage T4),2LZM,L91M,Coil,3.28,5.42,65.3,-0.8,-,-,Unknown,8901549.0,T4 lysozyme; protein folding; methionine substitutions;,"PROC NATL ACAD SCI U S A 93, 12155-12158 (1996) PMID: 8901549","Gassner NC, Baase WA, Matthews BW",-0.8,L,91,M,5.42,65.3,3.28,0,0,0,pdb,UP:P00720,UP:P00720:L91M,547,train
16879,Lysozyme,P00720,L99M (PDB: L99M),Enterobacteria phage T4 (Bacteriophage T4),2LZM,L99M,Helix,0.0,5.42,65.3,-0.4,-,-,Unknown,8901549.0,T4 lysozyme; protein folding; methionine substitutions;,"PROC NATL ACAD SCI U S A 93, 12155-12158 (1996) PMID: 8901549","Gassner NC, Baase WA, Matthews BW",-0.4,L,99,M,5.42,65.3,0.0,0,0,0,pdb,UP:P00720,UP:P00720:L99M,548,train
16880,Lysozyme,P00720,I100M (PDB: I100M),Enterobacteria phage T4 (Bacteriophage T4),2LZM,I100M,Helix,4.32,5.42,65.3,-1.6,-,-,Unknown,8901549.0,T4 lysozyme; protein folding; methionine substitutions;,"PROC NATL ACAD SCI U S A 93, 12155-12158 (1996) PMID: 8901549","Gassner NC, Baase WA, Matthews BW",-1.6,I,100,M,5.42,65.3,4.32,0,0,0,pdb,UP:P00720,UP:P00720:I100M,549,train
16881,Lysozyme,P00720,V103M (PDB: V103M),Enterobacteria phage T4 (Bacteriophage T4),2LZM,V103M,Helix,5.2,5.42,65.3,-1.2,-,-,Unknown,8901549.0,T4 lysozyme; protein folding; methionine substitutions;,"PROC NATL ACAD SCI U S A 93, 12155-12158 (1996) PMID: 8901549","Gassner NC, Baase WA, Matthews BW",-1.2,V,103,M,5.42,65.3,5.2,0,0,0,pdb,UP:P00720,UP:P00720:V103M,550,train
16882,Lysozyme,P00720,L118M (PDB: L118M),Enterobacteria phage T4 (Bacteriophage T4),2LZM,L118M,Helix,7.65,5.42,65.3,-0.7,-,-,Unknown,8901549.0,T4 lysozyme; protein folding; methionine substitutions;,"PROC NATL ACAD SCI U S A 93, 12155-12158 (1996) PMID: 8901549","Gassner NC, Baase WA, Matthews BW",-0.7,L,118,M,5.42,65.3,7.65,0,0,0,pdb,UP:P00720,UP:P00720:L118M,551,train
16883,Lysozyme,P00720,L121M (PDB: L121M),Enterobacteria phage T4 (Bacteriophage T4),2LZM,L121M,Helix,1.09,5.42,65.3,-0.8,-,-,Unknown,8901549.0,T4 lysozyme; protein folding; methionine substitutions;,"PROC NATL ACAD SCI U S A 93, 12155-12158 (1996) PMID: 8901549","Gassner NC, Baase WA, Matthews BW",-0.8,L,121,M,5.42,65.3,1.09,0,0,0,pdb,UP:P00720,UP:P00720:L121M,552,train
16884,Lysozyme,P00720,L133M (PDB: L133M),Enterobacteria phage T4 (Bacteriophage T4),2LZM,L133M,Helix,0.55,5.42,65.3,-0.4,-,-,Unknown,8901549.0,T4 lysozyme; protein folding; methionine substitutions;,"PROC NATL ACAD SCI U S A 93, 12155-12158 (1996) PMID: 8901549","Gassner NC, Baase WA, Matthews BW",-0.4,L,133,M,5.42,65.3,0.55,0,0,0,pdb,UP:P00720,UP:P00720:L133M,553,train
16885,Lysozyme,P00720,F153M (PDB: F153M),Enterobacteria phage T4 (Bacteriophage T4),2LZM,F153M,Helix,1.0,5.42,65.3,-0.6,-,-,Unknown,8901549.0,T4 lysozyme; protein folding; methionine substitutions;,"PROC NATL ACAD SCI U S A 93, 12155-12158 (1996) PMID: 8901549","Gassner NC, Baase WA, Matthews BW",-0.6,F,153,M,5.42,65.3,1.0,0,0,0,pdb,UP:P00720,UP:P00720:F153M,554,train
16886,Lysozyme,P00720,L121A (PDB: L121A),Enterobacteria phage T4 (Bacteriophage T4),2LZM,L121A,Helix,1.09,5.4,65.3,-2.3,-,-,yes,8676387.0,correlated mutations; hydrophobic core; packing mutants;,"J MOL BIOL 259, 542-559 (1996) PMID: 8676387","Baldwin E, Xu J, Hajiseyedjavadi O, Baase WA, Matthews BW",-2.3,L,121,A,5.4,65.3,1.09,0,0,0,pdb,UP:P00720,UP:P00720:L121A,555,train
16887,Lysozyme,P00720,A129L (PDB: A129L),Enterobacteria phage T4 (Bacteriophage T4),2LZM,A129L,Helix,0.0,5.4,65.3,-1.3,-,-,yes,8676387.0,correlated mutations; hydrophobic core; packing mutants;,"J MOL BIOL 259, 542-559 (1996) PMID: 8676387","Baldwin E, Xu J, Hajiseyedjavadi O, Baase WA, Matthews BW",-1.3,A,129,L,5.4,65.3,0.0,0,0,0,pdb,UP:P00720,UP:P00720:A129L,556,train
16888,Lysozyme,P00720,A129M (PDB: A129M),Enterobacteria phage T4 (Bacteriophage T4),2LZM,A129M,Helix,0.0,5.4,65.3,-1.9,-,-,yes,8676387.0,correlated mutations; hydrophobic core; packing mutants;,"J MOL BIOL 259, 542-559 (1996) PMID: 8676387","Baldwin E, Xu J, Hajiseyedjavadi O, Baase WA, Matthews BW",-1.9,A,129,M,5.4,65.3,0.0,0,0,0,pdb,UP:P00720,UP:P00720:A129M,557,train
16889,Lysozyme,P00720,F153A (PDB: F153A),Enterobacteria phage T4 (Bacteriophage T4),2LZM,F153A,Helix,1.0,5.4,65.3,-3.4,-,-,yes,8676387.0,correlated mutations; hydrophobic core; packing mutants;,"J MOL BIOL 259, 542-559 (1996) PMID: 8676387","Baldwin E, Xu J, Hajiseyedjavadi O, Baase WA, Matthews BW",-3.4,F,153,A,5.4,65.3,1.0,0,0,0,pdb,UP:P00720,UP:P00720:F153A,558,train
16893,Lysozyme,P00720,M102K (PDB: M102K),Enterobacteria phage T4 (Bacteriophage T4),2LZM,M102K,Helix,1.5,5.3,65.3,-6.9,-,-,yes,1747370.0,T4 lysozyme; alpha-helix; energetic; structural;,"BIOCHEMISTRY 30, 11521-11529 (1991) PMID: 1747370","Dao-pin S., Anderson D.E., Baase W.A., Dahlquist F.W. & Matthews B.W.",-6.9,M,102,K,5.3,65.3,1.5,0,0,0,pdb,UP:P00720,UP:P00720:M102K,559,train
16894,Lysozyme,P00720,M6A (PDB: M6A),Enterobacteria phage T4 (Bacteriophage T4),1L63,M6A,Helix,0.0,5.4,65.3,-1.6,-,2,Yes(80%),10545167.0,"methionine and alanine substitutions, bacteriophage T4, lysozyme","BIOCHEMISTRY 38, 14451-14460 (1999) PMID: 10545167","Gassner NC, Baase WA, Lindstrom JD, Lu J, Dahlquist FW, Matthews BW.",-1.6,M,6,A,5.4,65.3,0.0,0,0,0,pdb,UP:P00720,UP:P00720:M6A,560,train
16895,Lysozyme,P00720,L7A (PDB: L7A),Enterobacteria phage T4 (Bacteriophage T4),1L63,L7A,Helix,0.0,5.4,65.3,-2.3,-,2,Yes(80%),10545167.0,"methionine and alanine substitutions, bacteriophage T4, lysozyme","BIOCHEMISTRY 38, 14451-14460 (1999) PMID: 10545167","Gassner NC, Baase WA, Lindstrom JD, Lu J, Dahlquist FW, Matthews BW.",-2.3,L,7,A,5.4,65.3,0.0,0,0,0,pdb,UP:P00720,UP:P00720:L7A,561,train
16896,Lysozyme,P00720,I17A (PDB: I17A),Enterobacteria phage T4 (Bacteriophage T4),1L63,I17A,Helix,9.73,5.4,65.3,-2.3,-,2,Yes(80%),10545167.0,"methionine and alanine substitutions, bacteriophage T4, lysozyme","BIOCHEMISTRY 38, 14451-14460 (1999) PMID: 10545167","Gassner NC, Baase WA, Lindstrom JD, Lu J, Dahlquist FW, Matthews BW.",-2.3,I,17,A,5.4,65.3,9.73,0,0,0,pdb,UP:P00720,UP:P00720:I17A,562,train
16897,Lysozyme,P00720,L33A (PDB: L33A),Enterobacteria phage T4 (Bacteriophage T4),1L63,L33A,Sheet,7.65,5.4,65.3,-2.9,-,2,Yes(80%),10545167.0,"methionine and alanine substitutions, bacteriophage T4, lysozyme","BIOCHEMISTRY 38, 14451-14460 (1999) PMID: 10545167","Gassner NC, Baase WA, Lindstrom JD, Lu J, Dahlquist FW, Matthews BW.",-2.9,L,33,A,5.4,65.3,7.65,0,0,0,pdb,UP:P00720,UP:P00720:L33A,563,train
16898,Lysozyme,P00720,I50A (PDB: I50A),Enterobacteria phage T4 (Bacteriophage T4),1L63,I50A,Helix,20.0,5.4,65.3,-1.6,-,2,Yes(80%),10545167.0,"methionine and alanine substitutions, bacteriophage T4, lysozyme","BIOCHEMISTRY 38, 14451-14460 (1999) PMID: 10545167","Gassner NC, Baase WA, Lindstrom JD, Lu J, Dahlquist FW, Matthews BW.",-1.6,I,50,A,5.4,65.3,20.0,0,0,0,pdb,UP:P00720,UP:P00720:I50A,564,train
16899,Lysozyme,P00720,L66A (PDB: L66A),Enterobacteria phage T4 (Bacteriophage T4),1L63,L66A,Helix,1.64,5.4,65.3,-3.3,-,2,Yes(80%),10545167.0,"methionine and alanine substitutions, bacteriophage T4, lysozyme","BIOCHEMISTRY 38, 14451-14460 (1999) PMID: 10545167","Gassner NC, Baase WA, Lindstrom JD, Lu J, Dahlquist FW, Matthews BW.",-3.3,L,66,A,5.4,65.3,1.64,0,0,0,pdb,UP:P00720,UP:P00720:L66A,565,train
16900,Lysozyme,P00720,I78A (PDB: I78A),Enterobacteria phage T4 (Bacteriophage T4),1L63,I78A,Helix,0.0,5.4,65.3,-1.2,-,2,Yes(80%),10545167.0,"methionine and alanine substitutions, bacteriophage T4, lysozyme","BIOCHEMISTRY 38, 14451-14460 (1999) PMID: 10545167","Gassner NC, Baase WA, Lindstrom JD, Lu J, Dahlquist FW, Matthews BW.",-1.2,I,78,A,5.4,65.3,0.0,0,0,0,pdb,UP:P00720,UP:P00720:I78A,566,train
16901,Lysozyme,P00720,L84A (PDB: L84A),Enterobacteria phage T4 (Bacteriophage T4),1L63,L84A,Helix,0.0,5.4,65.3,-3.7,-,2,Yes(80%),10545167.0,"methionine and alanine substitutions, bacteriophage T4, lysozyme","BIOCHEMISTRY 38, 14451-14460 (1999) PMID: 10545167","Gassner NC, Baase WA, Lindstrom JD, Lu J, Dahlquist FW, Matthews BW.",-3.7,L,84,A,5.4,65.3,0.0,0,0,0,pdb,UP:P00720,UP:P00720:L84A,567,train
16902,Lysozyme,P00720,V87A (PDB: V87A),Enterobacteria phage T4 (Bacteriophage T4),1L63,V87A,Helix,1.95,5.4,65.3,-1.5,-,2,Yes(80%),10545167.0,"methionine and alanine substitutions, bacteriophage T4, lysozyme","BIOCHEMISTRY 38, 14451-14460 (1999) PMID: 10545167","Gassner NC, Baase WA, Lindstrom JD, Lu J, Dahlquist FW, Matthews BW.",-1.5,V,87,A,5.4,65.3,1.95,0,0,0,pdb,UP:P00720,UP:P00720:V87A,568,train
16903,Lysozyme,P00720,L91A (PDB: L91A),Enterobacteria phage T4 (Bacteriophage T4),1L63,L91A,Coil,3.28,5.4,65.3,-2.6,-,2,Yes(80%),10545167.0,"methionine and alanine substitutions, bacteriophage T4, lysozyme","BIOCHEMISTRY 38, 14451-14460 (1999) PMID: 10545167","Gassner NC, Baase WA, Lindstrom JD, Lu J, Dahlquist FW, Matthews BW.",-2.6,L,91,A,5.4,65.3,3.28,0,0,0,pdb,UP:P00720,UP:P00720:L91A,569,train
16904,Lysozyme,P00720,L99A (PDB: L99A),Enterobacteria phage T4 (Bacteriophage T4),1L63,L99A,Helix,0.0,5.4,65.3,-4.1,-,2,Yes(80%),10545167.0,"methionine and alanine substitutions, bacteriophage T4, lysozyme","BIOCHEMISTRY 38, 14451-14460 (1999) PMID: 10545167","Gassner NC, Baase WA, Lindstrom JD, Lu J, Dahlquist FW, Matthews BW.",-4.1,L,99,A,5.4,65.3,0.0,0,0,0,pdb,UP:P00720,UP:P00720:L99A,570,train
16905,Lysozyme,P00720,M102A (PDB: M102A),Enterobacteria phage T4 (Bacteriophage T4),1L63,M102A,Helix,1.5,5.4,65.3,-2.9,-,2,Yes(80%),10545167.0,"methionine and alanine substitutions, bacteriophage T4, lysozyme","BIOCHEMISTRY 38, 14451-14460 (1999) PMID: 10545167","Gassner NC, Baase WA, Lindstrom JD, Lu J, Dahlquist FW, Matthews BW.",-2.9,M,102,A,5.4,65.3,1.5,0,0,0,pdb,UP:P00720,UP:P00720:M102A,571,train
16906,Lysozyme,P00720,I100A (PDB: I100A),Enterobacteria phage T4 (Bacteriophage T4),1L63,I100A,Helix,4.32,5.4,65.3,-2.5,-,2,Yes(80%),10545167.0,"methionine and alanine substitutions, bacteriophage T4, lysozyme","BIOCHEMISTRY 38, 14451-14460 (1999) PMID: 10545167","Gassner NC, Baase WA, Lindstrom JD, Lu J, Dahlquist FW, Matthews BW.",-2.5,I,100,A,5.4,65.3,4.32,0,0,0,pdb,UP:P00720,UP:P00720:I100A,572,train
16908,Lysozyme,P00720,V103A (PDB: V103A),Enterobacteria phage T4 (Bacteriophage T4),1L63,V103A,Helix,5.86,5.4,65.3,-1.6,-,2,Yes(80%),10545167.0,"methionine and alanine substitutions, bacteriophage T4, lysozyme","BIOCHEMISTRY 38, 14451-14460 (1999) PMID: 10545167","Gassner NC, Baase WA, Lindstrom JD, Lu J, Dahlquist FW, Matthews BW.",-1.6,V,103,A,5.4,65.3,5.86,0,0,0,pdb,UP:P00720,UP:P00720:V103A,573,train
16909,Lysozyme,P00720,F104A (PDB: F104A),Enterobacteria phage T4 (Bacteriophage T4),1L63,F104A,Helix,16.94,5.4,65.3,-2.7,-,2,Yes(80%),10545167.0,"methionine and alanine substitutions, bacteriophage T4, lysozyme","BIOCHEMISTRY 38, 14451-14460 (1999) PMID: 10545167","Gassner NC, Baase WA, Lindstrom JD, Lu J, Dahlquist FW, Matthews BW.",-2.7,F,104,A,5.4,65.3,16.94,0,0,0,pdb,UP:P00720,UP:P00720:F104A,574,train
16910,Lysozyme,P00720,M106A (PDB: M106A),Enterobacteria phage T4 (Bacteriophage T4),1L63,M106A,Helix,25.99,5.4,65.3,-1.9,-,2,Yes(80%),10545167.0,"methionine and alanine substitutions, bacteriophage T4, lysozyme","BIOCHEMISTRY 38, 14451-14460 (1999) PMID: 10545167","Gassner NC, Baase WA, Lindstrom JD, Lu J, Dahlquist FW, Matthews BW.",-1.9,M,106,A,5.4,65.3,25.99,0,0,0,pdb,UP:P00720,UP:P00720:M106A,575,train
16911,Lysozyme,P00720,V111A (PDB: V111A),Enterobacteria phage T4 (Bacteriophage T4),1L63,V111A,Helix,0.0,5.4,65.3,-1,-,2,Yes(80%),10545167.0,"methionine and alanine substitutions, bacteriophage T4, lysozyme","BIOCHEMISTRY 38, 14451-14460 (1999) PMID: 10545167","Gassner NC, Baase WA, Lindstrom JD, Lu J, Dahlquist FW, Matthews BW.",-1.0,V,111,A,5.4,65.3,0.0,0,0,0,pdb,UP:P00720,UP:P00720:V111A,576,train
16912,Lysozyme,P00720,L118A (PDB: L118A),Enterobacteria phage T4 (Bacteriophage T4),1L63,L118A,Helix,7.1,5.4,65.3,-3.2,-,2,Yes(80%),10545167.0,"methionine and alanine substitutions, bacteriophage T4, lysozyme","BIOCHEMISTRY 38, 14451-14460 (1999) PMID: 10545167","Gassner NC, Baase WA, Lindstrom JD, Lu J, Dahlquist FW, Matthews BW.",-3.2,L,118,A,5.4,65.3,7.1,0,0,0,pdb,UP:P00720,UP:P00720:L118A,577,train
16913,Lysozyme,P00720,L121A (PDB: L121A),Enterobacteria phage T4 (Bacteriophage T4),1L63,L121A,Helix,1.09,5.4,65.3,-2.2,-,2,Yes(80%),10545167.0,"methionine and alanine substitutions, bacteriophage T4, lysozyme","BIOCHEMISTRY 38, 14451-14460 (1999) PMID: 10545167","Gassner NC, Baase WA, Lindstrom JD, Lu J, Dahlquist FW, Matthews BW.",-2.2,L,121,A,5.4,65.3,1.09,0,0,0,pdb,UP:P00720,UP:P00720:L121A,578,train
16914,Lysozyme,P00720,V149A (PDB: V149A),Enterobacteria phage T4 (Bacteriophage T4),1L63,V149A,Helix,0.0,5.4,65.3,-3.2,-,2,Yes(80%),10545167.0,"methionine and alanine substitutions, bacteriophage T4, lysozyme","BIOCHEMISTRY 38, 14451-14460 (1999) PMID: 10545167","Gassner NC, Baase WA, Lindstrom JD, Lu J, Dahlquist FW, Matthews BW.",-3.2,V,149,A,5.4,65.3,0.0,0,0,0,pdb,UP:P00720,UP:P00720:V149A,579,train
16915,Lysozyme,P00720,F153A (PDB: F153A),Enterobacteria phage T4 (Bacteriophage T4),1L63,F153A,Helix,1.0,5.4,65.3,-3.4,-,2,Yes(80%),10545167.0,"methionine and alanine substitutions, bacteriophage T4, lysozyme","BIOCHEMISTRY 38, 14451-14460 (1999) PMID: 10545167","Gassner NC, Baase WA, Lindstrom JD, Lu J, Dahlquist FW, Matthews BW.",-3.4,F,153,A,5.4,65.3,1.0,0,0,0,pdb,UP:P00720,UP:P00720:F153A,580,train
16916,Lysozyme,P00720,I17M (PDB: I17M),Enterobacteria phage T4 (Bacteriophage T4),1L63,I17M,Helix,9.73,5.4,65.3,-2.2,-,2,Yes(80%),10545167.0,"methionine and alanine substitutions, bacteriophage T4, lysozyme","BIOCHEMISTRY 38, 14451-14460 (1999) PMID: 10545167","Gassner NC, Baase WA, Lindstrom JD, Lu J, Dahlquist FW, Matthews BW.",-2.2,I,17,M,5.4,65.3,9.73,0,0,0,pdb,UP:P00720,UP:P00720:I17M,581,train
16917,Lysozyme,P00720,I27M (PDB: I27M),Enterobacteria phage T4 (Bacteriophage T4),1L63,I27M,Helix,0.0,5.4,65.3,-3.1,-,2,Yes(80%),10545167.0,"methionine and alanine substitutions, bacteriophage T4, lysozyme","BIOCHEMISTRY 38, 14451-14460 (1999) PMID: 10545167","Gassner NC, Baase WA, Lindstrom JD, Lu J, Dahlquist FW, Matthews BW.",-3.1,I,27,M,5.4,65.3,0.0,0,0,0,pdb,UP:P00720,UP:P00720:I27M,582,train
16919,Lysozyme,P00720,L33M (PDB: L33M),Enterobacteria phage T4 (Bacteriophage T4),1L63,L33M,Sheet,7.65,5.4,65.3,-2,-,2,Yes(80%),10545167.0,"methionine and alanine substitutions, bacteriophage T4, lysozyme","BIOCHEMISTRY 38, 14451-14460 (1999) PMID: 10545167","Gassner NC, Baase WA, Lindstrom JD, Lu J, Dahlquist FW, Matthews BW.",-2.0,L,33,M,5.4,65.3,7.65,0,0,0,pdb,UP:P00720,UP:P00720:L33M,583,train
16920,Lysozyme,P00720,I50M (PDB: I50M),Enterobacteria phage T4 (Bacteriophage T4),1L63,I50M,Helix,20.0,5.4,65.3,-0.4,-,2,Yes(80%),10545167.0,"methionine and alanine substitutions, bacteriophage T4, lysozyme","BIOCHEMISTRY 38, 14451-14460 (1999) PMID: 10545167","Gassner NC, Baase WA, Lindstrom JD, Lu J, Dahlquist FW, Matthews BW.",-0.4,I,50,M,5.4,65.3,20.0,0,0,0,pdb,UP:P00720,UP:P00720:I50M,584,train
16921,Lysozyme,P00720,L66M (PDB: L66M),Enterobacteria phage T4 (Bacteriophage T4),1L63,L66M,Helix,1.64,5.4,65.3,-1,-,2,Yes(80%),10545167.0,"methionine and alanine substitutions, bacteriophage T4, lysozyme","BIOCHEMISTRY 38, 14451-14460 (1999) PMID: 10545167","Gassner NC, Baase WA, Lindstrom JD, Lu J, Dahlquist FW, Matthews BW.",-1.0,L,66,M,5.4,65.3,1.64,0,0,0,pdb,UP:P00720,UP:P00720:L66M,585,train
16922,Lysozyme,P00720,V87M (PDB: V87M),Enterobacteria phage T4 (Bacteriophage T4),1L63,V87M,Helix,1.95,5.4,65.3,-2.3,-,2,Yes(80%),10545167.0,"methionine and alanine substitutions, bacteriophage T4, lysozyme","BIOCHEMISTRY 38, 14451-14460 (1999) PMID: 10545167","Gassner NC, Baase WA, Lindstrom JD, Lu J, Dahlquist FW, Matthews BW.",-2.3,V,87,M,5.4,65.3,1.95,0,0,0,pdb,UP:P00720,UP:P00720:V87M,586,train
16923,Lysozyme,P00720,I100M (PDB: I100M),Enterobacteria phage T4 (Bacteriophage T4),1L63,I100M,Helix,4.32,5.4,65.3,-1.6,-,2,Yes(80%),10545167.0,"methionine and alanine substitutions, bacteriophage T4, lysozyme","BIOCHEMISTRY 38, 14451-14460 (1999) PMID: 10545167","Gassner NC, Baase WA, Lindstrom JD, Lu J, Dahlquist FW, Matthews BW.",-1.6,I,100,M,5.4,65.3,4.32,0,0,0,pdb,UP:P00720,UP:P00720:I100M,587,train
16924,Lysozyme,P00720,F104M (PDB: F104M),Enterobacteria phage T4 (Bacteriophage T4),1L63,F104M,Helix,16.94,5.4,65.3,-0.4,-,2,Yes(80%),10545167.0,"methionine and alanine substitutions, bacteriophage T4, lysozyme","BIOCHEMISTRY 38, 14451-14460 (1999) PMID: 10545167","Gassner NC, Baase WA, Lindstrom JD, Lu J, Dahlquist FW, Matthews BW.",-0.4,F,104,M,5.4,65.3,16.94,0,0,0,pdb,UP:P00720,UP:P00720:F104M,588,train
16925,Lysozyme,P00720,V111M (PDB: V111M),Enterobacteria phage T4 (Bacteriophage T4),1L63,V111M,Helix,0.0,5.4,65.3,-0.7,-,2,Yes(80%),10545167.0,"methionine and alanine substitutions, bacteriophage T4, lysozyme","BIOCHEMISTRY 38, 14451-14460 (1999) PMID: 10545167","Gassner NC, Baase WA, Lindstrom JD, Lu J, Dahlquist FW, Matthews BW.",-0.7,V,111,M,5.4,65.3,0.0,0,0,0,pdb,UP:P00720,UP:P00720:V111M,589,train
16926,Lysozyme,P00720,A129M (PDB: A129M),Enterobacteria phage T4 (Bacteriophage T4),1L63,A129M,Helix,0.0,5.4,65.3,-1.9,-,2,Yes(80%),10545167.0,"methionine and alanine substitutions, bacteriophage T4, lysozyme","BIOCHEMISTRY 38, 14451-14460 (1999) PMID: 10545167","Gassner NC, Baase WA, Lindstrom JD, Lu J, Dahlquist FW, Matthews BW.",-1.9,A,129,M,5.4,65.3,0.0,0,0,0,pdb,UP:P00720,UP:P00720:A129M,590,train
16927,Lysozyme,P00720,V149M (PDB: V149M),Enterobacteria phage T4 (Bacteriophage T4),1L63,V149M,Helix,0.0,5.4,65.3,-2.8,-,2,Yes(80%),10545167.0,"methionine and alanine substitutions, bacteriophage T4, lysozyme","BIOCHEMISTRY 38, 14451-14460 (1999) PMID: 10545167","Gassner NC, Baase WA, Lindstrom JD, Lu J, Dahlquist FW, Matthews BW.",-2.8,V,149,M,5.4,65.3,0.0,0,0,0,pdb,UP:P00720,UP:P00720:V149M,591,train
16928,Lysozyme,P00720,E108V (PDB: E108V),Enterobacteria phage T4 (Bacteriophage T4),2LZM,E108V,Sheet,29.19,5.4,65.2,0.7,-,-,yes(>80%),10512706.0,mutagenesis; compensation; thermal factors; thermostability,"J MOL BIOL 292, 1111-1120 (1999) PMID: 10512706","Wray JW, Baase WA, Lindstrom JD, Weaver LH, Poteete AR,",0.7,E,108,V,5.4,65.2,29.19,0,0,0,pdb,UP:P00720,UP:P00720:E108V,592,train
16929,Lysozyme,P00720,L99A (PDB: L99A),Enterobacteria phage T4 (Bacteriophage T4),2LZM,L99A,Helix,0.0,5.4,65.2,-4,-,-,yes(>80%),10512706.0,mutagenesis; compensation; thermal factors; thermostability,"J MOL BIOL 292, 1111-1120 (1999) PMID: 10512706","Wray JW, Baase WA, Lindstrom JD, Weaver LH, Poteete AR,",-4.0,L,99,A,5.4,65.2,0.0,0,0,0,pdb,UP:P00720,UP:P00720:L99A,593,train
16931,Lysozyme,P00720,L99G (PDB: L99G),Enterobacteria phage T4 (Bacteriophage T4),2LZM,L99G,Helix,0.0,5.4,65.2,-6.3,-,-,yes(>80%),10512706.0,mutagenesis; compensation; thermal factors; thermostability,"J MOL BIOL 292, 1111-1120 (1999) PMID: 10512706","Wray JW, Baase WA, Lindstrom JD, Weaver LH, Poteete AR,",-6.3,L,99,G,5.4,65.2,0.0,0,0,0,pdb,UP:P00720,UP:P00720:L99G,594,train
16933,Lysozyme,P00720,R14K (PDB: R14K),Enterobacteria phage T4 (Bacteriophage T4),2LZM,R14K,Sheet,54.59,5.4,65.15,-0.03,-,-,Unknown,7507755.0,protein stability; screening;mutagenesis,"PROTEIN SCI 2, 2217-2225 (1993) PMID: 7507755","Pjura P., Matsumura M., Baase W.A. & Matthews B.W.",-0.03,R,14,K,5.4,65.15,54.59,0,0,0,pdb,UP:P00720,UP:P00720:R14K,595,train
16934,Lysozyme,P00720,E22K (PDB: E22K),Enterobacteria phage T4 (Bacteriophage T4),2LZM,E22K,Sheet,49.23,5.4,65.15,0.57,-,-,Unknown,7507755.0,protein stability; screening;mutagenesis,"PROTEIN SCI 2, 2217-2225 (1993) PMID: 7507755","Pjura P., Matsumura M., Baase W.A. & Matthews B.W.",0.57,E,22,K,5.4,65.15,49.23,0,0,0,pdb,UP:P00720,UP:P00720:E22K,596,train
16935,Lysozyme,P00720,T26S (PDB: T26S),Enterobacteria phage T4 (Bacteriophage T4),2LZM,T26S,Turn,2.88,5.4,65.15,0.57,-,-,Unknown,7507755.0,protein stability; screening;mutagenesis,"PROTEIN SCI 2, 2217-2225 (1993) PMID: 7507755","Pjura P., Matsumura M., Baase W.A. & Matthews B.W.",0.57,T,26,S,5.4,65.15,2.88,0,0,0,pdb,UP:P00720,UP:P00720:T26S,597,train
16936,Lysozyme,P00720,N40D (PDB: N40D),Enterobacteria phage T4 (Bacteriophage T4),2LZM,N40D,Helix,86.75,5.4,65.15,0.44,-,-,Unknown,7507755.0,protein stability; screening;mutagenesis,"PROTEIN SCI 2, 2217-2225 (1993) PMID: 7507755","Pjura P., Matsumura M., Baase W.A. & Matthews B.W.",0.44,N,40,D,5.4,65.15,86.75,0,0,0,pdb,UP:P00720,UP:P00720:N40D,598,train
16937,Lysozyme,P00720,A41D (PDB: A41D),Enterobacteria phage T4 (Bacteriophage T4),2LZM,A41D,Helix,29.95,5.4,65.15,0.29,-,-,Unknown,7507755.0,protein stability; screening;mutagenesis,"PROTEIN SCI 2, 2217-2225 (1993) PMID: 7507755","Pjura P., Matsumura M., Baase W.A. & Matthews B.W.",0.29,A,41,D,5.4,65.15,29.95,0,0,0,pdb,UP:P00720,UP:P00720:A41D,599,train
16938,Lysozyme,P00720,R80K (PDB: R80K),Enterobacteria phage T4 (Bacteriophage T4),2LZM,R80K,Helix,79.91,5.4,65.15,-0.17,-,-,Unknown,7507755.0,protein stability; screening;mutagenesis,"PROTEIN SCI 2, 2217-2225 (1993) PMID: 7507755","Pjura P., Matsumura M., Baase W.A. & Matthews B.W.",-0.17,R,80,K,5.4,65.15,79.91,0,0,0,pdb,UP:P00720,UP:P00720:R80K,600,train
16940,Lysozyme,P00720,A93T (PDB: A93T),Enterobacteria phage T4 (Bacteriophage T4),2LZM,A93T,Helix,66.24,5.4,65.15,0.06,-,-,Unknown,7507755.0,protein stability; screening;mutagenesis,"PROTEIN SCI 2, 2217-2225 (1993) PMID: 7507755","Pjura P., Matsumura M., Baase W.A. & Matthews B.W.",0.06,A,93,T,5.4,65.15,66.24,0,0,0,pdb,UP:P00720,UP:P00720:A93T,601,train
16941,Lysozyme,P00720,G113E (PDB: G113E),Enterobacteria phage T4 (Bacteriophage T4),2LZM,G113E,Helix,68.61,5.4,65.15,0.3,-,-,Unknown,7507755.0,protein stability; screening;mutagenesis,"PROTEIN SCI 2, 2217-2225 (1993) PMID: 7507755","Pjura P., Matsumura M., Baase W.A. & Matthews B.W.",0.3,G,113,E,5.4,65.15,68.61,0,0,0,pdb,UP:P00720,UP:P00720:G113E,602,train
16942,Lysozyme,P00720,R119H (PDB: R119H),Enterobacteria phage T4 (Bacteriophage T4),2LZM,R119H,Helix,49.78,5.4,65.15,-0.29,-,-,Unknown,7507755.0,protein stability; screening;mutagenesis,"PROTEIN SCI 2, 2217-2225 (1993) PMID: 7507755","Pjura P., Matsumura M., Baase W.A. & Matthews B.W.",-0.29,R,119,H,5.4,65.15,49.78,0,0,0,pdb,UP:P00720,UP:P00720:R119H,603,train
16943,Lysozyme,P00720,T151S (PDB: T151S),Enterobacteria phage T4 (Bacteriophage T4),2LZM,T151S,Turn,25.96,5.4,65.15,0.39,-,-,Unknown,7507755.0,protein stability; screening;mutagenesis,"PROTEIN SCI 2, 2217-2225 (1993) PMID: 7507755","Pjura P., Matsumura M., Baase W.A. & Matthews B.W.",0.39,T,151,S,5.4,65.15,25.96,0,0,0,pdb,UP:P00720,UP:P00720:T151S,604,train
16944,Lysozyme,P00720,F153L (PDB: F153L),Enterobacteria phage T4 (Bacteriophage T4),2LZM,F153L,Helix,1.0,5.4,65.15,0.35,-,-,Unknown,7507755.0,protein stability; screening;mutagenesis,"PROTEIN SCI 2, 2217-2225 (1993) PMID: 7507755","Pjura P., Matsumura M., Baase W.A. & Matthews B.W.",0.35,F,153,L,5.4,65.15,1.0,0,0,0,pdb,UP:P00720,UP:P00720:F153L,605,train
16945,Lysozyme,P00720,N163D (PDB: N163D),Enterobacteria phage T4 (Bacteriophage T4),2LZM,N163D,Coil,89.48,5.4,65.15,-0.21,-,-,Unknown,7507755.0,protein stability; screening;mutagenesis,"PROTEIN SCI 2, 2217-2225 (1993) PMID: 7507755","Pjura P., Matsumura M., Baase W.A. & Matthews B.W.",-0.21,N,163,D,5.4,65.15,89.48,0,0,0,pdb,UP:P00720,UP:P00720:N163D,606,train
16946,Lysozyme,P00720,E11H (PDB: E11H),Enterobacteria phage T4 (Bacteriophage T4),2LZM,E11H,Sheet,20.61,5.4,65.1,0.1,-,-,yes,7831309.0,T4 lysozyme; protein stability; protein function;,"PROC NATL ACAD SCI U S A 92, 452-456 (1995) PMID: 7831309","Shoichet BK, Baase WA, Kuroki R, Matthews BW",0.1,E,11,H,5.4,65.1,20.61,0,0,0,pdb,UP:P00720,UP:P00720:E11H,607,train
16947,Lysozyme,P00720,E11N (PDB: E11N),Enterobacteria phage T4 (Bacteriophage T4),2LZM,E11N,Sheet,20.61,5.4,65.1,-0.1,-,-,yes,7831309.0,T4 lysozyme; protein stability; protein function;,"PROC NATL ACAD SCI U S A 92, 452-456 (1995) PMID: 7831309","Shoichet BK, Baase WA, Kuroki R, Matthews BW",-0.1,E,11,N,5.4,65.1,20.61,0,0,0,pdb,UP:P00720,UP:P00720:E11N,608,train
16948,Lysozyme,P00720,D20N (PDB: D20N),Enterobacteria phage T4 (Bacteriophage T4),2LZM,D20N,Sheet,38.17,5.4,65.1,1.3,-,-,yes,7831309.0,T4 lysozyme; protein stability; protein function;,"PROC NATL ACAD SCI U S A 92, 452-456 (1995) PMID: 7831309","Shoichet BK, Baase WA, Kuroki R, Matthews BW",1.3,D,20,N,5.4,65.1,38.17,0,0,0,pdb,UP:P00720,UP:P00720:D20N,609,train
16949,Lysozyme,P00720,D20T (PDB: D20T),Enterobacteria phage T4 (Bacteriophage T4),2LZM,D20T,Sheet,38.17,5.4,65.1,0.9,-,-,yes,7831309.0,T4 lysozyme; protein stability; protein function;,"PROC NATL ACAD SCI U S A 92, 452-456 (1995) PMID: 7831309","Shoichet BK, Baase WA, Kuroki R, Matthews BW",0.9,D,20,T,5.4,65.1,38.17,0,0,0,pdb,UP:P00720,UP:P00720:D20T,610,train
16950,Lysozyme,P00720,D20S (PDB: D20S),Enterobacteria phage T4 (Bacteriophage T4),2LZM,D20S,Sheet,38.17,5.4,65.1,0.7,-,-,yes,7831309.0,T4 lysozyme; protein stability; protein function;,"PROC NATL ACAD SCI U S A 92, 452-456 (1995) PMID: 7831309","Shoichet BK, Baase WA, Kuroki R, Matthews BW",0.7,D,20,S,5.4,65.1,38.17,0,0,0,pdb,UP:P00720,UP:P00720:D20S,611,train
16951,Lysozyme,P00720,D20A (PDB: D20A),Enterobacteria phage T4 (Bacteriophage T4),2LZM,D20A,Sheet,38.17,5.4,65.1,-0.3,-,-,yes,7831309.0,T4 lysozyme; protein stability; protein function;,"PROC NATL ACAD SCI U S A 92, 452-456 (1995) PMID: 7831309","Shoichet BK, Baase WA, Kuroki R, Matthews BW",-0.3,D,20,A,5.4,65.1,38.17,0,0,0,pdb,UP:P00720,UP:P00720:D20A,612,train
16954,Lysozyme,P00720,S117F (PDB: S117F),Enterobacteria phage T4 (Bacteriophage T4),2LZM,S117F,Coil,0.0,5.4,65.09,1.1,-,-,yes,8401213.0,core plasticity; hydrophobic effect; lysozyme activity;,"PROTEIN SCI 2, 1285-1290 (1993) PMID: 8401213","Anderson D.E., Hurley J.H., Nicholson H., Baase W.A. & Matthews B.W.",1.1,S,117,F,5.4,65.09,0.0,0,0,0,pdb,UP:P00720,UP:P00720:S117F,613,train
16955,Lysozyme,P61626,E25Q (PDB: E7Q),Homo sapiens (Human),1LZ1,E7Q,Sheet,32.63,4.0,65,-1.43,-,-,yes,11015217.0,salt bridges; conformational stability; thermodynamic parameters;,"BIOCHEMISTRY 39, 12375-12381 (2000) PMID: 11015217","Takano K, Tsuchimori K, Yamagata Y, Yutani K",-1.43,E,25,Q,4.0,65.0,32.63,0,0,0,pdb,UP:P61626,UP:P61626:E25Q,614,train
16956,Lysozyme,P61626,D36N (PDB: D18N),Homo sapiens (Human),1LZ1,D18N,Turn,53.44,4.0,65,-1.7,-,-,yes,11015217.0,salt bridges; conformational stability; thermodynamic parameters;,"BIOCHEMISTRY 39, 12375-12381 (2000) PMID: 11015217","Takano K, Tsuchimori K, Yamagata Y, Yutani K",-1.7,D,36,N,4.0,65.0,53.44,0,0,0,pdb,UP:P61626,UP:P61626:D36N,615,train
16957,Lysozyme,P61626,D67N (PDB: D49N),Homo sapiens (Human),1LZ1,D49N,Turn,47.19,4.0,65,-1,-,-,yes,11015217.0,salt bridges; conformational stability; thermodynamic parameters;,"BIOCHEMISTRY 39, 12375-12381 (2000) PMID: 11015217","Takano K, Tsuchimori K, Yamagata Y, Yutani K",-1.0,D,67,N,4.0,65.0,47.19,0,0,0,pdb,UP:P61626,UP:P61626:D67N,616,train
16958,Lysozyme,P61626,D67N (PDB: D67N),Homo sapiens (Human),1LZ1,D67N,Coil,22.9,4.0,65,-2.25,-,-,yes,11015217.0,salt bridges; conformational stability; thermodynamic parameters;,"BIOCHEMISTRY 39, 12375-12381 (2000) PMID: 11015217","Takano K, Tsuchimori K, Yamagata Y, Yutani K",-2.25,D,67,N,4.0,65.0,22.9,0,0,0,pdb,UP:P61626,UP:P61626:D67N,617,train
16959,Lysozyme,P61626,D120N (PDB: D102N),Homo sapiens (Human),1LZ1,D102N,Turn,43.03,4.0,65,-0.67,-,-,yes,11015217.0,salt bridges; conformational stability; thermodynamic parameters;,"BIOCHEMISTRY 39, 12375-12381 (2000) PMID: 11015217","Takano K, Tsuchimori K, Yamagata Y, Yutani K",-0.67,D,120,N,4.0,65.0,43.03,0,0,0,pdb,UP:P61626,UP:P61626:D120N,618,train
16960,Lysozyme,P61626,D120N (PDB: D120N),Homo sapiens (Human),1LZ1,D120N,Coil,70.09,4.0,65,-0.67,-,-,yes,11015217.0,salt bridges; conformational stability; thermodynamic parameters;,"BIOCHEMISTRY 39, 12375-12381 (2000) PMID: 11015217","Takano K, Tsuchimori K, Yamagata Y, Yutani K",-0.67,D,120,N,4.0,65.0,70.09,0,0,0,pdb,UP:P61626,UP:P61626:D120N,619,train
16961,Lysozyme,P61626,E25Q (PDB: E7Q),Homo sapiens (Human),1LZ1,E7Q,Sheet,32.63,4.5,65,-1.29,-,-,yes,11015217.0,salt bridges; conformational stability; thermodynamic parameters;,"BIOCHEMISTRY 39, 12375-12381 (2000) PMID: 11015217","Takano K, Tsuchimori K, Yamagata Y, Yutani K",-1.29,E,25,Q,4.5,65.0,32.63,0,0,0,pdb,UP:P61626,UP:P61626:E25Q,620,train
16962,Lysozyme,P61626,D67N (PDB: D67N),Homo sapiens (Human),1LZ1,D67N,Coil,22.9,4.5,65,-1.7,-,-,yes,11015217.0,salt bridges; conformational stability; thermodynamic parameters;,"BIOCHEMISTRY 39, 12375-12381 (2000) PMID: 11015217","Takano K, Tsuchimori K, Yamagata Y, Yutani K",-1.7,D,67,N,4.5,65.0,22.9,0,0,0,pdb,UP:P61626,UP:P61626:D67N,621,train
16963,Lysozyme,P61626,D120N (PDB: D102N),Homo sapiens (Human),1LZ1,D102N,Turn,43.03,4.5,65,0.07,-,-,yes,11015217.0,salt bridges; conformational stability; thermodynamic parameters;,"BIOCHEMISTRY 39, 12375-12381 (2000) PMID: 11015217","Takano K, Tsuchimori K, Yamagata Y, Yutani K",0.07,D,120,N,4.5,65.0,43.03,0,0,0,pdb,UP:P61626,UP:P61626:D120N,622,train
16964,Lysozyme,P61626,D120N (PDB: D120N),Homo sapiens (Human),1LZ1,D120N,Coil,70.09,4.5,65,0.05,-,-,yes,11015217.0,salt bridges; conformational stability; thermodynamic parameters;,"BIOCHEMISTRY 39, 12375-12381 (2000) PMID: 11015217","Takano K, Tsuchimori K, Yamagata Y, Yutani K",0.05,D,120,N,4.5,65.0,70.09,0,0,0,pdb,UP:P61626,UP:P61626:D120N,623,train
16971,Ubiquitin,P39940,E34L (PDB),Saccharomyces cerevisiae (strain ATCC 204508 / S288c) (Baker's yeast),1OTR,E34L,Sheet,51.52,3.0,65,1.36,-,-,yes(>90%),12215419.0,helix termination; C-capping motifs; statistical analysis; hydrophobic interactions; differential scanning calorimetry,"J MOL BIOL 322, 123-135 (2002) PMID: 12215419","Ermolenko DN, Thomas ST, Aurora R, Gronenborn AM, Makhatadze GI.",1.36,E,34,L,3.0,65.0,51.52,0,0,0,pdb,UP:P39940,UP:P39940:E34L,624,val
16972,Ubiquitin,P39940,E34T (PDB),Saccharomyces cerevisiae (strain ATCC 204508 / S288c) (Baker's yeast),1OTR,E34T,Sheet,51.52,3.0,65,1.51,-,-,yes(>90%),12215419.0,helix termination; C-capping motifs; statistical analysis; hydrophobic interactions; differential scanning calorimetry,"J MOL BIOL 322, 123-135 (2002) PMID: 12215419","Ermolenko DN, Thomas ST, Aurora R, Gronenborn AM, Makhatadze GI.",1.51,E,34,T,3.0,65.0,51.52,0,0,0,pdb,UP:P39940,UP:P39940:E34T,625,val
16973,Ubiquitin,P39940,E34I (PDB),Saccharomyces cerevisiae (strain ATCC 204508 / S288c) (Baker's yeast),1OTR,E34I,Sheet,51.52,3.0,65,1.65,-,-,yes(>90%),12215419.0,helix termination; C-capping motifs; statistical analysis; hydrophobic interactions; differential scanning calorimetry,"J MOL BIOL 322, 123-135 (2002) PMID: 12215419","Ermolenko DN, Thomas ST, Aurora R, Gronenborn AM, Makhatadze GI.",1.65,E,34,I,3.0,65.0,51.52,0,0,0,pdb,UP:P39940,UP:P39940:E34I,626,val
16974,Ubiquitin,P39940,E34W (PDB),Saccharomyces cerevisiae (strain ATCC 204508 / S288c) (Baker's yeast),1OTR,E34W,Sheet,51.52,3.0,65,1.31,-,-,yes(>90%),12215419.0,helix termination; C-capping motifs; statistical analysis; hydrophobic interactions; differential scanning calorimetry,"J MOL BIOL 322, 123-135 (2002) PMID: 12215419","Ermolenko DN, Thomas ST, Aurora R, Gronenborn AM, Makhatadze GI.",1.31,E,34,W,3.0,65.0,51.52,0,0,0,pdb,UP:P39940,UP:P39940:E34W,627,val
16975,Ubiquitin,P39940,E34C (PDB),Saccharomyces cerevisiae (strain ATCC 204508 / S288c) (Baker's yeast),1OTR,E34C,Sheet,51.52,3.0,65,0.91,-,-,yes(>90%),12215419.0,helix termination; C-capping motifs; statistical analysis; hydrophobic interactions; differential scanning calorimetry,"J MOL BIOL 322, 123-135 (2002) PMID: 12215419","Ermolenko DN, Thomas ST, Aurora R, Gronenborn AM, Makhatadze GI.",0.91,E,34,C,3.0,65.0,51.52,0,0,0,pdb,UP:P39940,UP:P39940:E34C,628,val
16976,Ubiquitin,P39940,E34V (PDB),Saccharomyces cerevisiae (strain ATCC 204508 / S288c) (Baker's yeast),1OTR,E34V,Sheet,51.52,3.0,65,0.86,-,-,yes(>90%),12215419.0,helix termination; C-capping motifs; statistical analysis; hydrophobic interactions; differential scanning calorimetry,"J MOL BIOL 322, 123-135 (2002) PMID: 12215419","Ermolenko DN, Thomas ST, Aurora R, Gronenborn AM, Makhatadze GI.",0.86,E,34,V,3.0,65.0,51.52,0,0,0,pdb,UP:P39940,UP:P39940:E34V,629,val
16986,Lysozyme,P61626,L26T (PDB: L8T),Homo sapiens (Human),1LZ1,L8T,Helix,0.0,2.7,64.9,-3.73,-,-,yes,11294653.0,buried polar groups; conformational stability; low-energy penalty;,BIOCHEMISTRY 40 4853-4858 (2001) PMID: 11294653,"Takano K, Yamagata Y, Yutani K",-3.73,L,26,T,2.7,64.9,0.0,0,0,0,pdb,UP:P61626,UP:P61626:L26T,630,train
16987,Lysozyme,P61626,A27S (PDB: A9S),Homo sapiens (Human),1LZ1,A9S,Helix,0.0,2.7,64.9,-0.02,-,-,yes,11294653.0,buried polar groups; conformational stability; low-energy penalty;,BIOCHEMISTRY 40 4853-4858 (2001) PMID: 11294653,"Takano K, Yamagata Y, Yutani K",-0.02,A,27,S,2.7,64.9,0.0,0,0,0,pdb,UP:P61626,UP:P61626:A27S,631,train
16988,Lysozyme,P61626,A50S (PDB: A32S),Homo sapiens (Human),1LZ1,A32S,Helix,0.0,2.7,64.9,-0.33,-,-,yes,11294653.0,buried polar groups; conformational stability; low-energy penalty;,BIOCHEMISTRY 40 4853-4858 (2001) PMID: 11294653,"Takano K, Yamagata Y, Yutani K",-0.33,A,50,S,2.7,64.9,0.0,0,0,0,pdb,UP:P61626,UP:P61626:A50S,632,train
16989,Lysozyme,P61626,A110S (PDB: A92S),Homo sapiens (Human),1LZ1,A92S,Helix,4.54,2.7,64.9,0.81,-,-,yes,11294653.0,buried polar groups; conformational stability; low-energy penalty;,BIOCHEMISTRY 40 4853-4858 (2001) PMID: 11294653,"Takano K, Yamagata Y, Yutani K",0.81,A,110,S,2.7,64.9,4.54,0,0,0,pdb,UP:P61626,UP:P61626:A110S,633,train
16990,Lysozyme,P61626,V111T (PDB: V93T),Homo sapiens (Human),1LZ1,V93T,Helix,1.95,2.7,64.9,-0.67,-,-,yes,11294653.0,buried polar groups; conformational stability; low-energy penalty;,BIOCHEMISTRY 40 4853-4858 (2001) PMID: 11294653,"Takano K, Yamagata Y, Yutani K",-0.67,V,111,T,2.7,64.9,1.95,0,0,0,pdb,UP:P61626,UP:P61626:V111T,634,train
16991,Lysozyme,P61626,A114S (PDB: A96S),Homo sapiens (Human),1LZ1,A96S,Helix,0.0,2.7,64.9,-1,-,-,yes,11294653.0,buried polar groups; conformational stability; low-energy penalty;,BIOCHEMISTRY 40 4853-4858 (2001) PMID: 11294653,"Takano K, Yamagata Y, Yutani K",-1.0,A,114,S,2.7,64.9,0.0,0,0,0,pdb,UP:P61626,UP:P61626:A114S,635,train
16992,Lysozyme,P61626,V117T (PDB: V99T),Homo sapiens (Human),1LZ1,V99T,Helix,2.6,2.7,64.9,-0.5,-,-,yes,11294653.0,buried polar groups; conformational stability; low-energy penalty;,BIOCHEMISTRY 40 4853-4858 (2001) PMID: 11294653,"Takano K, Yamagata Y, Yutani K",-0.5,V,117,T,2.7,64.9,2.6,0,0,0,pdb,UP:P61626,UP:P61626:V117T,636,train
16993,Lysozyme,P61626,V118T (PDB: V100T),Homo sapiens (Human),1LZ1,V100T,Coil,0.65,2.7,64.9,-0.29,-,-,yes,11294653.0,buried polar groups; conformational stability; low-energy penalty;,BIOCHEMISTRY 40 4853-4858 (2001) PMID: 11294653,"Takano K, Yamagata Y, Yutani K",-0.29,V,118,T,2.7,64.9,0.65,0,0,0,pdb,UP:P61626,UP:P61626:V118T,637,train
16994,Lysozyme,P61626,R39A (PDB: R21A),Homo sapiens (Human),1LZ1,R21A,Turn,69.87,2.7,64.9,1.31,-,-,yes,11455596.0,differential scanning calorimetry; X-ray crystallography;,PROTEINS 44 233-243 (2001) PMID: 11455596,"Takano K, Yamagata Y, Yutani K",1.31,R,39,A,2.7,64.9,69.87,0,0,0,pdb,UP:P61626,UP:P61626:R39A,638,train
16995,Lysozyme,P61626,R39G (PDB: R21G),Homo sapiens (Human),1LZ1,R21G,Turn,69.87,2.7,64.9,1.15,-,-,yes,11455596.0,differential scanning calorimetry; X-ray crystallography;,PROTEINS 44 233-243 (2001) PMID: 11455596,"Takano K, Yamagata Y, Yutani K",1.15,R,39,G,2.7,64.9,69.87,0,0,0,pdb,UP:P61626,UP:P61626:R39G,639,train
16996,Lysozyme,P61626,Y38A (PDB: Y38A),Homo sapiens (Human),1LZ1,Y38A,Sheet,9.83,2.7,64.9,-2.49,-,-,yes,11455596.0,differential scanning calorimetry; X-ray crystallography;,PROTEINS 44 233-243 (2001) PMID: 11455596,"Takano K, Yamagata Y, Yutani K",-2.49,Y,38,A,2.7,64.9,9.83,0,0,0,pdb,UP:P61626,UP:P61626:Y38A,640,train
16997,Lysozyme,P61626,Y38G (PDB: Y38G),Homo sapiens (Human),1LZ1,Y38G,Sheet,9.83,2.7,64.9,-2.32,-,-,yes,11455596.0,differential scanning calorimetry; X-ray crystallography;,PROTEINS 44 233-243 (2001) PMID: 11455596,"Takano K, Yamagata Y, Yutani K",-2.32,Y,38,G,2.7,64.9,9.83,0,0,0,pdb,UP:P61626,UP:P61626:Y38G,641,train
16998,Lysozyme,P61626,R68A (PDB: R50A),Homo sapiens (Human),1LZ1,R50A,Coil,67.69,2.7,64.9,0.43,-,-,yes,11455596.0,differential scanning calorimetry; X-ray crystallography;,PROTEINS 44 233-243 (2001) PMID: 11455596,"Takano K, Yamagata Y, Yutani K",0.43,R,68,A,2.7,64.9,67.69,0,0,0,pdb,UP:P61626,UP:P61626:R68A,642,train
16999,Lysozyme,P61626,Q76A (PDB: Q58A),Homo sapiens (Human),1LZ1,Q58A,Turn,4.48,2.7,64.9,0.91,-,-,yes,11455596.0,differential scanning calorimetry; X-ray crystallography;,PROTEINS 44 233-243 (2001) PMID: 11455596,"Takano K, Yamagata Y, Yutani K",0.91,Q,76,A,2.7,64.9,4.48,0,0,0,pdb,UP:P61626,UP:P61626:Q76A,643,train
17000,Lysozyme,P61626,H96A (PDB: H78A),Homo sapiens (Human),1LZ1,H78A,Helix,87.96,2.7,64.9,-0.14,-,-,yes,11455596.0,differential scanning calorimetry; X-ray crystallography;,PROTEINS 44 233-243 (2001) PMID: 11455596,"Takano K, Yamagata Y, Yutani K",-0.14,H,96,A,2.7,64.9,87.96,0,0,0,pdb,UP:P61626,UP:P61626:H96A,644,train
17001,Lysozyme,P61626,N136A (PDB: N118A),Homo sapiens (Human),1LZ1,N118A,Turn,112.02,2.7,64.9,0.19,-,-,yes,11455596.0,differential scanning calorimetry; X-ray crystallography;,PROTEINS 44 233-243 (2001) PMID: 11455596,"Takano K, Yamagata Y, Yutani K",0.19,N,136,A,2.7,64.9,112.02,0,0,0,pdb,UP:P61626,UP:P61626:N136A,645,train
17002,Lysozyme,P61626,N136G (PDB: N118G),Homo sapiens (Human),1LZ1,N118G,Turn,112.02,2.7,64.9,0.05,-,-,yes,11455596.0,differential scanning calorimetry; X-ray crystallography;,PROTEINS 44 233-243 (2001) PMID: 11455596,"Takano K, Yamagata Y, Yutani K",0.05,N,136,G,2.7,64.9,112.02,0,0,0,pdb,UP:P61626,UP:P61626:N136G,646,train
17003,Lysozyme,P61626,G34A (PDB: G16A),Homo sapiens (Human),1LZ1,G16A,Helix,50.83,2.7,64.9,-1.39,-,-,yes,11599030.0,differential scanning calorimetry; X-ray crystallography; mutant protein;,PROTEINS 45 274-280 (2001) PMID: 11599030,"Takano K, Yamagata Y, Yutani K",-1.39,G,34,A,2.7,64.9,50.83,0,0,0,pdb,UP:P61626,UP:P61626:G34A,647,train
17004,Lysozyme,P61626,G37A (PDB: G19A),Homo sapiens (Human),1LZ1,G19A,Helix,53.37,2.7,64.9,-1.77,-,-,yes,11599030.0,differential scanning calorimetry; X-ray crystallography; mutant protein;,PROTEINS 45 274-280 (2001) PMID: 11599030,"Takano K, Yamagata Y, Yutani K",-1.77,G,37,A,2.7,64.9,53.37,0,0,0,pdb,UP:P61626,UP:P61626:G37A,648,train
17005,Lysozyme,P61626,G40A (PDB: G22A),Homo sapiens (Human),1LZ1,G22A,Helix,95.3,2.7,64.9,-1.79,-,-,yes,11599030.0,differential scanning calorimetry; X-ray crystallography; mutant protein;,PROTEINS 45 274-280 (2001) PMID: 11599030,"Takano K, Yamagata Y, Yutani K",-1.79,G,40,A,2.7,64.9,95.3,0,0,0,pdb,UP:P61626,UP:P61626:G40A,649,train
17006,Lysozyme,P61626,G37A (PDB: G37A),Homo sapiens (Human),1LZ1,G37A,Helix,48.28,2.7,64.9,-0.29,-,-,yes,11599030.0,differential scanning calorimetry; X-ray crystallography; mutant protein;,PROTEINS 45 274-280 (2001) PMID: 11599030,"Takano K, Yamagata Y, Yutani K",-0.29,G,37,A,2.7,64.9,48.28,0,0,0,pdb,UP:P61626,UP:P61626:G37A,650,train
17007,Lysozyme,P61626,G66A (PDB: G48A),Homo sapiens (Human),1LZ1,G48A,Helix,106.73,2.7,64.9,0.45,-,-,yes,11599030.0,differential scanning calorimetry; X-ray crystallography; mutant protein;,PROTEINS 45 274-280 (2001) PMID: 11599030,"Takano K, Yamagata Y, Yutani K",0.45,G,66,A,2.7,64.9,106.73,0,0,0,pdb,UP:P61626,UP:P61626:G66A,651,train
17008,Lysozyme,P61626,G86A (PDB: G68A),Homo sapiens (Human),1LZ1,G68A,Helix,81.32,2.7,64.9,-0.12,-,-,yes,11599030.0,differential scanning calorimetry; X-ray crystallography; mutant protein;,PROTEINS 45 274-280 (2001) PMID: 11599030,"Takano K, Yamagata Y, Yutani K",-0.12,G,86,A,2.7,64.9,81.32,0,0,0,pdb,UP:P61626,UP:P61626:G86A,652,train
17009,Lysozyme,P61626,G90A (PDB: G72A),Homo sapiens (Human),1LZ1,G72A,Helix,78.78,2.7,64.9,-0.36,-,-,yes,11599030.0,differential scanning calorimetry; X-ray crystallography; mutant protein;,PROTEINS 45 274-280 (2001) PMID: 11599030,"Takano K, Yamagata Y, Yutani K",-0.36,G,90,A,2.7,64.9,78.78,0,0,0,pdb,UP:P61626,UP:P61626:G90A,653,train
17010,Lysozyme,P61626,G123A (PDB: G105A),Homo sapiens (Human),1LZ1,G105A,Helix,16.52,2.7,64.9,-0.62,-,-,yes,11599030.0,differential scanning calorimetry; X-ray crystallography; mutant protein;,PROTEINS 45 274-280 (2001) PMID: 11599030,"Takano K, Yamagata Y, Yutani K",-0.62,G,123,A,2.7,64.9,16.52,0,0,0,pdb,UP:P61626,UP:P61626:G123A,654,train
17011,Lysozyme,P61626,G145A (PDB: G127A),Homo sapiens (Human),1LZ1,G127A,Helix,97.84,2.7,64.9,-0.55,-,-,yes,11599030.0,differential scanning calorimetry; X-ray crystallography; mutant protein;,PROTEINS 45 274-280 (2001) PMID: 11599030,"Takano K, Yamagata Y, Yutani K",-0.55,G,145,A,2.7,64.9,97.84,0,0,0,pdb,UP:P61626,UP:P61626:G145A,655,train
17012,Lysozyme,P61626,G147A (PDB: G129A),Homo sapiens (Human),1LZ1,G129A,Helix,94.03,2.7,64.9,0.14,-,-,yes,11599030.0,differential scanning calorimetry; X-ray crystallography; mutant protein;,PROTEINS 45 274-280 (2001) PMID: 11599030,"Takano K, Yamagata Y, Yutani K",0.14,G,147,A,2.7,64.9,94.03,0,0,0,pdb,UP:P61626,UP:P61626:G147A,656,train
17013,Lysozyme,P61626,I41V (PDB: I23V),Homo sapiens (Human),1LZ1,I23V,Helix,8.11,2.7,64.9,-0.36,-,-,yes,7473760.0,protein stability; hydrophobicity; cavity; calorimetry; human lysozyme,"J MOL BIOL 254, 62-76 (1995) PMID: 7473760","Takano K, Ogasahara K, Kaneda H, Yamagata Y, Fujii S, Kanaya E,",-0.36,I,41,V,2.7,64.9,8.11,0,0,0,pdb,UP:P61626,UP:P61626:I41V,657,train
17014,Lysozyme,P61626,I74V (PDB: I56V),Homo sapiens (Human),1LZ1,I56V,Helix,0.54,2.7,64.9,-1.2,-,-,yes,7473760.0,protein stability; hydrophobicity; cavity; calorimetry; human lysozyme,"J MOL BIOL 254, 62-76 (1995) PMID: 7473760","Takano K, Ogasahara K, Kaneda H, Yamagata Y, Fujii S, Kanaya E,",-1.2,I,74,V,2.7,64.9,0.54,0,0,0,pdb,UP:P61626,UP:P61626:I74V,658,train
17015,Lysozyme,P61626,I77V (PDB: I59V),Homo sapiens (Human),1LZ1,I59V,Helix,1.62,2.7,64.9,-1.1,-,-,yes,7473760.0,protein stability; hydrophobicity; cavity; calorimetry; human lysozyme,"J MOL BIOL 254, 62-76 (1995) PMID: 7473760","Takano K, Ogasahara K, Kaneda H, Yamagata Y, Fujii S, Kanaya E,",-1.1,I,77,V,2.7,64.9,1.62,0,0,0,pdb,UP:P61626,UP:P61626:I77V,659,train
17016,Lysozyme,P61626,I107V (PDB: I89V),Homo sapiens (Human),1LZ1,I89V,Helix,3.78,2.7,64.9,-0.48,-,-,yes,7473760.0,protein stability; hydrophobicity; cavity; calorimetry; human lysozyme,"J MOL BIOL 254, 62-76 (1995) PMID: 7473760","Takano K, Ogasahara K, Kaneda H, Yamagata Y, Fujii S, Kanaya E,",-0.48,I,107,V,2.7,64.9,3.78,0,0,0,pdb,UP:P61626,UP:P61626:I107V,660,train
17017,Lysozyme,P61626,I124V (PDB: I106V),Homo sapiens (Human),1LZ1,I106V,Helix,2.16,2.7,64.9,-0.72,-,-,yes,7473760.0,protein stability; hydrophobicity; cavity; calorimetry; human lysozyme,"J MOL BIOL 254, 62-76 (1995) PMID: 7473760","Takano K, Ogasahara K, Kaneda H, Yamagata Y, Fujii S, Kanaya E,",-0.72,I,124,V,2.7,64.9,2.16,0,0,0,pdb,UP:P61626,UP:P61626:I124V,661,train
17018,Lysozyme,P61626,I74T (PDB: I56T),Homo sapiens (Human),1LZ1,I56T,Helix,0.54,2.7,64.9,-3.64,-,-,yes,9010773.0,amyloid formation; denatured state of a protein; human lysozyme;,"J BIOCHEM 120, 1216-1223 (1996) PMID: 9010773","Funahashi J, Takano K, Ogasahara K, Yamagata Y, Yutani K",-3.64,I,74,T,2.7,64.9,0.54,0,0,0,pdb,UP:P61626,UP:P61626:I74T,662,train
17019,Lysozyme,P61626,V20A (PDB: V2A),Homo sapiens (Human),1LZ1,V2A,Sheet,63.11,2.7,64.9,-1.51,-,-,yes,9020766.0,human lysozyme; calorimetry; hydrophobic effect; conformational stability;,"BIOCHEMISTRY 36, 688-698 (1997) PMID: 9020766","Takano K, Yamagata Y, Fujii S, Yutani K",-1.51,V,20,A,2.7,64.9,63.11,0,0,0,pdb,UP:P61626,UP:P61626:V20A,663,train
17020,Lysozyme,P61626,V92A (PDB: V74A),Homo sapiens (Human),1LZ1,V74A,Coil,56.6,2.7,64.9,-0.36,-,-,yes,9020766.0,human lysozyme; calorimetry; hydrophobic effect; conformational stability;,"BIOCHEMISTRY 36, 688-698 (1997) PMID: 9020766","Takano K, Yamagata Y, Fujii S, Yutani K",-0.36,V,92,A,2.7,64.9,56.6,0,0,0,pdb,UP:P61626,UP:P61626:V92A,664,train
17021,Lysozyme,P61626,V111A (PDB: V93A),Homo sapiens (Human),1LZ1,V93A,Helix,1.95,2.7,64.9,-0.74,-,-,yes,9020766.0,human lysozyme; calorimetry; hydrophobic effect; conformational stability;,"BIOCHEMISTRY 36, 688-698 (1997) PMID: 9020766","Takano K, Yamagata Y, Fujii S, Yutani K",-0.74,V,111,A,2.7,64.9,1.95,0,0,0,pdb,UP:P61626,UP:P61626:V111A,665,train
17022,Lysozyme,P61626,V117A (PDB: V99A),Homo sapiens (Human),1LZ1,V99A,Helix,2.6,2.7,64.9,-0.98,-,-,yes,9020766.0,human lysozyme; calorimetry; hydrophobic effect; conformational stability;,"BIOCHEMISTRY 36, 688-698 (1997) PMID: 9020766","Takano K, Yamagata Y, Fujii S, Yutani K",-0.98,V,117,A,2.7,64.9,2.6,0,0,0,pdb,UP:P61626,UP:P61626:V117A,666,train
17023,Lysozyme,P61626,V118A (PDB: V100A),Homo sapiens (Human),1LZ1,V100A,Coil,0.65,2.7,64.9,-0.26,-,-,yes,9020766.0,human lysozyme; calorimetry; hydrophobic effect; conformational stability;,"BIOCHEMISTRY 36, 688-698 (1997) PMID: 9020766","Takano K, Yamagata Y, Fujii S, Yutani K",-0.26,V,118,A,2.7,64.9,0.65,0,0,0,pdb,UP:P61626,UP:P61626:V118A,667,train
17024,Lysozyme,P61626,V128A (PDB: V110A),Homo sapiens (Human),1LZ1,V110A,Turn,50.75,2.7,64.9,0.53,-,-,yes,9020766.0,human lysozyme; calorimetry; hydrophobic effect; conformational stability;,"BIOCHEMISTRY 36, 688-698 (1997) PMID: 9020766","Takano K, Yamagata Y, Fujii S, Yutani K",0.53,V,128,A,2.7,64.9,50.75,0,0,0,pdb,UP:P61626,UP:P61626:V128A,668,train
17025,Lysozyme,P61626,V139A (PDB: V121A),Homo sapiens (Human),1LZ1,V121A,Turn,8.46,2.7,64.9,-1.44,-,-,yes,9020766.0,human lysozyme; calorimetry; hydrophobic effect; conformational stability;,"BIOCHEMISTRY 36, 688-698 (1997) PMID: 9020766","Takano K, Yamagata Y, Fujii S, Yutani K",-1.44,V,139,A,2.7,64.9,8.46,0,0,0,pdb,UP:P61626,UP:P61626:V139A,669,train
17026,Lysozyme,P61626,V143A (PDB: V125A),Homo sapiens (Human),1LZ1,V125A,Turn,17.57,2.7,64.9,-1.32,-,-,yes,9020766.0,human lysozyme; calorimetry; hydrophobic effect; conformational stability;,"BIOCHEMISTRY 36, 688-698 (1997) PMID: 9020766","Takano K, Yamagata Y, Fujii S, Yutani K",-1.32,V,143,A,2.7,64.9,17.57,0,0,0,pdb,UP:P61626,UP:P61626:V143A,670,train
17027,Lysozyme,P61626,V148A (PDB: V130A),Homo sapiens (Human),1LZ1,V130A,Coil,55.3,2.7,64.9,-0.84,-,-,yes,9020766.0,human lysozyme; calorimetry; hydrophobic effect; conformational stability;,"BIOCHEMISTRY 36, 688-698 (1997) PMID: 9020766","Takano K, Yamagata Y, Fujii S, Yutani K",-0.84,V,148,A,2.7,64.9,55.3,0,0,0,pdb,UP:P61626,UP:P61626:V148A,671,train
17028,Lysozyme,P61626,Y38F (PDB: Y20F),Homo sapiens (Human),1LZ1,Y20F,Turn,25.74,2.7,64.9,-0.5,-,-,yes,9649316.0,conformational stability; hydrogen bonds; tyrosine;,"BIOCHEMISTRY 37, 9355-9362 (1998) PMID: 9649316","Yamagata Y, Kubota M, Sumikawa Y, Funahashi J, Takano K,",-0.5,Y,38,F,2.7,64.9,25.74,0,0,0,pdb,UP:P61626,UP:P61626:Y38F,672,train
17029,Lysozyme,P61626,Y38F (PDB: Y38F),Homo sapiens (Human),1LZ1,Y38F,Sheet,9.83,2.7,64.9,-0.19,-,-,yes,9649316.0,conformational stability; hydrogen bonds; tyrosine;,"BIOCHEMISTRY 37, 9355-9362 (1998) PMID: 9649316","Yamagata Y, Kubota M, Sumikawa Y, Funahashi J, Takano K,",-0.19,Y,38,F,2.7,64.9,9.83,0,0,0,pdb,UP:P61626,UP:P61626:Y38F,673,train
17030,Lysozyme,P61626,Y63F (PDB: Y45F),Homo sapiens (Human),1LZ1,Y45F,Sheet,59.9,2.7,64.9,0.07,-,-,yes,9649316.0,conformational stability; hydrogen bonds; tyrosine;,"BIOCHEMISTRY 37, 9355-9362 (1998) PMID: 9649316","Yamagata Y, Kubota M, Sumikawa Y, Funahashi J, Takano K,",0.07,Y,63,F,2.7,64.9,59.9,0,0,0,pdb,UP:P61626,UP:P61626:Y63F,674,train
17031,Lysozyme,P61626,Y72F (PDB: Y54F),Homo sapiens (Human),1LZ1,Y54F,Sheet,10.76,2.7,64.9,-0.96,-,-,yes,9649316.0,conformational stability; hydrogen bonds; tyrosine;,"BIOCHEMISTRY 37, 9355-9362 (1998) PMID: 9649316","Yamagata Y, Kubota M, Sumikawa Y, Funahashi J, Takano K,",-0.96,Y,72,F,2.7,64.9,10.76,0,0,0,pdb,UP:P61626,UP:P61626:Y72F,675,train
17032,Lysozyme,P61626,Y63F (PDB: Y63F),Homo sapiens (Human),1LZ1,Y63F,Coil,56.62,2.7,64.9,-0.24,-,-,yes,9649316.0,conformational stability; hydrogen bonds; tyrosine;,"BIOCHEMISTRY 37, 9355-9362 (1998) PMID: 9649316","Yamagata Y, Kubota M, Sumikawa Y, Funahashi J, Takano K,",-0.24,Y,63,F,2.7,64.9,56.62,0,0,0,pdb,UP:P61626,UP:P61626:Y63F,676,train
17033,Lysozyme,P61626,Y142F (PDB: Y124F),Homo sapiens (Human),1LZ1,Y124F,Turn,9.36,2.7,64.9,-0.36,-,-,yes,9649316.0,conformational stability; hydrogen bonds; tyrosine;,"BIOCHEMISTRY 37, 9355-9362 (1998) PMID: 9649316","Yamagata Y, Kubota M, Sumikawa Y, Funahashi J, Takano K,",-0.36,Y,142,F,2.7,64.9,9.36,0,0,0,pdb,UP:P61626,UP:P61626:Y142F,677,train
17035,Lysozyme,P61626,I41A (PDB: I23A),Homo sapiens (Human),1LZ1,I23A,Helix,8.11,2.7,64.9,-2.54,-,-,yes,9398521.0,water molecule; protein stability; cavity;,"J MOL BIOL 274, 132-142 (1997) PMID: 9398521","Takano K, Funahashi J, Yamagata Y, Fujii S, Yutani K",-2.54,I,41,A,2.7,64.9,8.11,0,0,0,pdb,UP:P61626,UP:P61626:I41A,678,train
17036,Lysozyme,P61626,I74A (PDB: I56A),Homo sapiens (Human),1LZ1,I56A,Helix,0.54,2.7,64.9,-3.71,-,-,yes,9398521.0,water molecule; protein stability; cavity;,"J MOL BIOL 274, 132-142 (1997) PMID: 9398521","Takano K, Funahashi J, Yamagata Y, Fujii S, Yutani K",-3.71,I,74,A,2.7,64.9,0.54,0,0,0,pdb,UP:P61626,UP:P61626:I74A,679,train
17037,Lysozyme,P61626,I77A (PDB: I59A),Homo sapiens (Human),1LZ1,I59A,Helix,1.62,2.7,64.9,-1.72,-,-,yes,9398521.0,water molecule; protein stability; cavity;,"J MOL BIOL 274, 132-142 (1997) PMID: 9398521","Takano K, Funahashi J, Yamagata Y, Fujii S, Yutani K",-1.72,I,77,A,2.7,64.9,1.62,0,0,0,pdb,UP:P61626,UP:P61626:I77A,680,train
17038,Lysozyme,P61626,I107A (PDB: I89A),Homo sapiens (Human),1LZ1,I89A,Helix,3.78,2.7,64.9,-2.7,-,-,yes,9398521.0,water molecule; protein stability; cavity;,"J MOL BIOL 274, 132-142 (1997) PMID: 9398521","Takano K, Funahashi J, Yamagata Y, Fujii S, Yutani K",-2.7,I,107,A,2.7,64.9,3.78,0,0,0,pdb,UP:P61626,UP:P61626:I107A,681,train
17039,Lysozyme,P61626,I124A (PDB: I106A),Homo sapiens (Human),1LZ1,I106A,Helix,2.16,2.7,64.9,-0.93,-,-,yes,9398521.0,water molecule; protein stability; cavity;,"J MOL BIOL 274, 132-142 (1997) PMID: 9398521","Takano K, Funahashi J, Yamagata Y, Fujii S, Yutani K",-0.93,I,124,A,2.7,64.9,2.16,0,0,0,pdb,UP:P61626,UP:P61626:I124A,682,train
17040,Lysozyme,P61626,I77G (PDB: I59G),Homo sapiens (Human),1LZ1,I59G,Helix,1.62,2.7,64.9,-3.83,-,-,yes,9398521.0,water molecule; protein stability; cavity;,"J MOL BIOL 274, 132-142 (1997) PMID: 9398521","Takano K, Funahashi J, Yamagata Y, Fujii S, Yutani K",-3.83,I,77,G,2.7,64.9,1.62,0,0,0,pdb,UP:P61626,UP:P61626:I77G,683,train
17041,Lysozyme,P61626,A50L (PDB: A32L),Homo sapiens (Human),1LZ1,A32L,Helix,0.0,2.7,64.9,-0.1,-,-,yes,10469827.0,3D-1D compatibility evaluation; human lysozyme;,"PROTEIN ENG 12, 663-672 (1999) PMID: 10469827","Takano K, Ota M, Ogasahara K, Yamagata Y, Nishikawa K, Yutani K",-0.1,A,50,L,2.7,64.9,0.0,0,0,0,pdb,UP:P61626,UP:P61626:A50L,684,train
17042,Lysozyme,P61626,E53L (PDB: E35L),Homo sapiens (Human),1LZ1,E35L,Sheet,23.47,2.7,64.9,-0.53,-,-,yes,10469827.0,3D-1D compatibility evaluation; human lysozyme;,"PROTEIN ENG 12, 663-672 (1999) PMID: 10469827","Takano K, Ota M, Ogasahara K, Yamagata Y, Nishikawa K, Yutani K",-0.53,E,53,L,2.7,64.9,23.47,0,0,0,pdb,UP:P61626,UP:P61626:E53L,685,train
17043,Lysozyme,P61626,G37Q (PDB: G37Q),Homo sapiens (Human),1LZ1,G37Q,Helix,48.28,2.7,64.9,-0.26,-,-,yes,10469827.0,3D-1D compatibility evaluation; human lysozyme;,"PROTEIN ENG 12, 663-672 (1999) PMID: 10469827","Takano K, Ota M, Ogasahara K, Yamagata Y, Nishikawa K, Yutani K",-0.26,G,37,Q,2.7,64.9,48.28,0,0,0,pdb,UP:P61626,UP:P61626:G37Q,686,train
17044,Lysozyme,P61626,R68G (PDB: R50G),Homo sapiens (Human),1LZ1,R50G,Turn,67.69,2.7,64.9,0.26,-,-,yes,10469827.0,3D-1D compatibility evaluation; human lysozyme;,"PROTEIN ENG 12, 663-672 (1999) PMID: 10469827","Takano K, Ota M, Ogasahara K, Yamagata Y, Nishikawa K, Yutani K",0.26,R,68,G,2.7,64.9,67.69,0,0,0,pdb,UP:P61626,UP:P61626:R68G,687,train
17045,Lysozyme,P61626,Q76G (PDB: Q58G),Homo sapiens (Human),1LZ1,Q58G,Turn,4.48,2.7,64.9,1.86,-,-,yes,10469827.0,3D-1D compatibility evaluation; human lysozyme;,"PROTEIN ENG 12, 663-672 (1999) PMID: 10469827","Takano K, Ota M, Ogasahara K, Yamagata Y, Nishikawa K, Yutani K",1.86,Q,76,G,2.7,64.9,4.48,0,0,0,pdb,UP:P61626,UP:P61626:Q76G,688,train
17046,Lysozyme,P61626,V92S (PDB: V74S),Homo sapiens (Human),1LZ1,V74S,Coil,56.6,2.7,64.9,-0.38,-,-,yes,10469827.0,3D-1D compatibility evaluation; human lysozyme; mutant stability; pseudo-energy potential; stability profile,"PROTEIN ENG 12, 663-672 (1999) PMID: 10469827","Takano K, Ota M, Ogasahara K, Yamagata Y, Nishikawa K, Yutani K",-0.38,V,92,S,2.7,64.9,56.6,0,0,0,pdb,UP:P61626,UP:P61626:V92S,689,train
17047,Lysozyme,P61626,H96G (PDB: H78G),Homo sapiens (Human),1LZ1,H78G,Helix,87.96,2.7,64.9,-0.12,-,-,yes,10469827.0,3D-1D compatibility evaluation; human lysozyme;,"PROTEIN ENG 12, 663-672 (1999) PMID: 10469827","Takano K, Ota M, Ogasahara K, Yamagata Y, Nishikawa K, Yutani K",-0.12,H,96,G,2.7,64.9,87.96,0,0,0,pdb,UP:P61626,UP:P61626:H96G,690,train
17048,Lysozyme,P61626,A114M (PDB: A96M),Homo sapiens (Human),1LZ1,A96M,Helix,0.0,2.7,64.9,0.02,-,-,yes,10469827.0,3D-1D compatibility evaluation; human lysozyme;,"PROTEIN ENG 12, 663-672 (1999) PMID: 10469827","Takano K, Ota M, Ogasahara K, Yamagata Y, Nishikawa K, Yutani K",0.02,A,114,M,2.7,64.9,0.0,0,0,0,pdb,UP:P61626,UP:P61626:A114M,691,train
17049,Lysozyme,P61626,V118F (PDB: V100F),Homo sapiens (Human),1LZ1,V100F,Turn,0.65,2.7,64.9,-1.65,-,-,yes,10469827.0,3D-1D compatibility evaluation; human lysozyme;,"PROTEIN ENG 12, 663-672 (1999) PMID: 10469827","Takano K, Ota M, Ogasahara K, Yamagata Y, Nishikawa K, Yutani K",-1.65,V,118,F,2.7,64.9,0.65,0,0,0,pdb,UP:P61626,UP:P61626:V118F,692,train
17050,Lysozyme,P61626,I74A (PDB: I56A),Homo sapiens (Human),1LZ1,I56A,Helix,0.54,2.7,64.9,-3.7,-,-,yes,10556244.0,calorimetry; human lysozyme; mutant protein; protein stability;,"PROTEIN ENG 12, 841-850 (1999) PMID: 10556244","Funahashi J, Takano K, Yamagata Y, Yutani K",-3.7,I,74,A,2.7,64.9,0.54,0,0,0,pdb,UP:P61626,UP:P61626:I74A,693,train
17051,Lysozyme,P61626,I74V (PDB: I56V),Homo sapiens (Human),1LZ1,I56V,Helix,0.54,2.7,64.9,-1.2,-,-,yes,10556244.0,calorimetry; human lysozyme; mutant protein; protein stability;,"PROTEIN ENG 12, 841-850 (1999) PMID: 10556244","Funahashi J, Takano K, Yamagata Y, Yutani K",-1.2,I,74,V,2.7,64.9,0.54,0,0,0,pdb,UP:P61626,UP:P61626:I74V,694,train
17052,Lysozyme,P61626,I74L (PDB: I56L),Homo sapiens (Human),1LZ1,I56L,Helix,0.54,2.7,64.9,-0.1,-,-,yes,10556244.0,calorimetry; human lysozyme; mutant protein; protein stability;,"PROTEIN ENG 12, 841-850 (1999) PMID: 10556244","Funahashi J, Takano K, Yamagata Y, Yutani K",-0.1,I,74,L,2.7,64.9,0.54,0,0,0,pdb,UP:P61626,UP:P61626:I74L,695,train
17053,Lysozyme,P61626,I74M (PDB: I56M),Homo sapiens (Human),1LZ1,I56M,Helix,0.54,2.7,64.9,-1.77,-,-,yes,10556244.0,calorimetry; human lysozyme; mutant protein; protein stability;,"PROTEIN ENG 12, 841-850 (1999) PMID: 10556244","Funahashi J, Takano K, Yamagata Y, Yutani K",-1.77,I,74,M,2.7,64.9,0.54,0,0,0,pdb,UP:P61626,UP:P61626:I74M,696,train
17054,Lysozyme,P61626,I74F (PDB: I56F),Homo sapiens (Human),1LZ1,I56F,Helix,0.54,2.7,64.9,-4.09,-,-,yes,10556244.0,calorimetry; human lysozyme; mutant protein; protein stability;,"PROTEIN ENG 12, 841-850 (1999) PMID: 10556244","Funahashi J, Takano K, Yamagata Y, Yutani K",-4.09,I,74,F,2.7,64.9,0.54,0,0,0,pdb,UP:P61626,UP:P61626:I74F,697,train
17055,Lysozyme,P61626,I74T (PDB: I56T),Homo sapiens (Human),1LZ1,I56T,Helix,0.54,2.7,64.9,-3.63,-,-,yes,10556244.0,calorimetry; human lysozyme; mutant protein; protein stability;,"PROTEIN ENG 12, 841-850 (1999) PMID: 10556244","Funahashi J, Takano K, Yamagata Y, Yutani K",-3.63,I,74,T,2.7,64.9,0.54,0,0,0,pdb,UP:P61626,UP:P61626:I74T,698,train
17056,Lysozyme,P61626,I77G (PDB: I59G),Homo sapiens (Human),1LZ1,I59G,Helix,1.62,2.7,64.9,-3.82,-,-,yes,10556244.0,calorimetry; human lysozyme; mutant protein; protein stability;,"PROTEIN ENG 12, 841-850 (1999) PMID: 10556244","Funahashi J, Takano K, Yamagata Y, Yutani K",-3.82,I,77,G,2.7,64.9,1.62,0,0,0,pdb,UP:P61626,UP:P61626:I77G,699,train
17057,Lysozyme,P61626,I77A (PDB: I59A),Homo sapiens (Human),1LZ1,I59A,Helix,1.62,2.7,64.9,-1.72,-,-,yes,10556244.0,calorimetry; human lysozyme; mutant protein; protein stability;,"PROTEIN ENG 12, 841-850 (1999) PMID: 10556244","Funahashi J, Takano K, Yamagata Y, Yutani K",-1.72,I,77,A,2.7,64.9,1.62,0,0,0,pdb,UP:P61626,UP:P61626:I77A,700,train
17058,Lysozyme,P61626,I77V (PDB: I59V),Homo sapiens (Human),1LZ1,I59V,Helix,1.62,2.7,64.9,-1.1,-,-,yes,10556244.0,calorimetry; human lysozyme; mutant protein; protein stability;,"PROTEIN ENG 12, 841-850 (1999) PMID: 10556244","Funahashi J, Takano K, Yamagata Y, Yutani K",-1.1,I,77,V,2.7,64.9,1.62,0,0,0,pdb,UP:P61626,UP:P61626:I77V,701,train
17059,Lysozyme,P61626,I77L (PDB: I59L),Homo sapiens (Human),1LZ1,I59L,Helix,1.62,2.7,64.9,0,-,-,yes,10556244.0,calorimetry; human lysozyme; mutant protein; protein stability;,"PROTEIN ENG 12, 841-850 (1999) PMID: 10556244","Funahashi J, Takano K, Yamagata Y, Yutani K",0.0,I,77,L,2.7,64.9,1.62,0,0,0,pdb,UP:P61626,UP:P61626:I77L,702,train
17060,Lysozyme,P61626,I77M (PDB: I59M),Homo sapiens (Human),1LZ1,I59M,Helix,1.62,2.7,64.9,-1.29,-,-,yes,10556244.0,calorimetry; human lysozyme; mutant protein; protein stability;,"PROTEIN ENG 12, 841-850 (1999) PMID: 10556244","Funahashi J, Takano K, Yamagata Y, Yutani K",-1.29,I,77,M,2.7,64.9,1.62,0,0,0,pdb,UP:P61626,UP:P61626:I77M,703,train
17061,Lysozyme,P61626,I77F (PDB: I59F),Homo sapiens (Human),1LZ1,I59F,Helix,1.62,2.7,64.9,-0.81,-,-,yes,10556244.0,calorimetry; human lysozyme; mutant protein; protein stability;,"PROTEIN ENG 12, 841-850 (1999) PMID: 10556244","Funahashi J, Takano K, Yamagata Y, Yutani K",-0.81,I,77,F,2.7,64.9,1.62,0,0,0,pdb,UP:P61626,UP:P61626:I77F,704,train
17062,Lysozyme,P61626,I77S (PDB: I59S),Homo sapiens (Human),1LZ1,I59S,Helix,1.62,2.7,64.9,-3.59,-,-,yes,10556244.0,calorimetry; human lysozyme; mutant protein; protein stability;,"PROTEIN ENG 12, 841-850 (1999) PMID: 10556244","Funahashi J, Takano K, Yamagata Y, Yutani K",-3.59,I,77,S,2.7,64.9,1.62,0,0,0,pdb,UP:P61626,UP:P61626:I77S,705,train
17063,Lysozyme,P61626,I77T (PDB: I59T),Homo sapiens (Human),1LZ1,I59T,Helix,1.62,2.7,64.9,-2.22,-,-,yes,10556244.0,calorimetry; human lysozyme; mutant protein; protein stability;,"PROTEIN ENG 12, 841-850 (1999) PMID: 10556244","Funahashi J, Takano K, Yamagata Y, Yutani K",-2.22,I,77,T,2.7,64.9,1.62,0,0,0,pdb,UP:P61626,UP:P61626:I77T,706,train
17064,Lysozyme,P61626,I77Y (PDB: I59Y),Homo sapiens (Human),1LZ1,I59Y,Helix,1.62,2.7,64.9,-3.78,-,-,yes,10556244.0,calorimetry; human lysozyme; mutant protein; protein stability;,"PROTEIN ENG 12, 841-850 (1999) PMID: 10556244","Funahashi J, Takano K, Yamagata Y, Yutani K",-3.78,I,77,Y,2.7,64.9,1.62,0,0,0,pdb,UP:P61626,UP:P61626:I77Y,707,train
17065,Lysozyme,P61626,R68G (PDB: R50G),Homo sapiens (Human),1LZ1,R50G,Turn,67.69,2.7,64.9,0.26,-,-,yes,10913274.0,turn; conformational stability; conformational entropy;,"BIOCHEMISTRY 39, 8655-8665 (2000) PMID: 10913274","Takano K, Yamagata Y, Yutani K",0.26,R,68,G,2.7,64.9,67.69,0,0,0,pdb,UP:P61626,UP:P61626:R68G,708,train
17066,Lysozyme,P61626,Q76G (PDB: Q58G),Homo sapiens (Human),1LZ1,Q58G,Turn,4.48,2.7,64.9,1.86,-,-,yes,10913274.0,turn; conformational stability; conformational entropy;,"BIOCHEMISTRY 39, 8655-8665 (2000) PMID: 10913274","Takano K, Yamagata Y, Yutani K",1.86,Q,76,G,2.7,64.9,4.48,0,0,0,pdb,UP:P61626,UP:P61626:Q76G,709,train
17067,Lysozyme,P61626,H96G (PDB: H78G),Homo sapiens (Human),1LZ1,H78G,Helix,87.96,2.7,64.9,-0.12,-,-,yes,10913274.0,turn; conformational stability; conformational entropy;,"BIOCHEMISTRY 39, 8655-8665 (2000) PMID: 10913274","Takano K, Yamagata Y, Yutani K",-0.12,H,96,G,2.7,64.9,87.96,0,0,0,pdb,UP:P61626,UP:P61626:H96G,710,train
17068,Lysozyme,P61626,G37Q (PDB: G37Q),Homo sapiens (Human),1LZ1,G37Q,Helix,48.28,2.7,64.9,-0.26,-,-,yes,10913274.0,turn; conformational stability; conformational entropy;,"BIOCHEMISTRY 39, 8655-8665 (2000) PMID: 10913274","Takano K, Yamagata Y, Yutani K",-0.26,G,37,Q,2.7,64.9,48.28,0,0,0,pdb,UP:P61626,UP:P61626:G37Q,711,train
17069,Lysozyme,P61626,K19M (PDB: K1M),Homo sapiens (Human),1LZ1,K1M,Coil,32.09,2.7,64.9,-0.12,-,-,yes,10561612.0,extra N-terminal residue; human lysozyme; protein stability;,"EUR J BIOCHEM 266, 675-682 (1999) PMID: 10561612","Takano K, Tsuchimori K, Yamagata Y, Yutani K",-0.12,K,19,M,2.7,64.9,32.09,0,0,0,pdb,UP:P61626,UP:P61626:K19M,712,train
17070,Lysozyme,P61626,K19A (PDB: K1A),Homo sapiens (Human),1LZ1,K1A,Coil,32.09,2.7,64.9,-0.6,-,-,yes,10561612.0,extra N-terminal residue; human lysozyme; protein stability;,"EUR J BIOCHEM 266, 675-682 (1999) PMID: 10561612","Takano K, Tsuchimori K, Yamagata Y, Yutani K",-0.6,K,19,A,2.7,64.9,32.09,0,0,0,pdb,UP:P61626,UP:P61626:K19A,713,train
17071,Lysozyme,P61626,V20G (PDB: V2G),Homo sapiens (Human),1LZ1,V2G,Sheet,63.11,2.7,64.9,-2.29,-,-,yes,11087397.0,surface; alpha-helix; beta-sheet; loop;,"BIOCHEMISTRY 39, 14448-14456 (2000) PMID: 11087397","Funahashi J, Takano K, Yamagata Y, Yutani K",-2.29,V,20,G,2.7,64.9,63.11,0,0,0,pdb,UP:P61626,UP:P61626:V20G,714,train
17072,Lysozyme,P61626,V20I (PDB: V2I),Homo sapiens (Human),1LZ1,V2I,Sheet,63.11,2.7,64.9,1.1,-,-,yes,11087397.0,surface; alpha-helix; beta-sheet; loop;,"BIOCHEMISTRY 39, 14448-14456 (2000) PMID: 11087397","Funahashi J, Takano K, Yamagata Y, Yutani K",1.1,V,20,I,2.7,64.9,63.11,0,0,0,pdb,UP:P61626,UP:P61626:V20I,715,train
17073,Lysozyme,P61626,V20L (PDB: V2L),Homo sapiens (Human),1LZ1,V2L,Sheet,63.11,2.7,64.9,-0.05,-,-,yes,11087397.0,surface; alpha-helix; beta-sheet; loop;,"BIOCHEMISTRY 39, 14448-14456 (2000) PMID: 11087397","Funahashi J, Takano K, Yamagata Y, Yutani K",-0.05,V,20,L,2.7,64.9,63.11,0,0,0,pdb,UP:P61626,UP:P61626:V20L,716,train
17074,Lysozyme,P61626,V20M (PDB: V2M),Homo sapiens (Human),1LZ1,V2M,Sheet,63.11,2.7,64.9,-0.31,-,-,yes,11087397.0,surface; alpha-helix; beta-sheet; loop;,"BIOCHEMISTRY 39, 14448-14456 (2000) PMID: 11087397","Funahashi J, Takano K, Yamagata Y, Yutani K",-0.31,V,20,M,2.7,64.9,63.11,0,0,0,pdb,UP:P61626,UP:P61626:V20M,717,train
17075,Lysozyme,P61626,V20F (PDB: V2F),Homo sapiens (Human),1LZ1,V2F,Sheet,63.11,2.7,64.9,-0.86,-,-,yes,11087397.0,surface; alpha-helix; beta-sheet; loop;,"BIOCHEMISTRY 39, 14448-14456 (2000) PMID: 11087397","Funahashi J, Takano K, Yamagata Y, Yutani K",-0.86,V,20,F,2.7,64.9,63.11,0,0,0,pdb,UP:P61626,UP:P61626:V20F,718,train
17076,Lysozyme,P61626,V92G (PDB: V74G),Homo sapiens (Human),1LZ1,V74G,Coil,56.6,2.7,64.9,-0.22,-,-,yes,11087397.0,surface; alpha-helix; beta-sheet; loop;,"BIOCHEMISTRY 39, 14448-14456 (2000) PMID: 11087397","Funahashi J, Takano K, Yamagata Y, Yutani K",-0.22,V,92,G,2.7,64.9,56.6,0,0,0,pdb,UP:P61626,UP:P61626:V92G,719,train
17077,Lysozyme,P61626,V92I (PDB: V74I),Homo sapiens (Human),1LZ1,V74I,Coil,56.6,2.7,64.9,0.45,-,-,yes,11087397.0,surface; alpha-helix; beta-sheet; loop;,"BIOCHEMISTRY 39, 14448-14456 (2000) PMID: 11087397","Funahashi J, Takano K, Yamagata Y, Yutani K",0.45,V,92,I,2.7,64.9,56.6,0,0,0,pdb,UP:P61626,UP:P61626:V92I,720,train
17078,Lysozyme,P61626,V92L (PDB: V74L),Homo sapiens (Human),1LZ1,V74L,Coil,56.6,2.7,64.9,0.19,-,-,yes,11087397.0,surface; alpha-helix; beta-sheet; loop;,"BIOCHEMISTRY 39, 14448-14456 (2000) PMID: 11087397","Funahashi J, Takano K, Yamagata Y, Yutani K",0.19,V,92,L,2.7,64.9,56.6,0,0,0,pdb,UP:P61626,UP:P61626:V92L,721,train
17079,Lysozyme,P61626,V92M (PDB: V74M),Homo sapiens (Human),1LZ1,V74M,Coil,56.6,2.7,64.9,0.65,-,-,yes,11087397.0,surface; alpha-helix; beta-sheet; loop;,"BIOCHEMISTRY 39, 14448-14456 (2000) PMID: 11087397","Funahashi J, Takano K, Yamagata Y, Yutani K",0.65,V,92,M,2.7,64.9,56.6,0,0,0,pdb,UP:P61626,UP:P61626:V92M,722,train
17080,Lysozyme,P61626,V92F (PDB: V74F),Homo sapiens (Human),1LZ1,V74F,Coil,56.6,2.7,64.9,-0.29,-,-,yes,11087397.0,surface; alpha-helix; beta-sheet; loop;,"BIOCHEMISTRY 39, 14448-14456 (2000) PMID: 11087397","Funahashi J, Takano K, Yamagata Y, Yutani K",-0.29,V,92,F,2.7,64.9,56.6,0,0,0,pdb,UP:P61626,UP:P61626:V92F,723,train
17081,Lysozyme,P61626,V128G (PDB: V110G),Homo sapiens (Human),1LZ1,V110G,Turn,50.75,2.7,64.9,0.48,-,-,yes,11087397.0,surface; alpha-helix; beta-sheet; loop;,"BIOCHEMISTRY 39, 14448-14456 (2000) PMID: 11087397","Funahashi J, Takano K, Yamagata Y, Yutani K",0.48,V,128,G,2.7,64.9,50.75,0,0,0,pdb,UP:P61626,UP:P61626:V128G,724,train
17082,Lysozyme,P61626,V128I (PDB: V110I),Homo sapiens (Human),1LZ1,V110I,Turn,50.75,2.7,64.9,0.86,-,-,yes,11087397.0,surface; alpha-helix; beta-sheet; loop;,"BIOCHEMISTRY 39, 14448-14456 (2000) PMID: 11087397","Funahashi J, Takano K, Yamagata Y, Yutani K",0.86,V,128,I,2.7,64.9,50.75,0,0,0,pdb,UP:P61626,UP:P61626:V128I,725,train
17083,Lysozyme,P61626,V128L (PDB: V110L),Homo sapiens (Human),1LZ1,V110L,Turn,50.75,2.7,64.9,0.07,-,-,yes,11087397.0,surface; alpha-helix; beta-sheet; loop;,"BIOCHEMISTRY 39, 14448-14456 (2000) PMID: 11087397","Funahashi J, Takano K, Yamagata Y, Yutani K",0.07,V,128,L,2.7,64.9,50.75,0,0,0,pdb,UP:P61626,UP:P61626:V128L,726,train
17084,Lysozyme,P61626,V128M (PDB: V110M),Homo sapiens (Human),1LZ1,V110M,Turn,50.75,2.7,64.9,0.53,-,-,yes,11087397.0,surface; alpha-helix; beta-sheet; loop;,"BIOCHEMISTRY 39, 14448-14456 (2000) PMID: 11087397","Funahashi J, Takano K, Yamagata Y, Yutani K",0.53,V,128,M,2.7,64.9,50.75,0,0,0,pdb,UP:P61626,UP:P61626:V128M,727,train
17085,Lysozyme,P61626,V128F (PDB: V110F),Homo sapiens (Human),1LZ1,V110F,Turn,50.75,2.7,64.9,-0.05,-,-,yes,11087397.0,surface; alpha-helix; beta-sheet; loop;,"BIOCHEMISTRY 39, 14448-14456 (2000) PMID: 11087397","Funahashi J, Takano K, Yamagata Y, Yutani K",-0.05,V,128,F,2.7,64.9,50.75,0,0,0,pdb,UP:P61626,UP:P61626:V128F,728,train
17086,Lysozyme,P61626,V20S (PDB: V2S),Homo sapiens (Human),1LZ1,V2S,Sheet,63.11,2.7,64.9,-1.41,-,-,Unknown,11927576.0,hydration structure; surface; alpha-helix; beta-sheet;,"J BIOL CHEM 277, 21792-21800 (2002) PMID: 11927576","Funahashi J, Takano K, Yamagata Y, Yutani K.",-1.41,V,20,S,2.7,64.9,63.11,0,0,0,pdb,UP:P61626,UP:P61626:V20S,729,train
17087,Lysozyme,P61626,V20Y (PDB: V2Y),Homo sapiens (Human),1LZ1,V2Y,Sheet,63.11,2.7,64.9,-0.36,-,-,Unknown,11927576.0,hydration structure; surface; alpha-helix; beta-sheet;,"J BIOL CHEM 277, 21792-21800 (2002) PMID: 11927576","Funahashi J, Takano K, Yamagata Y, Yutani K.",-0.36,V,20,Y,2.7,64.9,63.11,0,0,0,pdb,UP:P61626,UP:P61626:V20Y,730,train
17088,Lysozyme,P61626,V20D (PDB: V2D),Homo sapiens (Human),1LZ1,V2D,Sheet,63.11,2.7,64.9,-1.43,-,-,Unknown,11927576.0,hydration structure; surface; alpha-helix; beta-sheet;,"J BIOL CHEM 277, 21792-21800 (2002) PMID: 11927576","Funahashi J, Takano K, Yamagata Y, Yutani K.",-1.43,V,20,D,2.7,64.9,63.11,0,0,0,pdb,UP:P61626,UP:P61626:V20D,731,train
17089,Lysozyme,P61626,V20N (PDB: V2N),Homo sapiens (Human),1LZ1,V2N,Coil,63.11,2.7,64.9,-1.34,-,-,Unknown,11927576.0,hydration structure; surface; alpha-helix; beta-sheet;,"J BIOL CHEM 277, 21792-21800 (2002) PMID: 11927576","Funahashi J, Takano K, Yamagata Y, Yutani K.",-1.34,V,20,N,2.7,64.9,63.11,0,0,0,pdb,UP:P61626,UP:P61626:V20N,732,train
17090,Lysozyme,P61626,V20R (PDB: V2R),Homo sapiens (Human),1LZ1,V2R,Sheet,63.11,2.7,64.9,-0.38,-,-,Unknown,11927576.0,hydration structure; surface; alpha-helix; beta-sheet;,"J BIOL CHEM 277, 21792-21800 (2002) PMID: 11927576","Funahashi J, Takano K, Yamagata Y, Yutani K.",-0.38,V,20,R,2.7,64.9,63.11,0,0,0,pdb,UP:P61626,UP:P61626:V20R,733,train
17091,Lysozyme,P61626,V92S (PDB: V74S),Homo sapiens (Human),1LZ1,V74S,Coil,56.6,2.7,64.9,-0.38,-,-,Unknown,11927576.0,hydration structure; surface; alpha-helix; beta-sheet;,"J BIOL CHEM 277, 21792-21800 (2002) PMID: 11927576","Funahashi J, Takano K, Yamagata Y, Yutani K.",-0.38,V,92,S,2.7,64.9,56.6,0,0,0,pdb,UP:P61626,UP:P61626:V92S,734,train
17092,Lysozyme,P61626,V92Y (PDB: V74Y),Homo sapiens (Human),1LZ1,V74Y,Coil,56.6,2.7,64.9,-0.24,-,-,Unknown,11927576.0,hydration structure; surface; alpha-helix; beta-sheet;,"J BIOL CHEM 277, 21792-21800 (2002) PMID: 11927576","Funahashi J, Takano K, Yamagata Y, Yutani K.",-0.24,V,92,Y,2.7,64.9,56.6,0,0,0,pdb,UP:P61626,UP:P61626:V92Y,735,train
17093,Lysozyme,P61626,V92D (PDB: V74D),Homo sapiens (Human),1LZ1,V74D,Coil,56.6,2.7,64.9,-0.43,-,-,Unknown,11927576.0,hydration structure; surface; alpha-helix; beta-sheet;,"J BIOL CHEM 277, 21792-21800 (2002) PMID: 11927576","Funahashi J, Takano K, Yamagata Y, Yutani K.",-0.43,V,92,D,2.7,64.9,56.6,0,0,0,pdb,UP:P61626,UP:P61626:V92D,736,train
17094,Lysozyme,P61626,V92N (PDB: V74N),Homo sapiens (Human),1LZ1,V74N,Coil,56.6,2.7,64.9,-0.33,-,-,Unknown,11927576.0,hydration structure; surface; alpha-helix; beta-sheet;,"J BIOL CHEM 277, 21792-21800 (2002) PMID: 11927576","Funahashi J, Takano K, Yamagata Y, Yutani K.",-0.33,V,92,N,2.7,64.9,56.6,0,0,0,pdb,UP:P61626,UP:P61626:V92N,737,train
17095,Lysozyme,P61626,V92R (PDB: V74R),Homo sapiens (Human),1LZ1,V74R,Coil,56.6,2.7,64.9,-0.07,-,-,Unknown,11927576.0,hydration structure; surface; alpha-helix; beta-sheet;,"J BIOL CHEM 277, 21792-21800 (2002) PMID: 11927576","Funahashi J, Takano K, Yamagata Y, Yutani K.",-0.07,V,92,R,2.7,64.9,56.6,0,0,0,pdb,UP:P61626,UP:P61626:V92R,738,train
17096,Lysozyme,P61626,V128Y (PDB: V110Y),Homo sapiens (Human),1LZ1,V110Y,Helix,50.75,2.7,64.9,-0.14,-,-,Unknown,11927576.0,hydration structure; surface; alpha-helix; beta-sheet;,"J BIOL CHEM 277, 21792-21800 (2002) PMID: 11927576","Funahashi J, Takano K, Yamagata Y, Yutani K.",-0.14,V,128,Y,2.7,64.9,50.75,0,0,0,pdb,UP:P61626,UP:P61626:V128Y,739,train
17097,Lysozyme,P61626,V128D (PDB: V110D),Homo sapiens (Human),1LZ1,V110D,Helix,50.75,2.7,64.9,0.17,-,-,Unknown,11927576.0,hydration structure; surface; alpha-helix; beta-sheet;,"J BIOL CHEM 277, 21792-21800 (2002) PMID: 11927576","Funahashi J, Takano K, Yamagata Y, Yutani K.",0.17,V,128,D,2.7,64.9,50.75,0,0,0,pdb,UP:P61626,UP:P61626:V128D,740,train
17098,Lysozyme,P61626,V128N (PDB: V110N),Homo sapiens (Human),1LZ1,V110N,Helix,50.75,2.7,64.9,0.07,-,-,Unknown,11927576.0,hydration structure; surface; alpha-helix; beta-sheet;,"J BIOL CHEM 277, 21792-21800 (2002) PMID: 11927576","Funahashi J, Takano K, Yamagata Y, Yutani K.",0.07,V,128,N,2.7,64.9,50.75,0,0,0,pdb,UP:P61626,UP:P61626:V128N,741,train
17099,Lysozyme,P61626,V128R (PDB: V110R),Homo sapiens (Human),1LZ1,V110R,Helix,50.75,2.7,64.9,0.88,-,-,Unknown,11927576.0,hydration structure; surface; alpha-helix; beta-sheet;,"J BIOL CHEM 277, 21792-21800 (2002) PMID: 11927576","Funahashi J, Takano K, Yamagata Y, Yutani K.",0.88,V,128,R,2.7,64.9,50.75,0,0,0,pdb,UP:P61626,UP:P61626:V128R,742,train
17100,Lysozyme,P00720,M102L (PDB: M102L),Enterobacteria phage T4 (Bacteriophage T4),2LZM,M102L,Helix,1.5,5.7,64.89,-0.82,-,-,yes,1569571.0,hydrophobic core packing; protein design; energy minimization;,"J MOL BIOL 224, 1143-1159 (1992) PMID: 1569571","Hurley J.H., Baase W.A. & Matthews B.W.",-0.82,M,102,L,5.7,64.89,1.5,0,0,0,pdb,UP:P00720,UP:P00720:M102L,743,train
17101,Lysozyme,P00720,V111F (PDB: V111F),Enterobacteria phage T4 (Bacteriophage T4),2LZM,V111F,Helix,0.0,5.7,64.89,-1.69,-,-,yes,1569571.0,hydrophobic core packing; protein design; energy minimization;,"J MOL BIOL 224, 1143-1159 (1992) PMID: 1569571","Hurley J.H., Baase W.A. & Matthews B.W.",-1.69,V,111,F,5.7,64.89,0.0,0,0,0,pdb,UP:P00720,UP:P00720:V111F,744,train
17102,Lysozyme,P00720,V111I (PDB: V111I),Enterobacteria phage T4 (Bacteriophage T4),2LZM,V111I,Helix,0.0,5.7,64.89,-0.85,-,-,yes,1569571.0,hydrophobic core packing; protein design; energy minimization;,"J MOL BIOL 224, 1143-1159 (1992) PMID: 1569571","Hurley J.H., Baase W.A. & Matthews B.W.",-0.85,V,111,I,5.7,64.89,0.0,0,0,0,pdb,UP:P00720,UP:P00720:V111I,745,train
17112,Lysozyme,P00720,L99A (PDB: L99A),Enterobacteria phage T4 (Bacteriophage T4),2LZM,L99A,Helix,0.0,5.7,64.88,-4.5,-,-,yes,8433369.0,mutagenesis; protein design; protein structure;,"J MOL BIOL 229, 747-769 (1993) PMID: 8433369","Eriksson A.E., Baase W.A. & Matthews B.W.",-4.5,L,99,A,5.7,64.88,0.0,0,0,0,pdb,UP:P00720,UP:P00720:L99A,746,train
17113,Lysozyme,P00720,L99V (PDB: L99V),Enterobacteria phage T4 (Bacteriophage T4),2LZM,L99V,Helix,0.0,5.7,64.88,-2,-,-,yes,8433369.0,mutagenesis; protein design; protein structure;,"J MOL BIOL 229, 747-769 (1993) PMID: 8433369","Eriksson A.E., Baase W.A. & Matthews B.W.",-2.0,L,99,V,5.7,64.88,0.0,0,0,0,pdb,UP:P00720,UP:P00720:L99V,747,train
17114,Lysozyme,P00720,L99I (PDB: L99I),Enterobacteria phage T4 (Bacteriophage T4),2LZM,L99I,Helix,0.0,5.7,64.88,-1.5,-,-,yes,8433369.0,mutagenesis; protein design; protein structure;,"J MOL BIOL 229, 747-769 (1993) PMID: 8433369","Eriksson A.E., Baase W.A. & Matthews B.W.",-1.5,L,99,I,5.7,64.88,0.0,0,0,0,pdb,UP:P00720,UP:P00720:L99I,748,train
17115,Lysozyme,P00720,L99M (PDB: L99M),Enterobacteria phage T4 (Bacteriophage T4),2LZM,L99M,Helix,0.0,5.7,64.88,-0.6,-,-,yes,8433369.0,mutagenesis; protein design; protein structure;,"J MOL BIOL 229, 747-769 (1993) PMID: 8433369","Eriksson A.E., Baase W.A. & Matthews B.W.",-0.6,L,99,M,5.7,64.88,0.0,0,0,0,pdb,UP:P00720,UP:P00720:L99M,749,train
17116,Lysozyme,P00720,L99F (PDB: L99F),Enterobacteria phage T4 (Bacteriophage T4),2LZM,L99F,Helix,0.0,5.7,64.88,-0.3,-,-,yes,8433369.0,mutagenesis; protein design; protein structure;,"J MOL BIOL 229, 747-769 (1993) PMID: 8433369","Eriksson A.E., Baase W.A. & Matthews B.W.",-0.3,L,99,F,5.7,64.88,0.0,0,0,0,pdb,UP:P00720,UP:P00720:L99F,750,train
17117,Lysozyme,P00720,F153A (PDB: F153A),Enterobacteria phage T4 (Bacteriophage T4),2LZM,F153A,Helix,1.0,5.7,64.88,-3.8,-,-,yes,8433369.0,mutagenesis; protein design; protein structure;,"J MOL BIOL 229, 747-769 (1993) PMID: 8433369","Eriksson A.E., Baase W.A. & Matthews B.W.",-3.8,F,153,A,5.7,64.88,1.0,0,0,0,pdb,UP:P00720,UP:P00720:F153A,751,train
17118,Lysozyme,P00720,F153V (PDB: F153V),Enterobacteria phage T4 (Bacteriophage T4),2LZM,F153V,Helix,1.0,5.7,64.88,-1.8,-,-,yes,8433369.0,mutagenesis; protein design; protein structure;,"J MOL BIOL 229, 747-769 (1993) PMID: 8433369","Eriksson A.E., Baase W.A. & Matthews B.W.",-1.8,F,153,V,5.7,64.88,1.0,0,0,0,pdb,UP:P00720,UP:P00720:F153V,752,train
17119,Lysozyme,P00720,F153I (PDB: F153I),Enterobacteria phage T4 (Bacteriophage T4),2LZM,F153I,Helix,1.0,5.7,64.88,-0.2,-,-,yes,8433369.0,mutagenesis; protein design; protein structure;,"J MOL BIOL 229, 747-769 (1993) PMID: 8433369","Eriksson A.E., Baase W.A. & Matthews B.W.",-0.2,F,153,I,5.7,64.88,1.0,0,0,0,pdb,UP:P00720,UP:P00720:F153I,753,train
17120,Lysozyme,P00720,F153L (PDB: F153L),Enterobacteria phage T4 (Bacteriophage T4),2LZM,F153L,Helix,1.0,5.7,64.88,0.3,-,-,yes,8433369.0,mutagenesis; protein design; protein structure;,"J MOL BIOL 229, 747-769 (1993) PMID: 8433369","Eriksson A.E., Baase W.A. & Matthews B.W.",0.3,F,153,L,5.7,64.88,1.0,0,0,0,pdb,UP:P00720,UP:P00720:F153L,754,train
17121,Lysozyme,P00720,F153M (PDB: F153M),Enterobacteria phage T4 (Bacteriophage T4),2LZM,F153M,Helix,1.0,5.7,64.88,-0.6,-,-,yes,8433369.0,mutagenesis; protein design; protein structure;,"J MOL BIOL 229, 747-769 (1993) PMID: 8433369","Eriksson A.E., Baase W.A. & Matthews B.W.",-0.6,F,153,M,5.7,64.88,1.0,0,0,0,pdb,UP:P00720,UP:P00720:F153M,755,train
17123,Lysozyme,P00720,G77A (PDB: G77A),Enterobacteria phage T4 (Bacteriophage T4),2LZM,G77A,Helix,3.81,6.5,64.7,0.4,-,-,yes,3477797.0,lysozyme; protein structure; protein design; proline;,"PROC NATL ACAD SCI U S A 84, 6663-6667 (1987) PMID: 3477797","Matthews B.W., Nicholson H. & Becktel W.J.",0.4,G,77,A,6.5,64.7,3.81,0,0,0,pdb,UP:P00720,UP:P00720:G77A,756,train
17124,Lysozyme,P00720,A82P (PDB: A82P),Enterobacteria phage T4 (Bacteriophage T4),2LZM,A82P,Helix,78.95,6.5,64.7,0.8,-,-,yes,3477797.0,lysozyme; protein structure; protein design; proline;,"PROC NATL ACAD SCI U S A 84, 6663-6667 (1987) PMID: 3477797","Matthews B.W., Nicholson H. & Becktel W.J.",0.8,A,82,P,6.5,64.7,78.95,0,0,0,pdb,UP:P00720,UP:P00720:A82P,757,train
17125,Lysozyme,P00720,N55G (PDB: N55G),Enterobacteria phage T4 (Bacteriophage T4),2LZM,N55G,Turn,83.33,6.5,64.7,-0.6,-,-,yes,2511328.0,T4 lysozyme; thermodynamic stability; conformational energy;,"J MOL BIOL 210, 181-193 (1989) PMID: 2511328","Nicholson H, Soderlind E, Tronrud DE, Matthews B",-0.6,N,55,G,6.5,64.7,83.33,0,0,0,pdb,UP:P00720,UP:P00720:N55G,758,train
17126,Lysozyme,P00720,K124G (PDB: K124G),Enterobacteria phage T4 (Bacteriophage T4),2LZM,K124G,Coil,46.67,6.5,64.7,-0.1,-,-,yes,2511328.0,T4 lysozyme; thermodynamic stability; conformational energy;,"J MOL BIOL 210, 181-193 (1989) PMID: 2511328","Nicholson H, Soderlind E, Tronrud DE, Matthews B",-0.1,K,124,G,6.5,64.7,46.67,0,0,0,pdb,UP:P00720,UP:P00720:K124G,759,train
17127,Lysozyme,P00720,I3W (PDB: I3W),Enterobacteria phage T4 (Bacteriophage T4),2LZM,I3W,Helix,10.81,6.5,64.7,-2.8,-,-,yes,3405287.0,bacteriophage T4; hydrophobicity; protein folding;,"NATURE 334, 406-410 (1988) PMID: 3405287","Matsumura M., Becktel W.J. & Matthews B.W.",-2.8,I,3,W,6.5,64.7,10.81,0,0,0,pdb,UP:P00720,UP:P00720:I3W,760,train
17128,Lysozyme,P00720,I3Y (PDB: I3Y),Enterobacteria phage T4 (Bacteriophage T4),2LZM,I3Y,Helix,10.81,6.5,64.7,-2.3,-,-,yes,3405287.0,bacteriophage T4; hydrophobicity; protein folding;,"NATURE 334, 406-410 (1988) PMID: 3405287","Matsumura M., Becktel W.J. & Matthews B.W.",-2.3,I,3,Y,6.5,64.7,10.81,0,0,0,pdb,UP:P00720,UP:P00720:I3Y,761,train
17129,Lysozyme,P00720,I3F (PDB: I3F),Enterobacteria phage T4 (Bacteriophage T4),2LZM,I3F,Helix,10.81,6.5,64.7,-1.1,-,-,yes,3405287.0,bacteriophage T4; hydrophobicity; protein folding;,"NATURE 334, 406-410 (1988) PMID: 3405287","Matsumura M., Becktel W.J. & Matthews B.W.",-1.1,I,3,F,6.5,64.7,10.81,0,0,0,pdb,UP:P00720,UP:P00720:I3F,762,train
17130,Lysozyme,P00720,I3L (PDB: I3L),Enterobacteria phage T4 (Bacteriophage T4),2LZM,I3L,Helix,10.81,6.5,64.7,0.4,-,-,yes,3405287.0,bacteriophage T4; hydrophobicity; protein folding;,"NATURE 334, 406-410 (1988) PMID: 3405287","Matsumura M., Becktel W.J. & Matthews B.W.",0.4,I,3,L,6.5,64.7,10.81,0,0,0,pdb,UP:P00720,UP:P00720:I3L,763,train
17131,Lysozyme,P00720,I3V (PDB: I3V),Enterobacteria phage T4 (Bacteriophage T4),2LZM,I3V,Helix,10.81,6.5,64.7,-0.4,-,-,yes,3405287.0,bacteriophage T4; hydrophobicity; protein folding;,"NATURE 334, 406-410 (1988) PMID: 3405287","Matsumura M., Becktel W.J. & Matthews B.W.",-0.4,I,3,V,6.5,64.7,10.81,0,0,0,pdb,UP:P00720,UP:P00720:I3V,764,train
17132,Lysozyme,P00720,I3M (PDB: I3M),Enterobacteria phage T4 (Bacteriophage T4),2LZM,I3M,Helix,10.81,6.5,64.7,-0.9,-,-,yes,3405287.0,bacteriophage T4; hydrophobicity; protein folding;,"NATURE 334, 406-410 (1988) PMID: 3405287","Matsumura M., Becktel W.J. & Matthews B.W.",-0.9,I,3,M,6.5,64.7,10.81,0,0,0,pdb,UP:P00720,UP:P00720:I3M,765,train
17133,Lysozyme,P00720,I3C (PDB: I3C),Enterobacteria phage T4 (Bacteriophage T4),2LZM,I3C,Helix,10.81,6.5,64.7,-1.2,-,-,yes,3405287.0,bacteriophage T4; hydrophobicity; protein folding;,"NATURE 334, 406-410 (1988) PMID: 3405287","Matsumura M., Becktel W.J. & Matthews B.W.",-1.2,I,3,C,6.5,64.7,10.81,0,0,0,pdb,UP:P00720,UP:P00720:I3C,766,train
17134,Lysozyme,P00720,I3C (PDB: I3C),Enterobacteria phage T4 (Bacteriophage T4),2LZM,I3C,Helix,10.81,6.5,64.7,1.2,-,-,yes,3405287.0,bacteriophage T4; hydrophobicity; protein folding;,"NATURE 334, 406-410 (1988) PMID: 3405287","Matsumura M., Becktel W.J. & Matthews B.W.",1.2,I,3,C,6.5,64.7,10.81,0,0,0,pdb,UP:P00720,UP:P00720:I3C,767,train
17135,Lysozyme,P00720,I3A (PDB: I3A),Enterobacteria phage T4 (Bacteriophage T4),2LZM,I3A,Helix,10.81,6.5,64.7,-0.7,-,-,yes,3405287.0,bacteriophage T4; hydrophobicity; protein folding;,"NATURE 334, 406-410 (1988) PMID: 3405287","Matsumura M., Becktel W.J. & Matthews B.W.",-0.7,I,3,A,6.5,64.7,10.81,0,0,0,pdb,UP:P00720,UP:P00720:I3A,768,train
17136,Lysozyme,P00720,I3T (PDB: I3T),Enterobacteria phage T4 (Bacteriophage T4),2LZM,I3T,Helix,10.81,6.5,64.7,-2.3,-,-,yes,3405287.0,bacteriophage T4; hydrophobicity; protein folding;,"NATURE 334, 406-410 (1988) PMID: 3405287","Matsumura M., Becktel W.J. & Matthews B.W.",-2.3,I,3,T,6.5,64.7,10.81,0,0,0,pdb,UP:P00720,UP:P00720:I3T,769,train
17137,Lysozyme,P00720,I3S (PDB: I3S),Enterobacteria phage T4 (Bacteriophage T4),2LZM,I3S,Helix,10.81,6.5,64.7,-1.7,-,-,yes,3405287.0,bacteriophage T4; hydrophobicity; protein folding;,"NATURE 334, 406-410 (1988) PMID: 3405287","Matsumura M., Becktel W.J. & Matthews B.W.",-1.7,I,3,S,6.5,64.7,10.81,0,0,0,pdb,UP:P00720,UP:P00720:I3S,770,train
17138,Lysozyme,P00720,I3G (PDB: I3G),Enterobacteria phage T4 (Bacteriophage T4),2LZM,I3G,Helix,10.81,6.5,64.7,-2.1,-,-,yes,3405287.0,bacteriophage T4; hydrophobicity; protein folding;,"NATURE 334, 406-410 (1988) PMID: 3405287","Matsumura M., Becktel W.J. & Matthews B.W.",-2.1,I,3,G,6.5,64.7,10.81,0,0,0,pdb,UP:P00720,UP:P00720:I3G,771,train
17139,Lysozyme,P00720,I3E (PDB: I3E),Enterobacteria phage T4 (Bacteriophage T4),2LZM,I3E,Helix,10.81,6.5,64.7,-2,-,-,yes,3405287.0,bacteriophage T4; hydrophobicity; protein folding;,"NATURE 334, 406-410 (1988) PMID: 3405287","Matsumura M., Becktel W.J. & Matthews B.W.",-2.0,I,3,E,6.5,64.7,10.81,0,0,0,pdb,UP:P00720,UP:P00720:I3E,772,train
17140,Lysozyme,P00720,I3D (PDB: I3D),Enterobacteria phage T4 (Bacteriophage T4),2LZM,I3D,Helix,10.81,6.5,64.7,-3.2,-,-,yes,3405287.0,bacteriophage T4; hydrophobicity; protein folding;,"NATURE 334, 406-410 (1988) PMID: 3405287","Matsumura M., Becktel W.J. & Matthews B.W.",-3.2,I,3,D,6.5,64.7,10.81,0,0,0,pdb,UP:P00720,UP:P00720:I3D,773,train
17141,Lysozyme,P00720,K60P (PDB: K60P),Enterobacteria phage T4 (Bacteriophage T4),2LZM,K60P,Helix,52.02,6.5,64.7,0,-,-,yes,1457724.0,phage T4 lysozyme; thermostability; alpha-helix;,"BIOPOLYMERS 32, 1431-1441 (1992) PMID: 1457724","Nicholson H., Tronrud D.E., Becktel W.J. & Matthews B.W.",0.0,K,60,P,6.5,64.7,52.02,0,0,0,pdb,UP:P00720,UP:P00720:K60P,774,train
17142,Lysozyme,P00720,G77A (PDB: G77A),Enterobacteria phage T4 (Bacteriophage T4),2LZM,G77A,Helix,3.81,6.5,64.7,0.4,-,-,yes,1457724.0,phage T4 lysozyme; thermostability; alpha-helix;,"BIOPOLYMERS 32, 1431-1441 (1992) PMID: 1457724","Nicholson H., Tronrud D.E., Becktel W.J. & Matthews B.W.",0.4,G,77,A,6.5,64.7,3.81,0,0,0,pdb,UP:P00720,UP:P00720:G77A,775,train
17143,Lysozyme,P00720,A82P (PDB: A82P),Enterobacteria phage T4 (Bacteriophage T4),2LZM,A82P,Helix,78.95,6.5,64.7,0.8,-,-,yes,1457724.0,phage T4 lysozyme; thermostability; alpha-helix;,"BIOPOLYMERS 32, 1431-1441 (1992) PMID: 1457724","Nicholson H., Tronrud D.E., Becktel W.J. & Matthews B.W.",0.8,A,82,P,6.5,64.7,78.95,0,0,0,pdb,UP:P00720,UP:P00720:A82P,776,train
17144,Lysozyme,P00720,A93P (PDB: A93P),Enterobacteria phage T4 (Bacteriophage T4),2LZM,A93P,Helix,66.24,6.5,64.7,0.1,-,-,yes,1457724.0,phage T4 lysozyme; thermostability; alpha-helix;,"BIOPOLYMERS 32, 1431-1441 (1992) PMID: 1457724","Nicholson H., Tronrud D.E., Becktel W.J. & Matthews B.W.",0.1,A,93,P,6.5,64.7,66.24,0,0,0,pdb,UP:P00720,UP:P00720:A93P,777,train
17145,Lysozyme,P00720,G113A (PDB: G113A),Enterobacteria phage T4 (Bacteriophage T4),2LZM,G113A,Helix,68.61,6.5,64.7,0.3,-,-,yes,1457724.0,phage T4 lysozyme; thermostability; alpha-helix;,"BIOPOLYMERS 32, 1431-1441 (1992) PMID: 1457724","Nicholson H., Tronrud D.E., Becktel W.J. & Matthews B.W.",0.3,G,113,A,6.5,64.7,68.61,0,0,0,pdb,UP:P00720,UP:P00720:G113A,778,train
17146,Lysozyme,P00720,G156D (PDB: G156D),Enterobacteria phage T4 (Bacteriophage T4),2LZM,G156D,Helix,21.6,6.5,64.7,-2.3,-,-,yes,3680274.0,T4 lysozyme; temperature-sensitive; crystallographic refinement;,"J BIOL CHEM 262, 16858-16864 (1987) PMID: 3680274",Gray T.M. & Matthews B.W.,-2.3,G,156,D,6.5,64.7,21.6,0,0,0,pdb,UP:P00720,UP:P00720:G156D,779,train
17147,Lysozyme,P00720,L133D (PDB: L133D),Enterobacteria phage T4 (Bacteriophage T4),2LZM,L133D,Helix,0.55,4.4,64.6,-5.5,-,-,yes,1747370.0,T4 lysozyme; alpha-helix; energetic; structural;,"BIOCHEMISTRY 30, 11521-11529 (1991) PMID: 1747370","Dao-pin S., Anderson D.E., Baase W.A., Dahlquist F.W. & Matthews B.W.",-5.5,L,133,D,4.4,64.6,0.55,0,0,0,pdb,UP:P00720,UP:P00720:L133D,780,train
17148,Lysozyme,P00720,T115E (PDB: T115E),Enterobacteria phage T4 (Bacteriophage T4),2LZM,T115E,Turn,63.45,6.5,64.6,0.3,-,-,yes,1854726.0,salt bridges; T4 lysozyme; electrostatic interactions;,"BIOCHEMISTRY 30, 7142-7153 (1991) PMID: 1854726","Dao-pin S., Sauer U., Nicholson H. & Matthews B.W.",0.3,T,115,E,6.5,64.6,63.45,0,0,0,pdb,UP:P00720,UP:P00720:T115E,781,train
17156,Soluble cytochrome b562,P0ABE7,M55A (PDB: M33A),Unknown,1yyx,M33A,-,,5.0,64.6,3.5,-,-,Unknown,15533036.0,intermediate; hydrophobic; phi-value analysis; non-native interactions,"BIOCHEMISTRY 43, 14325-14331 (2004) PMID: 15533036","Feng H, Vu ND, Zhou Z, Bai Y",3.5,M,55,A,5.0,64.6,,0,0,1,pdb,UP:P0ABE7,UP:P0ABE7:M55A,782,train
17157,Soluble cytochrome b562,P0ABE7,A58G (PDB: A36G),Unknown,1yyx,A36G,-,,5.0,64.6,2.71,-,-,Unknown,15533036.0,intermediate; hydrophobic; phi-value analysis; non-native interactions,"BIOCHEMISTRY 43, 14325-14331 (2004) PMID: 15533036","Feng H, Vu ND, Zhou Z, Bai Y",2.71,A,58,G,5.0,64.6,,0,0,1,pdb,UP:P0ABE7,UP:P0ABE7:A58G,783,train
17158,Soluble cytochrome b562,P0ABE7,L70A (PDB: L48A),Unknown,1yyx,L48A,-,,5.0,64.6,4.23,-,-,Unknown,15533036.0,intermediate; hydrophobic; phi-value analysis; non-native interactions,"BIOCHEMISTRY 43, 14325-14331 (2004) PMID: 15533036","Feng H, Vu ND, Zhou Z, Bai Y",4.23,L,70,A,5.0,64.6,,0,0,1,pdb,UP:P0ABE7,UP:P0ABE7:L70A,784,train
17159,Soluble cytochrome b562,P0ABE7,M80A (PDB: M58A),Unknown,1yyx,M58A,-,,5.0,64.6,3.61,-,-,Unknown,15533036.0,intermediate; hydrophobic; phi-value analysis; non-native interactions,"BIOCHEMISTRY 43, 14325-14331 (2004) PMID: 15533036","Feng H, Vu ND, Zhou Z, Bai Y",3.61,M,80,A,5.0,64.6,,0,0,1,pdb,UP:P0ABE7,UP:P0ABE7:M80A,785,train
17160,Soluble cytochrome b562,P0ABE7,F83A (PDB: F61A),Unknown,1yyx,F61A,-,,5.0,64.6,5.45,-,-,Unknown,15533036.0,intermediate; hydrophobic; phi-value analysis; non-native interactions,"BIOCHEMISTRY 43, 14325-14331 (2004) PMID: 15533036","Feng H, Vu ND, Zhou Z, Bai Y",5.45,F,83,A,5.0,64.6,,0,0,1,pdb,UP:P0ABE7,UP:P0ABE7:F83A,786,train
17161,Soluble cytochrome b562,P0ABE7,F87A (PDB: F65A),Unknown,1yyx,F65A,-,,5.0,64.6,2.5,-,-,Unknown,15533036.0,intermediate; hydrophobic; phi-value analysis; non-native interactions,"BIOCHEMISTRY 43, 14325-14331 (2004) PMID: 15533036","Feng H, Vu ND, Zhou Z, Bai Y",2.5,F,87,A,5.0,64.6,,0,0,1,pdb,UP:P0ABE7,UP:P0ABE7:F87A,787,train
17162,Soluble cytochrome b562,P0ABE7,L90A (PDB: L68A),Unknown,1yyx,L68A,-,,5.0,64.6,4.03,-,-,Unknown,15533036.0,intermediate; hydrophobic; phi-value analysis; non-native interactions,"BIOCHEMISTRY 43, 14325-14331 (2004) PMID: 15533036","Feng H, Vu ND, Zhou Z, Bai Y",4.03,L,90,A,5.0,64.6,,0,0,1,pdb,UP:P0ABE7,UP:P0ABE7:L90A,788,train
17163,Soluble cytochrome b562,P0ABE7,I94A (PDB: I72A),Unknown,1yyx,I72A,-,,5.0,64.6,4.67,-,-,Unknown,15533036.0,intermediate; hydrophobic; phi-value analysis; non-native interactions,"BIOCHEMISTRY 43, 14325-14331 (2004) PMID: 15533036","Feng H, Vu ND, Zhou Z, Bai Y",4.67,I,94,A,5.0,64.6,,0,0,1,pdb,UP:P0ABE7,UP:P0ABE7:I94A,789,train
17164,Soluble cytochrome b562,P0ABE7,L98A (PDB: L76A),Unknown,1yyx,L76A,-,,5.0,64.6,3.43,-,-,Unknown,15533036.0,intermediate; hydrophobic; phi-value analysis; non-native interactions,"BIOCHEMISTRY 43, 14325-14331 (2004) PMID: 15533036","Feng H, Vu ND, Zhou Z, Bai Y",3.43,L,98,A,5.0,64.6,,0,0,1,pdb,UP:P0ABE7,UP:P0ABE7:L98A,790,train
17165,Soluble cytochrome b562,P0ABE7,V106A (PDB: V84A),Unknown,1yyx,V84A,-,,5.0,64.6,3.85,-,-,Unknown,15533036.0,intermediate; hydrophobic; phi-value analysis; non-native interactions,"BIOCHEMISTRY 43, 14325-14331 (2004) PMID: 15533036","Feng H, Vu ND, Zhou Z, Bai Y",3.85,V,106,A,5.0,64.6,,0,0,1,pdb,UP:P0ABE7,UP:P0ABE7:V106A,791,train
17166,Soluble cytochrome b562,P0ABE7,A109G (PDB: A87G),Unknown,1yyx,A87G,-,,5.0,64.6,3.03,-,-,Unknown,15533036.0,intermediate; hydrophobic; phi-value analysis; non-native interactions,"BIOCHEMISTRY 43, 14325-14331 (2004) PMID: 15533036","Feng H, Vu ND, Zhou Z, Bai Y",3.03,A,109,G,5.0,64.6,,0,0,1,pdb,UP:P0ABE7,UP:P0ABE7:A109G,792,train
17167,Soluble cytochrome b562,P0ABE7,A112G (PDB: A90G),Unknown,1yyx,A90G,-,,5.0,64.6,2.87,-,-,Unknown,15533036.0,intermediate; hydrophobic; phi-value analysis; non-native interactions,"BIOCHEMISTRY 43, 14325-14331 (2004) PMID: 15533036","Feng H, Vu ND, Zhou Z, Bai Y",2.87,A,112,G,5.0,64.6,,0,0,1,pdb,UP:P0ABE7,UP:P0ABE7:A112G,793,train
17168,Soluble cytochrome b562,P0ABE7,L116A (PDB: L94A),Unknown,1yyx,L94A,-,,5.0,64.6,1.73,-,-,Unknown,15533036.0,intermediate; hydrophobic; phi-value analysis; non-native interactions,"BIOCHEMISTRY 43, 14325-14331 (2004) PMID: 15533036","Feng H, Vu ND, Zhou Z, Bai Y",1.73,L,116,A,5.0,64.6,,0,0,1,pdb,UP:P0ABE7,UP:P0ABE7:L116A,794,train
17169,Soluble cytochrome b562,P0ABE7,I98A (UniProt),Unknown,AF-P0ABE7-F1,-,-,,5.0,64.6,3.83,-,-,Unknown,15533036.0,intermediate; hydrophobic; phi-value analysis; non-native interactions,"BIOCHEMISTRY 43, 14325-14331 (2004) PMID: 15533036","Feng H, Vu ND, Zhou Z, Bai Y",3.83,I,98,A,5.0,64.6,,0,0,1,uniprot,UP:P0ABE7,UP:P0ABE7:I98A,795,train
17170,Lysozyme,P00720,T157I (PDB: T157I),Enterobacteria phage T4 (Bacteriophage T4),2LZM,T157I,Turn,35.33,6.0,64.5,-1.2,-,-,yes,3681997.0,T4 lysozyme; thermal denaturation; hydrogen bonds;,"J MOL BIOL 197, 315-329 (1987) PMID: 3681997","Gruetter M.G., Gray T.M., Weaver L.H., Alber T., Wilson K.",-1.2,T,157,I,6.0,64.5,35.33,0,0,0,pdb,UP:P00720,UP:P00720:T157I,796,train
17171,Lysozyme,P00720,Q123E (PDB: Q123E),Enterobacteria phage T4 (Bacteriophage T4),2LZM,Q123E,Helix,55.43,6.5,64.5,0.4,-,-,yes,1854726.0,salt bridges; T4 lysozyme; electrostatic interactions;,"BIOCHEMISTRY 30, 7142-7153 (1991) PMID: 1854726","Dao-pin S., Sauer U., Nicholson H. & Matthews B.W.",0.4,Q,123,E,6.5,64.5,55.43,0,0,0,pdb,UP:P00720,UP:P00720:Q123E,797,train
17172,Lysozyme,P00720,N144E (PDB: N144E),Enterobacteria phage T4 (Bacteriophage T4),2LZM,N144E,Helix,75.14,6.5,64.5,0.5,-,-,yes,1854726.0,salt bridges; T4 lysozyme; electrostatic interactions;,"BIOCHEMISTRY 30, 7142-7153 (1991) PMID: 1854726","Dao-pin S., Sauer U., Nicholson H. & Matthews B.W.",0.5,N,144,E,6.5,64.5,75.14,0,0,0,pdb,UP:P00720,UP:P00720:N144E,798,train
17173,Plasminogen activator kringle-2 domain,P00750,V280I (UniProt),Homo sapiens (Human),1TPK,-,Sheet,0.0,4.5,64.3,0.3,-,-,yes,2502177.0,valine; stability profile; kringle fold; beta-branched residue;,"BIOCHEMISTRY 28, 4047-4054 (1989) PMID: 2502177","Kelley RF, Cleary S",0.3,V,280,I,4.5,64.3,0.0,0,0,0,uniprot,UP:P00750,UP:P00750:V280I,799,train
17174,Plasminogen activator kringle-2 domain,P00750,V280T (UniProt),Homo sapiens (Human),1TPK,-,Sheet,0.0,4.5,64.3,-1,-,-,yes,2502177.0,valine; stability profile; kringle fold; beta-branched residue;,"BIOCHEMISTRY 28, 4047-4054 (1989) PMID: 2502177","Kelley RF, Cleary S",-1.0,V,280,T,4.5,64.3,0.0,0,0,0,uniprot,UP:P00750,UP:P00750:V280T,800,train
17175,Plasminogen activator kringle-2 domain,P00750,V280L (UniProt),Homo sapiens (Human),1TPK,-,Sheet,0.0,4.5,64.3,-1.9,-,-,yes,2502177.0,valine; stability profile; kringle fold; beta-branched residue;,"BIOCHEMISTRY 28, 4047-4054 (1989) PMID: 2502177","Kelley RF, Cleary S",-1.9,V,280,L,4.5,64.3,0.0,0,0,0,uniprot,UP:P00750,UP:P00750:V280L,801,train
17176,Plasminogen activator kringle-2 domain,P00750,V280A (UniProt),Homo sapiens (Human),1TPK,-,Sheet,0.0,4.5,64.3,-2,-,-,yes,2502177.0,valine; stability profile; kringle fold; beta-branched residue;,"BIOCHEMISTRY 28, 4047-4054 (1989) PMID: 2502177","Kelley RF, Cleary S",-2.0,V,280,A,4.5,64.3,0.0,0,0,0,uniprot,UP:P00750,UP:P00750:V280A,802,train
17177,Plasminogen activator kringle-2 domain,P00750,V280M (UniProt),Homo sapiens (Human),1TPK,-,Sheet,0.0,4.5,64.3,-2.2,-,-,yes,2502177.0,valine; stability profile; kringle fold; beta-branched residue;,"BIOCHEMISTRY 28, 4047-4054 (1989) PMID: 2502177","Kelley RF, Cleary S",-2.2,V,280,M,4.5,64.3,0.0,0,0,0,uniprot,UP:P00750,UP:P00750:V280M,803,train
17178,Plasminogen activator kringle-2 domain,P00750,V280S (UniProt),Homo sapiens (Human),1TPK,-,Sheet,0.0,4.5,64.3,-2.4,-,-,yes,2502177.0,valine; stability profile; kringle fold; beta-branched residue;,"BIOCHEMISTRY 28, 4047-4054 (1989) PMID: 2502177","Kelley RF, Cleary S",-2.4,V,280,S,4.5,64.3,0.0,0,0,0,uniprot,UP:P00750,UP:P00750:V280S,804,train
17180,HU DNA-binding protein,P0A3H0,A27S (PDB: A27S),Geobacillus stearothermophilus (Bacillus stearothermophilus),1HUE,A27S,Helix,0.0,7.0,63.9,-1.19,-,-,yes,9685334.0,thermostability; DNA-binding protein HU; structural;,"J BIOL CHEM 273, 19982-19987 (1998) PMID: 9685334","Kawamura S, Abe Y, Ueda T, Masumoto K, Imoto T, Yamasaki N,",-1.19,A,27,S,7.0,63.9,0.0,0,0,0,pdb,UP:P0A3H0,UP:P0A3H0:A27S,805,train
17181,HU DNA-binding protein,P0A3H0,S31T (PDB: S31T),Geobacillus stearothermophilus (Bacillus stearothermophilus),1HUE,S31T,Coil,27.3,7.0,63.9,0.41,-,-,yes,9685334.0,thermostability; DNA-binding protein HU; structural;,"J BIOL CHEM 273, 19982-19987 (1998) PMID: 9685334","Kawamura S, Abe Y, Ueda T, Masumoto K, Imoto T, Yamasaki N,",0.41,S,31,T,7.0,63.9,27.3,0,0,0,pdb,UP:P0A3H0,UP:P0A3H0:S31T,806,train
17182,HU DNA-binding protein,P0A3H0,V42I (PDB: V42I),Geobacillus stearothermophilus (Bacillus stearothermophilus),1HUE,V42I,Sheet,1.3,7.0,63.9,-0.82,-,-,yes,9685334.0,thermostability; DNA-binding protein HU; structural;,"J BIOL CHEM 273, 19982-19987 (1998) PMID: 9685334","Kawamura S, Abe Y, Ueda T, Masumoto K, Imoto T, Yamasaki N,",-0.82,V,42,I,7.0,63.9,1.3,0,0,0,pdb,UP:P0A3H0,UP:P0A3H0:V42I,807,train
17183,HU DNA-binding protein,P0A3H0,A56S (PDB: A56S),Geobacillus stearothermophilus (Bacillus stearothermophilus),1HUE,A56S,Coil,80.76,7.0,63.9,-0.13,-,-,yes,9685334.0,thermostability; DNA-binding protein HU; structural;,"J BIOL CHEM 273, 19982-19987 (1998) PMID: 9685334","Kawamura S, Abe Y, Ueda T, Masumoto K, Imoto T, Yamasaki N,",-0.13,A,56,S,7.0,63.9,80.76,0,0,0,pdb,UP:P0A3H0,UP:P0A3H0:A56S,808,train
17184,HU DNA-binding protein,P0A3H0,M69I (PDB: M69I),Geobacillus stearothermophilus (Bacillus stearothermophilus),1HUE,M69I,Coil,39.48,7.0,63.9,0,-,-,yes,9685334.0,thermostability; DNA-binding protein HU; structural;,"J BIOL CHEM 273, 19982-19987 (1998) PMID: 9685334","Kawamura S, Abe Y, Ueda T, Masumoto K, Imoto T, Yamasaki N,",0.0,M,69,I,7.0,63.9,39.48,0,0,0,pdb,UP:P0A3H0,UP:P0A3H0:M69I,809,train
17185,Lysozyme,P00720,T115E (PDB: T115E),Enterobacteria phage T4 (Bacteriophage T4),2LZM,T115E,Turn,63.45,4.0,63.6,-0.1,-,-,yes,1854726.0,salt bridges; T4 lysozyme; electrostatic interactions;,"BIOCHEMISTRY 30, 7142-7153 (1991) PMID: 1854726","Dao-pin S., Sauer U., Nicholson H. & Matthews B.W.",-0.1,T,115,E,4.0,63.6,63.45,0,0,0,pdb,UP:P00720,UP:P00720:T115E,810,train
17186,Lysozyme,P00720,D72P (PDB: D72P),Enterobacteria phage T4 (Bacteriophage T4),2LZM,D72P,Helix,57.6,6.5,63.4,-2.7,-,-,yes,1733941.0,T4 lysozyme; proline; alpha-helix; amino acid substitution;,"J BIOL CHEM 267, 2393-2399 (1992) PMID: 1733941","Sauer U.H., Dao-pin S. & Matthews B.W.",-2.7,D,72,P,6.5,63.4,57.6,0,0,0,pdb,UP:P00720,UP:P00720:D72P,811,train
17187,Phosphocarrier protein - HPr protein,P0AA04,K49E (PDB: K49E),Escherichia coli (strain K12),1POH,K49E,Helix,44.73,7.0,63.4,2.1,-,-,Unknown,10064718.0,N-capping; NMR; hydrogen bonds; protein engineering;,"J MOL BIOL 286, 1609-1619 (1999) PMID: 10064718","Peterson RW, Nicholson EM, Thapar R, Klevit RE, Scholtz JM",2.1,K,49,E,7.0,63.4,44.73,0,0,0,pdb,UP:P0AA04,UP:P0AA04:K49E,812,train
17188,Ribonuclease pancreatic,P61823,Y123F (PDB: Y97F),Bos taurus (Bovine),1RTB,Y97F,Sheet,4.21,5.0,63.3,-3.54,-,-,yes,8844858.0,bovine pancreatic ribonuclease A; hydrogen bond; hydrophobic effect;,"PROTEIN SCI 5, 1697-1703 (1996) PMID: 8844858","Eberhardt ES, Wittmayer PK, Templer BM, Raines RT",-3.54,Y,123,F,5.0,63.3,4.21,0,0,0,pdb,UP:P61823,UP:P61823:Y123F,813,train
17189,Ribonuclease pancreatic,P61823,Y123A (PDB: Y97A),Bos taurus (Bovine),1RTB,Y97A,Sheet,4.21,5.0,63.3,-12,-,-,yes,8844858.0,bovine pancreatic ribonuclease A; hydrogen bond; hydrophobic effect;,"PROTEIN SCI 5, 1697-1703 (1996) PMID: 8844858","Eberhardt ES, Wittmayer PK, Templer BM, Raines RT",-12.0,Y,123,A,5.0,63.3,4.21,0,0,0,pdb,UP:P61823,UP:P61823:Y123A,814,train
17190,Ribonuclease pancreatic,P61823,Y123G (PDB: Y97G),Bos taurus (Bovine),1RTB,Y97G,Sheet,4.21,5.0,63.3,-11.7,-,-,yes,8844858.0,bovine pancreatic ribonuclease A; hydrogen bond; hydrophobic effect;,"PROTEIN SCI 5, 1697-1703 (1996) PMID: 8844858","Eberhardt ES, Wittmayer PK, Templer BM, Raines RT",-11.7,Y,123,G,5.0,63.3,4.21,0,0,0,pdb,UP:P61823,UP:P61823:Y123G,815,train
17191,Lysozyme,P00720,Q69P (PDB: Q69P),Enterobacteria phage T4 (Bacteriophage T4),2LZM,Q69P,Helix,54.31,6.5,63.2,-2.9,-,-,yes,1733941.0,T4 lysozyme; proline; alpha-helix; amino acid substitution;,"J BIOL CHEM 267, 2393-2399 (1992) PMID: 1733941","Sauer U.H., Dao-pin S. & Matthews B.W.",-2.9,Q,69,P,6.5,63.2,54.31,0,0,0,pdb,UP:P00720,UP:P00720:Q69P,816,train
17192,Lysozyme,P00720,K60H (PDB: K60H),Enterobacteria phage T4 (Bacteriophage T4),2LZM,K60H,Helix,52.02,6.5,63,-0.1,-,-,yes,1854726.0,salt bridges; T4 lysozyme; electrostatic interactions;,"BIOCHEMISTRY 30, 7142-7153 (1991) PMID: 1854726","Dao-pin S., Sauer U., Nicholson H. & Matthews B.W.",-0.1,K,60,H,6.5,63.0,52.02,0,0,0,pdb,UP:P00720,UP:P00720:K60H,817,train
17193,Lysozyme,P00720,S90H (PDB: S90H),Enterobacteria phage T4 (Bacteriophage T4),2LZM,S90H,Coil,30.72,6.5,63,-1.1,-,-,yes,1854726.0,salt bridges; T4 lysozyme; electrostatic interactions;,"BIOCHEMISTRY 30, 7142-7153 (1991) PMID: 1854726","Dao-pin S., Sauer U., Nicholson H. & Matthews B.W.",-1.1,S,90,H,6.5,63.0,30.72,0,0,0,pdb,UP:P00720,UP:P00720:S90H,818,train
17194,Lysozyme,P00720,K83H (PDB: K83H),Enterobacteria phage T4 (Bacteriophage T4),2LZM,K83H,Helix,66.6,6.5,63,-0.4,-,-,yes,1854726.0,salt bridges; T4 lysozyme; electrostatic interactions;,"BIOCHEMISTRY 30, 7142-7153 (1991) PMID: 1854726","Dao-pin S., Sauer U., Nicholson H. & Matthews B.W.",-0.4,K,83,H,6.5,63.0,66.6,0,0,0,pdb,UP:P00720,UP:P00720:K83H,819,train
17196,Lysozyme,P00720,T59N (PDB: T59N),Enterobacteria phage T4 (Bacteriophage T4),2LZM,T59N,Turn,47.58,6.5,63,-1.1,-,-,yes,1567817.0,T4 lysozyme; threonine; helix capping; structural;,"BIOCHEMISTRY 31, 3590-3596 (1992) PMID: 1567817","Bell J.A., Becktel W.J., Sauer U., Baase W.A. & Matthews B.W.",-1.1,T,59,N,6.5,63.0,47.58,0,0,0,pdb,UP:P00720,UP:P00720:T59N,820,train
17197,Lysozyme,P00720,T59S (PDB: T59S),Enterobacteria phage T4 (Bacteriophage T4),2LZM,T59S,Turn,47.58,6.5,63,-0.2,-,-,yes,1567817.0,T4 lysozyme; threonine; helix capping; structural;,"BIOCHEMISTRY 31, 3590-3596 (1992) PMID: 1567817","Bell J.A., Becktel W.J., Sauer U., Baase W.A. & Matthews B.W.",-0.2,T,59,S,6.5,63.0,47.58,0,0,0,pdb,UP:P00720,UP:P00720:T59S,821,train
17198,Lysozyme,P00720,T59D (PDB: T59D),Enterobacteria phage T4 (Bacteriophage T4),2LZM,T59D,Turn,47.58,6.5,63,-1.2,-,-,yes,1567817.0,T4 lysozyme; threonine; helix capping; structural;,"BIOCHEMISTRY 31, 3590-3596 (1992) PMID: 1567817","Bell J.A., Becktel W.J., Sauer U., Baase W.A. & Matthews B.W.",-1.2,T,59,D,6.5,63.0,47.58,0,0,0,pdb,UP:P00720,UP:P00720:T59D,822,train
17199,Lysozyme,P00720,T59G (PDB: T59G),Enterobacteria phage T4 (Bacteriophage T4),2LZM,T59G,Turn,47.58,6.5,63,-1.6,-,-,yes,1567817.0,T4 lysozyme; threonine; helix capping; structural;,"BIOCHEMISTRY 31, 3590-3596 (1992) PMID: 1567817","Bell J.A., Becktel W.J., Sauer U., Baase W.A. & Matthews B.W.",-1.6,T,59,G,6.5,63.0,47.58,0,0,0,pdb,UP:P00720,UP:P00720:T59G,823,train
17200,Lysozyme,P00720,T59V (PDB: T59V),Enterobacteria phage T4 (Bacteriophage T4),2LZM,T59V,Turn,47.58,6.5,63,-1.5,-,-,yes,1567817.0,T4 lysozyme; threonine; helix capping; structural;,"BIOCHEMISTRY 31, 3590-3596 (1992) PMID: 1567817","Bell J.A., Becktel W.J., Sauer U., Baase W.A. & Matthews B.W.",-1.5,T,59,V,6.5,63.0,47.58,0,0,0,pdb,UP:P00720,UP:P00720:T59V,824,train
17201,Lysozyme,P00720,T59A (PDB: T59A),Enterobacteria phage T4 (Bacteriophage T4),2LZM,T59A,Turn,47.58,6.5,63,-1.5,-,-,yes,1567817.0,T4 lysozyme; threonine; helix capping; structural;,"BIOCHEMISTRY 31, 3590-3596 (1992) PMID: 1567817","Bell J.A., Becktel W.J., Sauer U., Baase W.A. & Matthews B.W.",-1.5,T,59,A,6.5,63.0,47.58,0,0,0,pdb,UP:P00720,UP:P00720:T59A,825,train
17202,Protein G,P06654,T279Y (PDB: T53Y),Streptococcus sp. group G,1PGA,T53Y,Turn,26.68,5.2,63,4.29,-,-,Unknown,10574793.0,beta sheet; protein design; protein stability; sidechain interactions; strand register,"STRUCTURE FOLD DES 7, 1333-1343 (1999) PMID: 10574793","Merkel JS, Sturtevant JM, Regan L",4.29,T,279,Y,5.2,63.0,26.68,0,0,0,pdb,UP:P06654,UP:P06654:T279Y,826,val
17203,Protein G,P06654,T279F (PDB: T53F),Streptococcus sp. group G,1PGA,T53F,Turn,26.68,5.2,63,4.1,-,-,Unknown,10574793.0,beta sheet; protein design; protein stability; sidechain interactions; strand register,"STRUCTURE FOLD DES 7, 1333-1343 (1999) PMID: 10574793","Merkel JS, Sturtevant JM, Regan L",4.1,T,279,F,5.2,63.0,26.68,0,0,0,pdb,UP:P06654,UP:P06654:T279F,827,val
17204,Protein G,P06654,T279I (PDB: T53I),Streptococcus sp. group G,1PGA,T53I,Turn,26.68,5.2,63,3.81,-,-,Unknown,10574793.0,beta sheet; protein design; protein stability; sidechain interactions; strand register,"STRUCTURE FOLD DES 7, 1333-1343 (1999) PMID: 10574793","Merkel JS, Sturtevant JM, Regan L",3.81,T,279,I,5.2,63.0,26.68,0,0,0,pdb,UP:P06654,UP:P06654:T279I,828,val
17207,Protein G,P06654,T279V (PDB: T53V),Streptococcus sp. group G,1PGA,T53V,Turn,26.68,5.2,63,3.38,-,-,Unknown,10574793.0,beta sheet; protein design; protein stability; sidechain interactions; strand register,"STRUCTURE FOLD DES 7, 1333-1343 (1999) PMID: 10574793","Merkel JS, Sturtevant JM, Regan L",3.38,T,279,V,5.2,63.0,26.68,0,0,0,pdb,UP:P06654,UP:P06654:T279V,829,val
17216,Protein G,P06654,I232N (PDB: I6N),Streptococcus sp. group G,1PGA,I6N,Helix,32.43,5.2,63,1.82,-,-,Unknown,10574793.0,beta sheet; protein design; protein stability; sidechain interactions; strand register,"STRUCTURE FOLD DES 7, 1333-1343 (1999) PMID: 10574793","Merkel JS, Sturtevant JM, Regan L",1.82,I,232,N,5.2,63.0,32.43,0,0,0,pdb,UP:P06654,UP:P06654:I232N,830,val
17217,Protein G,P06654,I232T (PDB: I6T),Streptococcus sp. group G,1PGA,I6T,Helix,32.43,5.2,63,1.76,-,-,Unknown,10574793.0,beta sheet; protein design; protein stability; sidechain interactions; strand register,"STRUCTURE FOLD DES 7, 1333-1343 (1999) PMID: 10574793","Merkel JS, Sturtevant JM, Regan L",1.76,I,232,T,5.2,63.0,32.43,0,0,0,pdb,UP:P06654,UP:P06654:I232T,831,val
17221,Maltose binding protein,P0AEX9,P74S (PDB: P48S),Escherichia coli (strain K12),3MBP,P48S,Helix,26.07,7.4,63,0.3,-,-,yes,14635128.0,Mutant; stability; hydrogen bond,"PROTEINS 53, 863-871 (2003) PMID: 14635128","Prajapati RS, Lingaraju GM, Bacchawat K, Surolia A, Varadarajan R",0.3,P,74,S,7.4,63.0,26.07,0,0,0,pdb,UP:P0AEX9,UP:P0AEX9:P74S,832,test
17222,Maltose binding protein,P0AEX9,P133S (PDB: P133S),Escherichia coli (strain K12),3MBP,P133S,Helix,25.37,7.4,63,-2.1,-,-,yes,14635128.0,Mutant; stability; hydrogen bond,"PROTEINS 53, 863-871 (2003) PMID: 14635128","Prajapati RS, Lingaraju GM, Bacchawat K, Surolia A, Varadarajan R",-2.1,P,133,S,7.4,63.0,25.37,0,0,0,pdb,UP:P0AEX9,UP:P0AEX9:P133S,833,test
17223,Maltose binding protein,P0AEX9,P159S (PDB: P159S),Escherichia coli (strain K12),3MBP,P159S,Turn,2.82,7.4,63,-2.1,-,-,yes,14635128.0,Mutant; stability; hydrogen bond,"PROTEINS 53, 863-871 (2003) PMID: 14635128","Prajapati RS, Lingaraju GM, Bacchawat K, Surolia A, Varadarajan R",-2.1,P,159,S,7.4,63.0,2.82,0,0,0,pdb,UP:P0AEX9,UP:P0AEX9:P159S,834,test
17224,Maltose binding protein,P0AEX9,P74A (PDB: P48A),Escherichia coli (strain K12),3MBP,P48A,Helix,26.07,7.4,63,0.5,-,-,yes,14635128.0,Mutant; stability; hydrogen bond,"PROTEINS 53, 863-871 (2003) PMID: 14635128","Prajapati RS, Lingaraju GM, Bacchawat K, Surolia A, Varadarajan R",0.5,P,74,A,7.4,63.0,26.07,0,0,0,pdb,UP:P0AEX9,UP:P0AEX9:P74A,835,test
17225,Maltose binding protein,P0AEX9,P133A (PDB: P133A),Escherichia coli (strain K12),3MBP,P133A,Helix,25.37,7.4,63,-0.3,-,-,yes,14635128.0,Mutant; stability; hydrogen bond,"PROTEINS 53, 863-871 (2003) PMID: 14635128","Prajapati RS, Lingaraju GM, Bacchawat K, Surolia A, Varadarajan R",-0.3,P,133,A,7.4,63.0,25.37,0,0,0,pdb,UP:P0AEX9,UP:P0AEX9:P133A,836,test
17226,Maltose binding protein,P0AEX9,P159A (PDB: P159A),Escherichia coli (strain K12),3MBP,P159A,Turn,2.82,7.4,63,-1.8,-,-,yes,14635128.0,Mutant; stability; hydrogen bond,"PROTEINS 53, 863-871 (2003) PMID: 14635128","Prajapati RS, Lingaraju GM, Bacchawat K, Surolia A, Varadarajan R",-1.8,P,159,A,7.4,63.0,2.82,0,0,0,pdb,UP:P0AEX9,UP:P0AEX9:P159A,837,test
17227,Lysozyme,P00720,A74P (PDB: A74P),Enterobacteria phage T4 (Bacteriophage T4),2LZM,A74P,Helix,8.17,6.5,62.9,-4.6,-,-,yes,1733941.0,T4 lysozyme; proline; alpha-helix; amino acid substitution;,"J BIOL CHEM 267, 2393-2399 (1992) PMID: 1733941","Sauer U.H., Dao-pin S. & Matthews B.W.",-4.6,A,74,P,6.5,62.9,8.17,0,0,0,pdb,UP:P00720,UP:P00720:A74P,838,train
17228,Lysozyme,P00720,T157I (PDB: T157I),Enterobacteria phage T4 (Bacteriophage T4),2LZM,T157I,Turn,35.33,4.0,62.8,-2.1,-,-,yes,3681997.0,T4 lysozyme; thermal denaturation; hydrogen bonds;,"J MOL BIOL 197, 315-329 (1987) PMID: 3681997","Gruetter M.G., Gray T.M., Weaver L.H., Alber T., Wilson K.",-2.1,T,157,I,4.0,62.8,35.33,0,0,0,pdb,UP:P00720,UP:P00720:T157I,839,train
17229,Ribonuclease pancreatic,P61823,A30S (PDB: A4S),Bos taurus (Bovine),1RTB,A4S,Helix,47.19,7.1,62.8,-0.22,-,-,Yes (>90%),16953565.0,"apolarity, site-directed mutagenesis, oligomerization, RNase A","BIOCHEMISTRY 45, 10795-10806 (2006) PMID: 16953565","Gotte G, Donadelli M, Laurents DV, Vottariello F, Morbio M, Libonati M.",-0.22,A,30,S,7.1,62.8,47.19,0,0,0,pdb,UP:P61823,UP:P61823:A30S,840,train
17230,Ribonuclease pancreatic,P61823,A31S (PDB: A5S),Bos taurus (Bovine),1RTB,A5S,Helix,25.41,7.1,62.8,0.08,-,-,Yes (>90%),16953565.0,"apolarity, site-directed mutagenesis, oligomerization, RNase A","BIOCHEMISTRY 45, 10795-10806 (2006) PMID: 16953565","Gotte G, Donadelli M, Laurents DV, Vottariello F, Morbio M, Libonati M.",0.08,A,31,S,7.1,62.8,25.41,0,0,0,pdb,UP:P61823,UP:P61823:A31S,841,train
17231,Ribonuclease pancreatic,P61823,S149A (PDB: S123A),Bos taurus (Bovine),1RTB,S123A,Coil,24.74,7.1,62.8,1.14,-,-,Yes (>90%),16953565.0,"apolarity, site-directed mutagenesis, oligomerization, RNase A","BIOCHEMISTRY 45, 10795-10806 (2006) PMID: 16953565","Gotte G, Donadelli M, Laurents DV, Vottariello F, Morbio M, Libonati M.",1.14,S,149,A,7.1,62.8,24.74,0,0,0,pdb,UP:P61823,UP:P61823:S149A,842,train
17235,Cytochrome c551,P00099,V100I (PDB: V78I),Pseudomonas aeruginosa (strain ATCC 15692 / DSM 22644 / CIP 104116 / JCM 14847 / LMG 12228 / 1C / PRS 101 / PAO1),451C,V78I,Helix,5.2,3.6,62.6,1.11,-,-,yes,12082163.0,combined mutant; cytochrome c; differential scanning calorimetry (DSC); protein stability,"PROTEIN ENG 15, 455-461 (2002) PMID: 12082163","Uchiyama S, Hasegawa J, Tanimoto Y, Moriguchi H, Mizutani M, Igarashi Y, Sambongi Y, Kobayashi Y.",1.11,V,100,I,3.6,62.6,5.2,0,0,0,pdb,UP:P00099,UP:P00099:V100I,843,train
17241,Lysozyme,P00720,S38N (PDB: S38N),Enterobacteria phage T4 (Bacteriophage T4),2LZM,S38N,Coil,46.08,6.7,62.4,0,-,-,yes,1911773.0,T4 lysozyme; thermostability; alpha-helix dipole;,"BIOCHEMISTRY 30, 9816-9828 (1991) PMID: 1911773","Nicholson H., Anderson D.E., Dao-pin S. & Matthews B.W.",0.0,S,38,N,6.7,62.4,46.08,0,0,0,pdb,UP:P00720,UP:P00720:S38N,844,train
17242,Lysozyme,P00720,D92N (PDB: D92N),Enterobacteria phage T4 (Bacteriophage T4),2LZM,D92N,Coil,38.86,6.7,62.4,-1.4,-,-,yes,1911773.0,T4 lysozyme; thermostability; alpha-helix dipole;,"BIOCHEMISTRY 30, 9816-9828 (1991) PMID: 1911773","Nicholson H., Anderson D.E., Dao-pin S. & Matthews B.W.",-1.4,D,92,N,6.7,62.4,38.86,0,0,0,pdb,UP:P00720,UP:P00720:D92N,845,train
17243,Lysozyme,P00720,T109D (PDB: T109D),Enterobacteria phage T4 (Bacteriophage T4),2LZM,T109D,Turn,84.35,6.7,62.4,0.6,-,-,yes,1911773.0,T4 lysozyme; thermostability; alpha-helix dipole;,"BIOCHEMISTRY 30, 9816-9828 (1991) PMID: 1911773","Nicholson H., Anderson D.E., Dao-pin S. & Matthews B.W.",0.6,T,109,D,6.7,62.4,84.35,0,0,0,pdb,UP:P00720,UP:P00720:T109D,846,train
17244,Lysozyme,P00720,T109N (PDB: T109N),Enterobacteria phage T4 (Bacteriophage T4),2LZM,T109N,Turn,84.35,6.7,62.4,0.1,-,-,yes,1911773.0,T4 lysozyme; thermostability; alpha-helix dipole;,"BIOCHEMISTRY 30, 9816-9828 (1991) PMID: 1911773","Nicholson H., Anderson D.E., Dao-pin S. & Matthews B.W.",0.1,T,109,N,6.7,62.4,84.35,0,0,0,pdb,UP:P00720,UP:P00720:T109N,847,train
17245,Lysozyme,P00720,N144H (PDB: N144H),Enterobacteria phage T4 (Bacteriophage T4),2LZM,N144H,Helix,75.14,6.7,62.4,0.3,-,-,yes,1911773.0,T4 lysozyme; thermostability; alpha-helix dipole;,"BIOCHEMISTRY 30, 9816-9828 (1991) PMID: 1911773","Nicholson H., Anderson D.E., Dao-pin S. & Matthews B.W.",0.3,N,144,H,6.7,62.4,75.14,0,0,0,pdb,UP:P00720,UP:P00720:N144H,848,train
17246,Lysozyme,P00720,N40A (PDB: N40A),Enterobacteria phage T4 (Bacteriophage T4),2LZM,N40A,Helix,86.75,6.7,62.2,0.32,-,-,yes,1570293.0,alpha helix; protein folding; bacteriophage T4;,"PROC NATL ACAD SCI U S A 89, 3751-3755 (1992) PMID: 1570293","Heinz D.W., Baase W.A. & Matthews B.W.",0.32,N,40,A,6.7,62.2,86.75,0,0,0,pdb,UP:P00720,UP:P00720:N40A,849,train
17247,Lysozyme,P00720,K43A (PDB: K43A),Enterobacteria phage T4 (Bacteriophage T4),2LZM,K43A,Helix,21.39,6.7,62.2,-1.03,-,-,yes,1570293.0,alpha helix; protein folding; bacteriophage T4;,"PROC NATL ACAD SCI U S A 89, 3751-3755 (1992) PMID: 1570293","Heinz D.W., Baase W.A. & Matthews B.W.",-1.03,K,43,A,6.7,62.2,21.39,0,0,0,pdb,UP:P00720,UP:P00720:K43A,850,train
17248,Lysozyme,P00720,S44A (PDB: S44A),Enterobacteria phage T4 (Bacteriophage T4),2LZM,S44A,Coil,59.73,6.7,62.2,0.34,-,-,yes,1570293.0,alpha helix; protein folding; bacteriophage T4;,"PROC NATL ACAD SCI U S A 89, 3751-3755 (1992) PMID: 1570293","Heinz D.W., Baase W.A. & Matthews B.W.",0.34,S,44,A,6.7,62.2,59.73,0,0,0,pdb,UP:P00720,UP:P00720:S44A,851,train
17249,Lysozyme,P00720,E45A (PDB: E45A),Enterobacteria phage T4 (Bacteriophage T4),2LZM,E45A,Sheet,36.63,6.7,62.2,0.01,-,-,yes,1570293.0,alpha helix; protein folding; bacteriophage T4;,"PROC NATL ACAD SCI U S A 89, 3751-3755 (1992) PMID: 1570293","Heinz D.W., Baase W.A. & Matthews B.W.",0.01,E,45,A,6.7,62.2,36.63,0,0,0,pdb,UP:P00720,UP:P00720:E45A,852,train
17250,Lysozyme,P00720,L46A (PDB: L46A),Enterobacteria phage T4 (Bacteriophage T4),2LZM,L46A,Helix,0.0,6.7,62.2,-1.86,-,-,yes,1570293.0,alpha helix; protein folding; bacteriophage T4;,"PROC NATL ACAD SCI U S A 89, 3751-3755 (1992) PMID: 1570293","Heinz D.W., Baase W.A. & Matthews B.W.",-1.86,L,46,A,6.7,62.2,0.0,0,0,0,pdb,UP:P00720,UP:P00720:L46A,853,train
17251,Lysozyme,P00720,D47A (PDB: D47A),Enterobacteria phage T4 (Bacteriophage T4),2LZM,D47A,Helix,24.29,6.7,62.2,-0.95,-,-,yes,1570293.0,alpha helix; protein folding; bacteriophage T4;,"PROC NATL ACAD SCI U S A 89, 3751-3755 (1992) PMID: 1570293","Heinz D.W., Baase W.A. & Matthews B.W.",-0.95,D,47,A,6.7,62.2,24.29,0,0,0,pdb,UP:P00720,UP:P00720:D47A,854,train
17252,Lysozyme,P00720,K48A (PDB: K48A),Enterobacteria phage T4 (Bacteriophage T4),2LZM,K48A,Helix,70.49,6.7,62.2,-0.56,-,-,yes,1570293.0,alpha helix; protein folding; bacteriophage T4;,"PROC NATL ACAD SCI U S A 89, 3751-3755 (1992) PMID: 1570293","Heinz D.W., Baase W.A. & Matthews B.W.",-0.56,K,48,A,6.7,62.2,70.49,0,0,0,pdb,UP:P00720,UP:P00720:K48A,855,train
17254,Lysozyme,P00720,A74P (PDB: A74P),Enterobacteria phage T4 (Bacteriophage T4),2LZM,A74P,Helix,8.17,4.0,62.2,-5,-,-,yes,1733941.0,T4 lysozyme; proline; alpha-helix; amino acid substitution;,"J BIOL CHEM 267, 2393-2399 (1992) PMID: 1733941","Sauer U.H., Dao-pin S. & Matthews B.W.",-5.0,A,74,P,4.0,62.2,8.17,0,0,0,pdb,UP:P00720,UP:P00720:A74P,856,train
17255,Lysozyme,P00720,L133D (PDB: L133D),Enterobacteria phage T4 (Bacteriophage T4),2LZM,L133D,Helix,0.55,6.5,61.9,-5.7,-,-,yes(50-75%),1747370.0,T4 lysozyme; alpha-helix; energetic; structural;,"BIOCHEMISTRY 30, 11521-11529 (1991) PMID: 1747370","Dao-pin S., Anderson D.E., Baase W.A., Dahlquist F.W. & Matthews B.W.",-5.7,L,133,D,6.5,61.9,0.55,0,0,0,pdb,UP:P00720,UP:P00720:L133D,857,train
17256,Ribonuclease pancreatic,P61823,P119G (PDB: P93G),Bos taurus (Bovine),1RTB,P93G,Coil,69.77,6.0,61.8,-2.6,-,-,yes,9684895.0,beta-turn; cis proline; endonuclease; protein stability;,"PROTEIN SCI 7, 1620-1625 (1998) PMID: 9684895","Schultz LW, Hargraves SR, Klink TA, Raines RT",-2.6,P,119,G,6.0,61.8,69.77,0,0,0,pdb,UP:P61823,UP:P61823:P119G,858,train
17257,Ribonuclease pancreatic,P61823,P140G (PDB: P114G),Bos taurus (Bovine),1RTB,P114G,Sheet,65.54,6.0,61.8,-3.6,-,-,yes,9684895.0,beta-turn; cis proline; endonuclease; protein stability;,"PROTEIN SCI 7, 1620-1625 (1998) PMID: 9684895","Schultz LW, Hargraves SR, Klink TA, Raines RT",-3.6,P,140,G,6.0,61.8,65.54,0,0,0,pdb,UP:P61823,UP:P61823:P140G,859,train
17258,Ribonuclease pancreatic,P61823,A30S (PDB: A4S),Bos taurus (Bovine),1RTB,A4S,Helix,47.19,7.0,61.7,-0.57,-,-,Yes (>90%),16953565.0,"apolarity, site-directed mutagenesis, oligomerization, RNase A","BIOCHEMISTRY 45, 10795-10806 (2006) PMID: 16953565","Gotte G, Donadelli M, Laurents DV, Vottariello F, Morbio M, Libonati M.",-0.57,A,30,S,7.0,61.7,47.19,0,0,0,pdb,UP:P61823,UP:P61823:A30S,860,train
17259,Ribonuclease pancreatic,P61823,A31S (PDB: A5S),Bos taurus (Bovine),1RTB,A5S,Helix,25.41,7.0,61.7,-0.37,-,-,Yes (>90%),16953565.0,"apolarity, site-directed mutagenesis, oligomerization, RNase A","BIOCHEMISTRY 45, 10795-10806 (2006) PMID: 16953565","Gotte G, Donadelli M, Laurents DV, Vottariello F, Morbio M, Libonati M.",-0.37,A,31,S,7.0,61.7,25.41,0,0,0,pdb,UP:P61823,UP:P61823:A31S,861,train
17260,Ribonuclease pancreatic,P61823,S149A (PDB: S123A),Bos taurus (Bovine),1RTB,S123A,Coil,24.74,7.0,61.7,0.46,-,-,Yes (>90%),16953565.0,"apolarity, site-directed mutagenesis, oligomerization, RNase A","BIOCHEMISTRY 45, 10795-10806 (2006) PMID: 16953565","Gotte G, Donadelli M, Laurents DV, Vottariello F, Morbio M, Libonati M.",0.46,S,149,A,7.0,61.7,24.74,0,0,0,pdb,UP:P61823,UP:P61823:S149A,862,train
17261,Ribonuclease pancreatic,P61823,P119G (PDB: P93G),Bos taurus (Bovine),1RTB,P93G,Coil,69.77,6.0,61.6,-2.2,-,-,yes,9684895.0,beta-turn; cis proline; endonuclease; protein stability;,"PROTEIN SCI 7, 1620-1625 (1998) PMID: 9684895","Schultz LW, Hargraves SR, Klink TA, Raines RT",-2.2,P,119,G,6.0,61.6,69.77,0,0,0,pdb,UP:P61823,UP:P61823:P119G,863,train
17262,Ribonuclease pancreatic,P61823,P140G (PDB: P114G),Bos taurus (Bovine),1RTB,P114G,Sheet,65.54,6.0,61.6,-3.3,-,-,yes,9684895.0,beta-turn; cis proline; endonuclease; protein stability;,"PROTEIN SCI 7, 1620-1625 (1998) PMID: 9684895","Schultz LW, Hargraves SR, Klink TA, Raines RT",-3.3,P,140,G,6.0,61.6,65.54,0,0,0,pdb,UP:P61823,UP:P61823:P140G,864,train
17263,Ribonuclease pancreatic,P61823,A30S (PDB: A4S),Bos taurus (Bovine),1RTB,A4S,Helix,47.19,7.1,61.4,-0.62,-,-,Yes (>90%),16953565.0,"apolarity, site-directed mutagenesis, oligomerization, RNase A","BIOCHEMISTRY 45, 10795-10806 (2006) PMID: 16953565","Gotte G, Donadelli M, Laurents DV, Vottariello F, Morbio M, Libonati M.",-0.62,A,30,S,7.1,61.4,47.19,0,0,0,pdb,UP:P61823,UP:P61823:A30S,865,train
17264,Ribonuclease pancreatic,P61823,A31S (PDB: A5S),Bos taurus (Bovine),1RTB,A5S,Helix,25.41,7.1,61.4,-0.52,-,-,Yes (>90%),16953565.0,"apolarity, site-directed mutagenesis, oligomerization, RNase A","BIOCHEMISTRY 45, 10795-10806 (2006) PMID: 16953565","Gotte G, Donadelli M, Laurents DV, Vottariello F, Morbio M, Libonati M.",-0.52,A,31,S,7.1,61.4,25.41,0,0,0,pdb,UP:P61823,UP:P61823:A31S,866,train
17265,Ribonuclease pancreatic,P61823,S149A (PDB: S123A),Bos taurus (Bovine),1RTB,S123A,Coil,24.74,7.1,61.4,0.47,-,-,Yes (>90%),16953565.0,"apolarity, site-directed mutagenesis, oligomerization, RNase A","BIOCHEMISTRY 45, 10795-10806 (2006) PMID: 16953565","Gotte G, Donadelli M, Laurents DV, Vottariello F, Morbio M, Libonati M.",0.47,S,149,A,7.1,61.4,24.74,0,0,0,pdb,UP:P61823,UP:P61823:S149A,867,train
17266,Ribonuclease pancreatic,P61823,S101A (PDB: S75A),Bos taurus (Bovine),1RTB,S75A,Coil,0.0,7.4,61.1,-2.5,-,-,Unknown,17656580.0,conformational stability; genetic selection; hydrogen bond; hydrophobic core; molecular evolution; ribonucleases,"PROTEIN SCI 16, 1609-1616 (2007) PMID: 17656580","Johnson RJ, Lin SR, Raines RT.",-2.5,S,101,A,7.4,61.1,0.0,0,0,0,pdb,UP:P61823,UP:P61823:S101A,868,train
17267,Ribonuclease pancreatic,P61823,S101T (PDB: S75T),Bos taurus (Bovine),1RTB,S75T,Coil,0.0,7.4,61.1,-2.8,-,-,Unknown,17656580.0,conformational stability; genetic selection; hydrogen bond; hydrophobic core; molecular evolution; ribonucleases,"PROTEIN SCI 16, 1609-1616 (2007) PMID: 17656580","Johnson RJ, Lin SR, Raines RT.",-2.8,S,101,T,7.4,61.1,0.0,0,0,0,pdb,UP:P61823,UP:P61823:S101T,869,train
17268,Lysozyme,P00720,I78V (PDB: I78V),Enterobacteria phage T4 (Bacteriophage T4),2LZM,I78V,Helix,0.0,5.35,61,-0.8,-,-,Unknown,12963380.0,ORBIT; single-site revertants; T4 lysozyme; repacking,"J MOL BIOL 332, 741-756 (2003) PMID: 12963380","Mooers BH, Datta D, Baase WA, Zollars ES, Mayo SL, Matthews BW.",-0.8,I,78,V,5.35,61.0,0.0,0,0,0,pdb,UP:P00720,UP:P00720:I78V,870,train
17269,Lysozyme,P00720,L118I (PDB: L118I),Enterobacteria phage T4 (Bacteriophage T4),2LZM,L118I,Helix,7.65,5.35,61,-1.2,-,-,Unknown,12963380.0,ORBIT; single-site revertants; T4 lysozyme; repacking,"J MOL BIOL 332, 741-756 (2003) PMID: 12963380","Mooers BH, Datta D, Baase WA, Zollars ES, Mayo SL, Matthews BW.",-1.2,L,118,I,5.35,61.0,7.65,0,0,0,pdb,UP:P00720,UP:P00720:L118I,871,train
17270,Lysozyme,P00720,V87I (PDB: V87I),Enterobacteria phage T4 (Bacteriophage T4),2LZM,V87I,Helix,1.3,5.35,61,-0.3,-,-,Unknown,12963380.0,ORBIT; single-site revertants; T4 lysozyme; repacking,"J MOL BIOL 332, 741-756 (2003) PMID: 12963380","Mooers BH, Datta D, Baase WA, Zollars ES, Mayo SL, Matthews BW.",-0.3,V,87,I,5.35,61.0,1.3,0,0,0,pdb,UP:P00720,UP:P00720:V87I,872,train
17271,Lysozyme,P00720,I100V (PDB: I100V),Enterobacteria phage T4 (Bacteriophage T4),2LZM,I100V,Helix,4.32,5.35,61,-0.4,-,-,Unknown,12963380.0,ORBIT; single-site revertants; T4 lysozyme; repacking,"J MOL BIOL 332, 741-756 (2003) PMID: 12963380","Mooers BH, Datta D, Baase WA, Zollars ES, Mayo SL, Matthews BW.",-0.4,I,100,V,5.35,61.0,4.32,0,0,0,pdb,UP:P00720,UP:P00720:I100V,873,train
17272,Lysozyme,P00720,M102L (PDB: M102L),Enterobacteria phage T4 (Bacteriophage T4),2LZM,M102L,Helix,1.5,5.35,61,-1,-,-,Unknown,12963380.0,ORBIT; single-site revertants; T4 lysozyme; repacking,"J MOL BIOL 332, 741-756 (2003) PMID: 12963380","Mooers BH, Datta D, Baase WA, Zollars ES, Mayo SL, Matthews BW.",-1.0,M,102,L,5.35,61.0,1.5,0,0,0,pdb,UP:P00720,UP:P00720:M102L,874,train
17273,Lysozyme,P00720,V103I (PDB: V103I),Enterobacteria phage T4 (Bacteriophage T4),2LZM,V103I,Helix,5.2,5.35,61,-0.5,-,-,Unknown,12963380.0,ORBIT; single-site revertants; T4 lysozyme; repacking,"J MOL BIOL 332, 741-756 (2003) PMID: 12963380","Mooers BH, Datta D, Baase WA, Zollars ES, Mayo SL, Matthews BW.",-0.5,V,103,I,5.35,61.0,5.2,0,0,0,pdb,UP:P00720,UP:P00720:V103I,875,train
17274,Lysozyme,P00720,M106I (PDB: M106I),Enterobacteria phage T4 (Bacteriophage T4),2LZM,M106I,Helix,27.99,5.35,61,0.2,-,-,Unknown,12963380.0,ORBIT; single-site revertants; T4 lysozyme; repacking,"J MOL BIOL 332, 741-756 (2003) PMID: 12963380","Mooers BH, Datta D, Baase WA, Zollars ES, Mayo SL, Matthews BW.",0.2,M,106,I,5.35,61.0,27.99,0,0,0,pdb,UP:P00720,UP:P00720:M106I,876,train
17275,Lysozyme,P00720,V111A (PDB: V111A),Enterobacteria phage T4 (Bacteriophage T4),2LZM,V111A,Helix,0.0,5.35,61,-1.1,-,-,Unknown,12963380.0,ORBIT; single-site revertants; T4 lysozyme; repacking,"J MOL BIOL 332, 741-756 (2003) PMID: 12963380","Mooers BH, Datta D, Baase WA, Zollars ES, Mayo SL, Matthews BW.",-1.1,V,111,A,5.35,61.0,0.0,0,0,0,pdb,UP:P00720,UP:P00720:V111A,877,train
17276,Lysozyme,P00720,M120Y (PDB: M120Y),Enterobacteria phage T4 (Bacteriophage T4),2LZM,M120Y,Helix,14.99,5.35,61,-0.1,-,-,Unknown,12963380.0,ORBIT; single-site revertants; T4 lysozyme; repacking,"J MOL BIOL 332, 741-756 (2003) PMID: 12963380","Mooers BH, Datta D, Baase WA, Zollars ES, Mayo SL, Matthews BW.",-0.1,M,120,Y,5.35,61.0,14.99,0,0,0,pdb,UP:P00720,UP:P00720:M120Y,878,train
17277,Lysozyme,P00720,L133F (PDB: L133F),Enterobacteria phage T4 (Bacteriophage T4),2LZM,L133F,Helix,0.55,5.35,61,-0.3,-,-,Unknown,12963380.0,ORBIT; single-site revertants; T4 lysozyme; repacking,"J MOL BIOL 332, 741-756 (2003) PMID: 12963380","Mooers BH, Datta D, Baase WA, Zollars ES, Mayo SL, Matthews BW.",-0.3,L,133,F,5.35,61.0,0.55,0,0,0,pdb,UP:P00720,UP:P00720:L133F,879,train
17278,Lysozyme,P00720,V149I (PDB: V149I),Enterobacteria phage T4 (Bacteriophage T4),2LZM,V149I,Helix,0.0,5.35,61,0,-,-,Unknown,12963380.0,ORBIT; single-site revertants; T4 lysozyme; repacking,"J MOL BIOL 332, 741-756 (2003) PMID: 12963380","Mooers BH, Datta D, Baase WA, Zollars ES, Mayo SL, Matthews BW.",0.0,V,149,I,5.35,61.0,0.0,0,0,0,pdb,UP:P00720,UP:P00720:V149I,880,train
17286,Protein G,P06654,T279Y (PDB: T53Y),Streptococcus sp. group G,1PGA,T53Y,Turn,26.68,5.2,60,1.63,-,-,yes,8180173.0,thermodynamic scale; beta-sheet; amino acids; protein G;,"BIOCHEMISTRY 33, 5510-5517 (1994) PMID: 8180173","Smith CK, Withka JM, Regan L",1.63,T,279,Y,5.2,60.0,26.68,0,0,0,pdb,UP:P06654,UP:P06654:T279Y,881,val
17287,Protein G,P06654,T279T (PDB: T53T),Streptococcus sp. group G,1PGA,T53T,Turn,26.68,5.2,60,1.36,-,-,yes,8180173.0,thermodynamic scale; beta-sheet; amino acids; protein G;,"BIOCHEMISTRY 33, 5510-5517 (1994) PMID: 8180173","Smith CK, Withka JM, Regan L",1.36,T,279,T,5.2,60.0,26.68,0,0,0,pdb,UP:P06654,UP:P06654:T279T,882,val
17288,Protein G,P06654,T279I (PDB: T53I),Streptococcus sp. group G,1PGA,T53I,Turn,26.68,5.2,60,1.25,-,-,yes,8180173.0,thermodynamic scale; beta-sheet; amino acids; protein G;,"BIOCHEMISTRY 33, 5510-5517 (1994) PMID: 8180173","Smith CK, Withka JM, Regan L",1.25,T,279,I,5.2,60.0,26.68,0,0,0,pdb,UP:P06654,UP:P06654:T279I,883,val
17289,Protein G,P06654,T279F (PDB: T53F),Streptococcus sp. group G,1PGA,T53F,Turn,26.68,5.2,60,1.08,-,-,yes,8180173.0,thermodynamic scale; beta-sheet; amino acids; protein G;,"BIOCHEMISTRY 33, 5510-5517 (1994) PMID: 8180173","Smith CK, Withka JM, Regan L",1.08,T,279,F,5.2,60.0,26.68,0,0,0,pdb,UP:P06654,UP:P06654:T279F,884,val
17290,Protein G,P06654,T279W (PDB: T53W),Streptococcus sp. group G,1PGA,T53W,Turn,26.68,5.2,60,1.04,-,-,yes,8180173.0,thermodynamic scale; beta-sheet; amino acids; protein G;,"BIOCHEMISTRY 33, 5510-5517 (1994) PMID: 8180173","Smith CK, Withka JM, Regan L",1.04,T,279,W,5.2,60.0,26.68,0,0,0,pdb,UP:P06654,UP:P06654:T279W,885,val
17291,Protein G,P06654,T279V (PDB: T53V),Streptococcus sp. group G,1PGA,T53V,Turn,26.68,5.2,60,0.94,-,-,yes,8180173.0,thermodynamic scale; beta-sheet; amino acids; protein G;,"BIOCHEMISTRY 33, 5510-5517 (1994) PMID: 8180173","Smith CK, Withka JM, Regan L",0.94,T,279,V,5.2,60.0,26.68,0,0,0,pdb,UP:P06654,UP:P06654:T279V,886,val
17292,Protein G,P06654,T279S (PDB: T53S),Streptococcus sp. group G,1PGA,T53S,Turn,26.68,5.2,60,0.87,-,-,yes,8180173.0,thermodynamic scale; beta-sheet; amino acids; protein G;,"BIOCHEMISTRY 33, 5510-5517 (1994) PMID: 8180173","Smith CK, Withka JM, Regan L",0.87,T,279,S,5.2,60.0,26.68,0,0,0,pdb,UP:P06654,UP:P06654:T279S,887,val
17293,Protein G,P06654,T279M (PDB: T53M),Streptococcus sp. group G,1PGA,T53M,Turn,26.68,5.2,60,0.9,-,-,yes,8180173.0,thermodynamic scale; beta-sheet; amino acids; protein G;,"BIOCHEMISTRY 33, 5510-5517 (1994) PMID: 8180173","Smith CK, Withka JM, Regan L",0.9,T,279,M,5.2,60.0,26.68,0,0,0,pdb,UP:P06654,UP:P06654:T279M,888,val
17294,Protein G,P06654,T279C (PDB: T53C),Streptococcus sp. group G,1PGA,T53C,Turn,26.68,5.2,60,0.78,-,-,yes,8180173.0,thermodynamic scale; beta-sheet; amino acids; protein G;,"BIOCHEMISTRY 33, 5510-5517 (1994) PMID: 8180173","Smith CK, Withka JM, Regan L",0.78,T,279,C,5.2,60.0,26.68,0,0,0,pdb,UP:P06654,UP:P06654:T279C,889,val
17295,Protein G,P06654,T279L (PDB: T53L),Streptococcus sp. group G,1PGA,T53L,Turn,26.68,5.2,60,0.45,-,-,yes,8180173.0,thermodynamic scale; beta-sheet; amino acids; protein G;,"BIOCHEMISTRY 33, 5510-5517 (1994) PMID: 8180173","Smith CK, Withka JM, Regan L",0.45,T,279,L,5.2,60.0,26.68,0,0,0,pdb,UP:P06654,UP:P06654:T279L,890,val
17296,Protein G,P06654,T279R (PDB: T53R),Streptococcus sp. group G,1PGA,T53R,Turn,26.68,5.2,60,0.4,-,-,yes,8180173.0,thermodynamic scale; beta-sheet; amino acids; protein G;,"BIOCHEMISTRY 33, 5510-5517 (1994) PMID: 8180173","Smith CK, Withka JM, Regan L",0.4,T,279,R,5.2,60.0,26.68,0,0,0,pdb,UP:P06654,UP:P06654:T279R,891,val
17297,Protein G,P06654,T279N (PDB: T53N),Streptococcus sp. group G,1PGA,T53N,Turn,26.68,5.2,60,0.52,-,-,yes,8180173.0,thermodynamic scale; beta-sheet; amino acids; protein G;,"BIOCHEMISTRY 33, 5510-5517 (1994) PMID: 8180173","Smith CK, Withka JM, Regan L",0.52,T,279,N,5.2,60.0,26.68,0,0,0,pdb,UP:P06654,UP:P06654:T279N,892,val
17298,Protein G,P06654,T279H (PDB: T53H),Streptococcus sp. group G,1PGA,T53H,Turn,26.68,5.2,60,0.37,-,-,yes,8180173.0,thermodynamic scale; beta-sheet; amino acids; protein G;,"BIOCHEMISTRY 33, 5510-5517 (1994) PMID: 8180173","Smith CK, Withka JM, Regan L",0.37,T,279,H,5.2,60.0,26.68,0,0,0,pdb,UP:P06654,UP:P06654:T279H,893,val
17299,Protein G,P06654,T279Q (PDB: T53Q),Streptococcus sp. group G,1PGA,T53Q,Turn,26.68,5.2,60,0.38,-,-,yes,8180173.0,thermodynamic scale; beta-sheet; amino acids; protein G;,"BIOCHEMISTRY 33, 5510-5517 (1994) PMID: 8180173","Smith CK, Withka JM, Regan L",0.38,T,279,Q,5.2,60.0,26.68,0,0,0,pdb,UP:P06654,UP:P06654:T279Q,894,val
17300,Protein G,P06654,T279K (PDB: T53K),Streptococcus sp. group G,1PGA,T53K,Turn,26.68,5.2,60,0.35,-,-,yes,8180173.0,thermodynamic scale; beta-sheet; amino acids; protein G;,"BIOCHEMISTRY 33, 5510-5517 (1994) PMID: 8180173","Smith CK, Withka JM, Regan L",0.35,T,279,K,5.2,60.0,26.68,0,0,0,pdb,UP:P06654,UP:P06654:T279K,895,val
17301,Protein G,P06654,T279E (PDB: T53E),Streptococcus sp. group G,1PGA,T53E,Turn,26.68,5.2,60,0.23,-,-,yes,8180173.0,thermodynamic scale; beta-sheet; amino acids; protein G;,"BIOCHEMISTRY 33, 5510-5517 (1994) PMID: 8180173","Smith CK, Withka JM, Regan L",0.23,T,279,E,5.2,60.0,26.68,0,0,0,pdb,UP:P06654,UP:P06654:T279E,896,val
17302,Protein G,P06654,T279D (PDB: T53D),Streptococcus sp. group G,1PGA,T53D,Turn,26.68,5.2,60,-0.85,-,-,yes,8180173.0,thermodynamic scale; beta-sheet; amino acids; protein G;,"BIOCHEMISTRY 33, 5510-5517 (1994) PMID: 8180173","Smith CK, Withka JM, Regan L",-0.85,T,279,D,5.2,60.0,26.68,0,0,0,pdb,UP:P06654,UP:P06654:T279D,897,val
17303,Protein G,P06654,T279G (PDB: T53G),Streptococcus sp. group G,1PGA,T53G,Turn,26.68,5.2,60,-1.21,-,-,yes,8180173.0,thermodynamic scale; beta-sheet; amino acids; protein G;,"BIOCHEMISTRY 33, 5510-5517 (1994) PMID: 8180173","Smith CK, Withka JM, Regan L",-1.21,T,279,G,5.2,60.0,26.68,0,0,0,pdb,UP:P06654,UP:P06654:T279G,898,val
17304,Cold shock protein,P32081,F27A (PDB: F27A),Bacillus subtilis (strain 168),1CSP,F27A,Sheet,35.38,7.0,60,-0.69,-,-,yes,9533624.0,protein stability; cold shock protein; nucleic acid binding;,"PROTEINS 30, 401-406 (1998) PMID: 9533624","Schindler T, Perl D, Graumann P, Sieber V, Marahiel MA, Schmid FX",-0.69,F,27,A,7.0,60.0,35.38,0,0,0,pdb,UP:P32081,UP:P32081:F27A,899,val
17305,Cold shock protein,P32081,F17A (PDB: F17A),Bacillus subtilis (strain 168),1CSP,F17A,Sheet,28.9,7.0,60,-1.34,-,-,yes,9533624.0,protein stability; cold shock protein; nucleic acid binding;,"PROTEINS 30, 401-406 (1998) PMID: 9533624","Schindler T, Perl D, Graumann P, Sieber V, Marahiel MA, Schmid FX",-1.34,F,17,A,7.0,60.0,28.9,0,0,0,pdb,UP:P32081,UP:P32081:F17A,900,val
17306,Cold shock protein,P32081,F15A (PDB: F15A),Bacillus subtilis (strain 168),1CSP,F15A,Sheet,26.91,7.0,60,-1.67,-,-,yes,9533624.0,protein stability; cold shock protein; nucleic acid binding;,"PROTEINS 30, 401-406 (1998) PMID: 9533624","Schindler T, Perl D, Graumann P, Sieber V, Marahiel MA, Schmid FX",-1.67,F,15,A,7.0,60.0,26.91,0,0,0,pdb,UP:P32081,UP:P32081:F15A,901,val
17307,Cold shock protein,P32081,F38A (PDB: F38A),Bacillus subtilis (strain 168),1CSP,F38A,Coil,80.72,7.0,60,0.31,-,-,yes,9533624.0,protein stability; cold shock protein; nucleic acid binding;,"PROTEINS 30, 401-406 (1998) PMID: 9533624","Schindler T, Perl D, Graumann P, Sieber V, Marahiel MA, Schmid FX",0.31,F,38,A,7.0,60.0,80.72,0,0,0,pdb,UP:P32081,UP:P32081:F38A,902,val
17308,Lambda repressor,P03034,Y89C (UniProt),Escherichia phage lambda (Bacteriophage lambda),1LRP,-,Helix,26.02,8.0,60,2.4,-,-,yes (95%),3061460.0,thermostable mutations; cysteine; alanine substitutions;,"BIOCHEMISTRY 27, 7571-7574 (1988) PMID: 3061460","Stearman RS, Frankel AD, Freire E, Liu BS, Pabo CO",2.4,Y,89,C,8.0,60.0,26.02,0,0,0,uniprot,UP:P03034,UP:P03034:Y89C,903,test
17348,Lysozyme,P00720,I58T (PDB: I58T),Enterobacteria phage T4 (Bacteriophage T4),2LZM,I58T,Helix,3.78,5.4,59,-3.4,-,-,Unknown,11316887.0,cavities; hydration; water; hydrogen bonds; T4 lysozyme,PROTEIN SCI 10 1067-1078 (2001) PMID: 11316887,"Xu J, Baase WA, Quillin ML, Baldwin EP, Matthews BW",-3.4,I,58,T,5.4,59.0,3.78,0,0,0,pdb,UP:P00720,UP:P00720:I58T,904,train
17349,Lysozyme,P00720,N101A (PDB: N101A),Enterobacteria phage T4 (Bacteriophage T4),2LZM,N101A,Helix,0.0,5.4,59,-1.5,-,-,Unknown,11316887.0,cavities; hydration; water; hydrogen bonds; T4 lysozyme,PROTEIN SCI 10 1067-1078 (2001) PMID: 11316887,"Xu J, Baase WA, Quillin ML, Baldwin EP, Matthews BW",-1.5,N,101,A,5.4,59.0,0.0,0,0,0,pdb,UP:P00720,UP:P00720:N101A,905,train
17350,Lysozyme,P00720,Q105M (PDB: Q105M),Enterobacteria phage T4 (Bacteriophage T4),2LZM,Q105M,Helix,33.03,5.4,59,-1.2,-,-,Unknown,11316887.0,cavities; hydration; water; hydrogen bonds; T4 lysozyme,PROTEIN SCI 10 1067-1078 (2001) PMID: 11316887,"Xu J, Baase WA, Quillin ML, Baldwin EP, Matthews BW",-1.2,Q,105,M,5.4,59.0,33.03,0,0,0,pdb,UP:P00720,UP:P00720:Q105M,906,train
17351,Lysozyme,P00720,V149A (PDB: V149A),Enterobacteria phage T4 (Bacteriophage T4),2LZM,V149A,Helix,0.0,5.4,59,-3.1,-,-,Unknown,11316887.0,cavities; hydration; water; hydrogen bonds; T4 lysozyme,PROTEIN SCI 10 1067-1078 (2001) PMID: 11316887,"Xu J, Baase WA, Quillin ML, Baldwin EP, Matthews BW",-3.1,V,149,A,5.4,59.0,0.0,0,0,0,pdb,UP:P00720,UP:P00720:V149A,907,train
17352,Lysozyme,P00720,V149S (PDB: V149S),Enterobacteria phage T4 (Bacteriophage T4),2LZM,V149S,Helix,0.0,5.4,59,-4.4,-,-,Unknown,11316887.0,cavities; hydration; water; hydrogen bonds; T4 lysozyme,PROTEIN SCI 10 1067-1078 (2001) PMID: 11316887,"Xu J, Baase WA, Quillin ML, Baldwin EP, Matthews BW",-4.4,V,149,S,5.4,59.0,0.0,0,0,0,pdb,UP:P00720,UP:P00720:V149S,908,train
17353,Lysozyme,P00720,V149C (PDB: V149C),Enterobacteria phage T4 (Bacteriophage T4),2LZM,V149C,Helix,0.0,5.4,59,-2,-,-,Unknown,11316887.0,cavities; hydration; water; hydrogen bonds; T4 lysozyme,PROTEIN SCI 10 1067-1078 (2001) PMID: 11316887,"Xu J, Baase WA, Quillin ML, Baldwin EP, Matthews BW",-2.0,V,149,C,5.4,59.0,0.0,0,0,0,pdb,UP:P00720,UP:P00720:V149C,909,train
17354,Lysozyme,P00720,V149T (PDB: V149T),Enterobacteria phage T4 (Bacteriophage T4),2LZM,V149T,Helix,0.0,5.4,59,-3,-,-,Unknown,11316887.0,cavities; hydration; water; hydrogen bonds; T4 lysozyme,PROTEIN SCI 10 1067-1078 (2001) PMID: 11316887,"Xu J, Baase WA, Quillin ML, Baldwin EP, Matthews BW",-3.0,V,149,T,5.4,59.0,0.0,0,0,0,pdb,UP:P00720,UP:P00720:V149T,910,train
17355,Lysozyme,P00720,V149I (PDB: V149I),Enterobacteria phage T4 (Bacteriophage T4),2LZM,V149I,Helix,0.0,5.4,59,-0.1,-,-,Unknown,11316887.0,cavities; hydration; water; hydrogen bonds; T4 lysozyme,PROTEIN SCI 10 1067-1078 (2001) PMID: 11316887,"Xu J, Baase WA, Quillin ML, Baldwin EP, Matthews BW",-0.1,V,149,I,5.4,59.0,0.0,0,0,0,pdb,UP:P00720,UP:P00720:V149I,911,train
17356,Lysozyme,P00720,V149G (PDB: V149G),Enterobacteria phage T4 (Bacteriophage T4),2LZM,V149G,Helix,0.0,5.4,59,-4.9,-,-,Unknown,11316887.0,cavities; hydration; water; hydrogen bonds; T4 lysozyme,PROTEIN SCI 10 1067-1078 (2001) PMID: 11316887,"Xu J, Baase WA, Quillin ML, Baldwin EP, Matthews BW",-4.9,V,149,G,5.4,59.0,0.0,0,0,0,pdb,UP:P00720,UP:P00720:V149G,912,train
17357,Lysozyme,P00720,T152A (PDB: T152A),Enterobacteria phage T4 (Bacteriophage T4),2LZM,T152A,Turn,0.0,5.4,59,-1.5,-,-,Unknown,11316887.0,cavities; hydration; water; hydrogen bonds; T4 lysozyme,PROTEIN SCI 10 1067-1078 (2001) PMID: 11316887,"Xu J, Baase WA, Quillin ML, Baldwin EP, Matthews BW",-1.5,T,152,A,5.4,59.0,0.0,0,0,0,pdb,UP:P00720,UP:P00720:T152A,913,train
17358,Lysozyme,P00720,T152S (PDB: T152S),Enterobacteria phage T4 (Bacteriophage T4),2LZM,T152S,Turn,0.0,5.4,59,-2,-,-,Unknown,11316887.0,cavities; hydration; water; hydrogen bonds; T4 lysozyme,PROTEIN SCI 10 1067-1078 (2001) PMID: 11316887,"Xu J, Baase WA, Quillin ML, Baldwin EP, Matthews BW",-2.0,T,152,S,5.4,59.0,0.0,0,0,0,pdb,UP:P00720,UP:P00720:T152S,914,train
17359,Lysozyme,P00720,T152C (PDB: T152C),Enterobacteria phage T4 (Bacteriophage T4),2LZM,T152C,Turn,0.0,5.4,59,-0.5,-,-,Unknown,11316887.0,cavities; hydration; water; hydrogen bonds; T4 lysozyme,PROTEIN SCI 10 1067-1078 (2001) PMID: 11316887,"Xu J, Baase WA, Quillin ML, Baldwin EP, Matthews BW",-0.5,T,152,C,5.4,59.0,0.0,0,0,0,pdb,UP:P00720,UP:P00720:T152C,915,train
17360,Lysozyme,P00720,T152V (PDB: T152V),Enterobacteria phage T4 (Bacteriophage T4),2LZM,T152V,Turn,0.0,5.4,59,0.2,-,-,Unknown,11316887.0,cavities; hydration; water; hydrogen bonds; T4 lysozyme,PROTEIN SCI 10 1067-1078 (2001) PMID: 11316887,"Xu J, Baase WA, Quillin ML, Baldwin EP, Matthews BW",0.2,T,152,V,5.4,59.0,0.0,0,0,0,pdb,UP:P00720,UP:P00720:T152V,916,train
17361,Lysozyme,P00720,T152I (PDB: T152I),Enterobacteria phage T4 (Bacteriophage T4),2LZM,T152I,Turn,0.0,5.4,59,-0.4,-,-,Unknown,11316887.0,cavities; hydration; water; hydrogen bonds; T4 lysozyme,PROTEIN SCI 10 1067-1078 (2001) PMID: 11316887,"Xu J, Baase WA, Quillin ML, Baldwin EP, Matthews BW",-0.4,T,152,I,5.4,59.0,0.0,0,0,0,pdb,UP:P00720,UP:P00720:T152I,917,train
17363,Alpha-lactalbumin,P00712,T57A (PDB: T38A),Capra hircus (Goat),1HFY,T38A,Turn,0.0,7.0,59,-1.6,-,-,Yes,16236317.0,equilibrium experiments; kinetic experiments; molecular dynamics simulations; protein unfolding; unfolding dynamics,"J MOL BIOL 354, 164-172 (2005) PMID: 16236317","Oroguchi T, Ikeguchi M, Saeki K, Kamagata K, Sawano Y, Tanokura M, Kidera A, Kuwajima K.",-1.6,T,57,A,7.0,59.0,0.0,0,0,0,pdb,UP:P00712,UP:P00712:T57A,918,train
17365,Subtilisin BPN',P00782,N325S (PDB: N218S),Bacillus amyloliquefaciens (Bacillus velezensis),1SUP,N218S,Coil,66.26,8.0,58.8,1.07,-,-,yes,2684274.0,subtilisin BPN'; amino acid substitutions; hydrophobic; structural changes;,"BIOCHEMISTRY 28, 7205-7213 (1989) PMID: 2684274","Pantoliano MW, Whitlow M, Wood JF, Dodd SW, Hardman KD, Rollence ML, Bryan PN",1.07,N,325,S,8.0,58.8,66.26,0,0,0,pdb,UP:P00782,UP:P00782:N325S,919,train
17366,Subtilisin BPN',P00782,G276A (PDB: G169A),Bacillus amyloliquefaciens (Bacillus velezensis),1SUP,G169A,Helix,1.27,8.0,58.8,0.3,-,-,yes,2684274.0,subtilisin BPN'; amino acid substitutions; hydrophobic; structural changes;,"BIOCHEMISTRY 28, 7205-7213 (1989) PMID: 2684274","Pantoliano MW, Whitlow M, Wood JF, Dodd SW, Hardman KD, Rollence ML, Bryan PN",0.3,G,276,A,8.0,58.8,1.27,0,0,0,pdb,UP:P00782,UP:P00782:G276A,920,train
17367,Subtilisin BPN',P00782,M157F (PDB: M50F),Bacillus amyloliquefaciens (Bacillus velezensis),1SUP,M50F,Coil,16.49,8.0,58.8,0.48,-,-,yes,2684274.0,subtilisin BPN'; amino acid substitutions; hydrophobic; structural changes;,"BIOCHEMISTRY 28, 7205-7213 (1989) PMID: 2684274","Pantoliano MW, Whitlow M, Wood JF, Dodd SW, Hardman KD, Rollence ML, Bryan PN",0.48,M,157,F,8.0,58.8,16.49,0,0,0,pdb,UP:P00782,UP:P00782:M157F,921,train
17368,Subtilisin BPN',P00782,Y324K (PDB: Y217K),Bacillus amyloliquefaciens (Bacillus velezensis),1SUP,Y217K,Sheet,33.22,8.0,58.8,0.72,-,-,yes,2684274.0,subtilisin BPN'; amino acid substitutions; hydrophobic; structural changes;,"BIOCHEMISTRY 28, 7205-7213 (1989) PMID: 2684274","Pantoliano MW, Whitlow M, Wood JF, Dodd SW, Hardman KD, Rollence ML, Bryan PN",0.72,Y,324,K,8.0,58.8,33.22,0,0,0,pdb,UP:P00782,UP:P00782:Y324K,922,train
17369,Subtilisin BPN',P00782,Q313C (PDB: Q206C),Bacillus amyloliquefaciens (Bacillus velezensis),1SUP,Q206C,Sheet,41.43,8.0,58.8,1.25,-,-,yes,2684274.0,subtilisin BPN'; amino acid substitutions; hydrophobic; structural changes;,"BIOCHEMISTRY 28, 7205-7213 (1989) PMID: 2684274","Pantoliano MW, Whitlow M, Wood JF, Dodd SW, Hardman KD, Rollence ML, Bryan PN",1.25,Q,313,C,8.0,58.8,41.43,0,0,0,pdb,UP:P00782,UP:P00782:Q313C,923,train
17370,Subtilisin BPN',P00782,N183D (PDB: N76D),Bacillus amyloliquefaciens (Bacillus velezensis),1SUP,N76D,Coil,68.99,8.0,58.8,0.45,-,-,yes,2684274.0,subtilisin BPN'; amino acid substitutions; hydrophobic; structural changes;,"BIOCHEMISTRY 28, 7205-7213 (1989) PMID: 2684274","Pantoliano MW, Whitlow M, Wood JF, Dodd SW, Hardman KD, Rollence ML, Bryan PN",0.45,N,183,D,8.0,58.8,68.99,0,0,0,pdb,UP:P00782,UP:P00782:N183D,924,train
17371,Lysozyme,P00720,R96K (PDB: R96K),Enterobacteria phage T4 (Bacteriophage T4),2LZM,R96K,Helix,34.06,5.35,58,0,-,-,Unknown,19384988.0,Bacteriophage T4 lysozyme; electrostatics; strain; temperature-sensitive mutant,"PROTEIN SCI 18, 871-880 (2009) PMID: 19384988","Mooers BH, Baase WA, Wray JW, Matthews BW.",0.0,R,96,K,5.35,58.0,34.06,0,0,0,pdb,UP:P00720,UP:P00720:R96K,925,train
17372,Lysozyme,P00720,R96Q (PDB: R96Q),Enterobacteria phage T4 (Bacteriophage T4),2LZM,R96Q,Helix,34.06,5.35,58,-0.3,-,-,Unknown,19384988.0,Bacteriophage T4 lysozyme; electrostatics; strain; temperature-sensitive mutant,"PROTEIN SCI 18, 871-880 (2009) PMID: 19384988","Mooers BH, Baase WA, Wray JW, Matthews BW.",-0.3,R,96,Q,5.35,58.0,34.06,0,0,0,pdb,UP:P00720,UP:P00720:R96Q,926,train
17373,Lysozyme,P00720,R96A (PDB: R96A),Enterobacteria phage T4 (Bacteriophage T4),2LZM,R96A,Helix,34.06,5.35,58,-2,-,-,Unknown,19384988.0,Bacteriophage T4 lysozyme; electrostatics; strain; temperature-sensitive mutant,"PROTEIN SCI 18, 871-880 (2009) PMID: 19384988","Mooers BH, Baase WA, Wray JW, Matthews BW.",-2.0,R,96,A,5.35,58.0,34.06,0,0,0,pdb,UP:P00720,UP:P00720:R96A,927,train
17374,Lysozyme,P00720,R96V (PDB: R96V),Enterobacteria phage T4 (Bacteriophage T4),2LZM,R96V,Helix,34.06,5.35,58,-2.4,-,-,Unknown,19384988.0,Bacteriophage T4 lysozyme; electrostatics; strain; temperature-sensitive mutant,"PROTEIN SCI 18, 871-880 (2009) PMID: 19384988","Mooers BH, Baase WA, Wray JW, Matthews BW.",-2.4,R,96,V,5.35,58.0,34.06,0,0,0,pdb,UP:P00720,UP:P00720:R96V,928,train
17375,Lysozyme,P00720,R96S (PDB: R96S),Enterobacteria phage T4 (Bacteriophage T4),2LZM,R96S,Helix,34.06,5.35,58,-2.6,-,-,Unknown,19384988.0,Bacteriophage T4 lysozyme; electrostatics; strain; temperature-sensitive mutant,"PROTEIN SCI 18, 871-880 (2009) PMID: 19384988","Mooers BH, Baase WA, Wray JW, Matthews BW.",-2.6,R,96,S,5.35,58.0,34.06,0,0,0,pdb,UP:P00720,UP:P00720:R96S,929,train
17376,Lysozyme,P00720,R96E (PDB: R96E),Enterobacteria phage T4 (Bacteriophage T4),2LZM,R96E,Helix,34.06,5.35,58,-2.5,-,-,Unknown,19384988.0,Bacteriophage T4 lysozyme; electrostatics; strain; temperature-sensitive mutant,"PROTEIN SCI 18, 871-880 (2009) PMID: 19384988","Mooers BH, Baase WA, Wray JW, Matthews BW.",-2.5,R,96,E,5.35,58.0,34.06,0,0,0,pdb,UP:P00720,UP:P00720:R96E,930,train
17377,Lysozyme,P00720,R96G (PDB: R96G),Enterobacteria phage T4 (Bacteriophage T4),2LZM,R96G,Helix,34.06,5.35,58,-2.6,-,-,Unknown,19384988.0,Bacteriophage T4 lysozyme; electrostatics; strain; temperature-sensitive mutant,"PROTEIN SCI 18, 871-880 (2009) PMID: 19384988","Mooers BH, Baase WA, Wray JW, Matthews BW.",-2.6,R,96,G,5.35,58.0,34.06,0,0,0,pdb,UP:P00720,UP:P00720:R96G,931,train
17378,Lysozyme,P00720,R96M (PDB: R96M),Enterobacteria phage T4 (Bacteriophage T4),2LZM,R96M,Helix,34.06,5.35,58,-2.7,-,-,Unknown,19384988.0,Bacteriophage T4 lysozyme; electrostatics; strain; temperature-sensitive mutant,"PROTEIN SCI 18, 871-880 (2009) PMID: 19384988","Mooers BH, Baase WA, Wray JW, Matthews BW.",-2.7,R,96,M,5.35,58.0,34.06,0,0,0,pdb,UP:P00720,UP:P00720:R96M,932,train
17379,Lysozyme,P00720,R96T (PDB: R96T),Enterobacteria phage T4 (Bacteriophage T4),2LZM,R96T,Helix,34.06,5.35,58,-2.8,-,-,Unknown,19384988.0,Bacteriophage T4 lysozyme; electrostatics; strain; temperature-sensitive mutant,"PROTEIN SCI 18, 871-880 (2009) PMID: 19384988","Mooers BH, Baase WA, Wray JW, Matthews BW.",-2.8,R,96,T,5.35,58.0,34.06,0,0,0,pdb,UP:P00720,UP:P00720:R96T,933,train
17380,Lysozyme,P00720,R96C (PDB: R96C),Enterobacteria phage T4 (Bacteriophage T4),2LZM,R96C,Helix,34.06,5.35,58,-2.9,-,-,Unknown,19384988.0,Bacteriophage T4 lysozyme; electrostatics; strain; temperature-sensitive mutant,"PROTEIN SCI 18, 871-880 (2009) PMID: 19384988","Mooers BH, Baase WA, Wray JW, Matthews BW.",-2.9,R,96,C,5.35,58.0,34.06,0,0,0,pdb,UP:P00720,UP:P00720:R96C,934,train
17381,Lysozyme,P00720,R96I (PDB: R96I),Enterobacteria phage T4 (Bacteriophage T4),2LZM,R96I,Helix,34.06,5.35,58,-2.9,-,-,Unknown,19384988.0,Bacteriophage T4 lysozyme; electrostatics; strain; temperature-sensitive mutant,"PROTEIN SCI 18, 871-880 (2009) PMID: 19384988","Mooers BH, Baase WA, Wray JW, Matthews BW.",-2.9,R,96,I,5.35,58.0,34.06,0,0,0,pdb,UP:P00720,UP:P00720:R96I,935,train
17382,Lysozyme,P00720,R96N (PDB: R96N),Enterobacteria phage T4 (Bacteriophage T4),2LZM,R96N,Helix,34.06,5.35,58,-3,-,-,Unknown,19384988.0,Bacteriophage T4 lysozyme; electrostatics; strain; temperature-sensitive mutant,"PROTEIN SCI 18, 871-880 (2009) PMID: 19384988","Mooers BH, Baase WA, Wray JW, Matthews BW.",-3.0,R,96,N,5.35,58.0,34.06,0,0,0,pdb,UP:P00720,UP:P00720:R96N,936,train
17383,Lysozyme,P00720,R96H (PDB: R96H),Enterobacteria phage T4 (Bacteriophage T4),2LZM,R96H,Helix,34.06,5.35,58,-3.1,-,-,Unknown,19384988.0,Bacteriophage T4 lysozyme; electrostatics; strain; temperature-sensitive mutant,"PROTEIN SCI 18, 871-880 (2009) PMID: 19384988","Mooers BH, Baase WA, Wray JW, Matthews BW.",-3.1,R,96,H,5.35,58.0,34.06,0,0,0,pdb,UP:P00720,UP:P00720:R96H,937,train
17384,Lysozyme,P00720,R96L (PDB: R96L),Enterobacteria phage T4 (Bacteriophage T4),2LZM,R96L,Helix,34.06,5.35,58,-3.2,-,-,Unknown,19384988.0,Bacteriophage T4 lysozyme; electrostatics; strain; temperature-sensitive mutant,"PROTEIN SCI 18, 871-880 (2009) PMID: 19384988","Mooers BH, Baase WA, Wray JW, Matthews BW.",-3.2,R,96,L,5.35,58.0,34.06,0,0,0,pdb,UP:P00720,UP:P00720:R96L,938,train
17385,Lysozyme,P00720,R96D (PDB: R96D),Enterobacteria phage T4 (Bacteriophage T4),2LZM,R96D,Helix,34.06,5.35,58,-3.5,-,-,Unknown,19384988.0,Bacteriophage T4 lysozyme; electrostatics; strain; temperature-sensitive mutant,"PROTEIN SCI 18, 871-880 (2009) PMID: 19384988","Mooers BH, Baase WA, Wray JW, Matthews BW.",-3.5,R,96,D,5.35,58.0,34.06,0,0,0,pdb,UP:P00720,UP:P00720:R96D,939,train
17386,Lysozyme,P00720,R96F (PDB: R96F),Enterobacteria phage T4 (Bacteriophage T4),2LZM,R96F,Helix,34.06,5.35,58,-4.2,-,-,Unknown,19384988.0,Bacteriophage T4 lysozyme; electrostatics; strain; temperature-sensitive mutant,"PROTEIN SCI 18, 871-880 (2009) PMID: 19384988","Mooers BH, Baase WA, Wray JW, Matthews BW.",-4.2,R,96,F,5.35,58.0,34.06,0,0,0,pdb,UP:P00720,UP:P00720:R96F,940,train
17387,Lysozyme,P00720,R96W (PDB: R96W),Enterobacteria phage T4 (Bacteriophage T4),2LZM,R96W,Helix,34.06,5.35,58,-4.5,-,-,Unknown,19384988.0,Bacteriophage T4 lysozyme; electrostatics; strain; temperature-sensitive mutant,"PROTEIN SCI 18, 871-880 (2009) PMID: 19384988","Mooers BH, Baase WA, Wray JW, Matthews BW.",-4.5,R,96,W,5.35,58.0,34.06,0,0,0,pdb,UP:P00720,UP:P00720:R96W,941,train
17388,Lysozyme,P00720,R96Y (PDB: R96Y),Enterobacteria phage T4 (Bacteriophage T4),2LZM,R96Y,Helix,34.06,5.35,58,-4.7,-,-,Unknown,19384988.0,Bacteriophage T4 lysozyme; electrostatics; strain; temperature-sensitive mutant,"PROTEIN SCI 18, 871-880 (2009) PMID: 19384988","Mooers BH, Baase WA, Wray JW, Matthews BW.",-4.7,R,96,Y,5.35,58.0,34.06,0,0,0,pdb,UP:P00720,UP:P00720:R96Y,942,train
17389,Lysozyme,P00720,R96P (PDB: R96P),Enterobacteria phage T4 (Bacteriophage T4),2LZM,R96P,Helix,34.06,5.35,58,-5.5,-,-,Unknown,19384988.0,Bacteriophage T4 lysozyme; electrostatics; strain; temperature-sensitive mutant,"PROTEIN SCI 18, 871-880 (2009) PMID: 19384988","Mooers BH, Baase WA, Wray JW, Matthews BW.",-5.5,R,96,P,5.35,58.0,34.06,0,0,0,pdb,UP:P00720,UP:P00720:R96P,943,train
17390,Lysozyme,P00720,K85A (PDB: K85A),Enterobacteria phage T4 (Bacteriophage T4),2LZM,K85A,Helix,39.38,5.35,58,-0.6,-,-,Unknown,19384988.0,Bacteriophage T4 lysozyme; electrostatics; strain; temperature-sensitive mutant,"PROTEIN SCI 18, 871-880 (2009) PMID: 19384988","Mooers BH, Baase WA, Wray JW, Matthews BW.",-0.6,K,85,A,5.35,58.0,39.38,0,0,0,pdb,UP:P00720,UP:P00720:K85A,944,train
17391,Lysozyme,P00720,D89A (PDB: D89A),Enterobacteria phage T4 (Bacteriophage T4),2LZM,D89A,Helix,53.44,5.35,58,-0.5,-,-,Unknown,19384988.0,Bacteriophage T4 lysozyme; electrostatics; strain; temperature-sensitive mutant,"PROTEIN SCI 18, 871-880 (2009) PMID: 19384988","Mooers BH, Baase WA, Wray JW, Matthews BW.",-0.5,D,89,A,5.35,58.0,53.44,0,0,0,pdb,UP:P00720,UP:P00720:D89A,945,train
17394,Tryptophan synthase alpha-subunit,P0A877,G211R (PDB: G211R),Escherichia coli (strain K12),1WQ5,G211R,Helix,0.0,7.8,57.8,0.1,-,-,yes,6992862.0,thermal stability; free energy; Escherichia coli;,"BIOCHEMISTRY 19, 1290-1293 (1980) PMID: 6992862","Matthews CR, Crisanti MM, Gepner GL, Velicelebi G, Sturtevant JM",0.1,G,211,R,7.8,57.8,0.0,0,0,0,pdb,UP:P0A877,UP:P0A877:G211R,946,train
17395,Tryptophan synthase alpha-subunit,P0A877,G211E (PDB: G211E),Escherichia coli (strain K12),1WQ5,G211E,Helix,0.0,7.8,57.8,0.6,-,-,yes,6992862.0,thermal stability; free energy; Escherichia coli;,"BIOCHEMISTRY 19, 1290-1293 (1980) PMID: 6992862","Matthews CR, Crisanti MM, Gepner GL, Velicelebi G, Sturtevant JM",0.6,G,211,E,7.8,57.8,0.0,0,0,0,pdb,UP:P0A877,UP:P0A877:G211E,947,train
17396,Lysozyme,P00720,A74P (PDB: A74P),Enterobacteria phage T4 (Bacteriophage T4),2LZM,A74P,Helix,8.17,3.5,57.5,-5.7,-,-,yes,1733941.0,T4 lysozyme; proline; alpha-helix; amino acid substitution;,"J BIOL CHEM 267, 2393-2399 (1992) PMID: 1733941","Sauer U.H., Dao-pin S. & Matthews B.W.",-5.7,A,74,P,3.5,57.5,8.17,0,0,0,pdb,UP:P00720,UP:P00720:A74P,948,train
17397,Iso-1 cytochrome c,P00044,C108T (UniProt),Saccharomyces cerevisiae (strain ATCC 204508 / S288c) (Baker's yeast),1YCC,-,Coil,0.0,6.0,57.1,0.8,-,-,yes,10366726.0,cytochrome c; differential stability; mutagenesis; scanning calorimetry,"BIOCHIM BIOPHYS ACTA 1432, 40-48 (1999) PMID: 10366726","Lett CM, Rosu-Myles MD, Frey HE, Guillemette JG",0.8,C,108,T,6.0,57.1,0.0,0,0,0,uniprot,UP:P00044,UP:P00044:C108T,949,train
17398,Iso-1 cytochrome c,P00044,C108T (UniProt),Saccharomyces cerevisiae (strain ATCC 204508 / S288c) (Baker's yeast),1YCC,-,Coil,0.0,6.0,57.1,5.7,-,-,yes,10366726.0,cytochrome c; differential stability; mutagenesis; scanning calorimetry,"BIOCHIM BIOPHYS ACTA 1432, 40-48 (1999) PMID: 10366726","Lett CM, Rosu-Myles MD, Frey HE, Guillemette JG",5.7,C,108,T,6.0,57.1,0.0,0,0,0,uniprot,UP:P00044,UP:P00044:C108T,950,train
17407,Lysozyme,P61626,C95A (PDB: C77A),Homo sapiens (Human),1LZ1,C77A,Turn,15.67,3.0,57,-4.6,-,-,yes,1525170.0,human lysozyme; enthalpic destabilization; protein stability;,"BIOCHEMISTRY 31, 8323-8328 (1992) PMID: 1525170","Kuroki R., Inaka K., Taniyama Y., Kidokoro S., Matsushima M.,",-4.6,C,95,A,3.0,57.0,15.67,0,0,0,pdb,UP:P61626,UP:P61626:C95A,951,train
17412,Guanyl-specific ribonuclease T1n,P61823,P119A (UniProt),Bos taurus (Bovine),1RTB,-,Coil,69.77,4.2,56.2,-2.7,-,-,yes,1338975.0,cis peptide bond; cis proline mutants; ribonuclease A;,"PROTEIN SCI 1, 910-916 (1992) PMID: 1338975",Schultz D.A. & Baldwin R.L.,-2.7,P,119,A,4.2,56.2,69.77,0,0,0,uniprot,UP:P61823,UP:P61823:P119A,952,train
17413,Guanyl-specific ribonuclease T1n,P61823,P119S (UniProt),Bos taurus (Bovine),1RTB,-,Coil,69.77,4.2,56.2,-2.1,-,-,yes,1338975.0,cis peptide bond; cis proline mutants; ribonuclease A;,"PROTEIN SCI 1, 910-916 (1992) PMID: 1338975",Schultz D.A. & Baldwin R.L.,-2.1,P,119,S,4.2,56.2,69.77,0,0,0,uniprot,UP:P61823,UP:P61823:P119S,953,train
17414,Guanyl-specific ribonuclease T1n,P61823,P140A (UniProt),Bos taurus (Bovine),1RTB,-,Sheet,65.54,4.2,56.2,-3.2,-,-,yes,1338975.0,cis peptide bond; cis proline mutants; ribonuclease A;,"PROTEIN SCI 1, 910-916 (1992) PMID: 1338975",Schultz D.A. & Baldwin R.L.,-3.2,P,140,A,4.2,56.2,65.54,0,0,0,uniprot,UP:P61823,UP:P61823:P140A,954,train
17415,Guanyl-specific ribonuclease T1n,P61823,P140G (UniProt),Bos taurus (Bovine),1RTB,-,Sheet,65.54,4.2,56.2,-2.8,-,-,yes,1338975.0,cis peptide bond; cis proline mutants; ribonuclease A;,"PROTEIN SCI 1, 910-916 (1992) PMID: 1338975",Schultz D.A. & Baldwin R.L.,-2.8,P,140,G,4.2,56.2,65.54,0,0,0,uniprot,UP:P61823,UP:P61823:P140G,955,train
17419,Ribonuclease Sa,P05798,Q38A (PDB: Q38A),Kitasatospora aureofaciens (Streptomyces aureofaciens),1RGG,Q38A,Coil,63.83,5.5,55.6,0.4,-,-,yes (90-95%),14500895.0,Ribonuclease Sa; active-site mutants; catalytic activity; specificity; thermal stability,"PROTEIN SCI 12, 2367-2373 (2003) PMID: 14500895","Yakovlev GI, Mitkevich VA, Shaw KL, Trevino S, Newsom S, Pace CN, Makarov AA",0.4,Q,38,A,5.5,55.6,63.83,0,0,0,pdb,UP:P05798,UP:P05798:Q38A,956,train
17420,Ribonuclease Sa,P05798,E41K (PDB: E41K),Kitasatospora aureofaciens (Streptomyces aureofaciens),1RGG,E41K,Sheet,96.74,5.5,55.6,-1.5,-,-,yes (90-95%),14500895.0,Ribonuclease Sa; active-site mutants; catalytic activity; specificity; thermal stability,"PROTEIN SCI 12, 2367-2373 (2003) PMID: 14500895","Yakovlev GI, Mitkevich VA, Shaw KL, Trevino S, Newsom S, Pace CN, Makarov AA",-1.5,E,41,K,5.5,55.6,96.74,0,0,0,pdb,UP:P05798,UP:P05798:E41K,957,train
17421,Ribonuclease Sa,P05798,E54Q (PDB: E54Q),Kitasatospora aureofaciens (Streptomyces aureofaciens),1RGG,E54Q,Sheet,10.3,5.5,55.6,-2.3,-,-,yes (90-95%),14500895.0,Ribonuclease Sa; active-site mutants; catalytic activity; specificity; thermal stability,"PROTEIN SCI 12, 2367-2373 (2003) PMID: 14500895","Yakovlev GI, Mitkevich VA, Shaw KL, Trevino S, Newsom S, Pace CN, Makarov AA",-2.3,E,54,Q,5.5,55.6,10.3,0,0,0,pdb,UP:P05798,UP:P05798:E54Q,958,train
17422,Ribonuclease Sa,P05798,R65A (PDB: R65A),Kitasatospora aureofaciens (Streptomyces aureofaciens),1RGG,R65A,Coil,25.76,5.5,55.6,-1.3,-,-,yes (90-95%),14500895.0,Ribonuclease Sa; active-site mutants; catalytic activity; specificity; thermal stability,"PROTEIN SCI 12, 2367-2373 (2003) PMID: 14500895","Yakovlev GI, Mitkevich VA, Shaw KL, Trevino S, Newsom S, Pace CN, Makarov AA",-1.3,R,65,A,5.5,55.6,25.76,0,0,0,pdb,UP:P05798,UP:P05798:R65A,959,train
17423,Ribonuclease Sa,P05798,E74K (PDB: E74K),Kitasatospora aureofaciens (Streptomyces aureofaciens),1RGG,E74K,Sheet,79.56,5.5,55.6,0.1,-,-,yes (90-95%),14500895.0,Ribonuclease Sa; active-site mutants; catalytic activity; specificity; thermal stability,"PROTEIN SCI 12, 2367-2373 (2003) PMID: 14500895","Yakovlev GI, Mitkevich VA, Shaw KL, Trevino S, Newsom S, Pace CN, Makarov AA",0.1,E,74,K,5.5,55.6,79.56,0,0,0,pdb,UP:P05798,UP:P05798:E74K,960,train
17424,Ribonuclease Sa,P05798,H85Q (PDB: H85Q),Kitasatospora aureofaciens (Streptomyces aureofaciens),1RGG,H85Q,Helix,54.43,5.5,55.6,0,-,-,yes (90-95%),14500895.0,Ribonuclease Sa; active-site mutants; catalytic activity; specificity; thermal stability,"PROTEIN SCI 12, 2367-2373 (2003) PMID: 14500895","Yakovlev GI, Mitkevich VA, Shaw KL, Trevino S, Newsom S, Pace CN, Makarov AA",0.0,H,85,Q,5.5,55.6,54.43,0,0,0,pdb,UP:P05798,UP:P05798:H85Q,961,train
17433,Cold shock protein B,P32081,E3R (PDB: E3R),Bacillus subtilis (strain 168),1CSP,E3R,Sheet,42.93,7.5,55,2.41,-,-,Unknown,17188709.0,protein stability; protein halophilicity; charge-charge interactions; computational modeling; amino acid substitutions,"J MOL BIOL 366, 842-856 (2007) PMID: 17188709","Gribenko AV, Makhatadze GI.",2.41,E,3,R,7.5,55.0,42.93,0,0,0,pdb,UP:P32081,UP:P32081:E3R,962,val
17434,Cold shock protein B,P32081,E3R (PDB: E3R),Bacillus subtilis (strain 168),1CSP,E3R,Sheet,42.93,7.5,55,2.25,-,-,Unknown,17188709.0,protein stability; protein halophilicity; charge-charge interactions; computational modeling; amino acid substitutions,"J MOL BIOL 366, 842-856 (2007) PMID: 17188709","Gribenko AV, Makhatadze GI.",2.25,E,3,R,7.5,55.0,42.93,0,0,0,pdb,UP:P32081,UP:P32081:E3R,963,val
17435,Cold shock protein B,P32081,E3R (PDB: E3R),Bacillus subtilis (strain 168),1CSP,E3R,Sheet,42.93,7.5,55,2.1,-,-,Unknown,17188709.0,protein stability; protein halophilicity; charge-charge interactions; computational modeling; amino acid substitutions,"J MOL BIOL 366, 842-856 (2007) PMID: 17188709","Gribenko AV, Makhatadze GI.",2.1,E,3,R,7.5,55.0,42.93,0,0,0,pdb,UP:P32081,UP:P32081:E3R,964,val
17436,Cold shock protein B,P32081,E3Q (PDB: E3Q),Bacillus subtilis (strain 168),1CSP,E3Q,Sheet,42.93,7.5,55,1.39,-,-,Unknown,17188709.0,protein stability; protein halophilicity; charge-charge interactions; computational modeling; amino acid substitutions,"J MOL BIOL 366, 842-856 (2007) PMID: 17188709","Gribenko AV, Makhatadze GI.",1.39,E,3,Q,7.5,55.0,42.93,0,0,0,pdb,UP:P32081,UP:P32081:E3Q,965,val
17437,Cold shock protein B,P32081,N10D (PDB: N10D),Bacillus subtilis (strain 168),1CSP,N10D,Sheet,39.62,7.5,55,0.26,-,-,Unknown,17188709.0,protein stability; protein halophilicity; charge-charge interactions; computational modeling; amino acid substitutions,"J MOL BIOL 366, 842-856 (2007) PMID: 17188709","Gribenko AV, Makhatadze GI.",0.26,N,10,D,7.5,55.0,39.62,0,0,0,pdb,UP:P32081,UP:P32081:N10D,966,val
17440,Cold shock protein B,P32081,E43K (PDB: E43K),Bacillus subtilis (strain 168),1CSP,E43K,Sheet,88.15,7.5,55,0.22,-,-,Unknown,17188709.0,protein stability; protein halophilicity; charge-charge interactions; computational modeling; amino acid substitutions,"J MOL BIOL 366, 842-856 (2007) PMID: 17188709","Gribenko AV, Makhatadze GI.",0.22,E,43,K,7.5,55.0,88.15,0,0,0,pdb,UP:P32081,UP:P32081:E43K,967,val
17441,Cold shock protein B,P32081,S48K (PDB: S48K),Bacillus subtilis (strain 168),1CSP,S48K,Coil,31.57,7.5,55,0.72,-,-,Unknown,17188709.0,protein stability; protein halophilicity; charge-charge interactions; computational modeling; amino acid substitutions,"J MOL BIOL 366, 842-856 (2007) PMID: 17188709","Gribenko AV, Makhatadze GI.",0.72,S,48,K,7.5,55.0,31.57,0,0,0,pdb,UP:P32081,UP:P32081:S48K,968,val
17442,Cold shock protein B,P32081,S48K (PDB: S48K),Bacillus subtilis (strain 168),1CSP,S48K,Coil,31.57,7.5,55,0.76,-,-,Unknown,17188709.0,protein stability; protein halophilicity; charge-charge interactions; computational modeling; amino acid substitutions,"J MOL BIOL 366, 842-856 (2007) PMID: 17188709","Gribenko AV, Makhatadze GI.",0.76,S,48,K,7.5,55.0,31.57,0,0,0,pdb,UP:P32081,UP:P32081:S48K,969,val
17443,Cold shock protein B,P32081,E53Q (PDB: E53Q),Bacillus subtilis (strain 168),1CSP,E53Q,Sheet,78.99,7.5,55,0.17,-,-,Unknown,17188709.0,protein stability; protein halophilicity; charge-charge interactions; computational modeling; amino acid substitutions,"J MOL BIOL 366, 842-856 (2007) PMID: 17188709","Gribenko AV, Makhatadze GI.",0.17,E,53,Q,7.5,55.0,78.99,0,0,0,pdb,UP:P32081,UP:P32081:E53Q,970,val
17444,Cold shock protein B,P32081,N55D (PDB: N55D),Bacillus subtilis (strain 168),1CSP,N55D,Turn,118.17,7.5,55,0.48,-,-,Unknown,17188709.0,protein stability; protein halophilicity; charge-charge interactions; computational modeling; amino acid substitutions,"J MOL BIOL 366, 842-856 (2007) PMID: 17188709","Gribenko AV, Makhatadze GI.",0.48,N,55,D,7.5,55.0,118.17,0,0,0,pdb,UP:P32081,UP:P32081:N55D,971,val
17446,Cold shock protein B,P32081,E3R (PDB: E3R),Bacillus subtilis (strain 168),1CSP,E3R,Sheet,42.93,7.5,55,2.27,-,-,Unknown,17188709.0,protein stability; protein halophilicity; charge-charge interactions; computational modeling; amino acid substitutions,"J MOL BIOL 366, 842-856 (2007) PMID: 17188709","Gribenko AV, Makhatadze GI.",2.27,E,3,R,7.5,55.0,42.93,0,0,0,pdb,UP:P32081,UP:P32081:E3R,972,val
17447,Cold shock protein B,P32081,E3R (PDB: E3R),Bacillus subtilis (strain 168),1CSP,E3R,Sheet,42.93,7.5,55,2.03,-,-,Unknown,17188709.0,protein stability; protein halophilicity; charge-charge interactions; computational modeling; amino acid substitutions,"J MOL BIOL 366, 842-856 (2007) PMID: 17188709","Gribenko AV, Makhatadze GI.",2.03,E,3,R,7.5,55.0,42.93,0,0,0,pdb,UP:P32081,UP:P32081:E3R,973,val
17448,Cold shock protein B,P32081,E3R (PDB: E3R),Bacillus subtilis (strain 168),1CSP,E3R,Sheet,42.93,7.5,55,2.01,-,-,Unknown,17188709.0,protein stability; protein halophilicity; charge-charge interactions; computational modeling; amino acid substitutions,"J MOL BIOL 366, 842-856 (2007) PMID: 17188709","Gribenko AV, Makhatadze GI.",2.01,E,3,R,7.5,55.0,42.93,0,0,0,pdb,UP:P32081,UP:P32081:E3R,974,val
17449,Cold shock protein B,P32081,E3Q (PDB: E3Q),Bacillus subtilis (strain 168),1CSP,E3Q,Sheet,42.93,7.5,55,1.31,-,-,Unknown,17188709.0,protein stability; protein halophilicity; charge-charge interactions; computational modeling; amino acid substitutions,"J MOL BIOL 366, 842-856 (2007) PMID: 17188709","Gribenko AV, Makhatadze GI.",1.31,E,3,Q,7.5,55.0,42.93,0,0,0,pdb,UP:P32081,UP:P32081:E3Q,975,val
17450,Cold shock protein B,P32081,N10D (PDB: N10D),Bacillus subtilis (strain 168),1CSP,N10D,Sheet,39.62,7.5,55,0.31,-,-,Unknown,17188709.0,protein stability; protein halophilicity; charge-charge interactions; computational modeling; amino acid substitutions,"J MOL BIOL 366, 842-856 (2007) PMID: 17188709","Gribenko AV, Makhatadze GI.",0.31,N,10,D,7.5,55.0,39.62,0,0,0,pdb,UP:P32081,UP:P32081:N10D,976,val
17452,Cold shock protein B,P32081,K39Q (PDB: K39Q),Bacillus subtilis (strain 168),1CSP,K39Q,Coil,39.38,7.5,55,-0.02,-,-,Unknown,17188709.0,protein stability; protein halophilicity; charge-charge interactions; computational modeling; amino acid substitutions,"J MOL BIOL 366, 842-856 (2007) PMID: 17188709","Gribenko AV, Makhatadze GI.",-0.02,K,39,Q,7.5,55.0,39.38,0,0,0,pdb,UP:P32081,UP:P32081:K39Q,977,val
17453,Cold shock protein B,P32081,E42K (PDB: E42K),Bacillus subtilis (strain 168),1CSP,E42K,Sheet,78.99,7.5,55,0.02,-,-,Unknown,17188709.0,protein stability; protein halophilicity; charge-charge interactions; computational modeling; amino acid substitutions,"J MOL BIOL 366, 842-856 (2007) PMID: 17188709","Gribenko AV, Makhatadze GI.",0.02,E,42,K,7.5,55.0,78.99,0,0,0,pdb,UP:P32081,UP:P32081:E42K,978,val
17454,Cold shock protein B,P32081,E43K (PDB: E43K),Bacillus subtilis (strain 168),1CSP,E43K,Sheet,88.15,7.5,55,0.17,-,-,Unknown,17188709.0,protein stability; protein halophilicity; charge-charge interactions; computational modeling; amino acid substitutions,"J MOL BIOL 366, 842-856 (2007) PMID: 17188709","Gribenko AV, Makhatadze GI.",0.17,E,43,K,7.5,55.0,88.15,0,0,0,pdb,UP:P32081,UP:P32081:E43K,979,val
17455,Cold shock protein B,P32081,E43Q (PDB: E43Q),Bacillus subtilis (strain 168),1CSP,E43Q,Sheet,88.15,7.5,55,0.05,-,-,Unknown,17188709.0,protein stability; protein halophilicity; charge-charge interactions; computational modeling; amino acid substitutions,"J MOL BIOL 366, 842-856 (2007) PMID: 17188709","Gribenko AV, Makhatadze GI.",0.05,E,43,Q,7.5,55.0,88.15,0,0,0,pdb,UP:P32081,UP:P32081:E43Q,980,val
17456,Cold shock protein B,P32081,S48K (PDB: S48K),Bacillus subtilis (strain 168),1CSP,S48K,Coil,31.57,7.5,55,0.74,-,-,Unknown,17188709.0,protein stability; protein halophilicity; charge-charge interactions; computational modeling; amino acid substitutions,"J MOL BIOL 366, 842-856 (2007) PMID: 17188709","Gribenko AV, Makhatadze GI.",0.74,S,48,K,7.5,55.0,31.57,0,0,0,pdb,UP:P32081,UP:P32081:S48K,981,val
17457,Cold shock protein B,P32081,S48K (PDB: S48K),Bacillus subtilis (strain 168),1CSP,S48K,Coil,31.57,7.5,55,0.81,-,-,Unknown,17188709.0,protein stability; protein halophilicity; charge-charge interactions; computational modeling; amino acid substitutions,"J MOL BIOL 366, 842-856 (2007) PMID: 17188709","Gribenko AV, Makhatadze GI.",0.81,S,48,K,7.5,55.0,31.57,0,0,0,pdb,UP:P32081,UP:P32081:S48K,982,val
17458,Cold shock protein B,P32081,E53Q (PDB: E53Q),Bacillus subtilis (strain 168),1CSP,E53Q,Sheet,78.99,7.5,55,0.19,-,-,Unknown,17188709.0,protein stability; protein halophilicity; charge-charge interactions; computational modeling; amino acid substitutions,"J MOL BIOL 366, 842-856 (2007) PMID: 17188709","Gribenko AV, Makhatadze GI.",0.19,E,53,Q,7.5,55.0,78.99,0,0,0,pdb,UP:P32081,UP:P32081:E53Q,983,val
17459,Cold shock protein B,P32081,N55D (PDB: N55D),Bacillus subtilis (strain 168),1CSP,N55D,Turn,118.17,7.5,55,0.5,-,-,Unknown,17188709.0,protein stability; protein halophilicity; charge-charge interactions; computational modeling; amino acid substitutions,"J MOL BIOL 366, 842-856 (2007) PMID: 17188709","Gribenko AV, Makhatadze GI.",0.5,N,55,D,7.5,55.0,118.17,0,0,0,pdb,UP:P32081,UP:P32081:N55D,984,val
17460,Cold shock protein B,P32081,R56Q (PDB: R56Q),Bacillus subtilis (strain 168),1CSP,R56Q,Turn,103.93,7.5,55,0.38,-,-,Unknown,17188709.0,protein stability; protein halophilicity; charge-charge interactions; computational modeling; amino acid substitutions,"J MOL BIOL 366, 842-856 (2007) PMID: 17188709","Gribenko AV, Makhatadze GI.",0.38,R,56,Q,7.5,55.0,103.93,0,0,0,pdb,UP:P32081,UP:P32081:R56Q,985,val
17462,Cold shock protein B,P32081,E3R (PDB: E3R),Bacillus subtilis (strain 168),1CSP,E3R,Sheet,42.93,7.5,55,2.08,-,-,Unknown,17188709.0,protein stability; protein halophilicity; charge-charge interactions; computational modeling; amino acid substitutions,"J MOL BIOL 366, 842-856 (2007) PMID: 17188709","Gribenko AV, Makhatadze GI.",2.08,E,3,R,7.5,55.0,42.93,0,0,0,pdb,UP:P32081,UP:P32081:E3R,986,val
17463,Cold shock protein B,P32081,E3R (PDB: E3R),Bacillus subtilis (strain 168),1CSP,E3R,Sheet,42.93,7.5,55,1.82,-,-,Unknown,17188709.0,protein stability; protein halophilicity; charge-charge interactions; computational modeling; amino acid substitutions,"J MOL BIOL 366, 842-856 (2007) PMID: 17188709","Gribenko AV, Makhatadze GI.",1.82,E,3,R,7.5,55.0,42.93,0,0,0,pdb,UP:P32081,UP:P32081:E3R,987,val
17464,Cold shock protein B,P32081,E3R (PDB: E3R),Bacillus subtilis (strain 168),1CSP,E3R,Sheet,42.93,7.5,55,1.84,-,-,Unknown,17188709.0,protein stability; protein halophilicity; charge-charge interactions; computational modeling; amino acid substitutions,"J MOL BIOL 366, 842-856 (2007) PMID: 17188709","Gribenko AV, Makhatadze GI.",1.84,E,3,R,7.5,55.0,42.93,0,0,0,pdb,UP:P32081,UP:P32081:E3R,988,val
17465,Cold shock protein B,P32081,E3Q (PDB: E3Q),Bacillus subtilis (strain 168),1CSP,E3Q,Sheet,42.93,7.5,55,1.2,-,-,Unknown,17188709.0,protein stability; protein halophilicity; charge-charge interactions; computational modeling; amino acid substitutions,"J MOL BIOL 366, 842-856 (2007) PMID: 17188709","Gribenko AV, Makhatadze GI.",1.2,E,3,Q,7.5,55.0,42.93,0,0,0,pdb,UP:P32081,UP:P32081:E3Q,989,val
17466,Cold shock protein B,P32081,N10D (PDB: N10D),Bacillus subtilis (strain 168),1CSP,N10D,Sheet,39.62,7.5,55,0.33,-,-,Unknown,17188709.0,protein stability; protein halophilicity; charge-charge interactions; computational modeling; amino acid substitutions,"J MOL BIOL 366, 842-856 (2007) PMID: 17188709","Gribenko AV, Makhatadze GI.",0.33,N,10,D,7.5,55.0,39.62,0,0,0,pdb,UP:P32081,UP:P32081:N10D,990,val
17468,Cold shock protein B,P32081,K39Q (PDB: K39Q),Bacillus subtilis (strain 168),1CSP,K39Q,Coil,39.38,7.5,55,-0.1,-,-,Unknown,17188709.0,protein stability; protein halophilicity; charge-charge interactions; computational modeling; amino acid substitutions,"J MOL BIOL 366, 842-856 (2007) PMID: 17188709","Gribenko AV, Makhatadze GI.",-0.1,K,39,Q,7.5,55.0,39.38,0,0,0,pdb,UP:P32081,UP:P32081:K39Q,991,val
17469,Cold shock protein B,P32081,E42K (PDB: E42K),Bacillus subtilis (strain 168),1CSP,E42K,Sheet,78.99,7.5,55,0,-,-,Unknown,17188709.0,protein stability; protein halophilicity; charge-charge interactions; computational modeling; amino acid substitutions,"J MOL BIOL 366, 842-856 (2007) PMID: 17188709","Gribenko AV, Makhatadze GI.",0.0,E,42,K,7.5,55.0,78.99,0,0,0,pdb,UP:P32081,UP:P32081:E42K,992,val
17470,Cold shock protein B,P32081,E43K (PDB: E43K),Bacillus subtilis (strain 168),1CSP,E43K,Sheet,88.15,7.5,55,0.14,-,-,Unknown,17188709.0,protein stability; protein halophilicity; charge-charge interactions; computational modeling; amino acid substitutions,"J MOL BIOL 366, 842-856 (2007) PMID: 17188709","Gribenko AV, Makhatadze GI.",0.14,E,43,K,7.5,55.0,88.15,0,0,0,pdb,UP:P32081,UP:P32081:E43K,993,val
17471,Cold shock protein B,P32081,E43Q (PDB: E43Q),Bacillus subtilis (strain 168),1CSP,E43Q,Sheet,88.15,7.5,55,0.02,-,-,Unknown,17188709.0,protein stability; protein halophilicity; charge-charge interactions; computational modeling; amino acid substitutions,"J MOL BIOL 366, 842-856 (2007) PMID: 17188709","Gribenko AV, Makhatadze GI.",0.02,E,43,Q,7.5,55.0,88.15,0,0,0,pdb,UP:P32081,UP:P32081:E43Q,994,val
17472,Cold shock protein B,P32081,S48K (PDB: S48K),Bacillus subtilis (strain 168),1CSP,S48K,Coil,31.57,7.5,55,0.67,-,-,Unknown,17188709.0,protein stability; protein halophilicity; charge-charge interactions; computational modeling; amino acid substitutions,"J MOL BIOL 366, 842-856 (2007) PMID: 17188709","Gribenko AV, Makhatadze GI.",0.67,S,48,K,7.5,55.0,31.57,0,0,0,pdb,UP:P32081,UP:P32081:S48K,995,val
17473,Cold shock protein B,P32081,S48K (PDB: S48K),Bacillus subtilis (strain 168),1CSP,S48K,Coil,31.57,7.5,55,0.79,-,-,Unknown,17188709.0,protein stability; protein halophilicity; charge-charge interactions; computational modeling; amino acid substitutions,"J MOL BIOL 366, 842-856 (2007) PMID: 17188709","Gribenko AV, Makhatadze GI.",0.79,S,48,K,7.5,55.0,31.57,0,0,0,pdb,UP:P32081,UP:P32081:S48K,996,val
17474,Cold shock protein B,P32081,E53Q (PDB: E53Q),Bacillus subtilis (strain 168),1CSP,E53Q,Sheet,78.99,7.5,55,0.14,-,-,Unknown,17188709.0,protein stability; protein halophilicity; charge-charge interactions; computational modeling; amino acid substitutions,"J MOL BIOL 366, 842-856 (2007) PMID: 17188709","Gribenko AV, Makhatadze GI.",0.14,E,53,Q,7.5,55.0,78.99,0,0,0,pdb,UP:P32081,UP:P32081:E53Q,997,val
17475,Cold shock protein B,P32081,N55K (PDB: N55K),Bacillus subtilis (strain 168),1CSP,N55K,Turn,118.17,7.5,55,-0.12,-,-,Unknown,17188709.0,protein stability; protein halophilicity; charge-charge interactions; computational modeling; amino acid substitutions,"J MOL BIOL 366, 842-856 (2007) PMID: 17188709","Gribenko AV, Makhatadze GI.",-0.12,N,55,K,7.5,55.0,118.17,0,0,0,pdb,UP:P32081,UP:P32081:N55K,998,val
17476,Cold shock protein B,P32081,N55D (PDB: N55D),Bacillus subtilis (strain 168),1CSP,N55D,Turn,118.17,7.5,55,0.43,-,-,Unknown,17188709.0,protein stability; protein halophilicity; charge-charge interactions; computational modeling; amino acid substitutions,"J MOL BIOL 366, 842-856 (2007) PMID: 17188709","Gribenko AV, Makhatadze GI.",0.43,N,55,D,7.5,55.0,118.17,0,0,0,pdb,UP:P32081,UP:P32081:N55D,999,val
17477,Cold shock protein B,P32081,R56Q (PDB: R56Q),Bacillus subtilis (strain 168),1CSP,R56Q,Turn,103.93,7.5,55,0.29,-,-,Unknown,17188709.0,protein stability; protein halophilicity; charge-charge interactions; computational modeling; amino acid substitutions,"J MOL BIOL 366, 842-856 (2007) PMID: 17188709","Gribenko AV, Makhatadze GI.",0.29,R,56,Q,7.5,55.0,103.93,0,0,0,pdb,UP:P32081,UP:P32081:R56Q,1000,val
17480,Cold shock protein B,P32081,E3R (PDB: E3R),Bacillus subtilis (strain 168),1CSP,E3R,Sheet,42.93,7.5,55,1.84,-,-,Unknown,17188709.0,protein stability; protein halophilicity; charge-charge interactions; computational modeling; amino acid substitutions,"J MOL BIOL 366, 842-856 (2007) PMID: 17188709","Gribenko AV, Makhatadze GI.",1.84,E,3,R,7.5,55.0,42.93,0,0,0,pdb,UP:P32081,UP:P32081:E3R,1001,val
17481,Cold shock protein B,P32081,E3R (PDB: E3R),Bacillus subtilis (strain 168),1CSP,E3R,Sheet,42.93,7.5,55,1.6,-,-,Unknown,17188709.0,protein stability; protein halophilicity; charge-charge interactions; computational modeling; amino acid substitutions,"J MOL BIOL 366, 842-856 (2007) PMID: 17188709","Gribenko AV, Makhatadze GI.",1.6,E,3,R,7.5,55.0,42.93,0,0,0,pdb,UP:P32081,UP:P32081:E3R,1002,val
17482,Cold shock protein B,P32081,E3R (PDB: E3R),Bacillus subtilis (strain 168),1CSP,E3R,Sheet,42.93,7.5,55,1.6,-,-,Unknown,17188709.0,protein stability; protein halophilicity; charge-charge interactions; computational modeling; amino acid substitutions,"J MOL BIOL 366, 842-856 (2007) PMID: 17188709","Gribenko AV, Makhatadze GI.",1.6,E,3,R,7.5,55.0,42.93,0,0,0,pdb,UP:P32081,UP:P32081:E3R,1003,val
17483,Cold shock protein B,P32081,E3Q (PDB: E3Q),Bacillus subtilis (strain 168),1CSP,E3Q,Sheet,42.93,7.5,55,1.05,-,-,Unknown,17188709.0,protein stability; protein halophilicity; charge-charge interactions; computational modeling; amino acid substitutions,"J MOL BIOL 366, 842-856 (2007) PMID: 17188709","Gribenko AV, Makhatadze GI.",1.05,E,3,Q,7.5,55.0,42.93,0,0,0,pdb,UP:P32081,UP:P32081:E3Q,1004,val
17484,Cold shock protein B,P32081,N10D (PDB: N10D),Bacillus subtilis (strain 168),1CSP,N10D,Sheet,39.62,7.5,55,0.33,-,-,Unknown,17188709.0,protein stability; protein halophilicity; charge-charge interactions; computational modeling; amino acid substitutions,"J MOL BIOL 366, 842-856 (2007) PMID: 17188709","Gribenko AV, Makhatadze GI.",0.33,N,10,D,7.5,55.0,39.62,0,0,0,pdb,UP:P32081,UP:P32081:N10D,1005,val
17485,Cold shock protein B,P32081,K13Q (PDB: K13Q),Bacillus subtilis (strain 168),1CSP,K13Q,Turn,69.52,7.5,55,-0.24,-,-,Unknown,17188709.0,protein stability; protein halophilicity; charge-charge interactions; computational modeling; amino acid substitutions,"J MOL BIOL 366, 842-856 (2007) PMID: 17188709","Gribenko AV, Makhatadze GI.",-0.24,K,13,Q,7.5,55.0,69.52,0,0,0,pdb,UP:P32081,UP:P32081:K13Q,1006,val
17486,Cold shock protein B,P32081,E19Q (PDB: E19Q),Bacillus subtilis (strain 168),1CSP,E19Q,Sheet,54.38,7.5,55,-0.31,-,-,Unknown,17188709.0,protein stability; protein halophilicity; charge-charge interactions; computational modeling; amino acid substitutions,"J MOL BIOL 366, 842-856 (2007) PMID: 17188709","Gribenko AV, Makhatadze GI.",-0.31,E,19,Q,7.5,55.0,54.38,0,0,0,pdb,UP:P32081,UP:P32081:E19Q,1007,val
17488,Cold shock protein B,P32081,E21K (PDB: E21K),Bacillus subtilis (strain 168),1CSP,E21K,Sheet,56.1,7.5,55,-0.19,-,-,Unknown,17188709.0,protein stability; protein halophilicity; charge-charge interactions; computational modeling; amino acid substitutions,"J MOL BIOL 366, 842-856 (2007) PMID: 17188709","Gribenko AV, Makhatadze GI.",-0.19,E,21,K,7.5,55.0,56.1,0,0,0,pdb,UP:P32081,UP:P32081:E21K,1008,val
17489,Cold shock protein B,P32081,K39E (PDB: K39E),Bacillus subtilis (strain 168),1CSP,K39E,Coil,39.38,7.5,55,-0.31,-,-,Unknown,17188709.0,protein stability; protein halophilicity; charge-charge interactions; computational modeling; amino acid substitutions,"J MOL BIOL 366, 842-856 (2007) PMID: 17188709","Gribenko AV, Makhatadze GI.",-0.31,K,39,E,7.5,55.0,39.38,0,0,0,pdb,UP:P32081,UP:P32081:K39E,1009,val
17490,Cold shock protein B,P32081,K39Q (PDB: K39Q),Bacillus subtilis (strain 168),1CSP,K39Q,Coil,39.38,7.5,55,-0.14,-,-,Unknown,17188709.0,protein stability; protein halophilicity; charge-charge interactions; computational modeling; amino acid substitutions,"J MOL BIOL 366, 842-856 (2007) PMID: 17188709","Gribenko AV, Makhatadze GI.",-0.14,K,39,Q,7.5,55.0,39.38,0,0,0,pdb,UP:P32081,UP:P32081:K39Q,1010,val
17491,Cold shock protein B,P32081,E42K (PDB: E42K),Bacillus subtilis (strain 168),1CSP,E42K,Sheet,78.99,7.5,55,-0.02,-,-,Unknown,17188709.0,protein stability; protein halophilicity; charge-charge interactions; computational modeling; amino acid substitutions,"J MOL BIOL 366, 842-856 (2007) PMID: 17188709","Gribenko AV, Makhatadze GI.",-0.02,E,42,K,7.5,55.0,78.99,0,0,0,pdb,UP:P32081,UP:P32081:E42K,1011,val
17492,Cold shock protein B,P32081,E42Q (PDB: E42Q),Bacillus subtilis (strain 168),1CSP,E42Q,Sheet,78.99,7.5,55,-0.14,-,-,Unknown,17188709.0,protein stability; protein halophilicity; charge-charge interactions; computational modeling; amino acid substitutions,"J MOL BIOL 366, 842-856 (2007) PMID: 17188709","Gribenko AV, Makhatadze GI.",-0.14,E,42,Q,7.5,55.0,78.99,0,0,0,pdb,UP:P32081,UP:P32081:E42Q,1012,val
17493,Cold shock protein B,P32081,E43K (PDB: E43K),Bacillus subtilis (strain 168),1CSP,E43K,Sheet,88.15,7.5,55,0.17,-,-,Unknown,17188709.0,protein stability; protein halophilicity; charge-charge interactions; computational modeling; amino acid substitutions,"J MOL BIOL 366, 842-856 (2007) PMID: 17188709","Gribenko AV, Makhatadze GI.",0.17,E,43,K,7.5,55.0,88.15,0,0,0,pdb,UP:P32081,UP:P32081:E43K,1013,val
17494,Cold shock protein B,P32081,E43Q (PDB: E43Q),Bacillus subtilis (strain 168),1CSP,E43Q,Sheet,88.15,7.5,55,-0.02,-,-,Unknown,17188709.0,protein stability; protein halophilicity; charge-charge interactions; computational modeling; amino acid substitutions,"J MOL BIOL 366, 842-856 (2007) PMID: 17188709","Gribenko AV, Makhatadze GI.",-0.02,E,43,Q,7.5,55.0,88.15,0,0,0,pdb,UP:P32081,UP:P32081:E43Q,1014,val
17495,Cold shock protein B,P32081,S48K (PDB: S48K),Bacillus subtilis (strain 168),1CSP,S48K,Coil,31.57,7.5,55,0.6,-,-,Unknown,17188709.0,protein stability; protein halophilicity; charge-charge interactions; computational modeling; amino acid substitutions,"J MOL BIOL 366, 842-856 (2007) PMID: 17188709","Gribenko AV, Makhatadze GI.",0.6,S,48,K,7.5,55.0,31.57,0,0,0,pdb,UP:P32081,UP:P32081:S48K,1015,val
17496,Cold shock protein B,P32081,S48K (PDB: S48K),Bacillus subtilis (strain 168),1CSP,S48K,Coil,31.57,7.5,55,0.65,-,-,Unknown,17188709.0,protein stability; protein halophilicity; charge-charge interactions; computational modeling; amino acid substitutions,"J MOL BIOL 366, 842-856 (2007) PMID: 17188709","Gribenko AV, Makhatadze GI.",0.65,S,48,K,7.5,55.0,31.57,0,0,0,pdb,UP:P32081,UP:P32081:S48K,1016,val
17497,Cold shock protein B,P32081,S48E (PDB: S48E),Bacillus subtilis (strain 168),1CSP,S48E,Coil,31.57,7.5,55,0.05,-,-,Unknown,17188709.0,protein stability; protein halophilicity; charge-charge interactions; computational modeling; amino acid substitutions,"J MOL BIOL 366, 842-856 (2007) PMID: 17188709","Gribenko AV, Makhatadze GI.",0.05,S,48,E,7.5,55.0,31.57,0,0,0,pdb,UP:P32081,UP:P32081:S48E,1017,val
17498,Cold shock protein B,P32081,E53K (PDB: E53K),Bacillus subtilis (strain 168),1CSP,E53K,Sheet,78.99,7.5,55,-0.24,-,-,Unknown,17188709.0,protein stability; protein halophilicity; charge-charge interactions; computational modeling; amino acid substitutions,"J MOL BIOL 366, 842-856 (2007) PMID: 17188709","Gribenko AV, Makhatadze GI.",-0.24,E,53,K,7.5,55.0,78.99,0,0,0,pdb,UP:P32081,UP:P32081:E53K,1018,val
17499,Cold shock protein B,P32081,E53Q (PDB: E53Q),Bacillus subtilis (strain 168),1CSP,E53Q,Sheet,78.99,7.5,55,0.12,-,-,Unknown,17188709.0,protein stability; protein halophilicity; charge-charge interactions; computational modeling; amino acid substitutions,"J MOL BIOL 366, 842-856 (2007) PMID: 17188709","Gribenko AV, Makhatadze GI.",0.12,E,53,Q,7.5,55.0,78.99,0,0,0,pdb,UP:P32081,UP:P32081:E53Q,1019,val
17500,Cold shock protein B,P32081,N55K (PDB: N55K),Bacillus subtilis (strain 168),1CSP,N55K,Turn,118.17,7.5,55,-0.1,-,-,Unknown,17188709.0,protein stability; protein halophilicity; charge-charge interactions; computational modeling; amino acid substitutions,"J MOL BIOL 366, 842-856 (2007) PMID: 17188709","Gribenko AV, Makhatadze GI.",-0.1,N,55,K,7.5,55.0,118.17,0,0,0,pdb,UP:P32081,UP:P32081:N55K,1020,val
17501,Cold shock protein B,P32081,N55D (PDB: N55D),Bacillus subtilis (strain 168),1CSP,N55D,Turn,118.17,7.5,55,0.38,-,-,Unknown,17188709.0,protein stability; protein halophilicity; charge-charge interactions; computational modeling; amino acid substitutions,"J MOL BIOL 366, 842-856 (2007) PMID: 17188709","Gribenko AV, Makhatadze GI.",0.38,N,55,D,7.5,55.0,118.17,0,0,0,pdb,UP:P32081,UP:P32081:N55D,1021,val
17502,Cold shock protein B,P32081,R56Q (PDB: R56Q),Bacillus subtilis (strain 168),1CSP,R56Q,Turn,103.93,7.5,55,0.24,-,-,Unknown,17188709.0,protein stability; protein halophilicity; charge-charge interactions; computational modeling; amino acid substitutions,"J MOL BIOL 366, 842-856 (2007) PMID: 17188709","Gribenko AV, Makhatadze GI.",0.24,R,56,Q,7.5,55.0,103.93,0,0,0,pdb,UP:P32081,UP:P32081:R56Q,1022,val
17506,Cold shock protein B,P32081,E3R (PDB: E3R),Bacillus subtilis (strain 168),1CSP,E3R,Sheet,42.93,7.5,55,1.46,-,-,Unknown,17188709.0,protein stability; protein halophilicity; charge-charge interactions; computational modeling; amino acid substitutions,"J MOL BIOL 366, 842-856 (2007) PMID: 17188709","Gribenko AV, Makhatadze GI.",1.46,E,3,R,7.5,55.0,42.93,0,0,0,pdb,UP:P32081,UP:P32081:E3R,1023,val
17507,Cold shock protein B,P32081,E3R (PDB: E3R),Bacillus subtilis (strain 168),1CSP,E3R,Sheet,42.93,7.5,55,1.29,-,-,Unknown,17188709.0,protein stability; protein halophilicity; charge-charge interactions; computational modeling; amino acid substitutions,"J MOL BIOL 366, 842-856 (2007) PMID: 17188709","Gribenko AV, Makhatadze GI.",1.29,E,3,R,7.5,55.0,42.93,0,0,0,pdb,UP:P32081,UP:P32081:E3R,1024,val
17508,Cold shock protein B,P32081,E3R (PDB: E3R),Bacillus subtilis (strain 168),1CSP,E3R,Sheet,42.93,7.5,55,1.2,-,-,Unknown,17188709.0,protein stability; protein halophilicity; charge-charge interactions; computational modeling; amino acid substitutions,"J MOL BIOL 366, 842-856 (2007) PMID: 17188709","Gribenko AV, Makhatadze GI.",1.2,E,3,R,7.5,55.0,42.93,0,0,0,pdb,UP:P32081,UP:P32081:E3R,1025,val
17509,Cold shock protein B,P32081,E3Q (PDB: E3Q),Bacillus subtilis (strain 168),1CSP,E3Q,Sheet,42.93,7.5,55,0.88,-,-,Unknown,17188709.0,protein stability; protein halophilicity; charge-charge interactions; computational modeling; amino acid substitutions,"J MOL BIOL 366, 842-856 (2007) PMID: 17188709","Gribenko AV, Makhatadze GI.",0.88,E,3,Q,7.5,55.0,42.93,0,0,0,pdb,UP:P32081,UP:P32081:E3Q,1026,val
17510,Cold shock protein B,P32081,N10D (PDB: N10D),Bacillus subtilis (strain 168),1CSP,N10D,Sheet,39.62,7.5,55,0.55,-,-,Unknown,17188709.0,protein stability; protein halophilicity; charge-charge interactions; computational modeling; amino acid substitutions,"J MOL BIOL 366, 842-856 (2007) PMID: 17188709","Gribenko AV, Makhatadze GI.",0.55,N,10,D,7.5,55.0,39.62,0,0,0,pdb,UP:P32081,UP:P32081:N10D,1027,val
17511,Cold shock protein B,P32081,E12K (PDB: E12K),Bacillus subtilis (strain 168),1CSP,E12K,Sheet,115.63,7.5,55,-0.29,-,-,Unknown,17188709.0,protein stability; protein halophilicity; charge-charge interactions; computational modeling; amino acid substitutions,"J MOL BIOL 366, 842-856 (2007) PMID: 17188709","Gribenko AV, Makhatadze GI.",-0.29,E,12,K,7.5,55.0,115.63,0,0,0,pdb,UP:P32081,UP:P32081:E12K,1028,val
17512,Cold shock protein B,P32081,K13E (PDB: K13E),Bacillus subtilis (strain 168),1CSP,K13E,Turn,69.52,7.5,55,-0.43,-,-,Unknown,17188709.0,protein stability; protein halophilicity; charge-charge interactions; computational modeling; amino acid substitutions,"J MOL BIOL 366, 842-856 (2007) PMID: 17188709","Gribenko AV, Makhatadze GI.",-0.43,K,13,E,7.5,55.0,69.52,0,0,0,pdb,UP:P32081,UP:P32081:K13E,1029,val
17513,Cold shock protein B,P32081,K13Q (PDB: K13Q),Bacillus subtilis (strain 168),1CSP,K13Q,Turn,69.52,7.5,55,-0.17,-,-,Unknown,17188709.0,protein stability; protein halophilicity; charge-charge interactions; computational modeling; amino acid substitutions,"J MOL BIOL 366, 842-856 (2007) PMID: 17188709","Gribenko AV, Makhatadze GI.",-0.17,K,13,Q,7.5,55.0,69.52,0,0,0,pdb,UP:P32081,UP:P32081:K13Q,1030,val
17514,Cold shock protein B,P32081,E19Q (PDB: E19Q),Bacillus subtilis (strain 168),1CSP,E19Q,Sheet,54.38,7.5,55,-0.31,-,-,Unknown,17188709.0,protein stability; protein halophilicity; charge-charge interactions; computational modeling; amino acid substitutions,"J MOL BIOL 366, 842-856 (2007) PMID: 17188709","Gribenko AV, Makhatadze GI.",-0.31,E,19,Q,7.5,55.0,54.38,0,0,0,pdb,UP:P32081,UP:P32081:E19Q,1031,val
17516,Cold shock protein B,P32081,E21K (PDB: E21K),Bacillus subtilis (strain 168),1CSP,E21K,Sheet,56.1,7.5,55,-0.17,-,-,Unknown,17188709.0,protein stability; protein halophilicity; charge-charge interactions; computational modeling; amino acid substitutions,"J MOL BIOL 366, 842-856 (2007) PMID: 17188709","Gribenko AV, Makhatadze GI.",-0.17,E,21,K,7.5,55.0,56.1,0,0,0,pdb,UP:P32081,UP:P32081:E21K,1032,val
17517,Cold shock protein B,P32081,E21Q (PDB: E21Q),Bacillus subtilis (strain 168),1CSP,E21Q,Sheet,56.1,7.5,55,-0.31,-,-,Unknown,17188709.0,protein stability; protein halophilicity; charge-charge interactions; computational modeling; amino acid substitutions,"J MOL BIOL 366, 842-856 (2007) PMID: 17188709","Gribenko AV, Makhatadze GI.",-0.31,E,21,Q,7.5,55.0,56.1,0,0,0,pdb,UP:P32081,UP:P32081:E21Q,1033,val
17519,Cold shock protein B,P32081,D24K (PDB: D24K),Bacillus subtilis (strain 168),1CSP,D24K,Coil,96.46,7.5,55,-0.36,-,-,Unknown,17188709.0,protein stability; protein halophilicity; charge-charge interactions; computational modeling; amino acid substitutions,"J MOL BIOL 366, 842-856 (2007) PMID: 17188709","Gribenko AV, Makhatadze GI.",-0.36,D,24,K,7.5,55.0,96.46,0,0,0,pdb,UP:P32081,UP:P32081:D24K,1034,val
17520,Cold shock protein B,P32081,D24N (PDB: D24N),Bacillus subtilis (strain 168),1CSP,D24N,Coil,96.46,7.5,55,-0.55,-,-,Unknown,17188709.0,protein stability; protein halophilicity; charge-charge interactions; computational modeling; amino acid substitutions,"J MOL BIOL 366, 842-856 (2007) PMID: 17188709","Gribenko AV, Makhatadze GI.",-0.55,D,24,N,7.5,55.0,96.46,0,0,0,pdb,UP:P32081,UP:P32081:D24N,1035,val
17521,Cold shock protein B,P32081,K39E (PDB: K39E),Bacillus subtilis (strain 168),1CSP,K39E,Coil,39.38,7.5,55,-0.17,-,-,Unknown,17188709.0,protein stability; protein halophilicity; charge-charge interactions; computational modeling; amino acid substitutions,"J MOL BIOL 366, 842-856 (2007) PMID: 17188709","Gribenko AV, Makhatadze GI.",-0.17,K,39,E,7.5,55.0,39.38,0,0,0,pdb,UP:P32081,UP:P32081:K39E,1036,val
17522,Cold shock protein B,P32081,K39Q (PDB: K39Q),Bacillus subtilis (strain 168),1CSP,K39Q,Coil,39.38,7.5,55,-0.07,-,-,Unknown,17188709.0,protein stability; protein halophilicity; charge-charge interactions; computational modeling; amino acid substitutions,"J MOL BIOL 366, 842-856 (2007) PMID: 17188709","Gribenko AV, Makhatadze GI.",-0.07,K,39,Q,7.5,55.0,39.38,0,0,0,pdb,UP:P32081,UP:P32081:K39Q,1037,val
17523,Cold shock protein B,P32081,E42K (PDB: E42K),Bacillus subtilis (strain 168),1CSP,E42K,Sheet,78.99,7.5,55,0.12,-,-,Unknown,17188709.0,protein stability; protein halophilicity; charge-charge interactions; computational modeling; amino acid substitutions,"J MOL BIOL 366, 842-856 (2007) PMID: 17188709","Gribenko AV, Makhatadze GI.",0.12,E,42,K,7.5,55.0,78.99,0,0,0,pdb,UP:P32081,UP:P32081:E42K,1038,val
17524,Cold shock protein B,P32081,E42Q (PDB: E42Q),Bacillus subtilis (strain 168),1CSP,E42Q,Sheet,78.99,7.5,55,-0.17,-,-,Unknown,17188709.0,protein stability; protein halophilicity; charge-charge interactions; computational modeling; amino acid substitutions,"J MOL BIOL 366, 842-856 (2007) PMID: 17188709","Gribenko AV, Makhatadze GI.",-0.17,E,42,Q,7.5,55.0,78.99,0,0,0,pdb,UP:P32081,UP:P32081:E42Q,1039,val
17525,Cold shock protein B,P32081,E43K (PDB: E43K),Bacillus subtilis (strain 168),1CSP,E43K,Sheet,88.15,7.5,55,0.29,-,-,Unknown,17188709.0,protein stability; protein halophilicity; charge-charge interactions; computational modeling; amino acid substitutions,"J MOL BIOL 366, 842-856 (2007) PMID: 17188709","Gribenko AV, Makhatadze GI.",0.29,E,43,K,7.5,55.0,88.15,0,0,0,pdb,UP:P32081,UP:P32081:E43K,1040,val
17526,Cold shock protein B,P32081,E43Q (PDB: E43Q),Bacillus subtilis (strain 168),1CSP,E43Q,Sheet,88.15,7.5,55,0.07,-,-,Unknown,17188709.0,protein stability; protein halophilicity; charge-charge interactions; computational modeling; amino acid substitutions,"J MOL BIOL 366, 842-856 (2007) PMID: 17188709","Gribenko AV, Makhatadze GI.",0.07,E,43,Q,7.5,55.0,88.15,0,0,0,pdb,UP:P32081,UP:P32081:E43Q,1041,val
17527,Cold shock protein B,P32081,S48K (PDB: S48K),Bacillus subtilis (strain 168),1CSP,S48K,Coil,31.57,7.5,55,0.55,-,-,Unknown,17188709.0,protein stability; protein halophilicity; charge-charge interactions; computational modeling; amino acid substitutions,"J MOL BIOL 366, 842-856 (2007) PMID: 17188709","Gribenko AV, Makhatadze GI.",0.55,S,48,K,7.5,55.0,31.57,0,0,0,pdb,UP:P32081,UP:P32081:S48K,1042,val
17528,Cold shock protein B,P32081,S48K (PDB: S48K),Bacillus subtilis (strain 168),1CSP,S48K,Coil,31.57,7.5,55,0.62,-,-,Unknown,17188709.0,protein stability; protein halophilicity; charge-charge interactions; computational modeling; amino acid substitutions,"J MOL BIOL 366, 842-856 (2007) PMID: 17188709","Gribenko AV, Makhatadze GI.",0.62,S,48,K,7.5,55.0,31.57,0,0,0,pdb,UP:P32081,UP:P32081:S48K,1043,val
17529,Cold shock protein B,P32081,S48E (PDB: S48E),Bacillus subtilis (strain 168),1CSP,S48E,Coil,31.57,7.5,55,0,-,-,Unknown,17188709.0,protein stability; protein halophilicity; charge-charge interactions; computational modeling; amino acid substitutions,"J MOL BIOL 366, 842-856 (2007) PMID: 17188709","Gribenko AV, Makhatadze GI.",0.0,S,48,E,7.5,55.0,31.57,0,0,0,pdb,UP:P32081,UP:P32081:S48E,1044,val
17530,Cold shock protein B,P32081,E50K (PDB: E50K),Bacillus subtilis (strain 168),1CSP,E50K,Sheet,45.22,7.5,55,-0.45,-,-,Unknown,17188709.0,protein stability; protein halophilicity; charge-charge interactions; computational modeling; amino acid substitutions,"J MOL BIOL 366, 842-856 (2007) PMID: 17188709","Gribenko AV, Makhatadze GI.",-0.45,E,50,K,7.5,55.0,45.22,0,0,0,pdb,UP:P32081,UP:P32081:E50K,1045,val
17531,Cold shock protein B,P32081,E50K (PDB: E50K),Bacillus subtilis (strain 168),1CSP,E50K,Sheet,45.22,7.5,55,-0.07,-,-,Unknown,17188709.0,protein stability; protein halophilicity; charge-charge interactions; computational modeling; amino acid substitutions,"J MOL BIOL 366, 842-856 (2007) PMID: 17188709","Gribenko AV, Makhatadze GI.",-0.07,E,50,K,7.5,55.0,45.22,0,0,0,pdb,UP:P32081,UP:P32081:E50K,1046,val
17532,Cold shock protein B,P32081,E53K (PDB: E53K),Bacillus subtilis (strain 168),1CSP,E53K,Sheet,78.99,7.5,55,-0.14,-,-,Unknown,17188709.0,protein stability; protein halophilicity; charge-charge interactions; computational modeling; amino acid substitutions,"J MOL BIOL 366, 842-856 (2007) PMID: 17188709","Gribenko AV, Makhatadze GI.",-0.14,E,53,K,7.5,55.0,78.99,0,0,0,pdb,UP:P32081,UP:P32081:E53K,1047,val
17533,Cold shock protein B,P32081,E53Q (PDB: E53Q),Bacillus subtilis (strain 168),1CSP,E53Q,Sheet,78.99,7.5,55,0.29,-,-,Unknown,17188709.0,protein stability; protein halophilicity; charge-charge interactions; computational modeling; amino acid substitutions,"J MOL BIOL 366, 842-856 (2007) PMID: 17188709","Gribenko AV, Makhatadze GI.",0.29,E,53,Q,7.5,55.0,78.99,0,0,0,pdb,UP:P32081,UP:P32081:E53Q,1048,val
17534,Cold shock protein B,P32081,N55K (PDB: N55K),Bacillus subtilis (strain 168),1CSP,N55K,Turn,118.17,7.5,55,0.1,-,-,Unknown,17188709.0,protein stability; protein halophilicity; charge-charge interactions; computational modeling; amino acid substitutions,"J MOL BIOL 366, 842-856 (2007) PMID: 17188709","Gribenko AV, Makhatadze GI.",0.1,N,55,K,7.5,55.0,118.17,0,0,0,pdb,UP:P32081,UP:P32081:N55K,1049,val
17535,Cold shock protein B,P32081,N55D (PDB: N55D),Bacillus subtilis (strain 168),1CSP,N55D,Turn,118.17,7.5,55,0.45,-,-,Unknown,17188709.0,protein stability; protein halophilicity; charge-charge interactions; computational modeling; amino acid substitutions,"J MOL BIOL 366, 842-856 (2007) PMID: 17188709","Gribenko AV, Makhatadze GI.",0.45,N,55,D,7.5,55.0,118.17,0,0,0,pdb,UP:P32081,UP:P32081:N55D,1050,val
17536,Cold shock protein B,P32081,R56Q (PDB: R56Q),Bacillus subtilis (strain 168),1CSP,R56Q,Turn,103.93,7.5,55,0.19,-,-,Unknown,17188709.0,protein stability; protein halophilicity; charge-charge interactions; computational modeling; amino acid substitutions,"J MOL BIOL 366, 842-856 (2007) PMID: 17188709","Gribenko AV, Makhatadze GI.",0.19,R,56,Q,7.5,55.0,103.93,0,0,0,pdb,UP:P32081,UP:P32081:R56Q,1051,val
17537,Cold shock protein B,P32081,K65Q (PDB: K65Q),Bacillus subtilis (strain 168),1CSP,K65Q,Sheet,47.64,7.5,55,-0.45,-,-,Unknown,17188709.0,protein stability; protein halophilicity; charge-charge interactions; computational modeling; amino acid substitutions,"J MOL BIOL 366, 842-856 (2007) PMID: 17188709","Gribenko AV, Makhatadze GI.",-0.45,K,65,Q,7.5,55.0,47.64,0,0,0,pdb,UP:P32081,UP:P32081:K65Q,1052,val
17541,Cold shock protein B,P32081,E3R (PDB: E3R),Bacillus subtilis (strain 168),1CSP,E3R,Sheet,42.93,7.5,55,1.15,-,-,Unknown,17188709.0,protein stability; protein halophilicity; charge-charge interactions; computational modeling; amino acid substitutions,"J MOL BIOL 366, 842-856 (2007) PMID: 17188709","Gribenko AV, Makhatadze GI.",1.15,E,3,R,7.5,55.0,42.93,0,0,0,pdb,UP:P32081,UP:P32081:E3R,1053,val
17542,Cold shock protein B,P32081,E3R (PDB: E3R),Bacillus subtilis (strain 168),1CSP,E3R,Sheet,42.93,7.5,55,1.1,-,-,Unknown,17188709.0,protein stability; protein halophilicity; charge-charge interactions; computational modeling; amino acid substitutions,"J MOL BIOL 366, 842-856 (2007) PMID: 17188709","Gribenko AV, Makhatadze GI.",1.1,E,3,R,7.5,55.0,42.93,0,0,0,pdb,UP:P32081,UP:P32081:E3R,1054,val
17543,Cold shock protein B,P32081,E3R (PDB: E3R),Bacillus subtilis (strain 168),1CSP,E3R,Sheet,42.93,7.5,55,0.98,-,-,Unknown,17188709.0,protein stability; protein halophilicity; charge-charge interactions; computational modeling; amino acid substitutions,"J MOL BIOL 366, 842-856 (2007) PMID: 17188709","Gribenko AV, Makhatadze GI.",0.98,E,3,R,7.5,55.0,42.93,0,0,0,pdb,UP:P32081,UP:P32081:E3R,1055,val
17544,Cold shock protein B,P32081,E3Q (PDB: E3Q),Bacillus subtilis (strain 168),1CSP,E3Q,Sheet,42.93,7.5,55,0.74,-,-,Unknown,17188709.0,protein stability; protein halophilicity; charge-charge interactions; computational modeling; amino acid substitutions,"J MOL BIOL 366, 842-856 (2007) PMID: 17188709","Gribenko AV, Makhatadze GI.",0.74,E,3,Q,7.5,55.0,42.93,0,0,0,pdb,UP:P32081,UP:P32081:E3Q,1056,val
17545,Cold shock protein B,P32081,K5Q (PDB: K5Q),Bacillus subtilis (strain 168),1CSP,K5Q,Sheet,49.1,7.5,55,-0.74,-,-,Unknown,17188709.0,protein stability; protein halophilicity; charge-charge interactions; computational modeling; amino acid substitutions,"J MOL BIOL 366, 842-856 (2007) PMID: 17188709","Gribenko AV, Makhatadze GI.",-0.74,K,5,Q,7.5,55.0,49.1,0,0,0,pdb,UP:P32081,UP:P32081:K5Q,1057,val
17546,Cold shock protein B,P32081,N10D (PDB: N10D),Bacillus subtilis (strain 168),1CSP,N10D,Sheet,39.62,7.5,55,0.65,-,-,Unknown,17188709.0,protein stability; protein halophilicity; charge-charge interactions; computational modeling; amino acid substitutions,"J MOL BIOL 366, 842-856 (2007) PMID: 17188709","Gribenko AV, Makhatadze GI.",0.65,N,10,D,7.5,55.0,39.62,0,0,0,pdb,UP:P32081,UP:P32081:N10D,1058,val
17547,Cold shock protein B,P32081,E12K (PDB: E12K),Bacillus subtilis (strain 168),1CSP,E12K,Sheet,115.63,7.5,55,-0.19,-,-,Unknown,17188709.0,protein stability; protein halophilicity; charge-charge interactions; computational modeling; amino acid substitutions,"J MOL BIOL 366, 842-856 (2007) PMID: 17188709","Gribenko AV, Makhatadze GI.",-0.19,E,12,K,7.5,55.0,115.63,0,0,0,pdb,UP:P32081,UP:P32081:E12K,1059,val
17548,Cold shock protein B,P32081,K13E (PDB: K13E),Bacillus subtilis (strain 168),1CSP,K13E,Turn,69.52,7.5,55,-0.43,-,-,Unknown,17188709.0,protein stability; protein halophilicity; charge-charge interactions; computational modeling; amino acid substitutions,"J MOL BIOL 366, 842-856 (2007) PMID: 17188709","Gribenko AV, Makhatadze GI.",-0.43,K,13,E,7.5,55.0,69.52,0,0,0,pdb,UP:P32081,UP:P32081:K13E,1060,val
17549,Cold shock protein B,P32081,K13Q (PDB: K13Q),Bacillus subtilis (strain 168),1CSP,K13Q,Turn,69.52,7.5,55,-0.07,-,-,Unknown,17188709.0,protein stability; protein halophilicity; charge-charge interactions; computational modeling; amino acid substitutions,"J MOL BIOL 366, 842-856 (2007) PMID: 17188709","Gribenko AV, Makhatadze GI.",-0.07,K,13,Q,7.5,55.0,69.52,0,0,0,pdb,UP:P32081,UP:P32081:K13Q,1061,val
17550,Cold shock protein B,P32081,E19K (PDB: E19K),Bacillus subtilis (strain 168),1CSP,E19K,Sheet,54.38,7.5,55,-0.62,-,-,Unknown,17188709.0,protein stability; protein halophilicity; charge-charge interactions; computational modeling; amino acid substitutions,"J MOL BIOL 366, 842-856 (2007) PMID: 17188709","Gribenko AV, Makhatadze GI.",-0.62,E,19,K,7.5,55.0,54.38,0,0,0,pdb,UP:P32081,UP:P32081:E19K,1062,val
17551,Cold shock protein B,P32081,E19Q (PDB: E19Q),Bacillus subtilis (strain 168),1CSP,E19Q,Sheet,54.38,7.5,55,-0.31,-,-,Unknown,17188709.0,protein stability; protein halophilicity; charge-charge interactions; computational modeling; amino acid substitutions,"J MOL BIOL 366, 842-856 (2007) PMID: 17188709","Gribenko AV, Makhatadze GI.",-0.31,E,19,Q,7.5,55.0,54.38,0,0,0,pdb,UP:P32081,UP:P32081:E19Q,1063,val
17554,Cold shock protein B,P32081,E21K (PDB: E21K),Bacillus subtilis (strain 168),1CSP,E21K,Sheet,56.1,7.5,55,-0.12,-,-,Unknown,17188709.0,protein stability; protein halophilicity; charge-charge interactions; computational modeling; amino acid substitutions,"J MOL BIOL 366, 842-856 (2007) PMID: 17188709","Gribenko AV, Makhatadze GI.",-0.12,E,21,K,7.5,55.0,56.1,0,0,0,pdb,UP:P32081,UP:P32081:E21K,1064,val
17555,Cold shock protein B,P32081,E21Q (PDB: E21Q),Bacillus subtilis (strain 168),1CSP,E21Q,Sheet,56.1,7.5,55,-0.33,-,-,Unknown,17188709.0,protein stability; protein halophilicity; charge-charge interactions; computational modeling; amino acid substitutions,"J MOL BIOL 366, 842-856 (2007) PMID: 17188709","Gribenko AV, Makhatadze GI.",-0.33,E,21,Q,7.5,55.0,56.1,0,0,0,pdb,UP:P32081,UP:P32081:E21Q,1065,val
17557,Cold shock protein B,P32081,D24K (PDB: D24K),Bacillus subtilis (strain 168),1CSP,D24K,Coil,96.46,7.5,55,-0.41,-,-,Unknown,17188709.0,protein stability; protein halophilicity; charge-charge interactions; computational modeling; amino acid substitutions,"J MOL BIOL 366, 842-856 (2007) PMID: 17188709","Gribenko AV, Makhatadze GI.",-0.41,D,24,K,7.5,55.0,96.46,0,0,0,pdb,UP:P32081,UP:P32081:D24K,1066,val
17558,Cold shock protein B,P32081,D24N (PDB: D24N),Bacillus subtilis (strain 168),1CSP,D24N,Coil,96.46,7.5,55,-0.45,-,-,Unknown,17188709.0,protein stability; protein halophilicity; charge-charge interactions; computational modeling; amino acid substitutions,"J MOL BIOL 366, 842-856 (2007) PMID: 17188709","Gribenko AV, Makhatadze GI.",-0.45,D,24,N,7.5,55.0,96.46,0,0,0,pdb,UP:P32081,UP:P32081:D24N,1067,val
17560,Cold shock protein B,P32081,D25K (PDB: D25K),Bacillus subtilis (strain 168),1CSP,D25K,Coil,45.11,7.5,55,-1.08,-,-,Unknown,17188709.0,protein stability; protein halophilicity; charge-charge interactions; computational modeling; amino acid substitutions,"J MOL BIOL 366, 842-856 (2007) PMID: 17188709","Gribenko AV, Makhatadze GI.",-1.08,D,25,K,7.5,55.0,45.11,0,0,0,pdb,UP:P32081,UP:P32081:D25K,1068,val
17561,Cold shock protein B,P32081,D25Q (PDB: D25Q),Bacillus subtilis (strain 168),1CSP,D25Q,Coil,45.11,7.5,55,-0.41,-,-,Unknown,17188709.0,protein stability; protein halophilicity; charge-charge interactions; computational modeling; amino acid substitutions,"J MOL BIOL 366, 842-856 (2007) PMID: 17188709","Gribenko AV, Makhatadze GI.",-0.41,D,25,Q,7.5,55.0,45.11,0,0,0,pdb,UP:P32081,UP:P32081:D25Q,1069,val
17563,Cold shock protein B,P32081,K39E (PDB: K39E),Bacillus subtilis (strain 168),1CSP,K39E,Coil,39.38,7.5,55,-0.05,-,-,Unknown,17188709.0,protein stability; protein halophilicity; charge-charge interactions; computational modeling; amino acid substitutions,"J MOL BIOL 366, 842-856 (2007) PMID: 17188709","Gribenko AV, Makhatadze GI.",-0.05,K,39,E,7.5,55.0,39.38,0,0,0,pdb,UP:P32081,UP:P32081:K39E,1070,val
17564,Cold shock protein B,P32081,K39Q (PDB: K39Q),Bacillus subtilis (strain 168),1CSP,K39Q,Coil,39.38,7.5,55,0,-,-,Unknown,17188709.0,protein stability; protein halophilicity; charge-charge interactions; computational modeling; amino acid substitutions,"J MOL BIOL 366, 842-856 (2007) PMID: 17188709","Gribenko AV, Makhatadze GI.",0.0,K,39,Q,7.5,55.0,39.38,0,0,0,pdb,UP:P32081,UP:P32081:K39Q,1071,val
17565,Cold shock protein B,P32081,E42K (PDB: E42K),Bacillus subtilis (strain 168),1CSP,E42K,Sheet,78.99,7.5,55,0.19,-,-,Unknown,17188709.0,protein stability; protein halophilicity; charge-charge interactions; computational modeling; amino acid substitutions,"J MOL BIOL 366, 842-856 (2007) PMID: 17188709","Gribenko AV, Makhatadze GI.",0.19,E,42,K,7.5,55.0,78.99,0,0,0,pdb,UP:P32081,UP:P32081:E42K,1072,val
17566,Cold shock protein B,P32081,E42Q (PDB: E42Q),Bacillus subtilis (strain 168),1CSP,E42Q,Sheet,78.99,7.5,55,-0.19,-,-,Unknown,17188709.0,protein stability; protein halophilicity; charge-charge interactions; computational modeling; amino acid substitutions,"J MOL BIOL 366, 842-856 (2007) PMID: 17188709","Gribenko AV, Makhatadze GI.",-0.19,E,42,Q,7.5,55.0,78.99,0,0,0,pdb,UP:P32081,UP:P32081:E42Q,1073,val
17567,Cold shock protein B,P32081,E43K (PDB: E43K),Bacillus subtilis (strain 168),1CSP,E43K,Sheet,88.15,7.5,55,0.38,-,-,Unknown,17188709.0,protein stability; protein halophilicity; charge-charge interactions; computational modeling; amino acid substitutions,"J MOL BIOL 366, 842-856 (2007) PMID: 17188709","Gribenko AV, Makhatadze GI.",0.38,E,43,K,7.5,55.0,88.15,0,0,0,pdb,UP:P32081,UP:P32081:E43K,1074,val
17568,Cold shock protein B,P32081,E43Q (PDB: E43Q),Bacillus subtilis (strain 168),1CSP,E43Q,Sheet,88.15,7.5,55,0.17,-,-,Unknown,17188709.0,protein stability; protein halophilicity; charge-charge interactions; computational modeling; amino acid substitutions,"J MOL BIOL 366, 842-856 (2007) PMID: 17188709","Gribenko AV, Makhatadze GI.",0.17,E,43,Q,7.5,55.0,88.15,0,0,0,pdb,UP:P32081,UP:P32081:E43Q,1075,val
17569,Cold shock protein B,P32081,S48K (PDB: S48K),Bacillus subtilis (strain 168),1CSP,S48K,Coil,31.57,7.5,55,0.48,-,-,Unknown,17188709.0,protein stability; protein halophilicity; charge-charge interactions; computational modeling; amino acid substitutions,"J MOL BIOL 366, 842-856 (2007) PMID: 17188709","Gribenko AV, Makhatadze GI.",0.48,S,48,K,7.5,55.0,31.57,0,0,0,pdb,UP:P32081,UP:P32081:S48K,1076,val
17570,Cold shock protein B,P32081,S48K (PDB: S48K),Bacillus subtilis (strain 168),1CSP,S48K,Coil,31.57,7.5,55,0.69,-,-,Unknown,17188709.0,protein stability; protein halophilicity; charge-charge interactions; computational modeling; amino acid substitutions,"J MOL BIOL 366, 842-856 (2007) PMID: 17188709","Gribenko AV, Makhatadze GI.",0.69,S,48,K,7.5,55.0,31.57,0,0,0,pdb,UP:P32081,UP:P32081:S48K,1077,val
17571,Cold shock protein B,P32081,S48E (PDB: S48E),Bacillus subtilis (strain 168),1CSP,S48E,Coil,31.57,7.5,55,0.02,-,-,Unknown,17188709.0,protein stability; protein halophilicity; charge-charge interactions; computational modeling; amino acid substitutions,"J MOL BIOL 366, 842-856 (2007) PMID: 17188709","Gribenko AV, Makhatadze GI.",0.02,S,48,E,7.5,55.0,31.57,0,0,0,pdb,UP:P32081,UP:P32081:S48E,1078,val
17572,Cold shock protein B,P32081,E50K (PDB: E50K),Bacillus subtilis (strain 168),1CSP,E50K,Sheet,45.22,7.5,55,-0.41,-,-,Unknown,17188709.0,protein stability; protein halophilicity; charge-charge interactions; computational modeling; amino acid substitutions,"J MOL BIOL 366, 842-856 (2007) PMID: 17188709","Gribenko AV, Makhatadze GI.",-0.41,E,50,K,7.5,55.0,45.22,0,0,0,pdb,UP:P32081,UP:P32081:E50K,1079,val
17573,Cold shock protein B,P32081,E50K (PDB: E50K),Bacillus subtilis (strain 168),1CSP,E50K,Sheet,45.22,7.5,55,0.02,-,-,Unknown,17188709.0,protein stability; protein halophilicity; charge-charge interactions; computational modeling; amino acid substitutions,"J MOL BIOL 366, 842-856 (2007) PMID: 17188709","Gribenko AV, Makhatadze GI.",0.02,E,50,K,7.5,55.0,45.22,0,0,0,pdb,UP:P32081,UP:P32081:E50K,1080,val
17574,Cold shock protein B,P32081,E50Q (PDB: E50Q),Bacillus subtilis (strain 168),1CSP,E50Q,Sheet,45.22,7.5,55,-0.96,-,-,Unknown,17188709.0,protein stability; protein halophilicity; charge-charge interactions; computational modeling; amino acid substitutions,"J MOL BIOL 366, 842-856 (2007) PMID: 17188709","Gribenko AV, Makhatadze GI.",-0.96,E,50,Q,7.5,55.0,45.22,0,0,0,pdb,UP:P32081,UP:P32081:E50Q,1081,val
17575,Cold shock protein B,P32081,E53K (PDB: E53K),Bacillus subtilis (strain 168),1CSP,E53K,Sheet,78.99,7.5,55,-0.05,-,-,Unknown,17188709.0,protein stability; protein halophilicity; charge-charge interactions; computational modeling; amino acid substitutions,"J MOL BIOL 366, 842-856 (2007) PMID: 17188709","Gribenko AV, Makhatadze GI.",-0.05,E,53,K,7.5,55.0,78.99,0,0,0,pdb,UP:P32081,UP:P32081:E53K,1082,val
17576,Cold shock protein B,P32081,E53Q (PDB: E53Q),Bacillus subtilis (strain 168),1CSP,E53Q,Sheet,78.99,7.5,55,0.31,-,-,Unknown,17188709.0,protein stability; protein halophilicity; charge-charge interactions; computational modeling; amino acid substitutions,"J MOL BIOL 366, 842-856 (2007) PMID: 17188709","Gribenko AV, Makhatadze GI.",0.31,E,53,Q,7.5,55.0,78.99,0,0,0,pdb,UP:P32081,UP:P32081:E53Q,1083,val
17577,Cold shock protein B,P32081,N55K (PDB: N55K),Bacillus subtilis (strain 168),1CSP,N55K,Turn,118.17,7.5,55,0.19,-,-,Unknown,17188709.0,protein stability; protein halophilicity; charge-charge interactions; computational modeling; amino acid substitutions,"J MOL BIOL 366, 842-856 (2007) PMID: 17188709","Gribenko AV, Makhatadze GI.",0.19,N,55,K,7.5,55.0,118.17,0,0,0,pdb,UP:P32081,UP:P32081:N55K,1084,val
17578,Cold shock protein B,P32081,N55D (PDB: N55D),Bacillus subtilis (strain 168),1CSP,N55D,Turn,118.17,7.5,55,0.53,-,-,Unknown,17188709.0,protein stability; protein halophilicity; charge-charge interactions; computational modeling; amino acid substitutions,"J MOL BIOL 366, 842-856 (2007) PMID: 17188709","Gribenko AV, Makhatadze GI.",0.53,N,55,D,7.5,55.0,118.17,0,0,0,pdb,UP:P32081,UP:P32081:N55D,1085,val
17579,Cold shock protein B,P32081,R56Q (PDB: R56Q),Bacillus subtilis (strain 168),1CSP,R56Q,Turn,103.93,7.5,55,0.17,-,-,Unknown,17188709.0,protein stability; protein halophilicity; charge-charge interactions; computational modeling; amino acid substitutions,"J MOL BIOL 366, 842-856 (2007) PMID: 17188709","Gribenko AV, Makhatadze GI.",0.17,R,56,Q,7.5,55.0,103.93,0,0,0,pdb,UP:P32081,UP:P32081:R56Q,1086,val
17580,Cold shock protein B,P32081,K65E (PDB: K65E),Bacillus subtilis (strain 168),1CSP,K65E,Sheet,47.64,7.5,55,-0.93,-,-,Unknown,17188709.0,protein stability; protein halophilicity; charge-charge interactions; computational modeling; amino acid substitutions,"J MOL BIOL 366, 842-856 (2007) PMID: 17188709","Gribenko AV, Makhatadze GI.",-0.93,K,65,E,7.5,55.0,47.64,0,0,0,pdb,UP:P32081,UP:P32081:K65E,1087,val
17581,Cold shock protein B,P32081,K65Q (PDB: K65Q),Bacillus subtilis (strain 168),1CSP,K65Q,Sheet,47.64,7.5,55,-0.29,-,-,Unknown,17188709.0,protein stability; protein halophilicity; charge-charge interactions; computational modeling; amino acid substitutions,"J MOL BIOL 366, 842-856 (2007) PMID: 17188709","Gribenko AV, Makhatadze GI.",-0.29,K,65,Q,7.5,55.0,47.64,0,0,0,pdb,UP:P32081,UP:P32081:K65Q,1088,val
17582,Cold shock protein B,P32081,K65Q (PDB: K65Q),Bacillus subtilis (strain 168),1CSP,K65Q,Sheet,47.64,7.5,55,-0.12,-,-,Unknown,17188709.0,protein stability; protein halophilicity; charge-charge interactions; computational modeling; amino acid substitutions,"J MOL BIOL 366, 842-856 (2007) PMID: 17188709","Gribenko AV, Makhatadze GI.",-0.12,K,65,Q,7.5,55.0,47.64,0,0,0,pdb,UP:P32081,UP:P32081:K65Q,1089,val
17586,Cold shock protein B; synthetic,-,R3Q (Based on Paper),Bacillus subtilis (strain 168) - Synthetic,-,-,-,,7.5,55,-1.12,-,-,Unknown,17188709.0,protein stability; protein halophilicity; charge-charge interactions; computational modeling; amino acid substitutions,"J MOL BIOL 366, 842-856 (2007) PMID: 17188709","Gribenko AV, Makhatadze GI.",-1.12,R,3,Q,7.5,55.0,,0,0,1,paper,PROT:Cold shock protein B; synthetic,PROT:Cold shock protein B; synthetic:R3Q,1090,test
17587,Cold shock protein B; synthetic,-,K5Q (Based on Paper),Bacillus subtilis (strain 168) - Synthetic,-,-,-,,7.5,55,-0.72,-,-,Unknown,17188709.0,protein stability; protein halophilicity; charge-charge interactions; computational modeling; amino acid substitutions,"J MOL BIOL 366, 842-856 (2007) PMID: 17188709","Gribenko AV, Makhatadze GI.",-0.72,K,5,Q,7.5,55.0,,0,0,1,paper,PROT:Cold shock protein B; synthetic,PROT:Cold shock protein B; synthetic:K5Q,1091,test
17588,Cold shock protein B; synthetic,-,K5Q (Based on Paper),Bacillus subtilis (strain 168) - Synthetic,-,-,-,,7.5,55,-0.84,-,-,Unknown,17188709.0,protein stability; protein halophilicity; charge-charge interactions; computational modeling; amino acid substitutions,"J MOL BIOL 366, 842-856 (2007) PMID: 17188709","Gribenko AV, Makhatadze GI.",-0.84,K,5,Q,7.5,55.0,,0,0,1,paper,PROT:Cold shock protein B; synthetic,PROT:Cold shock protein B; synthetic:K5Q,1092,test
17589,Cold shock protein B; synthetic,-,K7Q (Based on Paper),Bacillus subtilis (strain 168) - Synthetic,-,-,-,,7.5,55,-1.31,-,-,Unknown,17188709.0,protein stability; protein halophilicity; charge-charge interactions; computational modeling; amino acid substitutions,"J MOL BIOL 366, 842-856 (2007) PMID: 17188709","Gribenko AV, Makhatadze GI.",-1.31,K,7,Q,7.5,55.0,,0,0,1,paper,PROT:Cold shock protein B; synthetic,PROT:Cold shock protein B; synthetic:K7Q,1093,test
17590,Cold shock protein B; synthetic,-,K12E (Based on Paper),Bacillus subtilis (strain 168) - Synthetic,-,-,-,,7.5,55,0.5,-,-,Unknown,17188709.0,protein stability; protein halophilicity; charge-charge interactions; computational modeling; amino acid substitutions,"J MOL BIOL 366, 842-856 (2007) PMID: 17188709","Gribenko AV, Makhatadze GI.",0.5,K,12,E,7.5,55.0,,0,0,1,paper,PROT:Cold shock protein B; synthetic,PROT:Cold shock protein B; synthetic:K12E,1094,test
17591,Cold shock protein B; synthetic,-,K12Q (Based on Paper),Bacillus subtilis (strain 168) - Synthetic,-,-,-,,7.5,55,0.6,-,-,Unknown,17188709.0,protein stability; protein halophilicity; charge-charge interactions; computational modeling; amino acid substitutions,"J MOL BIOL 366, 842-856 (2007) PMID: 17188709","Gribenko AV, Makhatadze GI.",0.6,K,12,Q,7.5,55.0,,0,0,1,paper,PROT:Cold shock protein B; synthetic,PROT:Cold shock protein B; synthetic:K12Q,1095,test
17592,Cold shock protein B; synthetic,-,K13E (Based on Paper),Bacillus subtilis (strain 168) - Synthetic,-,-,-,,7.5,55,-0.24,-,-,Unknown,17188709.0,protein stability; protein halophilicity; charge-charge interactions; computational modeling; amino acid substitutions,"J MOL BIOL 366, 842-856 (2007) PMID: 17188709","Gribenko AV, Makhatadze GI.",-0.24,K,13,E,7.5,55.0,,0,0,1,paper,PROT:Cold shock protein B; synthetic,PROT:Cold shock protein B; synthetic:K13E,1096,test
17593,Cold shock protein B; synthetic,-,K13Q (Based on Paper),Bacillus subtilis (strain 168) - Synthetic,-,-,-,,7.5,55,0.17,-,-,Unknown,17188709.0,protein stability; protein halophilicity; charge-charge interactions; computational modeling; amino acid substitutions,"J MOL BIOL 366, 842-856 (2007) PMID: 17188709","Gribenko AV, Makhatadze GI.",0.17,K,13,Q,7.5,55.0,,0,0,1,paper,PROT:Cold shock protein B; synthetic,PROT:Cold shock protein B; synthetic:K13Q,1097,test
17594,Cold shock protein B; synthetic,-,K20E (Based on Paper),Bacillus subtilis (strain 168) - Synthetic,-,-,-,,7.5,55,-1.48,-,-,Unknown,17188709.0,protein stability; protein halophilicity; charge-charge interactions; computational modeling; amino acid substitutions,"J MOL BIOL 366, 842-856 (2007) PMID: 17188709","Gribenko AV, Makhatadze GI.",-1.48,K,20,E,7.5,55.0,,0,0,1,paper,PROT:Cold shock protein B; synthetic,PROT:Cold shock protein B; synthetic:K20E,1098,test
17595,Cold shock protein B; synthetic,-,K20Q (Based on Paper),Bacillus subtilis (strain 168) - Synthetic,-,-,-,,7.5,55,-0.07,-,-,Unknown,17188709.0,protein stability; protein halophilicity; charge-charge interactions; computational modeling; amino acid substitutions,"J MOL BIOL 366, 842-856 (2007) PMID: 17188709","Gribenko AV, Makhatadze GI.",-0.07,K,20,Q,7.5,55.0,,0,0,1,paper,PROT:Cold shock protein B; synthetic,PROT:Cold shock protein B; synthetic:K20Q,1099,test
17596,Cold shock protein B; synthetic,-,K20V (Based on Paper),Bacillus subtilis (strain 168) - Synthetic,-,-,-,,7.5,55,2.13,-,-,Unknown,17188709.0,protein stability; protein halophilicity; charge-charge interactions; computational modeling; amino acid substitutions,"J MOL BIOL 366, 842-856 (2007) PMID: 17188709","Gribenko AV, Makhatadze GI.",2.13,K,20,V,7.5,55.0,,0,0,1,paper,PROT:Cold shock protein B; synthetic,PROT:Cold shock protein B; synthetic:K20V,1100,test
17597,Cold shock protein B; synthetic,-,K20V (Based on Paper),Bacillus subtilis (strain 168) - Synthetic,-,-,-,,7.5,55,2.08,-,-,Unknown,17188709.0,protein stability; protein halophilicity; charge-charge interactions; computational modeling; amino acid substitutions,"J MOL BIOL 366, 842-856 (2007) PMID: 17188709","Gribenko AV, Makhatadze GI.",2.08,K,20,V,7.5,55.0,,0,0,1,paper,PROT:Cold shock protein B; synthetic,PROT:Cold shock protein B; synthetic:K20V,1101,test
17598,Cold shock protein B; synthetic,-,E21K (Based on Paper),Bacillus subtilis (strain 168) - Synthetic,-,-,-,,7.5,55,-0.98,-,-,Unknown,17188709.0,protein stability; protein halophilicity; charge-charge interactions; computational modeling; amino acid substitutions,"J MOL BIOL 366, 842-856 (2007) PMID: 17188709","Gribenko AV, Makhatadze GI.",-0.98,E,21,K,7.5,55.0,,0,0,1,paper,PROT:Cold shock protein B; synthetic,PROT:Cold shock protein B; synthetic:E21K,1102,test
17599,Cold shock protein B; synthetic,-,E21Q (Based on Paper),Bacillus subtilis (strain 168) - Synthetic,-,-,-,,7.5,55,-0.36,-,-,Unknown,17188709.0,protein stability; protein halophilicity; charge-charge interactions; computational modeling; amino acid substitutions,"J MOL BIOL 366, 842-856 (2007) PMID: 17188709","Gribenko AV, Makhatadze GI.",-0.36,E,21,Q,7.5,55.0,,0,0,1,paper,PROT:Cold shock protein B; synthetic,PROT:Cold shock protein B; synthetic:E21Q,1103,test
17600,Cold shock protein B; synthetic,-,D24K (Based on Paper),Bacillus subtilis (strain 168) - Synthetic,-,-,-,,7.5,55,-0.33,-,-,Unknown,17188709.0,protein stability; protein halophilicity; charge-charge interactions; computational modeling; amino acid substitutions,"J MOL BIOL 366, 842-856 (2007) PMID: 17188709","Gribenko AV, Makhatadze GI.",-0.33,D,24,K,7.5,55.0,,0,0,1,paper,PROT:Cold shock protein B; synthetic,PROT:Cold shock protein B; synthetic:D24K,1104,test
17601,Cold shock protein B; synthetic,-,D24N (Based on Paper),Bacillus subtilis (strain 168) - Synthetic,-,-,-,,7.5,55,-0.31,-,-,Unknown,17188709.0,protein stability; protein halophilicity; charge-charge interactions; computational modeling; amino acid substitutions,"J MOL BIOL 366, 842-856 (2007) PMID: 17188709","Gribenko AV, Makhatadze GI.",-0.31,D,24,N,7.5,55.0,,0,0,1,paper,PROT:Cold shock protein B; synthetic,PROT:Cold shock protein B; synthetic:D24N,1105,test
17602,Cold shock protein B; synthetic,-,D25K (Based on Paper),Bacillus subtilis (strain 168) - Synthetic,-,-,-,,7.5,55,-0.96,-,-,Unknown,17188709.0,protein stability; protein halophilicity; charge-charge interactions; computational modeling; amino acid substitutions,"J MOL BIOL 366, 842-856 (2007) PMID: 17188709","Gribenko AV, Makhatadze GI.",-0.96,D,25,K,7.5,55.0,,0,0,1,paper,PROT:Cold shock protein B; synthetic,PROT:Cold shock protein B; synthetic:D25K,1106,test
17603,Cold shock protein B; synthetic,-,D25N (Based on Paper),Bacillus subtilis (strain 168) - Synthetic,-,-,-,,7.5,55,-0.69,-,-,Unknown,17188709.0,protein stability; protein halophilicity; charge-charge interactions; computational modeling; amino acid substitutions,"J MOL BIOL 366, 842-856 (2007) PMID: 17188709","Gribenko AV, Makhatadze GI.",-0.69,D,25,N,7.5,55.0,,0,0,1,paper,PROT:Cold shock protein B; synthetic,PROT:Cold shock protein B; synthetic:D25N,1107,test
17604,Cold shock protein B; synthetic,-,K39E (Based on Paper),Bacillus subtilis (strain 168) - Synthetic,-,-,-,,7.5,55,0.19,-,-,Unknown,17188709.0,protein stability; protein halophilicity; charge-charge interactions; computational modeling; amino acid substitutions,"J MOL BIOL 366, 842-856 (2007) PMID: 17188709","Gribenko AV, Makhatadze GI.",0.19,K,39,E,7.5,55.0,,0,0,1,paper,PROT:Cold shock protein B; synthetic,PROT:Cold shock protein B; synthetic:K39E,1108,test
17605,Cold shock protein B; synthetic,-,K39Q (Based on Paper),Bacillus subtilis (strain 168) - Synthetic,-,-,-,,7.5,55,0.48,-,-,Unknown,17188709.0,protein stability; protein halophilicity; charge-charge interactions; computational modeling; amino acid substitutions,"J MOL BIOL 366, 842-856 (2007) PMID: 17188709","Gribenko AV, Makhatadze GI.",0.48,K,39,Q,7.5,55.0,,0,0,1,paper,PROT:Cold shock protein B; synthetic,PROT:Cold shock protein B; synthetic:K39Q,1109,test
17606,Cold shock protein B; synthetic,-,K42E (Based on Paper),Bacillus subtilis (strain 168) - Synthetic,-,-,-,,7.5,55,-0.22,-,-,Unknown,17188709.0,protein stability; protein halophilicity; charge-charge interactions; computational modeling; amino acid substitutions,"J MOL BIOL 366, 842-856 (2007) PMID: 17188709","Gribenko AV, Makhatadze GI.",-0.22,K,42,E,7.5,55.0,,0,0,1,paper,PROT:Cold shock protein B; synthetic,PROT:Cold shock protein B; synthetic:K42E,1110,test
17607,Cold shock protein B; synthetic,-,K42Q (Based on Paper),Bacillus subtilis (strain 168) - Synthetic,-,-,-,,7.5,55,0.07,-,-,Unknown,17188709.0,protein stability; protein halophilicity; charge-charge interactions; computational modeling; amino acid substitutions,"J MOL BIOL 366, 842-856 (2007) PMID: 17188709","Gribenko AV, Makhatadze GI.",0.07,K,42,Q,7.5,55.0,,0,0,1,paper,PROT:Cold shock protein B; synthetic,PROT:Cold shock protein B; synthetic:K42Q,1111,test
17608,Cold shock protein B; synthetic,-,E43K (Based on Paper),Bacillus subtilis (strain 168) - Synthetic,-,-,-,,7.5,55,-0.41,-,-,Unknown,17188709.0,protein stability; protein halophilicity; charge-charge interactions; computational modeling; amino acid substitutions,"J MOL BIOL 366, 842-856 (2007) PMID: 17188709","Gribenko AV, Makhatadze GI.",-0.41,E,43,K,7.5,55.0,,0,0,1,paper,PROT:Cold shock protein B; synthetic,PROT:Cold shock protein B; synthetic:E43K,1112,test
17609,Cold shock protein B; synthetic,-,E43Q (Based on Paper),Bacillus subtilis (strain 168) - Synthetic,-,-,-,,7.5,55,-0.14,-,-,Unknown,17188709.0,protein stability; protein halophilicity; charge-charge interactions; computational modeling; amino acid substitutions,"J MOL BIOL 366, 842-856 (2007) PMID: 17188709","Gribenko AV, Makhatadze GI.",-0.14,E,43,Q,7.5,55.0,,0,0,1,paper,PROT:Cold shock protein B; synthetic,PROT:Cold shock protein B; synthetic:E43Q,1113,test
17610,Cold shock protein B; synthetic,-,E48K (Based on Paper),Bacillus subtilis (strain 168) - Synthetic,-,-,-,,7.5,55,-1.39,-,-,Unknown,17188709.0,protein stability; protein halophilicity; charge-charge interactions; computational modeling; amino acid substitutions,"J MOL BIOL 366, 842-856 (2007) PMID: 17188709","Gribenko AV, Makhatadze GI.",-1.39,E,48,K,7.5,55.0,,0,0,1,paper,PROT:Cold shock protein B; synthetic,PROT:Cold shock protein B; synthetic:E48K,1114,test
17611,Cold shock protein B; synthetic,-,E48K (Based on Paper),Bacillus subtilis (strain 168) - Synthetic,-,-,-,,7.5,55,-1.24,-,-,Unknown,17188709.0,protein stability; protein halophilicity; charge-charge interactions; computational modeling; amino acid substitutions,"J MOL BIOL 366, 842-856 (2007) PMID: 17188709","Gribenko AV, Makhatadze GI.",-1.24,E,48,K,7.5,55.0,,0,0,1,paper,PROT:Cold shock protein B; synthetic,PROT:Cold shock protein B; synthetic:E48K,1115,test
17612,Cold shock protein B; synthetic,-,E48Q (Based on Paper),Bacillus subtilis (strain 168) - Synthetic,-,-,-,,7.5,55,-0.5,-,-,Unknown,17188709.0,protein stability; protein halophilicity; charge-charge interactions; computational modeling; amino acid substitutions,"J MOL BIOL 366, 842-856 (2007) PMID: 17188709","Gribenko AV, Makhatadze GI.",-0.5,E,48,Q,7.5,55.0,,0,0,1,paper,PROT:Cold shock protein B; synthetic,PROT:Cold shock protein B; synthetic:E48Q,1116,test
17613,Cold shock protein B; synthetic,-,E50K (Based on Paper),Bacillus subtilis (strain 168) - Synthetic,-,-,-,,7.5,55,-0.1,-,-,Unknown,17188709.0,protein stability; protein halophilicity; charge-charge interactions; computational modeling; amino acid substitutions,"J MOL BIOL 366, 842-856 (2007) PMID: 17188709","Gribenko AV, Makhatadze GI.",-0.1,E,50,K,7.5,55.0,,0,0,1,paper,PROT:Cold shock protein B; synthetic,PROT:Cold shock protein B; synthetic:E50K,1117,test
17614,Cold shock protein B; synthetic,-,E50K (Based on Paper),Bacillus subtilis (strain 168) - Synthetic,-,-,-,,7.5,55,0.45,-,-,Unknown,17188709.0,protein stability; protein halophilicity; charge-charge interactions; computational modeling; amino acid substitutions,"J MOL BIOL 366, 842-856 (2007) PMID: 17188709","Gribenko AV, Makhatadze GI.",0.45,E,50,K,7.5,55.0,,0,0,1,paper,PROT:Cold shock protein B; synthetic,PROT:Cold shock protein B; synthetic:E50K,1118,test
17615,Cold shock protein B; synthetic,-,E50Q (Based on Paper),Bacillus subtilis (strain 168) - Synthetic,-,-,-,,7.5,55,0.24,-,-,Unknown,17188709.0,protein stability; protein halophilicity; charge-charge interactions; computational modeling; amino acid substitutions,"J MOL BIOL 366, 842-856 (2007) PMID: 17188709","Gribenko AV, Makhatadze GI.",0.24,E,50,Q,7.5,55.0,,0,0,1,paper,PROT:Cold shock protein B; synthetic,PROT:Cold shock protein B; synthetic:E50Q,1119,test
17616,Cold shock protein B; synthetic,-,E53K (Based on Paper),Bacillus subtilis (strain 168) - Synthetic,-,-,-,,7.5,55,0.12,-,-,Unknown,17188709.0,protein stability; protein halophilicity; charge-charge interactions; computational modeling; amino acid substitutions,"J MOL BIOL 366, 842-856 (2007) PMID: 17188709","Gribenko AV, Makhatadze GI.",0.12,E,53,K,7.5,55.0,,0,0,1,paper,PROT:Cold shock protein B; synthetic,PROT:Cold shock protein B; synthetic:E53K,1120,test
17617,Cold shock protein B; synthetic,-,E53Q (Based on Paper),Bacillus subtilis (strain 168) - Synthetic,-,-,-,,7.5,55,0.36,-,-,Unknown,17188709.0,protein stability; protein halophilicity; charge-charge interactions; computational modeling; amino acid substitutions,"J MOL BIOL 366, 842-856 (2007) PMID: 17188709","Gribenko AV, Makhatadze GI.",0.36,E,53,Q,7.5,55.0,,0,0,1,paper,PROT:Cold shock protein B; synthetic,PROT:Cold shock protein B; synthetic:E53Q,1121,test
17618,Cold shock protein B; synthetic,-,K55E (Based on Paper),Bacillus subtilis (strain 168) - Synthetic,-,-,-,,7.5,55,0.91,-,-,Unknown,17188709.0,protein stability; protein halophilicity; charge-charge interactions; computational modeling; amino acid substitutions,"J MOL BIOL 366, 842-856 (2007) PMID: 17188709","Gribenko AV, Makhatadze GI.",0.91,K,55,E,7.5,55.0,,0,0,1,paper,PROT:Cold shock protein B; synthetic,PROT:Cold shock protein B; synthetic:K55E,1122,test
17619,Cold shock protein B; synthetic,-,K55Q (Based on Paper),Bacillus subtilis (strain 168) - Synthetic,-,-,-,,7.5,55,0.86,-,-,Unknown,17188709.0,protein stability; protein halophilicity; charge-charge interactions; computational modeling; amino acid substitutions,"J MOL BIOL 366, 842-856 (2007) PMID: 17188709","Gribenko AV, Makhatadze GI.",0.86,K,55,Q,7.5,55.0,,0,0,1,paper,PROT:Cold shock protein B; synthetic,PROT:Cold shock protein B; synthetic:K55Q,1123,test
17623,Cold shock protein B; synthetic,-,R3Q (Based on Paper),Bacillus subtilis (strain 168) - Synthetic,-,-,-,,7.5,55,-1,-,-,Unknown,17188709.0,protein stability; protein halophilicity; charge-charge interactions; computational modeling; amino acid substitutions,"J MOL BIOL 366, 842-856 (2007) PMID: 17188709","Gribenko AV, Makhatadze GI.",-1.0,R,3,Q,7.5,55.0,,0,0,1,paper,PROT:Cold shock protein B; synthetic,PROT:Cold shock protein B; synthetic:R3Q,1124,test
17624,Cold shock protein B; synthetic,-,K5E (Based on Paper),Bacillus subtilis (strain 168) - Synthetic,-,-,-,,7.5,55,-1.91,-,-,Unknown,17188709.0,protein stability; protein halophilicity; charge-charge interactions; computational modeling; amino acid substitutions,"J MOL BIOL 366, 842-856 (2007) PMID: 17188709","Gribenko AV, Makhatadze GI.",-1.91,K,5,E,7.5,55.0,,0,0,1,paper,PROT:Cold shock protein B; synthetic,PROT:Cold shock protein B; synthetic:K5E,1125,test
17625,Cold shock protein B; synthetic,-,K5Q (Based on Paper),Bacillus subtilis (strain 168) - Synthetic,-,-,-,,7.5,55,-0.65,-,-,Unknown,17188709.0,protein stability; protein halophilicity; charge-charge interactions; computational modeling; amino acid substitutions,"J MOL BIOL 366, 842-856 (2007) PMID: 17188709","Gribenko AV, Makhatadze GI.",-0.65,K,5,Q,7.5,55.0,,0,0,1,paper,PROT:Cold shock protein B; synthetic,PROT:Cold shock protein B; synthetic:K5Q,1126,test
17626,Cold shock protein B; synthetic,-,K5Q (Based on Paper),Bacillus subtilis (strain 168) - Synthetic,-,-,-,,7.5,55,-0.72,-,-,Unknown,17188709.0,protein stability; protein halophilicity; charge-charge interactions; computational modeling; amino acid substitutions,"J MOL BIOL 366, 842-856 (2007) PMID: 17188709","Gribenko AV, Makhatadze GI.",-0.72,K,5,Q,7.5,55.0,,0,0,1,paper,PROT:Cold shock protein B; synthetic,PROT:Cold shock protein B; synthetic:K5Q,1127,test
17627,Cold shock protein B; synthetic,-,K7Q (Based on Paper),Bacillus subtilis (strain 168) - Synthetic,-,-,-,,7.5,55,-1.22,-,-,Unknown,17188709.0,protein stability; protein halophilicity; charge-charge interactions; computational modeling; amino acid substitutions,"J MOL BIOL 366, 842-856 (2007) PMID: 17188709","Gribenko AV, Makhatadze GI.",-1.22,K,7,Q,7.5,55.0,,0,0,1,paper,PROT:Cold shock protein B; synthetic,PROT:Cold shock protein B; synthetic:K7Q,1128,test
17628,Cold shock protein B; synthetic,-,E12K (Based on Paper),Bacillus subtilis (strain 168) - Synthetic,-,-,-,,7.5,55,0.43,-,-,Unknown,17188709.0,protein stability; protein halophilicity; charge-charge interactions; computational modeling; amino acid substitutions,"J MOL BIOL 366, 842-856 (2007) PMID: 17188709","Gribenko AV, Makhatadze GI.",0.43,E,12,K,7.5,55.0,,0,0,1,paper,PROT:Cold shock protein B; synthetic,PROT:Cold shock protein B; synthetic:E12K,1129,test
17629,Cold shock protein B; synthetic,-,K12Q (Based on Paper),Bacillus subtilis (strain 168) - Synthetic,-,-,-,,7.5,55,0.53,-,-,Unknown,17188709.0,protein stability; protein halophilicity; charge-charge interactions; computational modeling; amino acid substitutions,"J MOL BIOL 366, 842-856 (2007) PMID: 17188709","Gribenko AV, Makhatadze GI.",0.53,K,12,Q,7.5,55.0,,0,0,1,paper,PROT:Cold shock protein B; synthetic,PROT:Cold shock protein B; synthetic:K12Q,1130,test
17630,Cold shock protein B; synthetic,-,K13E (Based on Paper),Bacillus subtilis (strain 168) - Synthetic,-,-,-,,7.5,55,-0.31,-,-,Unknown,17188709.0,protein stability; protein halophilicity; charge-charge interactions; computational modeling; amino acid substitutions,"J MOL BIOL 366, 842-856 (2007) PMID: 17188709","Gribenko AV, Makhatadze GI.",-0.31,K,13,E,7.5,55.0,,0,0,1,paper,PROT:Cold shock protein B; synthetic,PROT:Cold shock protein B; synthetic:K13E,1131,test
17631,Cold shock protein B; synthetic,-,K13Q (Based on Paper),Bacillus subtilis (strain 168) - Synthetic,-,-,-,,7.5,55,0.1,-,-,Unknown,17188709.0,protein stability; protein halophilicity; charge-charge interactions; computational modeling; amino acid substitutions,"J MOL BIOL 366, 842-856 (2007) PMID: 17188709","Gribenko AV, Makhatadze GI.",0.1,K,13,Q,7.5,55.0,,0,0,1,paper,PROT:Cold shock protein B; synthetic,PROT:Cold shock protein B; synthetic:K13Q,1132,test
17632,Cold shock protein B; synthetic,-,K20E (Based on Paper),Bacillus subtilis (strain 168) - Synthetic,-,-,-,,7.5,55,-1.31,-,-,Unknown,17188709.0,protein stability; protein halophilicity; charge-charge interactions; computational modeling; amino acid substitutions,"J MOL BIOL 366, 842-856 (2007) PMID: 17188709","Gribenko AV, Makhatadze GI.",-1.31,K,20,E,7.5,55.0,,0,0,1,paper,PROT:Cold shock protein B; synthetic,PROT:Cold shock protein B; synthetic:K20E,1133,test
17634,Cold shock protein B; synthetic,-,K20V (Based on Paper),Bacillus subtilis (strain 168) - Synthetic,-,-,-,,7.5,55,2.17,-,-,Unknown,17188709.0,protein stability; protein halophilicity; charge-charge interactions; computational modeling; amino acid substitutions,"J MOL BIOL 366, 842-856 (2007) PMID: 17188709","Gribenko AV, Makhatadze GI.",2.17,K,20,V,7.5,55.0,,0,0,1,paper,PROT:Cold shock protein B; synthetic,PROT:Cold shock protein B; synthetic:K20V,1134,test
17635,Cold shock protein B; synthetic,-,K20V (Based on Paper),Bacillus subtilis (strain 168) - Synthetic,-,-,-,,7.5,55,2.22,-,-,Unknown,17188709.0,protein stability; protein halophilicity; charge-charge interactions; computational modeling; amino acid substitutions,"J MOL BIOL 366, 842-856 (2007) PMID: 17188709","Gribenko AV, Makhatadze GI.",2.22,K,20,V,7.5,55.0,,0,0,1,paper,PROT:Cold shock protein B; synthetic,PROT:Cold shock protein B; synthetic:K20V,1135,test
17636,Cold shock protein B; synthetic,-,E21K (Based on Paper),Bacillus subtilis (strain 168) - Synthetic,-,-,-,,7.5,55,-0.96,-,-,Unknown,17188709.0,protein stability; protein halophilicity; charge-charge interactions; computational modeling; amino acid substitutions,"J MOL BIOL 366, 842-856 (2007) PMID: 17188709","Gribenko AV, Makhatadze GI.",-0.96,E,21,K,7.5,55.0,,0,0,1,paper,PROT:Cold shock protein B; synthetic,PROT:Cold shock protein B; synthetic:E21K,1136,test
17637,Cold shock protein B; synthetic,-,E21Q (Based on Paper),Bacillus subtilis (strain 168) - Synthetic,-,-,-,,7.5,55,-0.38,-,-,Unknown,17188709.0,protein stability; protein halophilicity; charge-charge interactions; computational modeling; amino acid substitutions,"J MOL BIOL 366, 842-856 (2007) PMID: 17188709","Gribenko AV, Makhatadze GI.",-0.38,E,21,Q,7.5,55.0,,0,0,1,paper,PROT:Cold shock protein B; synthetic,PROT:Cold shock protein B; synthetic:E21Q,1137,test
17638,Cold shock protein B; synthetic,-,D24K (Based on Paper),Bacillus subtilis (strain 168) - Synthetic,-,-,-,,7.5,55,-0.33,-,-,Unknown,17188709.0,protein stability; protein halophilicity; charge-charge interactions; computational modeling; amino acid substitutions,"J MOL BIOL 366, 842-856 (2007) PMID: 17188709","Gribenko AV, Makhatadze GI.",-0.33,D,24,K,7.5,55.0,,0,0,1,paper,PROT:Cold shock protein B; synthetic,PROT:Cold shock protein B; synthetic:D24K,1138,test
17639,Cold shock protein B; synthetic,-,D24N (Based on Paper),Bacillus subtilis (strain 168) - Synthetic,-,-,-,,7.5,55,-0.26,-,-,Unknown,17188709.0,protein stability; protein halophilicity; charge-charge interactions; computational modeling; amino acid substitutions,"J MOL BIOL 366, 842-856 (2007) PMID: 17188709","Gribenko AV, Makhatadze GI.",-0.26,D,24,N,7.5,55.0,,0,0,1,paper,PROT:Cold shock protein B; synthetic,PROT:Cold shock protein B; synthetic:D24N,1139,test
17640,Cold shock protein B; synthetic,-,D25K (Based on Paper),Bacillus subtilis (strain 168) - Synthetic,-,-,-,,7.5,55,-0.91,-,-,Unknown,17188709.0,protein stability; protein halophilicity; charge-charge interactions; computational modeling; amino acid substitutions,"J MOL BIOL 366, 842-856 (2007) PMID: 17188709","Gribenko AV, Makhatadze GI.",-0.91,D,25,K,7.5,55.0,,0,0,1,paper,PROT:Cold shock protein B; synthetic,PROT:Cold shock protein B; synthetic:D25K,1140,test
17641,Cold shock protein B; synthetic,-,D25N (Based on Paper),Bacillus subtilis (strain 168) - Synthetic,-,-,-,,7.5,55,-0.72,-,-,Unknown,17188709.0,protein stability; protein halophilicity; charge-charge interactions; computational modeling; amino acid substitutions,"J MOL BIOL 366, 842-856 (2007) PMID: 17188709","Gribenko AV, Makhatadze GI.",-0.72,D,25,N,7.5,55.0,,0,0,1,paper,PROT:Cold shock protein B; synthetic,PROT:Cold shock protein B; synthetic:D25N,1141,test
17642,Cold shock protein B; synthetic,-,K39E (Based on Paper),Bacillus subtilis (strain 168) - Synthetic,-,-,-,,7.5,55,0.19,-,-,Unknown,17188709.0,protein stability; protein halophilicity; charge-charge interactions; computational modeling; amino acid substitutions,"J MOL BIOL 366, 842-856 (2007) PMID: 17188709","Gribenko AV, Makhatadze GI.",0.19,K,39,E,7.5,55.0,,0,0,1,paper,PROT:Cold shock protein B; synthetic,PROT:Cold shock protein B; synthetic:K39E,1142,test
17643,Cold shock protein B; synthetic,-,K39Q (Based on Paper),Bacillus subtilis (strain 168) - Synthetic,-,-,-,,7.5,55,0.43,-,-,Unknown,17188709.0,protein stability; protein halophilicity; charge-charge interactions; computational modeling; amino acid substitutions,"J MOL BIOL 366, 842-856 (2007) PMID: 17188709","Gribenko AV, Makhatadze GI.",0.43,K,39,Q,7.5,55.0,,0,0,1,paper,PROT:Cold shock protein B; synthetic,PROT:Cold shock protein B; synthetic:K39Q,1143,test
17644,Cold shock protein B; synthetic,-,K42E (Based on Paper),Bacillus subtilis (strain 168) - Synthetic,-,-,-,,7.5,55,-0.22,-,-,Unknown,17188709.0,protein stability; protein halophilicity; charge-charge interactions; computational modeling; amino acid substitutions,"J MOL BIOL 366, 842-856 (2007) PMID: 17188709","Gribenko AV, Makhatadze GI.",-0.22,K,42,E,7.5,55.0,,0,0,1,paper,PROT:Cold shock protein B; synthetic,PROT:Cold shock protein B; synthetic:K42E,1144,test
17645,Cold shock protein B; synthetic,-,K42Q (Based on Paper),Bacillus subtilis (strain 168) - Synthetic,-,-,-,,7.5,55,0.07,-,-,Unknown,17188709.0,protein stability; protein halophilicity; charge-charge interactions; computational modeling; amino acid substitutions,"J MOL BIOL 366, 842-856 (2007) PMID: 17188709","Gribenko AV, Makhatadze GI.",0.07,K,42,Q,7.5,55.0,,0,0,1,paper,PROT:Cold shock protein B; synthetic,PROT:Cold shock protein B; synthetic:K42Q,1145,test
17646,Cold shock protein B; synthetic,-,E43K (Based on Paper),Bacillus subtilis (strain 168) - Synthetic,-,-,-,,7.5,55,-0.22,-,-,Unknown,17188709.0,protein stability; protein halophilicity; charge-charge interactions; computational modeling; amino acid substitutions,"J MOL BIOL 366, 842-856 (2007) PMID: 17188709","Gribenko AV, Makhatadze GI.",-0.22,E,43,K,7.5,55.0,,0,0,1,paper,PROT:Cold shock protein B; synthetic,PROT:Cold shock protein B; synthetic:E43K,1146,test
17647,Cold shock protein B; synthetic,-,E43Q (Based on Paper),Bacillus subtilis (strain 168) - Synthetic,-,-,-,,7.5,55,-0.14,-,-,Unknown,17188709.0,protein stability; protein halophilicity; charge-charge interactions; computational modeling; amino acid substitutions,"J MOL BIOL 366, 842-856 (2007) PMID: 17188709","Gribenko AV, Makhatadze GI.",-0.14,E,43,Q,7.5,55.0,,0,0,1,paper,PROT:Cold shock protein B; synthetic,PROT:Cold shock protein B; synthetic:E43Q,1147,test
17648,Cold shock protein B; synthetic,-,E48K (Based on Paper),Bacillus subtilis (strain 168) - Synthetic,-,-,-,,7.5,55,-1.34,-,-,Unknown,17188709.0,protein stability; protein halophilicity; charge-charge interactions; computational modeling; amino acid substitutions,"J MOL BIOL 366, 842-856 (2007) PMID: 17188709","Gribenko AV, Makhatadze GI.",-1.34,E,48,K,7.5,55.0,,0,0,1,paper,PROT:Cold shock protein B; synthetic,PROT:Cold shock protein B; synthetic:E48K,1148,test
17649,Cold shock protein B; synthetic,-,E48Q (Based on Paper),Bacillus subtilis (strain 168) - Synthetic,-,-,-,,7.5,55,-0.45,-,-,Unknown,17188709.0,protein stability; protein halophilicity; charge-charge interactions; computational modeling; amino acid substitutions,"J MOL BIOL 366, 842-856 (2007) PMID: 17188709","Gribenko AV, Makhatadze GI.",-0.45,E,48,Q,7.5,55.0,,0,0,1,paper,PROT:Cold shock protein B; synthetic,PROT:Cold shock protein B; synthetic:E48Q,1149,test
17650,Cold shock protein B; synthetic,-,E50K (Based on Paper),Bacillus subtilis (strain 168) - Synthetic,-,-,-,,7.5,55,-0.19,-,-,Unknown,17188709.0,protein stability; protein halophilicity; charge-charge interactions; computational modeling; amino acid substitutions,"J MOL BIOL 366, 842-856 (2007) PMID: 17188709","Gribenko AV, Makhatadze GI.",-0.19,E,50,K,7.5,55.0,,0,0,1,paper,PROT:Cold shock protein B; synthetic,PROT:Cold shock protein B; synthetic:E50K,1150,test
17651,Cold shock protein B; synthetic,-,E50K (Based on Paper),Bacillus subtilis (strain 168) - Synthetic,-,-,-,,7.5,55,0.38,-,-,Unknown,17188709.0,protein stability; protein halophilicity; charge-charge interactions; computational modeling; amino acid substitutions,"J MOL BIOL 366, 842-856 (2007) PMID: 17188709","Gribenko AV, Makhatadze GI.",0.38,E,50,K,7.5,55.0,,0,0,1,paper,PROT:Cold shock protein B; synthetic,PROT:Cold shock protein B; synthetic:E50K,1151,test
17652,Cold shock protein B; synthetic,-,E50Q (Based on Paper),Bacillus subtilis (strain 168) - Synthetic,-,-,-,,7.5,55,0.24,-,-,Unknown,17188709.0,protein stability; protein halophilicity; charge-charge interactions; computational modeling; amino acid substitutions,"J MOL BIOL 366, 842-856 (2007) PMID: 17188709","Gribenko AV, Makhatadze GI.",0.24,E,50,Q,7.5,55.0,,0,0,1,paper,PROT:Cold shock protein B; synthetic,PROT:Cold shock protein B; synthetic:E50Q,1152,test
17653,Cold shock protein B; synthetic,-,E53K (Based on Paper),Bacillus subtilis (strain 168) - Synthetic,-,-,-,,7.5,55,0.07,-,-,Unknown,17188709.0,protein stability; protein halophilicity; charge-charge interactions; computational modeling; amino acid substitutions,"J MOL BIOL 366, 842-856 (2007) PMID: 17188709","Gribenko AV, Makhatadze GI.",0.07,E,53,K,7.5,55.0,,0,0,1,paper,PROT:Cold shock protein B; synthetic,PROT:Cold shock protein B; synthetic:E53K,1153,test
17654,Cold shock protein B; synthetic,-,E53Q (Based on Paper),Bacillus subtilis (strain 168) - Synthetic,-,-,-,,7.5,55,0.31,-,-,Unknown,17188709.0,protein stability; protein halophilicity; charge-charge interactions; computational modeling; amino acid substitutions,"J MOL BIOL 366, 842-856 (2007) PMID: 17188709","Gribenko AV, Makhatadze GI.",0.31,E,53,Q,7.5,55.0,,0,0,1,paper,PROT:Cold shock protein B; synthetic,PROT:Cold shock protein B; synthetic:E53Q,1154,test
17655,Cold shock protein B; synthetic,-,K55E (Based on Paper),Bacillus subtilis (strain 168) - Synthetic,-,-,-,,7.5,55,0.81,-,-,Unknown,17188709.0,protein stability; protein halophilicity; charge-charge interactions; computational modeling; amino acid substitutions,"J MOL BIOL 366, 842-856 (2007) PMID: 17188709","Gribenko AV, Makhatadze GI.",0.81,K,55,E,7.5,55.0,,0,0,1,paper,PROT:Cold shock protein B; synthetic,PROT:Cold shock protein B; synthetic:K55E,1155,test
17656,Cold shock protein B; synthetic,-,K55Q (Based on Paper),Bacillus subtilis (strain 168) - Synthetic,-,-,-,,7.5,55,0.79,-,-,Unknown,17188709.0,protein stability; protein halophilicity; charge-charge interactions; computational modeling; amino acid substitutions,"J MOL BIOL 366, 842-856 (2007) PMID: 17188709","Gribenko AV, Makhatadze GI.",0.79,K,55,Q,7.5,55.0,,0,0,1,paper,PROT:Cold shock protein B; synthetic,PROT:Cold shock protein B; synthetic:K55Q,1156,test
17660,Cold shock protein B; synthetic,-,R3Q (Based on Paper),Bacillus subtilis (strain 168) - Synthetic,-,-,-,,7.5,55,-1.03,-,-,Unknown,17188709.0,protein stability; protein halophilicity; charge-charge interactions; computational modeling; amino acid substitutions,"J MOL BIOL 366, 842-856 (2007) PMID: 17188709","Gribenko AV, Makhatadze GI.",-1.03,R,3,Q,7.5,55.0,,0,0,1,paper,PROT:Cold shock protein B; synthetic,PROT:Cold shock protein B; synthetic:R3Q,1157,test
17661,Cold shock protein B; synthetic,-,K5E (Based on Paper),Bacillus subtilis (strain 168) - Synthetic,-,-,-,,7.5,55,-1.72,-,-,Unknown,17188709.0,protein stability; protein halophilicity; charge-charge interactions; computational modeling; amino acid substitutions,"J MOL BIOL 366, 842-856 (2007) PMID: 17188709","Gribenko AV, Makhatadze GI.",-1.72,K,5,E,7.5,55.0,,0,0,1,paper,PROT:Cold shock protein B; synthetic,PROT:Cold shock protein B; synthetic:K5E,1158,test
17662,Cold shock protein B; synthetic,-,K5Q (Based on Paper),Bacillus subtilis (strain 168) - Synthetic,-,-,-,,7.5,55,-0.65,-,-,Unknown,17188709.0,protein stability; protein halophilicity; charge-charge interactions; computational modeling; amino acid substitutions,"J MOL BIOL 366, 842-856 (2007) PMID: 17188709","Gribenko AV, Makhatadze GI.",-0.65,K,5,Q,7.5,55.0,,0,0,1,paper,PROT:Cold shock protein B; synthetic,PROT:Cold shock protein B; synthetic:K5Q,1159,test
17663,Cold shock protein B; synthetic,-,K5Q (Based on Paper),Bacillus subtilis (strain 168) - Synthetic,-,-,-,,7.5,55,-0.48,-,-,Unknown,17188709.0,protein stability; protein halophilicity; charge-charge interactions; computational modeling; amino acid substitutions,"J MOL BIOL 366, 842-856 (2007) PMID: 17188709","Gribenko AV, Makhatadze GI.",-0.48,K,5,Q,7.5,55.0,,0,0,1,paper,PROT:Cold shock protein B; synthetic,PROT:Cold shock protein B; synthetic:K5Q,1160,test
17664,Cold shock protein B; synthetic,-,K7Q (Based on Paper),Bacillus subtilis (strain 168) - Synthetic,-,-,-,,7.5,55,-1.29,-,-,Unknown,17188709.0,protein stability; protein halophilicity; charge-charge interactions; computational modeling; amino acid substitutions,"J MOL BIOL 366, 842-856 (2007) PMID: 17188709","Gribenko AV, Makhatadze GI.",-1.29,K,7,Q,7.5,55.0,,0,0,1,paper,PROT:Cold shock protein B; synthetic,PROT:Cold shock protein B; synthetic:K7Q,1161,test
17665,Cold shock protein B; synthetic,-,K12E (Based on Paper),Bacillus subtilis (strain 168) - Synthetic,-,-,-,,7.5,55,0.29,-,-,Unknown,17188709.0,protein stability; protein halophilicity; charge-charge interactions; computational modeling; amino acid substitutions,"J MOL BIOL 366, 842-856 (2007) PMID: 17188709","Gribenko AV, Makhatadze GI.",0.29,K,12,E,7.5,55.0,,0,0,1,paper,PROT:Cold shock protein B; synthetic,PROT:Cold shock protein B; synthetic:K12E,1162,test
17666,Cold shock protein B; synthetic,-,K12Q (Based on Paper),Bacillus subtilis (strain 168) - Synthetic,-,-,-,,7.5,55,0.43,-,-,Unknown,17188709.0,protein stability; protein halophilicity; charge-charge interactions; computational modeling; amino acid substitutions,"J MOL BIOL 366, 842-856 (2007) PMID: 17188709","Gribenko AV, Makhatadze GI.",0.43,K,12,Q,7.5,55.0,,0,0,1,paper,PROT:Cold shock protein B; synthetic,PROT:Cold shock protein B; synthetic:K12Q,1163,test
17667,Cold shock protein B; synthetic,-,K13E (Based on Paper),Bacillus subtilis (strain 168) - Synthetic,-,-,-,,7.5,55,-0.45,-,-,Unknown,17188709.0,protein stability; protein halophilicity; charge-charge interactions; computational modeling; amino acid substitutions,"J MOL BIOL 366, 842-856 (2007) PMID: 17188709","Gribenko AV, Makhatadze GI.",-0.45,K,13,E,7.5,55.0,,0,0,1,paper,PROT:Cold shock protein B; synthetic,PROT:Cold shock protein B; synthetic:K13E,1164,test
17668,Cold shock protein B; synthetic,-,K13Q (Based on Paper),Bacillus subtilis (strain 168) - Synthetic,-,-,-,,7.5,55,-0.07,-,-,Unknown,17188709.0,protein stability; protein halophilicity; charge-charge interactions; computational modeling; amino acid substitutions,"J MOL BIOL 366, 842-856 (2007) PMID: 17188709","Gribenko AV, Makhatadze GI.",-0.07,K,13,Q,7.5,55.0,,0,0,1,paper,PROT:Cold shock protein B; synthetic,PROT:Cold shock protein B; synthetic:K13Q,1165,test
17669,Cold shock protein B; synthetic,-,K20E (Based on Paper),Bacillus subtilis (strain 168) - Synthetic,-,-,-,,7.5,55,-1.34,-,-,Unknown,17188709.0,protein stability; protein halophilicity; charge-charge interactions; computational modeling; amino acid substitutions,"J MOL BIOL 366, 842-856 (2007) PMID: 17188709","Gribenko AV, Makhatadze GI.",-1.34,K,20,E,7.5,55.0,,0,0,1,paper,PROT:Cold shock protein B; synthetic,PROT:Cold shock protein B; synthetic:K20E,1166,test
17670,Cold shock protein B; synthetic,-,K20Q (Based on Paper),Bacillus subtilis (strain 168) - Synthetic,-,-,-,,7.5,55,-0.05,-,-,Unknown,17188709.0,protein stability; protein halophilicity; charge-charge interactions; computational modeling; amino acid substitutions,"J MOL BIOL 366, 842-856 (2007) PMID: 17188709","Gribenko AV, Makhatadze GI.",-0.05,K,20,Q,7.5,55.0,,0,0,1,paper,PROT:Cold shock protein B; synthetic,PROT:Cold shock protein B; synthetic:K20Q,1167,test
17671,Cold shock protein B; synthetic,-,K20V (Based on Paper),Bacillus subtilis (strain 168) - Synthetic,-,-,-,,7.5,55,2.06,-,-,Unknown,17188709.0,protein stability; protein halophilicity; charge-charge interactions; computational modeling; amino acid substitutions,"J MOL BIOL 366, 842-856 (2007) PMID: 17188709","Gribenko AV, Makhatadze GI.",2.06,K,20,V,7.5,55.0,,0,0,1,paper,PROT:Cold shock protein B; synthetic,PROT:Cold shock protein B; synthetic:K20V,1168,test
17672,Cold shock protein B; synthetic,-,K20V (Based on Paper),Bacillus subtilis (strain 168) - Synthetic,-,-,-,,7.5,55,2.22,-,-,Unknown,17188709.0,protein stability; protein halophilicity; charge-charge interactions; computational modeling; amino acid substitutions,"J MOL BIOL 366, 842-856 (2007) PMID: 17188709","Gribenko AV, Makhatadze GI.",2.22,K,20,V,7.5,55.0,,0,0,1,paper,PROT:Cold shock protein B; synthetic,PROT:Cold shock protein B; synthetic:K20V,1169,test
17673,Cold shock protein B; synthetic,-,E21K (Based on Paper),Bacillus subtilis (strain 168) - Synthetic,-,-,-,,7.5,55,-0.98,-,-,Unknown,17188709.0,protein stability; protein halophilicity; charge-charge interactions; computational modeling; amino acid substitutions,"J MOL BIOL 366, 842-856 (2007) PMID: 17188709","Gribenko AV, Makhatadze GI.",-0.98,E,21,K,7.5,55.0,,0,0,1,paper,PROT:Cold shock protein B; synthetic,PROT:Cold shock protein B; synthetic:E21K,1170,test
17674,Cold shock protein B; synthetic,-,E21Q (Based on Paper),Bacillus subtilis (strain 168) - Synthetic,-,-,-,,7.5,55,-0.45,-,-,Unknown,17188709.0,protein stability; protein halophilicity; charge-charge interactions; computational modeling; amino acid substitutions,"J MOL BIOL 366, 842-856 (2007) PMID: 17188709","Gribenko AV, Makhatadze GI.",-0.45,E,21,Q,7.5,55.0,,0,0,1,paper,PROT:Cold shock protein B; synthetic,PROT:Cold shock protein B; synthetic:E21Q,1171,test
17675,Cold shock protein B; synthetic,-,D24K (Based on Paper),Bacillus subtilis (strain 168) - Synthetic,-,-,-,,7.5,55,-0.41,-,-,Unknown,17188709.0,protein stability; protein halophilicity; charge-charge interactions; computational modeling; amino acid substitutions,"J MOL BIOL 366, 842-856 (2007) PMID: 17188709","Gribenko AV, Makhatadze GI.",-0.41,D,24,K,7.5,55.0,,0,0,1,paper,PROT:Cold shock protein B; synthetic,PROT:Cold shock protein B; synthetic:D24K,1172,test
17676,Cold shock protein B; synthetic,-,D24N (Based on Paper),Bacillus subtilis (strain 168) - Synthetic,-,-,-,,7.5,55,-0.41,-,-,Unknown,17188709.0,protein stability; protein halophilicity; charge-charge interactions; computational modeling; amino acid substitutions,"J MOL BIOL 366, 842-856 (2007) PMID: 17188709","Gribenko AV, Makhatadze GI.",-0.41,D,24,N,7.5,55.0,,0,0,1,paper,PROT:Cold shock protein B; synthetic,PROT:Cold shock protein B; synthetic:D24N,1173,test
17677,Cold shock protein B; synthetic,-,D25K (Based on Paper),Bacillus subtilis (strain 168) - Synthetic,-,-,-,,7.5,55,-0.91,-,-,Unknown,17188709.0,protein stability; protein halophilicity; charge-charge interactions; computational modeling; amino acid substitutions,"J MOL BIOL 366, 842-856 (2007) PMID: 17188709","Gribenko AV, Makhatadze GI.",-0.91,D,25,K,7.5,55.0,,0,0,1,paper,PROT:Cold shock protein B; synthetic,PROT:Cold shock protein B; synthetic:D25K,1174,test
17678,Cold shock protein B; synthetic,-,D25N (Based on Paper),Bacillus subtilis (strain 168) - Synthetic,-,-,-,,7.5,55,-0.76,-,-,Unknown,17188709.0,protein stability; protein halophilicity; charge-charge interactions; computational modeling; amino acid substitutions,"J MOL BIOL 366, 842-856 (2007) PMID: 17188709","Gribenko AV, Makhatadze GI.",-0.76,D,25,N,7.5,55.0,,0,0,1,paper,PROT:Cold shock protein B; synthetic,PROT:Cold shock protein B; synthetic:D25N,1175,test
17679,Cold shock protein B; synthetic,-,K39E (Based on Paper),Bacillus subtilis (strain 168) - Synthetic,-,-,-,,7.5,55,0.1,-,-,Unknown,17188709.0,protein stability; protein halophilicity; charge-charge interactions; computational modeling; amino acid substitutions,"J MOL BIOL 366, 842-856 (2007) PMID: 17188709","Gribenko AV, Makhatadze GI.",0.1,K,39,E,7.5,55.0,,0,0,1,paper,PROT:Cold shock protein B; synthetic,PROT:Cold shock protein B; synthetic:K39E,1176,test
17680,Cold shock protein B; synthetic,-,K39Q (Based on Paper),Bacillus subtilis (strain 168) - Synthetic,-,-,-,,7.5,55,0.26,-,-,Unknown,17188709.0,protein stability; protein halophilicity; charge-charge interactions; computational modeling; amino acid substitutions,"J MOL BIOL 366, 842-856 (2007) PMID: 17188709","Gribenko AV, Makhatadze GI.",0.26,K,39,Q,7.5,55.0,,0,0,1,paper,PROT:Cold shock protein B; synthetic,PROT:Cold shock protein B; synthetic:K39Q,1177,test
17681,Cold shock protein B; synthetic,-,K42E (Based on Paper),Bacillus subtilis (strain 168) - Synthetic,-,-,-,,7.5,55,-0.33,-,-,Unknown,17188709.0,protein stability; protein halophilicity; charge-charge interactions; computational modeling; amino acid substitutions,"J MOL BIOL 366, 842-856 (2007) PMID: 17188709","Gribenko AV, Makhatadze GI.",-0.33,K,42,E,7.5,55.0,,0,0,1,paper,PROT:Cold shock protein B; synthetic,PROT:Cold shock protein B; synthetic:K42E,1178,test
17682,Cold shock protein B; synthetic,-,K42Q (Based on Paper),Bacillus subtilis (strain 168) - Synthetic,-,-,-,,7.5,55,-0.02,-,-,Unknown,17188709.0,protein stability; protein halophilicity; charge-charge interactions; computational modeling; amino acid substitutions,"J MOL BIOL 366, 842-856 (2007) PMID: 17188709","Gribenko AV, Makhatadze GI.",-0.02,K,42,Q,7.5,55.0,,0,0,1,paper,PROT:Cold shock protein B; synthetic,PROT:Cold shock protein B; synthetic:K42Q,1179,test
17683,Cold shock protein B; synthetic,-,E43K (Based on Paper),Bacillus subtilis (strain 168) - Synthetic,-,-,-,,7.5,55,-0.24,-,-,Unknown,17188709.0,protein stability; protein halophilicity; charge-charge interactions; computational modeling; amino acid substitutions,"J MOL BIOL 366, 842-856 (2007) PMID: 17188709","Gribenko AV, Makhatadze GI.",-0.24,E,43,K,7.5,55.0,,0,0,1,paper,PROT:Cold shock protein B; synthetic,PROT:Cold shock protein B; synthetic:E43K,1180,test
17684,Cold shock protein B; synthetic,-,E43Q (Based on Paper),Bacillus subtilis (strain 168) - Synthetic,-,-,-,,7.5,55,-0.19,-,-,Unknown,17188709.0,protein stability; protein halophilicity; charge-charge interactions; computational modeling; amino acid substitutions,"J MOL BIOL 366, 842-856 (2007) PMID: 17188709","Gribenko AV, Makhatadze GI.",-0.19,E,43,Q,7.5,55.0,,0,0,1,paper,PROT:Cold shock protein B; synthetic,PROT:Cold shock protein B; synthetic:E43Q,1181,test
17685,Cold shock protein B; synthetic,-,E48K (Based on Paper),Bacillus subtilis (strain 168) - Synthetic,-,-,-,,7.5,55,-1.39,-,-,Unknown,17188709.0,protein stability; protein halophilicity; charge-charge interactions; computational modeling; amino acid substitutions,"J MOL BIOL 366, 842-856 (2007) PMID: 17188709","Gribenko AV, Makhatadze GI.",-1.39,E,48,K,7.5,55.0,,0,0,1,paper,PROT:Cold shock protein B; synthetic,PROT:Cold shock protein B; synthetic:E48K,1182,test
17686,Cold shock protein B; synthetic,-,E48Q (Based on Paper),Bacillus subtilis (strain 168) - Synthetic,-,-,-,,7.5,55,-0.5,-,-,Unknown,17188709.0,protein stability; protein halophilicity; charge-charge interactions; computational modeling; amino acid substitutions,"J MOL BIOL 366, 842-856 (2007) PMID: 17188709","Gribenko AV, Makhatadze GI.",-0.5,E,48,Q,7.5,55.0,,0,0,1,paper,PROT:Cold shock protein B; synthetic,PROT:Cold shock protein B; synthetic:E48Q,1183,test
17687,Cold shock protein B; synthetic,-,E50K (Based on Paper),Bacillus subtilis (strain 168) - Synthetic,-,-,-,,7.5,55,-0.26,-,-,Unknown,17188709.0,protein stability; protein halophilicity; charge-charge interactions; computational modeling; amino acid substitutions,"J MOL BIOL 366, 842-856 (2007) PMID: 17188709","Gribenko AV, Makhatadze GI.",-0.26,E,50,K,7.5,55.0,,0,0,1,paper,PROT:Cold shock protein B; synthetic,PROT:Cold shock protein B; synthetic:E50K,1184,test
17688,Cold shock protein B; synthetic,-,E50K (Based on Paper),Bacillus subtilis (strain 168) - Synthetic,-,-,-,,7.5,55,0.33,-,-,Unknown,17188709.0,protein stability; protein halophilicity; charge-charge interactions; computational modeling; amino acid substitutions,"J MOL BIOL 366, 842-856 (2007) PMID: 17188709","Gribenko AV, Makhatadze GI.",0.33,E,50,K,7.5,55.0,,0,0,1,paper,PROT:Cold shock protein B; synthetic,PROT:Cold shock protein B; synthetic:E50K,1185,test
17689,Cold shock protein B; synthetic,-,E50Q (Based on Paper),Bacillus subtilis (strain 168) - Synthetic,-,-,-,,7.5,55,0.17,-,-,Unknown,17188709.0,protein stability; protein halophilicity; charge-charge interactions; computational modeling; amino acid substitutions,"J MOL BIOL 366, 842-856 (2007) PMID: 17188709","Gribenko AV, Makhatadze GI.",0.17,E,50,Q,7.5,55.0,,0,0,1,paper,PROT:Cold shock protein B; synthetic,PROT:Cold shock protein B; synthetic:E50Q,1186,test
17690,Cold shock protein B; synthetic,-,E53K (Based on Paper),Bacillus subtilis (strain 168) - Synthetic,-,-,-,,7.5,55,0.02,-,-,Unknown,17188709.0,protein stability; protein halophilicity; charge-charge interactions; computational modeling; amino acid substitutions,"J MOL BIOL 366, 842-856 (2007) PMID: 17188709","Gribenko AV, Makhatadze GI.",0.02,E,53,K,7.5,55.0,,0,0,1,paper,PROT:Cold shock protein B; synthetic,PROT:Cold shock protein B; synthetic:E53K,1187,test
17691,Cold shock protein B; synthetic,-,E53Q (Based on Paper),Bacillus subtilis (strain 168) - Synthetic,-,-,-,,7.5,55,0.19,-,-,Unknown,17188709.0,protein stability; protein halophilicity; charge-charge interactions; computational modeling; amino acid substitutions,"J MOL BIOL 366, 842-856 (2007) PMID: 17188709","Gribenko AV, Makhatadze GI.",0.19,E,53,Q,7.5,55.0,,0,0,1,paper,PROT:Cold shock protein B; synthetic,PROT:Cold shock protein B; synthetic:E53Q,1188,test
17692,Cold shock protein B; synthetic,-,K55E (Based on Paper),Bacillus subtilis (strain 168) - Synthetic,-,-,-,,7.5,55,0.6,-,-,Unknown,17188709.0,protein stability; protein halophilicity; charge-charge interactions; computational modeling; amino acid substitutions,"J MOL BIOL 366, 842-856 (2007) PMID: 17188709","Gribenko AV, Makhatadze GI.",0.6,K,55,E,7.5,55.0,,0,0,1,paper,PROT:Cold shock protein B; synthetic,PROT:Cold shock protein B; synthetic:K55E,1189,test
17693,Cold shock protein B; synthetic,-,K55Q (Based on Paper),Bacillus subtilis (strain 168) - Synthetic,-,-,-,,7.5,55,0.57,-,-,Unknown,17188709.0,protein stability; protein halophilicity; charge-charge interactions; computational modeling; amino acid substitutions,"J MOL BIOL 366, 842-856 (2007) PMID: 17188709","Gribenko AV, Makhatadze GI.",0.57,K,55,Q,7.5,55.0,,0,0,1,paper,PROT:Cold shock protein B; synthetic,PROT:Cold shock protein B; synthetic:K55Q,1190,test
17697,Cold shock protein B; synthetic,-,R3Q (Based on Paper),Bacillus subtilis (strain 168) - Synthetic,-,-,-,,7.5,55,-0.86,-,-,Unknown,17188709.0,protein stability; protein halophilicity; charge-charge interactions; computational modeling; amino acid substitutions,"J MOL BIOL 366, 842-856 (2007) PMID: 17188709","Gribenko AV, Makhatadze GI.",-0.86,R,3,Q,7.5,55.0,,0,0,1,paper,PROT:Cold shock protein B; synthetic,PROT:Cold shock protein B; synthetic:R3Q,1191,test
17698,Cold shock protein B; synthetic,-,K5E (Based on Paper),Bacillus subtilis (strain 168) - Synthetic,-,-,-,,7.5,55,-1.53,-,-,Unknown,17188709.0,protein stability; protein halophilicity; charge-charge interactions; computational modeling; amino acid substitutions,"J MOL BIOL 366, 842-856 (2007) PMID: 17188709","Gribenko AV, Makhatadze GI.",-1.53,K,5,E,7.5,55.0,,0,0,1,paper,PROT:Cold shock protein B; synthetic,PROT:Cold shock protein B; synthetic:K5E,1192,test
17699,Cold shock protein B; synthetic,-,K5Q (Based on Paper),Bacillus subtilis (strain 168) - Synthetic,-,-,-,,7.5,55,-0.57,-,-,Unknown,17188709.0,protein stability; protein halophilicity; charge-charge interactions; computational modeling; amino acid substitutions,"J MOL BIOL 366, 842-856 (2007) PMID: 17188709","Gribenko AV, Makhatadze GI.",-0.57,K,5,Q,7.5,55.0,,0,0,1,paper,PROT:Cold shock protein B; synthetic,PROT:Cold shock protein B; synthetic:K5Q,1193,test
17700,Cold shock protein B; synthetic,-,K5Q (Based on Paper),Bacillus subtilis (strain 168) - Synthetic,-,-,-,,7.5,55,-0.62,-,-,Unknown,17188709.0,protein stability; protein halophilicity; charge-charge interactions; computational modeling; amino acid substitutions,"J MOL BIOL 366, 842-856 (2007) PMID: 17188709","Gribenko AV, Makhatadze GI.",-0.62,K,5,Q,7.5,55.0,,0,0,1,paper,PROT:Cold shock protein B; synthetic,PROT:Cold shock protein B; synthetic:K5Q,1194,test
17701,Cold shock protein B; synthetic,-,K7Q (Based on Paper),Bacillus subtilis (strain 168) - Synthetic,-,-,-,,7.5,55,-1.15,-,-,Unknown,17188709.0,protein stability; protein halophilicity; charge-charge interactions; computational modeling; amino acid substitutions,"J MOL BIOL 366, 842-856 (2007) PMID: 17188709","Gribenko AV, Makhatadze GI.",-1.15,K,7,Q,7.5,55.0,,0,0,1,paper,PROT:Cold shock protein B; synthetic,PROT:Cold shock protein B; synthetic:K7Q,1195,test
17702,Cold shock protein B; synthetic,-,K12E (Based on Paper),Bacillus subtilis (strain 168) - Synthetic,-,-,-,,7.5,55,0.29,-,-,Unknown,17188709.0,protein stability; protein halophilicity; charge-charge interactions; computational modeling; amino acid substitutions,"J MOL BIOL 366, 842-856 (2007) PMID: 17188709","Gribenko AV, Makhatadze GI.",0.29,K,12,E,7.5,55.0,,0,0,1,paper,PROT:Cold shock protein B; synthetic,PROT:Cold shock protein B; synthetic:K12E,1196,test
17703,Cold shock protein B; synthetic,-,K12Q (Based on Paper),Bacillus subtilis (strain 168) - Synthetic,-,-,-,,7.5,55,0.5,-,-,Unknown,17188709.0,protein stability; protein halophilicity; charge-charge interactions; computational modeling; amino acid substitutions,"J MOL BIOL 366, 842-856 (2007) PMID: 17188709","Gribenko AV, Makhatadze GI.",0.5,K,12,Q,7.5,55.0,,0,0,1,paper,PROT:Cold shock protein B; synthetic,PROT:Cold shock protein B; synthetic:K12Q,1197,test
17704,Cold shock protein B; synthetic,-,K13E (Based on Paper),Bacillus subtilis (strain 168) - Synthetic,-,-,-,,7.5,55,-0.43,-,-,Unknown,17188709.0,protein stability; protein halophilicity; charge-charge interactions; computational modeling; amino acid substitutions,"J MOL BIOL 366, 842-856 (2007) PMID: 17188709","Gribenko AV, Makhatadze GI.",-0.43,K,13,E,7.5,55.0,,0,0,1,paper,PROT:Cold shock protein B; synthetic,PROT:Cold shock protein B; synthetic:K13E,1198,test
17705,Cold shock protein B; synthetic,-,K13Q (Based on Paper),Bacillus subtilis (strain 168) - Synthetic,-,-,-,,7.5,55,-0.07,-,-,Unknown,17188709.0,protein stability; protein halophilicity; charge-charge interactions; computational modeling; amino acid substitutions,"J MOL BIOL 366, 842-856 (2007) PMID: 17188709","Gribenko AV, Makhatadze GI.",-0.07,K,13,Q,7.5,55.0,,0,0,1,paper,PROT:Cold shock protein B; synthetic,PROT:Cold shock protein B; synthetic:K13Q,1199,test
17706,Cold shock protein B; synthetic,-,K20E (Based on Paper),Bacillus subtilis (strain 168) - Synthetic,-,-,-,,7.5,55,-1.2,-,-,Unknown,17188709.0,protein stability; protein halophilicity; charge-charge interactions; computational modeling; amino acid substitutions,"J MOL BIOL 366, 842-856 (2007) PMID: 17188709","Gribenko AV, Makhatadze GI.",-1.2,K,20,E,7.5,55.0,,0,0,1,paper,PROT:Cold shock protein B; synthetic,PROT:Cold shock protein B; synthetic:K20E,1200,test
17707,Cold shock protein B; synthetic,-,K20Q (Based on Paper),Bacillus subtilis (strain 168) - Synthetic,-,-,-,,7.5,55,0.05,-,-,Unknown,17188709.0,protein stability; protein halophilicity; charge-charge interactions; computational modeling; amino acid substitutions,"J MOL BIOL 366, 842-856 (2007) PMID: 17188709","Gribenko AV, Makhatadze GI.",0.05,K,20,Q,7.5,55.0,,0,0,1,paper,PROT:Cold shock protein B; synthetic,PROT:Cold shock protein B; synthetic:K20Q,1201,test
17708,Cold shock protein B; synthetic,-,K20V (Based on Paper),Bacillus subtilis (strain 168) - Synthetic,-,-,-,,7.5,55,2.08,-,-,Unknown,17188709.0,protein stability; protein halophilicity; charge-charge interactions; computational modeling; amino acid substitutions,"J MOL BIOL 366, 842-856 (2007) PMID: 17188709","Gribenko AV, Makhatadze GI.",2.08,K,20,V,7.5,55.0,,0,0,1,paper,PROT:Cold shock protein B; synthetic,PROT:Cold shock protein B; synthetic:K20V,1202,test
17709,Cold shock protein B; synthetic,-,K20V (Based on Paper),Bacillus subtilis (strain 168) - Synthetic,-,-,-,,7.5,55,2.17,-,-,Unknown,17188709.0,protein stability; protein halophilicity; charge-charge interactions; computational modeling; amino acid substitutions,"J MOL BIOL 366, 842-856 (2007) PMID: 17188709","Gribenko AV, Makhatadze GI.",2.17,K,20,V,7.5,55.0,,0,0,1,paper,PROT:Cold shock protein B; synthetic,PROT:Cold shock protein B; synthetic:K20V,1203,test
17710,Cold shock protein B; synthetic,-,E21K (Based on Paper),Bacillus subtilis (strain 168) - Synthetic,-,-,-,,7.5,55,-0.81,-,-,Unknown,17188709.0,protein stability; protein halophilicity; charge-charge interactions; computational modeling; amino acid substitutions,"J MOL BIOL 366, 842-856 (2007) PMID: 17188709","Gribenko AV, Makhatadze GI.",-0.81,E,21,K,7.5,55.0,,0,0,1,paper,PROT:Cold shock protein B; synthetic,PROT:Cold shock protein B; synthetic:E21K,1204,test
17711,Cold shock protein B; synthetic,-,E21Q (Based on Paper),Bacillus subtilis (strain 168) - Synthetic,-,-,-,,7.5,55,-0.45,-,-,Unknown,17188709.0,protein stability; protein halophilicity; charge-charge interactions; computational modeling; amino acid substitutions,"J MOL BIOL 366, 842-856 (2007) PMID: 17188709","Gribenko AV, Makhatadze GI.",-0.45,E,21,Q,7.5,55.0,,0,0,1,paper,PROT:Cold shock protein B; synthetic,PROT:Cold shock protein B; synthetic:E21Q,1205,test
17712,Cold shock protein B; synthetic,-,D24K (Based on Paper),Bacillus subtilis (strain 168) - Synthetic,-,-,-,,7.5,55,-0.33,-,-,Unknown,17188709.0,protein stability; protein halophilicity; charge-charge interactions; computational modeling; amino acid substitutions,"J MOL BIOL 366, 842-856 (2007) PMID: 17188709","Gribenko AV, Makhatadze GI.",-0.33,D,24,K,7.5,55.0,,0,0,1,paper,PROT:Cold shock protein B; synthetic,PROT:Cold shock protein B; synthetic:D24K,1206,test
17713,Cold shock protein B; synthetic,-,D24N (Based on Paper),Bacillus subtilis (strain 168) - Synthetic,-,-,-,,7.5,55,-0.36,-,-,Unknown,17188709.0,protein stability; protein halophilicity; charge-charge interactions; computational modeling; amino acid substitutions,"J MOL BIOL 366, 842-856 (2007) PMID: 17188709","Gribenko AV, Makhatadze GI.",-0.36,D,24,N,7.5,55.0,,0,0,1,paper,PROT:Cold shock protein B; synthetic,PROT:Cold shock protein B; synthetic:D24N,1207,test
17714,Cold shock protein B; synthetic,-,D25K (Based on Paper),Bacillus subtilis (strain 168) - Synthetic,-,-,-,,7.5,55,-0.84,-,-,Unknown,17188709.0,protein stability; protein halophilicity; charge-charge interactions; computational modeling; amino acid substitutions,"J MOL BIOL 366, 842-856 (2007) PMID: 17188709","Gribenko AV, Makhatadze GI.",-0.84,D,25,K,7.5,55.0,,0,0,1,paper,PROT:Cold shock protein B; synthetic,PROT:Cold shock protein B; synthetic:D25K,1208,test
17715,Cold shock protein B; synthetic,-,D25N (Based on Paper),Bacillus subtilis (strain 168) - Synthetic,-,-,-,,7.5,55,-0.74,-,-,Unknown,17188709.0,protein stability; protein halophilicity; charge-charge interactions; computational modeling; amino acid substitutions,"J MOL BIOL 366, 842-856 (2007) PMID: 17188709","Gribenko AV, Makhatadze GI.",-0.74,D,25,N,7.5,55.0,,0,0,1,paper,PROT:Cold shock protein B; synthetic,PROT:Cold shock protein B; synthetic:D25N,1209,test
17716,Cold shock protein B; synthetic,-,K39E (Based on Paper),Bacillus subtilis (strain 168) - Synthetic,-,-,-,,7.5,55,0.07,-,-,Unknown,17188709.0,protein stability; protein halophilicity; charge-charge interactions; computational modeling; amino acid substitutions,"J MOL BIOL 366, 842-856 (2007) PMID: 17188709","Gribenko AV, Makhatadze GI.",0.07,K,39,E,7.5,55.0,,0,0,1,paper,PROT:Cold shock protein B; synthetic,PROT:Cold shock protein B; synthetic:K39E,1210,test
17717,Cold shock protein B; synthetic,-,K39Q (Based on Paper),Bacillus subtilis (strain 168) - Synthetic,-,-,-,,7.5,55,0.24,-,-,Unknown,17188709.0,protein stability; protein halophilicity; charge-charge interactions; computational modeling; amino acid substitutions,"J MOL BIOL 366, 842-856 (2007) PMID: 17188709","Gribenko AV, Makhatadze GI.",0.24,K,39,Q,7.5,55.0,,0,0,1,paper,PROT:Cold shock protein B; synthetic,PROT:Cold shock protein B; synthetic:K39Q,1211,test
17718,Cold shock protein B; synthetic,-,K42E (Based on Paper),Bacillus subtilis (strain 168) - Synthetic,-,-,-,,7.5,55,-0.24,-,-,Unknown,17188709.0,protein stability; protein halophilicity; charge-charge interactions; computational modeling; amino acid substitutions,"J MOL BIOL 366, 842-856 (2007) PMID: 17188709","Gribenko AV, Makhatadze GI.",-0.24,K,42,E,7.5,55.0,,0,0,1,paper,PROT:Cold shock protein B; synthetic,PROT:Cold shock protein B; synthetic:K42E,1212,test
17720,Cold shock protein B; synthetic,-,E43K (Based on Paper),Bacillus subtilis (strain 168) - Synthetic,-,-,-,,7.5,55,-0.05,-,-,Unknown,17188709.0,protein stability; protein halophilicity; charge-charge interactions; computational modeling; amino acid substitutions,"J MOL BIOL 366, 842-856 (2007) PMID: 17188709","Gribenko AV, Makhatadze GI.",-0.05,E,43,K,7.5,55.0,,0,0,1,paper,PROT:Cold shock protein B; synthetic,PROT:Cold shock protein B; synthetic:E43K,1213,test
17721,Cold shock protein B; synthetic,-,E43Q (Based on Paper),Bacillus subtilis (strain 168) - Synthetic,-,-,-,,7.5,55,-0.14,-,-,Unknown,17188709.0,protein stability; protein halophilicity; charge-charge interactions; computational modeling; amino acid substitutions,"J MOL BIOL 366, 842-856 (2007) PMID: 17188709","Gribenko AV, Makhatadze GI.",-0.14,E,43,Q,7.5,55.0,,0,0,1,paper,PROT:Cold shock protein B; synthetic,PROT:Cold shock protein B; synthetic:E43Q,1214,test
17722,Cold shock protein B; synthetic,-,E48K (Based on Paper),Bacillus subtilis (strain 168) - Synthetic,-,-,-,,7.5,55,-1.29,-,-,Unknown,17188709.0,protein stability; protein halophilicity; charge-charge interactions; computational modeling; amino acid substitutions,"J MOL BIOL 366, 842-856 (2007) PMID: 17188709","Gribenko AV, Makhatadze GI.",-1.29,E,48,K,7.5,55.0,,0,0,1,paper,PROT:Cold shock protein B; synthetic,PROT:Cold shock protein B; synthetic:E48K,1215,test
17723,Cold shock protein B; synthetic,-,E48Q (Based on Paper),Bacillus subtilis (strain 168) - Synthetic,-,-,-,,7.5,55,-0.45,-,-,Unknown,17188709.0,protein stability; protein halophilicity; charge-charge interactions; computational modeling; amino acid substitutions,"J MOL BIOL 366, 842-856 (2007) PMID: 17188709","Gribenko AV, Makhatadze GI.",-0.45,E,48,Q,7.5,55.0,,0,0,1,paper,PROT:Cold shock protein B; synthetic,PROT:Cold shock protein B; synthetic:E48Q,1216,test
17724,Cold shock protein B; synthetic,-,E50K (Based on Paper),Bacillus subtilis (strain 168) - Synthetic,-,-,-,,7.5,55,-0.24,-,-,Unknown,17188709.0,protein stability; protein halophilicity; charge-charge interactions; computational modeling; amino acid substitutions,"J MOL BIOL 366, 842-856 (2007) PMID: 17188709","Gribenko AV, Makhatadze GI.",-0.24,E,50,K,7.5,55.0,,0,0,1,paper,PROT:Cold shock protein B; synthetic,PROT:Cold shock protein B; synthetic:E50K,1217,test
17725,Cold shock protein B; synthetic,-,E50K (Based on Paper),Bacillus subtilis (strain 168) - Synthetic,-,-,-,,7.5,55,0.22,-,-,Unknown,17188709.0,protein stability; protein halophilicity; charge-charge interactions; computational modeling; amino acid substitutions,"J MOL BIOL 366, 842-856 (2007) PMID: 17188709","Gribenko AV, Makhatadze GI.",0.22,E,50,K,7.5,55.0,,0,0,1,paper,PROT:Cold shock protein B; synthetic,PROT:Cold shock protein B; synthetic:E50K,1218,test
17726,Cold shock protein B; synthetic,-,E50Q (Based on Paper),Bacillus subtilis (strain 168) - Synthetic,-,-,-,,7.5,55,0.17,-,-,Unknown,17188709.0,protein stability; protein halophilicity; charge-charge interactions; computational modeling; amino acid substitutions,"J MOL BIOL 366, 842-856 (2007) PMID: 17188709","Gribenko AV, Makhatadze GI.",0.17,E,50,Q,7.5,55.0,,0,0,1,paper,PROT:Cold shock protein B; synthetic,PROT:Cold shock protein B; synthetic:E50Q,1219,test
17727,Cold shock protein B; synthetic,-,E53K (Based on Paper),Bacillus subtilis (strain 168) - Synthetic,-,-,-,,7.5,55,0.12,-,-,Unknown,17188709.0,protein stability; protein halophilicity; charge-charge interactions; computational modeling; amino acid substitutions,"J MOL BIOL 366, 842-856 (2007) PMID: 17188709","Gribenko AV, Makhatadze GI.",0.12,E,53,K,7.5,55.0,,0,0,1,paper,PROT:Cold shock protein B; synthetic,PROT:Cold shock protein B; synthetic:E53K,1220,test
17728,Cold shock protein B; synthetic,-,E53Q (Based on Paper),Bacillus subtilis (strain 168) - Synthetic,-,-,-,,7.5,55,0.22,-,-,Unknown,17188709.0,protein stability; protein halophilicity; charge-charge interactions; computational modeling; amino acid substitutions,"J MOL BIOL 366, 842-856 (2007) PMID: 17188709","Gribenko AV, Makhatadze GI.",0.22,E,53,Q,7.5,55.0,,0,0,1,paper,PROT:Cold shock protein B; synthetic,PROT:Cold shock protein B; synthetic:E53Q,1221,test
17729,Cold shock protein B; synthetic,-,K55E (Based on Paper),Bacillus subtilis (strain 168) - Synthetic,-,-,-,,7.5,55,0.57,-,-,Unknown,17188709.0,protein stability; protein halophilicity; charge-charge interactions; computational modeling; amino acid substitutions,"J MOL BIOL 366, 842-856 (2007) PMID: 17188709","Gribenko AV, Makhatadze GI.",0.57,K,55,E,7.5,55.0,,0,0,1,paper,PROT:Cold shock protein B; synthetic,PROT:Cold shock protein B; synthetic:K55E,1222,test
17730,Cold shock protein B; synthetic,-,K55Q (Based on Paper),Bacillus subtilis (strain 168) - Synthetic,-,-,-,,7.5,55,0.5,-,-,Unknown,17188709.0,protein stability; protein halophilicity; charge-charge interactions; computational modeling; amino acid substitutions,"J MOL BIOL 366, 842-856 (2007) PMID: 17188709","Gribenko AV, Makhatadze GI.",0.5,K,55,Q,7.5,55.0,,0,0,1,paper,PROT:Cold shock protein B; synthetic,PROT:Cold shock protein B; synthetic:K55Q,1223,test
17734,Cold shock protein B; synthetic,-,R3Q (Based on Paper),Bacillus subtilis (strain 168) - Synthetic,-,-,-,,7.5,55,-0.62,-,-,Unknown,17188709.0,protein stability; protein halophilicity; charge-charge interactions; computational modeling; amino acid substitutions,"J MOL BIOL 366, 842-856 (2007) PMID: 17188709","Gribenko AV, Makhatadze GI.",-0.62,R,3,Q,7.5,55.0,,0,0,1,paper,PROT:Cold shock protein B; synthetic,PROT:Cold shock protein B; synthetic:R3Q,1224,test
17735,Cold shock protein B; synthetic,-,K5E (Based on Paper),Bacillus subtilis (strain 168) - Synthetic,-,-,-,,7.5,55,-1.08,-,-,Unknown,17188709.0,protein stability; protein halophilicity; charge-charge interactions; computational modeling; amino acid substitutions,"J MOL BIOL 366, 842-856 (2007) PMID: 17188709","Gribenko AV, Makhatadze GI.",-1.08,K,5,E,7.5,55.0,,0,0,1,paper,PROT:Cold shock protein B; synthetic,PROT:Cold shock protein B; synthetic:K5E,1225,test
17736,Cold shock protein B; synthetic,-,K5E (Based on Paper),Bacillus subtilis (strain 168) - Synthetic,-,-,-,,7.5,55,-0.84,-,-,Unknown,17188709.0,protein stability; protein halophilicity; charge-charge interactions; computational modeling; amino acid substitutions,"J MOL BIOL 366, 842-856 (2007) PMID: 17188709","Gribenko AV, Makhatadze GI.",-0.84,K,5,E,7.5,55.0,,0,0,1,paper,PROT:Cold shock protein B; synthetic,PROT:Cold shock protein B; synthetic:K5E,1226,test
17737,Cold shock protein B; synthetic,-,K5Q (Based on Paper),Bacillus subtilis (strain 168) - Synthetic,-,-,-,,7.5,55,-0.43,-,-,Unknown,17188709.0,protein stability; protein halophilicity; charge-charge interactions; computational modeling; amino acid substitutions,"J MOL BIOL 366, 842-856 (2007) PMID: 17188709","Gribenko AV, Makhatadze GI.",-0.43,K,5,Q,7.5,55.0,,0,0,1,paper,PROT:Cold shock protein B; synthetic,PROT:Cold shock protein B; synthetic:K5Q,1227,test
17738,Cold shock protein B; synthetic,-,K5Q (Based on Paper),Bacillus subtilis (strain 168) - Synthetic,-,-,-,,7.5,55,-0.29,-,-,Unknown,17188709.0,protein stability; protein halophilicity; charge-charge interactions; computational modeling; amino acid substitutions,"J MOL BIOL 366, 842-856 (2007) PMID: 17188709","Gribenko AV, Makhatadze GI.",-0.29,K,5,Q,7.5,55.0,,0,0,1,paper,PROT:Cold shock protein B; synthetic,PROT:Cold shock protein B; synthetic:K5Q,1228,test
17739,Cold shock protein B; synthetic,-,K7E (Based on Paper),Bacillus subtilis (strain 168) - Synthetic,-,-,-,,7.5,55,-1.67,-,-,Unknown,17188709.0,protein stability; protein halophilicity; charge-charge interactions; computational modeling; amino acid substitutions,"J MOL BIOL 366, 842-856 (2007) PMID: 17188709","Gribenko AV, Makhatadze GI.",-1.67,K,7,E,7.5,55.0,,0,0,1,paper,PROT:Cold shock protein B; synthetic,PROT:Cold shock protein B; synthetic:K7E,1229,test
17740,Cold shock protein B; synthetic,-,K7Q (Based on Paper),Bacillus subtilis (strain 168) - Synthetic,-,-,-,,7.5,55,-1.08,-,-,Unknown,17188709.0,protein stability; protein halophilicity; charge-charge interactions; computational modeling; amino acid substitutions,"J MOL BIOL 366, 842-856 (2007) PMID: 17188709","Gribenko AV, Makhatadze GI.",-1.08,K,7,Q,7.5,55.0,,0,0,1,paper,PROT:Cold shock protein B; synthetic,PROT:Cold shock protein B; synthetic:K7Q,1230,test
17741,Cold shock protein B; synthetic,-,K12E (Based on Paper),Bacillus subtilis (strain 168) - Synthetic,-,-,-,,7.5,55,0.12,-,-,Unknown,17188709.0,protein stability; protein halophilicity; charge-charge interactions; computational modeling; amino acid substitutions,"J MOL BIOL 366, 842-856 (2007) PMID: 17188709","Gribenko AV, Makhatadze GI.",0.12,K,12,E,7.5,55.0,,0,0,1,paper,PROT:Cold shock protein B; synthetic,PROT:Cold shock protein B; synthetic:K12E,1231,test
17742,Cold shock protein B; synthetic,-,K12Q (Based on Paper),Bacillus subtilis (strain 168) - Synthetic,-,-,-,,7.5,55,0.36,-,-,Unknown,17188709.0,protein stability; protein halophilicity; charge-charge interactions; computational modeling; amino acid substitutions,"J MOL BIOL 366, 842-856 (2007) PMID: 17188709","Gribenko AV, Makhatadze GI.",0.36,K,12,Q,7.5,55.0,,0,0,1,paper,PROT:Cold shock protein B; synthetic,PROT:Cold shock protein B; synthetic:K12Q,1232,test
17743,Cold shock protein B; synthetic,-,K13E (Based on Paper),Bacillus subtilis (strain 168) - Synthetic,-,-,-,,7.5,55,-0.5,-,-,Unknown,17188709.0,protein stability; protein halophilicity; charge-charge interactions; computational modeling; amino acid substitutions,"J MOL BIOL 366, 842-856 (2007) PMID: 17188709","Gribenko AV, Makhatadze GI.",-0.5,K,13,E,7.5,55.0,,0,0,1,paper,PROT:Cold shock protein B; synthetic,PROT:Cold shock protein B; synthetic:K13E,1233,test
17744,Cold shock protein B; synthetic,-,K13Q (Based on Paper),Bacillus subtilis (strain 168) - Synthetic,-,-,-,,7.5,55,-0.26,-,-,Unknown,17188709.0,protein stability; protein halophilicity; charge-charge interactions; computational modeling; amino acid substitutions,"J MOL BIOL 366, 842-856 (2007) PMID: 17188709","Gribenko AV, Makhatadze GI.",-0.26,K,13,Q,7.5,55.0,,0,0,1,paper,PROT:Cold shock protein B; synthetic,PROT:Cold shock protein B; synthetic:K13Q,1234,test
17745,Cold shock protein B; synthetic,-,K20E (Based on Paper),Bacillus subtilis (strain 168) - Synthetic,-,-,-,,7.5,55,-1.15,-,-,Unknown,17188709.0,protein stability; protein halophilicity; charge-charge interactions; computational modeling; amino acid substitutions,"J MOL BIOL 366, 842-856 (2007) PMID: 17188709","Gribenko AV, Makhatadze GI.",-1.15,K,20,E,7.5,55.0,,0,0,1,paper,PROT:Cold shock protein B; synthetic,PROT:Cold shock protein B; synthetic:K20E,1235,test
17746,Cold shock protein B; synthetic,-,K20Q (Based on Paper),Bacillus subtilis (strain 168) - Synthetic,-,-,-,,7.5,55,0.1,-,-,Unknown,17188709.0,protein stability; protein halophilicity; charge-charge interactions; computational modeling; amino acid substitutions,"J MOL BIOL 366, 842-856 (2007) PMID: 17188709","Gribenko AV, Makhatadze GI.",0.1,K,20,Q,7.5,55.0,,0,0,1,paper,PROT:Cold shock protein B; synthetic,PROT:Cold shock protein B; synthetic:K20Q,1236,test
17747,Cold shock protein B; synthetic,-,K20V (Based on Paper),Bacillus subtilis (strain 168) - Synthetic,-,-,-,,7.5,55,2.17,-,-,Unknown,17188709.0,protein stability; protein halophilicity; charge-charge interactions; computational modeling; amino acid substitutions,"J MOL BIOL 366, 842-856 (2007) PMID: 17188709","Gribenko AV, Makhatadze GI.",2.17,K,20,V,7.5,55.0,,0,0,1,paper,PROT:Cold shock protein B; synthetic,PROT:Cold shock protein B; synthetic:K20V,1237,test
17748,Cold shock protein B; synthetic,-,K20V (Based on Paper),Bacillus subtilis (strain 168) - Synthetic,-,-,-,,7.5,55,2.37,-,-,Unknown,17188709.0,protein stability; protein halophilicity; charge-charge interactions; computational modeling; amino acid substitutions,"J MOL BIOL 366, 842-856 (2007) PMID: 17188709","Gribenko AV, Makhatadze GI.",2.37,K,20,V,7.5,55.0,,0,0,1,paper,PROT:Cold shock protein B; synthetic,PROT:Cold shock protein B; synthetic:K20V,1238,test
17749,Cold shock protein B; synthetic,-,E21K (Based on Paper),Bacillus subtilis (strain 168) - Synthetic,-,-,-,,7.5,55,-0.69,-,-,Unknown,17188709.0,protein stability; protein halophilicity; charge-charge interactions; computational modeling; amino acid substitutions,"J MOL BIOL 366, 842-856 (2007) PMID: 17188709","Gribenko AV, Makhatadze GI.",-0.69,E,21,K,7.5,55.0,,0,0,1,paper,PROT:Cold shock protein B; synthetic,PROT:Cold shock protein B; synthetic:E21K,1239,test
17750,Cold shock protein B; synthetic,-,E21Q (Based on Paper),Bacillus subtilis (strain 168) - Synthetic,-,-,-,,7.5,55,-0.38,-,-,Unknown,17188709.0,protein stability; protein halophilicity; charge-charge interactions; computational modeling; amino acid substitutions,"J MOL BIOL 366, 842-856 (2007) PMID: 17188709","Gribenko AV, Makhatadze GI.",-0.38,E,21,Q,7.5,55.0,,0,0,1,paper,PROT:Cold shock protein B; synthetic,PROT:Cold shock protein B; synthetic:E21Q,1240,test
17751,Cold shock protein B; synthetic,-,D24K (Based on Paper),Bacillus subtilis (strain 168) - Synthetic,-,-,-,,7.5,55,-0.53,-,-,Unknown,17188709.0,protein stability; protein halophilicity; charge-charge interactions; computational modeling; amino acid substitutions,"J MOL BIOL 366, 842-856 (2007) PMID: 17188709","Gribenko AV, Makhatadze GI.",-0.53,D,24,K,7.5,55.0,,0,0,1,paper,PROT:Cold shock protein B; synthetic,PROT:Cold shock protein B; synthetic:D24K,1241,test
17752,Cold shock protein B; synthetic,-,D24N (Based on Paper),Bacillus subtilis (strain 168) - Synthetic,-,-,-,,7.5,55,-0.43,-,-,Unknown,17188709.0,protein stability; protein halophilicity; charge-charge interactions; computational modeling; amino acid substitutions,"J MOL BIOL 366, 842-856 (2007) PMID: 17188709","Gribenko AV, Makhatadze GI.",-0.43,D,24,N,7.5,55.0,,0,0,1,paper,PROT:Cold shock protein B; synthetic,PROT:Cold shock protein B; synthetic:D24N,1242,test
17753,Cold shock protein B; synthetic,-,D25K (Based on Paper),Bacillus subtilis (strain 168) - Synthetic,-,-,-,,7.5,55,-0.79,-,-,Unknown,17188709.0,protein stability; protein halophilicity; charge-charge interactions; computational modeling; amino acid substitutions,"J MOL BIOL 366, 842-856 (2007) PMID: 17188709","Gribenko AV, Makhatadze GI.",-0.79,D,25,K,7.5,55.0,,0,0,1,paper,PROT:Cold shock protein B; synthetic,PROT:Cold shock protein B; synthetic:D25K,1243,test
17754,Cold shock protein B; synthetic,-,D25N (Based on Paper),Bacillus subtilis (strain 168) - Synthetic,-,-,-,,7.5,55,-0.6,-,-,Unknown,17188709.0,protein stability; protein halophilicity; charge-charge interactions; computational modeling; amino acid substitutions,"J MOL BIOL 366, 842-856 (2007) PMID: 17188709","Gribenko AV, Makhatadze GI.",-0.6,D,25,N,7.5,55.0,,0,0,1,paper,PROT:Cold shock protein B; synthetic,PROT:Cold shock protein B; synthetic:D25N,1244,test
17755,Cold shock protein B; synthetic,-,K39E (Based on Paper),Bacillus subtilis (strain 168) - Synthetic,-,-,-,,7.5,55,0.02,-,-,Unknown,17188709.0,protein stability; protein halophilicity; charge-charge interactions; computational modeling; amino acid substitutions,"J MOL BIOL 366, 842-856 (2007) PMID: 17188709","Gribenko AV, Makhatadze GI.",0.02,K,39,E,7.5,55.0,,0,0,1,paper,PROT:Cold shock protein B; synthetic,PROT:Cold shock protein B; synthetic:K39E,1245,test
17756,Cold shock protein B; synthetic,-,K39Q (Based on Paper),Bacillus subtilis (strain 168) - Synthetic,-,-,-,,7.5,55,0.22,-,-,Unknown,17188709.0,protein stability; protein halophilicity; charge-charge interactions; computational modeling; amino acid substitutions,"J MOL BIOL 366, 842-856 (2007) PMID: 17188709","Gribenko AV, Makhatadze GI.",0.22,K,39,Q,7.5,55.0,,0,0,1,paper,PROT:Cold shock protein B; synthetic,PROT:Cold shock protein B; synthetic:K39Q,1246,test
17757,Cold shock protein B; synthetic,-,K42E (Based on Paper),Bacillus subtilis (strain 168) - Synthetic,-,-,-,,7.5,55,-0.31,-,-,Unknown,17188709.0,protein stability; protein halophilicity; charge-charge interactions; computational modeling; amino acid substitutions,"J MOL BIOL 366, 842-856 (2007) PMID: 17188709","Gribenko AV, Makhatadze GI.",-0.31,K,42,E,7.5,55.0,,0,0,1,paper,PROT:Cold shock protein B; synthetic,PROT:Cold shock protein B; synthetic:K42E,1247,test
17758,Cold shock protein B; synthetic,-,K42Q (Based on Paper),Bacillus subtilis (strain 168) - Synthetic,-,-,-,,7.5,55,-0.07,-,-,Unknown,17188709.0,protein stability; protein halophilicity; charge-charge interactions; computational modeling; amino acid substitutions,"J MOL BIOL 366, 842-856 (2007) PMID: 17188709","Gribenko AV, Makhatadze GI.",-0.07,K,42,Q,7.5,55.0,,0,0,1,paper,PROT:Cold shock protein B; synthetic,PROT:Cold shock protein B; synthetic:K42Q,1248,test
17759,Cold shock protein B; synthetic,-,E43K (Based on Paper),Bacillus subtilis (strain 168) - Synthetic,-,-,-,,7.5,55,0.07,-,-,Unknown,17188709.0,protein stability; protein halophilicity; charge-charge interactions; computational modeling; amino acid substitutions,"J MOL BIOL 366, 842-856 (2007) PMID: 17188709","Gribenko AV, Makhatadze GI.",0.07,E,43,K,7.5,55.0,,0,0,1,paper,PROT:Cold shock protein B; synthetic,PROT:Cold shock protein B; synthetic:E43K,1249,test
17760,Cold shock protein B; synthetic,-,E43Q (Based on Paper),Bacillus subtilis (strain 168) - Synthetic,-,-,-,,7.5,55,-0.07,-,-,Unknown,17188709.0,protein stability; protein halophilicity; charge-charge interactions; computational modeling; amino acid substitutions,"J MOL BIOL 366, 842-856 (2007) PMID: 17188709","Gribenko AV, Makhatadze GI.",-0.07,E,43,Q,7.5,55.0,,0,0,1,paper,PROT:Cold shock protein B; synthetic,PROT:Cold shock protein B; synthetic:E43Q,1250,test
17761,Cold shock protein B; synthetic,-,E48K (Based on Paper),Bacillus subtilis (strain 168) - Synthetic,-,-,-,,7.5,55,-1.15,-,-,Unknown,17188709.0,protein stability; protein halophilicity; charge-charge interactions; computational modeling; amino acid substitutions,"J MOL BIOL 366, 842-856 (2007) PMID: 17188709","Gribenko AV, Makhatadze GI.",-1.15,E,48,K,7.5,55.0,,0,0,1,paper,PROT:Cold shock protein B; synthetic,PROT:Cold shock protein B; synthetic:E48K,1251,test
17762,Cold shock protein B; synthetic,-,E48K (Based on Paper),Bacillus subtilis (strain 168) - Synthetic,-,-,-,,7.5,55,-0.91,-,-,Unknown,17188709.0,protein stability; protein halophilicity; charge-charge interactions; computational modeling; amino acid substitutions,"J MOL BIOL 366, 842-856 (2007) PMID: 17188709","Gribenko AV, Makhatadze GI.",-0.91,E,48,K,7.5,55.0,,0,0,1,paper,PROT:Cold shock protein B; synthetic,PROT:Cold shock protein B; synthetic:E48K,1252,test
17763,Cold shock protein B; synthetic,-,E48Q (Based on Paper),Bacillus subtilis (strain 168) - Synthetic,-,-,-,,7.5,55,-0.38,-,-,Unknown,17188709.0,protein stability; protein halophilicity; charge-charge interactions; computational modeling; amino acid substitutions,"J MOL BIOL 366, 842-856 (2007) PMID: 17188709","Gribenko AV, Makhatadze GI.",-0.38,E,48,Q,7.5,55.0,,0,0,1,paper,PROT:Cold shock protein B; synthetic,PROT:Cold shock protein B; synthetic:E48Q,1253,test
17764,Cold shock protein B; synthetic,-,E50K (Based on Paper),Bacillus subtilis (strain 168) - Synthetic,-,-,-,,7.5,55,-0.14,-,-,Unknown,17188709.0,protein stability; protein halophilicity; charge-charge interactions; computational modeling; amino acid substitutions,"J MOL BIOL 366, 842-856 (2007) PMID: 17188709","Gribenko AV, Makhatadze GI.",-0.14,E,50,K,7.5,55.0,,0,0,1,paper,PROT:Cold shock protein B; synthetic,PROT:Cold shock protein B; synthetic:E50K,1254,test
17765,Cold shock protein B; synthetic,-,E50K (Based on Paper),Bacillus subtilis (strain 168) - Synthetic,-,-,-,,7.5,55,0.43,-,-,Unknown,17188709.0,protein stability; protein halophilicity; charge-charge interactions; computational modeling; amino acid substitutions,"J MOL BIOL 366, 842-856 (2007) PMID: 17188709","Gribenko AV, Makhatadze GI.",0.43,E,50,K,7.5,55.0,,0,0,1,paper,PROT:Cold shock protein B; synthetic,PROT:Cold shock protein B; synthetic:E50K,1255,test
17766,Cold shock protein B; synthetic,-,E50Q (Based on Paper),Bacillus subtilis (strain 168) - Synthetic,-,-,-,,7.5,55,0.24,-,-,Unknown,17188709.0,protein stability; protein halophilicity; charge-charge interactions; computational modeling; amino acid substitutions,"J MOL BIOL 366, 842-856 (2007) PMID: 17188709","Gribenko AV, Makhatadze GI.",0.24,E,50,Q,7.5,55.0,,0,0,1,paper,PROT:Cold shock protein B; synthetic,PROT:Cold shock protein B; synthetic:E50Q,1256,test
17767,Cold shock protein B; synthetic,-,E53K (Based on Paper),Bacillus subtilis (strain 168) - Synthetic,-,-,-,,7.5,55,0.14,-,-,Unknown,17188709.0,protein stability; protein halophilicity; charge-charge interactions; computational modeling; amino acid substitutions,"J MOL BIOL 366, 842-856 (2007) PMID: 17188709","Gribenko AV, Makhatadze GI.",0.14,E,53,K,7.5,55.0,,0,0,1,paper,PROT:Cold shock protein B; synthetic,PROT:Cold shock protein B; synthetic:E53K,1257,test
17768,Cold shock protein B; synthetic,-,E53Q (Based on Paper),Bacillus subtilis (strain 168) - Synthetic,-,-,-,,7.5,55,0.14,-,-,Unknown,17188709.0,protein stability; protein halophilicity; charge-charge interactions; computational modeling; amino acid substitutions,"J MOL BIOL 366, 842-856 (2007) PMID: 17188709","Gribenko AV, Makhatadze GI.",0.14,E,53,Q,7.5,55.0,,0,0,1,paper,PROT:Cold shock protein B; synthetic,PROT:Cold shock protein B; synthetic:E53Q,1258,test
17769,Cold shock protein B; synthetic,-,K55E (Based on Paper),Bacillus subtilis (strain 168) - Synthetic,-,-,-,,7.5,55,0.41,-,-,Unknown,17188709.0,protein stability; protein halophilicity; charge-charge interactions; computational modeling; amino acid substitutions,"J MOL BIOL 366, 842-856 (2007) PMID: 17188709","Gribenko AV, Makhatadze GI.",0.41,K,55,E,7.5,55.0,,0,0,1,paper,PROT:Cold shock protein B; synthetic,PROT:Cold shock protein B; synthetic:K55E,1259,test
17770,Cold shock protein B; synthetic,-,K55Q (Based on Paper),Bacillus subtilis (strain 168) - Synthetic,-,-,-,,7.5,55,0.36,-,-,Unknown,17188709.0,protein stability; protein halophilicity; charge-charge interactions; computational modeling; amino acid substitutions,"J MOL BIOL 366, 842-856 (2007) PMID: 17188709","Gribenko AV, Makhatadze GI.",0.36,K,55,Q,7.5,55.0,,0,0,1,paper,PROT:Cold shock protein B; synthetic,PROT:Cold shock protein B; synthetic:K55Q,1260,test
17774,Cold shock protein B; synthetic,-,R3Q (Based on Paper),Bacillus subtilis (strain 168) - Synthetic,-,-,-,,7.5,55,-0.62,-,-,Unknown,17188709.0,protein stability; protein halophilicity; charge-charge interactions; computational modeling; amino acid substitutions,"J MOL BIOL 366, 842-856 (2007) PMID: 17188709","Gribenko AV, Makhatadze GI.",-0.62,R,3,Q,7.5,55.0,,0,0,1,paper,PROT:Cold shock protein B; synthetic,PROT:Cold shock protein B; synthetic:R3Q,1261,test
17775,Cold shock protein B; synthetic,-,K5E (Based on Paper),Bacillus subtilis (strain 168) - Synthetic,-,-,-,,7.5,55,-0.72,-,-,Unknown,17188709.0,protein stability; protein halophilicity; charge-charge interactions; computational modeling; amino acid substitutions,"J MOL BIOL 366, 842-856 (2007) PMID: 17188709","Gribenko AV, Makhatadze GI.",-0.72,K,5,E,7.5,55.0,,0,0,1,paper,PROT:Cold shock protein B; synthetic,PROT:Cold shock protein B; synthetic:K5E,1262,test
17776,Cold shock protein B; synthetic,-,K5E (Based on Paper),Bacillus subtilis (strain 168) - Synthetic,-,-,-,,7.5,55,-0.65,-,-,Unknown,17188709.0,protein stability; protein halophilicity; charge-charge interactions; computational modeling; amino acid substitutions,"J MOL BIOL 366, 842-856 (2007) PMID: 17188709","Gribenko AV, Makhatadze GI.",-0.65,K,5,E,7.5,55.0,,0,0,1,paper,PROT:Cold shock protein B; synthetic,PROT:Cold shock protein B; synthetic:K5E,1263,test
17777,Cold shock protein B; synthetic,-,K5Q (Based on Paper),Bacillus subtilis (strain 168) - Synthetic,-,-,-,,7.5,55,-0.29,-,-,Unknown,17188709.0,protein stability; protein halophilicity; charge-charge interactions; computational modeling; amino acid substitutions,"J MOL BIOL 366, 842-856 (2007) PMID: 17188709","Gribenko AV, Makhatadze GI.",-0.29,K,5,Q,7.5,55.0,,0,0,1,paper,PROT:Cold shock protein B; synthetic,PROT:Cold shock protein B; synthetic:K5Q,1264,test
17778,Cold shock protein B; synthetic,-,K5Q (Based on Paper),Bacillus subtilis (strain 168) - Synthetic,-,-,-,,7.5,55,-0.36,-,-,Unknown,17188709.0,protein stability; protein halophilicity; charge-charge interactions; computational modeling; amino acid substitutions,"J MOL BIOL 366, 842-856 (2007) PMID: 17188709","Gribenko AV, Makhatadze GI.",-0.36,K,5,Q,7.5,55.0,,0,0,1,paper,PROT:Cold shock protein B; synthetic,PROT:Cold shock protein B; synthetic:K5Q,1265,test
17779,Cold shock protein B; synthetic,-,K7E (Based on Paper),Bacillus subtilis (strain 168) - Synthetic,-,-,-,,7.5,55,-1.31,-,-,Unknown,17188709.0,protein stability; protein halophilicity; charge-charge interactions; computational modeling; amino acid substitutions,"J MOL BIOL 366, 842-856 (2007) PMID: 17188709","Gribenko AV, Makhatadze GI.",-1.31,K,7,E,7.5,55.0,,0,0,1,paper,PROT:Cold shock protein B; synthetic,PROT:Cold shock protein B; synthetic:K7E,1266,test
17780,Cold shock protein B; synthetic,-,K7Q (Based on Paper),Bacillus subtilis (strain 168) - Synthetic,-,-,-,,7.5,55,-0.91,-,-,Unknown,17188709.0,protein stability; protein halophilicity; charge-charge interactions; computational modeling; amino acid substitutions,"J MOL BIOL 366, 842-856 (2007) PMID: 17188709","Gribenko AV, Makhatadze GI.",-0.91,K,7,Q,7.5,55.0,,0,0,1,paper,PROT:Cold shock protein B; synthetic,PROT:Cold shock protein B; synthetic:K7Q,1267,test
17781,Cold shock protein B; synthetic,-,K12E (Based on Paper),Bacillus subtilis (strain 168) - Synthetic,-,-,-,,7.5,55,0.02,-,-,Unknown,17188709.0,protein stability; protein halophilicity; charge-charge interactions; computational modeling; amino acid substitutions,"J MOL BIOL 366, 842-856 (2007) PMID: 17188709","Gribenko AV, Makhatadze GI.",0.02,K,12,E,7.5,55.0,,0,0,1,paper,PROT:Cold shock protein B; synthetic,PROT:Cold shock protein B; synthetic:K12E,1268,test
17782,Cold shock protein B; synthetic,-,K12Q (Based on Paper),Bacillus subtilis (strain 168) - Synthetic,-,-,-,,7.5,55,0.41,-,-,Unknown,17188709.0,protein stability; protein halophilicity; charge-charge interactions; computational modeling; amino acid substitutions,"J MOL BIOL 366, 842-856 (2007) PMID: 17188709","Gribenko AV, Makhatadze GI.",0.41,K,12,Q,7.5,55.0,,0,0,1,paper,PROT:Cold shock protein B; synthetic,PROT:Cold shock protein B; synthetic:K12Q,1269,test
17783,Cold shock protein B; synthetic,-,K13E (Based on Paper),Bacillus subtilis (strain 168) - Synthetic,-,-,-,,7.5,55,-0.5,-,-,Unknown,17188709.0,protein stability; protein halophilicity; charge-charge interactions; computational modeling; amino acid substitutions,"J MOL BIOL 366, 842-856 (2007) PMID: 17188709","Gribenko AV, Makhatadze GI.",-0.5,K,13,E,7.5,55.0,,0,0,1,paper,PROT:Cold shock protein B; synthetic,PROT:Cold shock protein B; synthetic:K13E,1270,test
17784,Cold shock protein B; synthetic,-,K13Q (Based on Paper),Bacillus subtilis (strain 168) - Synthetic,-,-,-,,7.5,55,-0.33,-,-,Unknown,17188709.0,protein stability; protein halophilicity; charge-charge interactions; computational modeling; amino acid substitutions,"J MOL BIOL 366, 842-856 (2007) PMID: 17188709","Gribenko AV, Makhatadze GI.",-0.33,K,13,Q,7.5,55.0,,0,0,1,paper,PROT:Cold shock protein B; synthetic,PROT:Cold shock protein B; synthetic:K13Q,1271,test
17785,Cold shock protein B; synthetic,-,K20E (Based on Paper),Bacillus subtilis (strain 168) - Synthetic,-,-,-,,7.5,55,-1.1,-,-,Unknown,17188709.0,protein stability; protein halophilicity; charge-charge interactions; computational modeling; amino acid substitutions,"J MOL BIOL 366, 842-856 (2007) PMID: 17188709","Gribenko AV, Makhatadze GI.",-1.1,K,20,E,7.5,55.0,,0,0,1,paper,PROT:Cold shock protein B; synthetic,PROT:Cold shock protein B; synthetic:K20E,1272,test
17786,Cold shock protein B; synthetic,-,K20Q (Based on Paper),Bacillus subtilis (strain 168) - Synthetic,-,-,-,,7.5,55,0.17,-,-,Unknown,17188709.0,protein stability; protein halophilicity; charge-charge interactions; computational modeling; amino acid substitutions,"J MOL BIOL 366, 842-856 (2007) PMID: 17188709","Gribenko AV, Makhatadze GI.",0.17,K,20,Q,7.5,55.0,,0,0,1,paper,PROT:Cold shock protein B; synthetic,PROT:Cold shock protein B; synthetic:K20Q,1273,test
17787,Cold shock protein B; synthetic,-,K20V (Based on Paper),Bacillus subtilis (strain 168) - Synthetic,-,-,-,,7.5,55,2.17,-,-,Unknown,17188709.0,protein stability; protein halophilicity; charge-charge interactions; computational modeling; amino acid substitutions,"J MOL BIOL 366, 842-856 (2007) PMID: 17188709","Gribenko AV, Makhatadze GI.",2.17,K,20,V,7.5,55.0,,0,0,1,paper,PROT:Cold shock protein B; synthetic,PROT:Cold shock protein B; synthetic:K20V,1274,test
17788,Cold shock protein B; synthetic,-,K20V (Based on Paper),Bacillus subtilis (strain 168) - Synthetic,-,-,-,,7.5,55,2.39,-,-,Unknown,17188709.0,protein stability; protein halophilicity; charge-charge interactions; computational modeling; amino acid substitutions,"J MOL BIOL 366, 842-856 (2007) PMID: 17188709","Gribenko AV, Makhatadze GI.",2.39,K,20,V,7.5,55.0,,0,0,1,paper,PROT:Cold shock protein B; synthetic,PROT:Cold shock protein B; synthetic:K20V,1275,test
17789,Cold shock protein B; synthetic,-,E21K (Based on Paper),Bacillus subtilis (strain 168) - Synthetic,-,-,-,,7.5,55,-0.55,-,-,Unknown,17188709.0,protein stability; protein halophilicity; charge-charge interactions; computational modeling; amino acid substitutions,"J MOL BIOL 366, 842-856 (2007) PMID: 17188709","Gribenko AV, Makhatadze GI.",-0.55,E,21,K,7.5,55.0,,0,0,1,paper,PROT:Cold shock protein B; synthetic,PROT:Cold shock protein B; synthetic:E21K,1276,test
17790,Cold shock protein B; synthetic,-,E21Q (Based on Paper),Bacillus subtilis (strain 168) - Synthetic,-,-,-,,7.5,55,-0.33,-,-,Unknown,17188709.0,protein stability; protein halophilicity; charge-charge interactions; computational modeling; amino acid substitutions,"J MOL BIOL 366, 842-856 (2007) PMID: 17188709","Gribenko AV, Makhatadze GI.",-0.33,E,21,Q,7.5,55.0,,0,0,1,paper,PROT:Cold shock protein B; synthetic,PROT:Cold shock protein B; synthetic:E21Q,1277,test
17791,Cold shock protein B; synthetic,-,D24K (Based on Paper),Bacillus subtilis (strain 168) - Synthetic,-,-,-,,7.5,55,-0.36,-,-,Unknown,17188709.0,protein stability; protein halophilicity; charge-charge interactions; computational modeling; amino acid substitutions,"J MOL BIOL 366, 842-856 (2007) PMID: 17188709","Gribenko AV, Makhatadze GI.",-0.36,D,24,K,7.5,55.0,,0,0,1,paper,PROT:Cold shock protein B; synthetic,PROT:Cold shock protein B; synthetic:D24K,1278,test
17792,Cold shock protein B; synthetic,-,D24N (Based on Paper),Bacillus subtilis (strain 168) - Synthetic,-,-,-,,7.5,55,-0.33,-,-,Unknown,17188709.0,protein stability; protein halophilicity; charge-charge interactions; computational modeling; amino acid substitutions,"J MOL BIOL 366, 842-856 (2007) PMID: 17188709","Gribenko AV, Makhatadze GI.",-0.33,D,24,N,7.5,55.0,,0,0,1,paper,PROT:Cold shock protein B; synthetic,PROT:Cold shock protein B; synthetic:D24N,1279,test
17793,Cold shock protein B; synthetic,-,D25K (Based on Paper),Bacillus subtilis (strain 168) - Synthetic,-,-,-,,7.5,55,-0.69,-,-,Unknown,17188709.0,protein stability; protein halophilicity; charge-charge interactions; computational modeling; amino acid substitutions,"J MOL BIOL 366, 842-856 (2007) PMID: 17188709","Gribenko AV, Makhatadze GI.",-0.69,D,25,K,7.5,55.0,,0,0,1,paper,PROT:Cold shock protein B; synthetic,PROT:Cold shock protein B; synthetic:D25K,1280,test
17794,Cold shock protein B; synthetic,-,D25N (Based on Paper),Bacillus subtilis (strain 168) - Synthetic,-,-,-,,7.5,55,-0.69,-,-,Unknown,17188709.0,protein stability; protein halophilicity; charge-charge interactions; computational modeling; amino acid substitutions,"J MOL BIOL 366, 842-856 (2007) PMID: 17188709","Gribenko AV, Makhatadze GI.",-0.69,D,25,N,7.5,55.0,,0,0,1,paper,PROT:Cold shock protein B; synthetic,PROT:Cold shock protein B; synthetic:D25N,1281,test
17795,Cold shock protein B; synthetic,-,K39E (Based on Paper),Bacillus subtilis (strain 168) - Synthetic,-,-,-,,7.5,55,0.05,-,-,Unknown,17188709.0,protein stability; protein halophilicity; charge-charge interactions; computational modeling; amino acid substitutions,"J MOL BIOL 366, 842-856 (2007) PMID: 17188709","Gribenko AV, Makhatadze GI.",0.05,K,39,E,7.5,55.0,,0,0,1,paper,PROT:Cold shock protein B; synthetic,PROT:Cold shock protein B; synthetic:K39E,1282,test
17796,Cold shock protein B; synthetic,-,K39Q (Based on Paper),Bacillus subtilis (strain 168) - Synthetic,-,-,-,,7.5,55,0.26,-,-,Unknown,17188709.0,protein stability; protein halophilicity; charge-charge interactions; computational modeling; amino acid substitutions,"J MOL BIOL 366, 842-856 (2007) PMID: 17188709","Gribenko AV, Makhatadze GI.",0.26,K,39,Q,7.5,55.0,,0,0,1,paper,PROT:Cold shock protein B; synthetic,PROT:Cold shock protein B; synthetic:K39Q,1283,test
17797,Cold shock protein B; synthetic,-,K42E (Based on Paper),Bacillus subtilis (strain 168) - Synthetic,-,-,-,,7.5,55,-0.17,-,-,Unknown,17188709.0,protein stability; protein halophilicity; charge-charge interactions; computational modeling; amino acid substitutions,"J MOL BIOL 366, 842-856 (2007) PMID: 17188709","Gribenko AV, Makhatadze GI.",-0.17,K,42,E,7.5,55.0,,0,0,1,paper,PROT:Cold shock protein B; synthetic,PROT:Cold shock protein B; synthetic:K42E,1284,test
17798,Cold shock protein B; synthetic,-,K42Q (Based on Paper),Bacillus subtilis (strain 168) - Synthetic,-,-,-,,7.5,55,0.02,-,-,Unknown,17188709.0,protein stability; protein halophilicity; charge-charge interactions; computational modeling; amino acid substitutions,"J MOL BIOL 366, 842-856 (2007) PMID: 17188709","Gribenko AV, Makhatadze GI.",0.02,K,42,Q,7.5,55.0,,0,0,1,paper,PROT:Cold shock protein B; synthetic,PROT:Cold shock protein B; synthetic:K42Q,1285,test
17799,Cold shock protein B; synthetic,-,E43K (Based on Paper),Bacillus subtilis (strain 168) - Synthetic,-,-,-,,7.5,55,0.22,-,-,Unknown,17188709.0,protein stability; protein halophilicity; charge-charge interactions; computational modeling; amino acid substitutions,"J MOL BIOL 366, 842-856 (2007) PMID: 17188709","Gribenko AV, Makhatadze GI.",0.22,E,43,K,7.5,55.0,,0,0,1,paper,PROT:Cold shock protein B; synthetic,PROT:Cold shock protein B; synthetic:E43K,1286,test
17800,Cold shock protein B; synthetic,-,E43Q (Based on Paper),Bacillus subtilis (strain 168) - Synthetic,-,-,-,,7.5,55,-0.02,-,-,Unknown,17188709.0,protein stability; protein halophilicity; charge-charge interactions; computational modeling; amino acid substitutions,"J MOL BIOL 366, 842-856 (2007) PMID: 17188709","Gribenko AV, Makhatadze GI.",-0.02,E,43,Q,7.5,55.0,,0,0,1,paper,PROT:Cold shock protein B; synthetic,PROT:Cold shock protein B; synthetic:E43Q,1287,test
17801,Cold shock protein B; synthetic,-,E48K (Based on Paper),Bacillus subtilis (strain 168) - Synthetic,-,-,-,,7.5,55,-1,-,-,Unknown,17188709.0,protein stability; protein halophilicity; charge-charge interactions; computational modeling; amino acid substitutions,"J MOL BIOL 366, 842-856 (2007) PMID: 17188709","Gribenko AV, Makhatadze GI.",-1.0,E,48,K,7.5,55.0,,0,0,1,paper,PROT:Cold shock protein B; synthetic,PROT:Cold shock protein B; synthetic:E48K,1288,test
17802,Cold shock protein B; synthetic,-,E48K (Based on Paper),Bacillus subtilis (strain 168) - Synthetic,-,-,-,,7.5,55,-0.79,-,-,Unknown,17188709.0,protein stability; protein halophilicity; charge-charge interactions; computational modeling; amino acid substitutions,"J MOL BIOL 366, 842-856 (2007) PMID: 17188709","Gribenko AV, Makhatadze GI.",-0.79,E,48,K,7.5,55.0,,0,0,1,paper,PROT:Cold shock protein B; synthetic,PROT:Cold shock protein B; synthetic:E48K,1289,test
17803,Cold shock protein B; synthetic,-,E48Q (Based on Paper),Bacillus subtilis (strain 168) - Synthetic,-,-,-,,7.5,55,-0.45,-,-,Unknown,17188709.0,protein stability; protein halophilicity; charge-charge interactions; computational modeling; amino acid substitutions,"J MOL BIOL 366, 842-856 (2007) PMID: 17188709","Gribenko AV, Makhatadze GI.",-0.45,E,48,Q,7.5,55.0,,0,0,1,paper,PROT:Cold shock protein B; synthetic,PROT:Cold shock protein B; synthetic:E48Q,1290,test
17804,Cold shock protein B; synthetic,-,E50K (Based on Paper),Bacillus subtilis (strain 168) - Synthetic,-,-,-,,7.5,55,-0.07,-,-,Unknown,17188709.0,protein stability; protein halophilicity; charge-charge interactions; computational modeling; amino acid substitutions,"J MOL BIOL 366, 842-856 (2007) PMID: 17188709","Gribenko AV, Makhatadze GI.",-0.07,E,50,K,7.5,55.0,,0,0,1,paper,PROT:Cold shock protein B; synthetic,PROT:Cold shock protein B; synthetic:E50K,1291,test
17805,Cold shock protein B; synthetic,-,E50K (Based on Paper),Bacillus subtilis (strain 168) - Synthetic,-,-,-,,7.5,55,0.43,-,-,Unknown,17188709.0,protein stability; protein halophilicity; charge-charge interactions; computational modeling; amino acid substitutions,"J MOL BIOL 366, 842-856 (2007) PMID: 17188709","Gribenko AV, Makhatadze GI.",0.43,E,50,K,7.5,55.0,,0,0,1,paper,PROT:Cold shock protein B; synthetic,PROT:Cold shock protein B; synthetic:E50K,1292,test
17806,Cold shock protein B; synthetic,-,E50Q (Based on Paper),Bacillus subtilis (strain 168) - Synthetic,-,-,-,,7.5,55,0.19,-,-,Unknown,17188709.0,protein stability; protein halophilicity; charge-charge interactions; computational modeling; amino acid substitutions,"J MOL BIOL 366, 842-856 (2007) PMID: 17188709","Gribenko AV, Makhatadze GI.",0.19,E,50,Q,7.5,55.0,,0,0,1,paper,PROT:Cold shock protein B; synthetic,PROT:Cold shock protein B; synthetic:E50Q,1293,test
17807,Cold shock protein B; synthetic,-,E53K (Based on Paper),Bacillus subtilis (strain 168) - Synthetic,-,-,-,,7.5,55,0.07,-,-,Unknown,17188709.0,protein stability; protein halophilicity; charge-charge interactions; computational modeling; amino acid substitutions,"J MOL BIOL 366, 842-856 (2007) PMID: 17188709","Gribenko AV, Makhatadze GI.",0.07,E,53,K,7.5,55.0,,0,0,1,paper,PROT:Cold shock protein B; synthetic,PROT:Cold shock protein B; synthetic:E53K,1294,test
17808,Cold shock protein B; synthetic,-,E53Q (Based on Paper),Bacillus subtilis (strain 168) - Synthetic,-,-,-,,7.5,55,0.17,-,-,Unknown,17188709.0,protein stability; protein halophilicity; charge-charge interactions; computational modeling; amino acid substitutions,"J MOL BIOL 366, 842-856 (2007) PMID: 17188709","Gribenko AV, Makhatadze GI.",0.17,E,53,Q,7.5,55.0,,0,0,1,paper,PROT:Cold shock protein B; synthetic,PROT:Cold shock protein B; synthetic:E53Q,1295,test
17809,Cold shock protein B; synthetic,-,K55E (Based on Paper),Bacillus subtilis (strain 168) - Synthetic,-,-,-,,7.5,55,0.31,-,-,Unknown,17188709.0,protein stability; protein halophilicity; charge-charge interactions; computational modeling; amino acid substitutions,"J MOL BIOL 366, 842-856 (2007) PMID: 17188709","Gribenko AV, Makhatadze GI.",0.31,K,55,E,7.5,55.0,,0,0,1,paper,PROT:Cold shock protein B; synthetic,PROT:Cold shock protein B; synthetic:K55E,1296,test
17810,Cold shock protein B; synthetic,-,K55Q (Based on Paper),Bacillus subtilis (strain 168) - Synthetic,-,-,-,,7.5,55,0.43,-,-,Unknown,17188709.0,protein stability; protein halophilicity; charge-charge interactions; computational modeling; amino acid substitutions,"J MOL BIOL 366, 842-856 (2007) PMID: 17188709","Gribenko AV, Makhatadze GI.",0.43,K,55,Q,7.5,55.0,,0,0,1,paper,PROT:Cold shock protein B; synthetic,PROT:Cold shock protein B; synthetic:K55Q,1297,test
17815,Beta lactamase,P00811,Y166F (UniProt),Escherichia coli (strain K12),3BLS,-,Coil,9.36,6.8,54.6,-0.7,-,-,yes,10493583.0,beta-lactam; beta-lactamase; AmpC; denaturation;,"PROTEIN SCI 8, 1816-1824 (1999) PMID: 10493583","Beadle BM, McGovern SL, Patera A,Shoichet BK",-0.7,Y,166,F,6.8,54.6,9.36,0,0,0,uniprot,UP:P00811,UP:P00811:Y166F,1298,train
17816,Tryptophan synthase alpha-subunit,P0A877,P57A (UniProt),Escherichia coli (strain K12),1WQ5,-,Coil,45.1,9.0,54.1,-0.04,-,-,yes,2008436.0,tryptophan synthase alpha subunit; conformational stability ;,"PROTEINS 9, 90-98 (1991) PMID: 2008436","Yutani K., Hayashi S., Sugisaki Y. & Ogasahara K.",-0.04,P,57,A,9.0,54.1,45.1,0,0,0,uniprot,UP:P0A877,UP:P0A877:P57A,1299,train
17817,Tryptophan synthase alpha-subunit,P0A877,P62A (UniProt),Escherichia coli (strain K12),1WQ5,-,-,,9.0,54.1,-0.52,-,-,yes,2008436.0,tryptophan synthase alpha subunit; conformational stability ;,"PROTEINS 9, 90-98 (1991) PMID: 2008436","Yutani K., Hayashi S., Sugisaki Y. & Ogasahara K.",-0.52,P,62,A,9.0,54.1,,0,0,1,uniprot,UP:P0A877,UP:P0A877:P62A,1300,train
17818,Tryptophan synthase alpha-subunit,P0A877,P132A (PDB: P132A),Escherichia coli (strain K12),1WQ5,P132A,Coil,35.94,9.0,54.1,-0.92,-,-,yes,2008436.0,tryptophan synthase alpha subunit; conformational stability ;,"PROTEINS 9, 90-98 (1991) PMID: 2008436","Yutani K., Hayashi S., Sugisaki Y. & Ogasahara K.",-0.92,P,132,A,9.0,54.1,35.94,0,0,0,pdb,UP:P0A877,UP:P0A877:P132A,1301,train
17819,Tryptophan synthase alpha-subunit,P0A877,P132G (PDB: P132G),Escherichia coli (strain K12),1WQ5,P132G,Coil,35.94,9.0,54.1,-0.78,-,-,yes,2008436.0,tryptophan synthase alpha subunit; conformational stability ;,"PROTEINS 9, 90-98 (1991) PMID: 2008436","Yutani K., Hayashi S., Sugisaki Y. & Ogasahara K.",-0.78,P,132,G,9.0,54.1,35.94,0,0,0,pdb,UP:P0A877,UP:P0A877:P132G,1302,train
17820,Tryptophan synthase alpha-subunit,P0A877,P96A (PDB: P96A),Escherichia coli (strain K12),1WQ5,P96A,Coil,1.41,9.0,54.1,-2,-,-,yes,2008436.0,tryptophan synthase alpha subunit; conformational stability ;,"PROTEINS 9, 90-98 (1991) PMID: 2008436","Yutani K., Hayashi S., Sugisaki Y. & Ogasahara K.",-2.0,P,96,A,9.0,54.1,1.41,0,0,0,pdb,UP:P0A877,UP:P0A877:P96A,1303,train
17821,Tryptophan synthase alpha-subunit,P0A877,P207A (PDB: P207A),Escherichia coli (strain K12),1WQ5,P207A,Coil,33.12,9.0,54.1,-1.64,-,-,yes,2008436.0,tryptophan synthase alpha subunit; conformational stability ;,"PROTEINS 9, 90-98 (1991) PMID: 2008436","Yutani K., Hayashi S., Sugisaki Y. & Ogasahara K.",-1.64,P,207,A,9.0,54.1,33.12,0,0,0,pdb,UP:P0A877,UP:P0A877:P207A,1304,train
17822,Ribonuclease,P00648,G100A (UniProt),Bacillus amyloliquefaciens (Bacillus velezensis),1BNI,-,Helix,13.98,6.3,54.1,-3.4,-,-,Unknown,10064710.0,beta-bulge; microbial ribonuclease; molecular evolution;,"J MOL BIOL 286, 1471-1485 (1999) PMID: 10064710","Axe DD, Foster NW, Fersht AR",-3.4,G,100,A,6.3,54.1,13.98,0,0,0,uniprot,UP:P00648,UP:P00648:G100A,1305,test
17823,Ribonuclease,P00648,G99A (UniProt),Bacillus amyloliquefaciens (Bacillus velezensis),1BNI,-,Helix,3.81,6.3,54.1,-5.3,-,-,Unknown,10064710.0,beta-bulge; microbial ribonuclease; molecular evolution;,"J MOL BIOL 286, 1471-1485 (1999) PMID: 10064710","Axe DD, Foster NW, Fersht AR",-5.3,G,99,A,6.3,54.1,3.81,0,0,0,uniprot,UP:P00648,UP:P00648:G99A,1306,test
17824,Ribonuclease,P00648,G100V (UniProt),Bacillus amyloliquefaciens (Bacillus velezensis),1BNI,-,Helix,13.98,6.3,54.1,-7.8,-,-,Unknown,10064710.0,beta-bulge; microbial ribonuclease; molecular evolution;,"J MOL BIOL 286, 1471-1485 (1999) PMID: 10064710","Axe DD, Foster NW, Fersht AR",-7.8,G,100,V,6.3,54.1,13.98,0,0,0,uniprot,UP:P00648,UP:P00648:G100V,1307,test
17825,Ribonuclease,P00648,G99V (UniProt),Bacillus amyloliquefaciens (Bacillus velezensis),1BNI,-,Helix,3.81,6.3,54.1,-8.4,-,-,Unknown,10064710.0,beta-bulge; microbial ribonuclease; molecular evolution;,"J MOL BIOL 286, 1471-1485 (1999) PMID: 10064710","Axe DD, Foster NW, Fersht AR",-8.4,G,99,V,6.3,54.1,3.81,0,0,0,uniprot,UP:P00648,UP:P00648:G99V,1308,test
17830,Lysozyme,P00720,T157A (PDB: T157A),Enterobacteria phage T4 (Bacteriophage T4),2LZM,T157A,Turn,35.33,3.0,53.6,-0.5,-,-,yes,1993203.0,T4 lysozyme; thermal unfolding; threonine; free energy;,"BIOCHEMISTRY 30, 1887-1891 (1991) PMID: 1993203","Connelly P, Ghosaini L, Hu CQ, Kitamura S, Tanaka A, Sturtevant JM",-0.5,T,157,A,3.0,53.6,35.33,0,0,0,pdb,UP:P00720,UP:P00720:T157A,1309,train
17831,Lysozyme,P00720,T157E (PDB: T157E),Enterobacteria phage T4 (Bacteriophage T4),2LZM,T157E,Turn,35.33,3.0,53.6,-0.8,-,-,yes,1993203.0,T4 lysozyme; thermal unfolding; threonine; free energy;,"BIOCHEMISTRY 30, 1887-1891 (1991) PMID: 1993203","Connelly P, Ghosaini L, Hu CQ, Kitamura S, Tanaka A, Sturtevant JM",-0.8,T,157,E,3.0,53.6,35.33,0,0,0,pdb,UP:P00720,UP:P00720:T157E,1310,train
17832,Lysozyme,P00720,T157I (PDB: T157I),Enterobacteria phage T4 (Bacteriophage T4),2LZM,T157I,Turn,35.33,3.0,53.6,-1.5,-,-,yes,1993203.0,T4 lysozyme; thermal unfolding; threonine; free energy;,"BIOCHEMISTRY 30, 1887-1891 (1991) PMID: 1993203","Connelly P, Ghosaini L, Hu CQ, Kitamura S, Tanaka A, Sturtevant JM",-1.5,T,157,I,3.0,53.6,35.33,0,0,0,pdb,UP:P00720,UP:P00720:T157I,1311,train
17833,Lysozyme,P00720,T157L (PDB: T157L),Enterobacteria phage T4 (Bacteriophage T4),2LZM,T157L,Turn,35.33,3.0,53.6,-1.7,-,-,yes,1993203.0,T4 lysozyme; thermal unfolding; threonine; free energy;,"BIOCHEMISTRY 30, 1887-1891 (1991) PMID: 1993203","Connelly P, Ghosaini L, Hu CQ, Kitamura S, Tanaka A, Sturtevant JM",-1.7,T,157,L,3.0,53.6,35.33,0,0,0,pdb,UP:P00720,UP:P00720:T157L,1312,train
17834,Lysozyme,P00720,T157N (PDB: T157N),Enterobacteria phage T4 (Bacteriophage T4),2LZM,T157N,Turn,35.33,3.0,53.6,-1.2,-,-,yes,1993203.0,T4 lysozyme; thermal unfolding; threonine; free energy;,"BIOCHEMISTRY 30, 1887-1891 (1991) PMID: 1993203","Connelly P, Ghosaini L, Hu CQ, Kitamura S, Tanaka A, Sturtevant JM",-1.2,T,157,N,3.0,53.6,35.33,0,0,0,pdb,UP:P00720,UP:P00720:T157N,1313,train
17835,Lysozyme,P00720,T157R (PDB: T157R),Enterobacteria phage T4 (Bacteriophage T4),2LZM,T157R,Turn,35.33,3.0,53.6,0.3,-,-,yes,1993203.0,T4 lysozyme; thermal unfolding; threonine; free energy;,"BIOCHEMISTRY 30, 1887-1891 (1991) PMID: 1993203","Connelly P, Ghosaini L, Hu CQ, Kitamura S, Tanaka A, Sturtevant JM",0.3,T,157,R,3.0,53.6,35.33,0,0,0,pdb,UP:P00720,UP:P00720:T157R,1314,train
17836,Lysozyme,P00720,T157V (PDB: T157V),Enterobacteria phage T4 (Bacteriophage T4),2LZM,T157V,Turn,35.33,3.0,53.6,-1.2,-,-,yes,1993203.0,T4 lysozyme; thermal unfolding; threonine; free energy;,"BIOCHEMISTRY 30, 1887-1891 (1991) PMID: 1993203","Connelly P, Ghosaini L, Hu CQ, Kitamura S, Tanaka A, Sturtevant JM",-1.2,T,157,V,3.0,53.6,35.33,0,0,0,pdb,UP:P00720,UP:P00720:T157V,1315,train
17837,Lysozyme,P00720,A82P (PDB: A82P),Enterobacteria phage T4 (Bacteriophage T4),2LZM,A82P,Helix,78.95,3.0,53.6,1.27,-,-,yes,1737020.0,T4 lysozyme; thermal unfolding; free energy;,"BIOCHEMISTRY 31, 1643-1647 (1992) PMID: 1737020","Hu CQ, Kitamura S, Tanaka A, Sturtevant JM",1.27,A,82,P,3.0,53.6,78.95,0,0,0,pdb,UP:P00720,UP:P00720:A82P,1316,train
17838,Lysozyme,P00720,A93P (PDB: A93P),Enterobacteria phage T4 (Bacteriophage T4),2LZM,A93P,Helix,66.24,3.0,53.6,1.1,-,-,yes,1737020.0,T4 lysozyme; thermal unfolding; free energy;,"BIOCHEMISTRY 31, 1643-1647 (1992) PMID: 1737020","Hu CQ, Kitamura S, Tanaka A, Sturtevant JM",1.1,A,93,P,3.0,53.6,66.24,0,0,0,pdb,UP:P00720,UP:P00720:A93P,1317,train
17839,Lysozyme,P00720,G113A (PDB: G113A),Enterobacteria phage T4 (Bacteriophage T4),2LZM,G113A,Helix,68.61,3.0,53.6,0.54,-,-,yes,1737020.0,T4 lysozyme; thermal unfolding; free energy;,"BIOCHEMISTRY 31, 1643-1647 (1992) PMID: 1737020","Hu CQ, Kitamura S, Tanaka A, Sturtevant JM",0.54,G,113,A,3.0,53.6,68.61,0,0,0,pdb,UP:P00720,UP:P00720:G113A,1318,train
17841,Parvalbumin,P02625,P21A (PDB),Rattus norvegicus (Rat),1RRO,P21A,Turn,62.02,7.4,53.6,-0.74,-,-,Unknown,12974622.0,tertiary interaction; Ca2+ affinity; proline; conformational entropy,"BIOCHEMISTRY 42, 10886-10895 (2003) PMID: 12974622","Agah S, Larson JD, Henzl MT",-0.74,P,21,A,7.4,53.6,62.02,0,0,0,pdb,UP:P02625,UP:P02625:P21A,1319,val
17842,Parvalbumin,P02625,P26A (PDB),Rattus norvegicus (Rat),1RRO,P26A,Helix,11.98,7.4,53.6,-0.74,-,-,Unknown,12974622.0,tertiary interaction; Ca2+ affinity; proline; conformational entropy,"BIOCHEMISTRY 42, 10886-10895 (2003) PMID: 12974622","Agah S, Larson JD, Henzl MT",-0.74,P,26,A,7.4,53.6,11.98,0,0,0,pdb,UP:P02625,UP:P02625:P26A,1320,val
17844,Parvalbumin,A0A3Q2UGZ1,C72S (UniProt),Chicken,AF-A0A3Q2UGZ1-F1,-,-,,7.4,53.6,0.72,-,-,Unknown,12974622.0,tertiary interaction; Ca2+ affinity; proline; conformational entropy,"BIOCHEMISTRY 42, 10886-10895 (2003) PMID: 12974622","Agah S, Larson JD, Henzl MT",0.72,C,72,S,7.4,53.6,,0,0,1,uniprot,UP:A0A3Q2UGZ1,UP:A0A3Q2UGZ1:C72S,1321,train
17845,Lysozyme,P00720,I3E (PDB: I3E),Enterobacteria phage T4 (Bacteriophage T4),2LZM,I3E,Helix,10.81,3.0,53.56,-1.53,-,-,yes,1420185.0,T4 lysozyme; thermal unfolding; isoleucine; free energy;,"BIOCHEMISTRY 31, 10699-10702 (1992) PMID: 1420185","Ladbury J.E., Hu C.-Q. & Sturtevant J.M.",-1.53,I,3,E,3.0,53.56,10.81,0,0,0,pdb,UP:P00720,UP:P00720:I3E,1322,train
17846,Lysozyme,P00720,I3F (PDB: I3F),Enterobacteria phage T4 (Bacteriophage T4),2LZM,I3F,Helix,10.81,3.0,53.56,-0.53,-,-,yes,1420185.0,T4 lysozyme; thermal unfolding; isoleucine; free energy;,"BIOCHEMISTRY 31, 10699-10702 (1992) PMID: 1420185","Ladbury J.E., Hu C.-Q. & Sturtevant J.M.",-0.53,I,3,F,3.0,53.56,10.81,0,0,0,pdb,UP:P00720,UP:P00720:I3F,1323,train
17847,Lysozyme,P00720,I3L (PDB: I3L),Enterobacteria phage T4 (Bacteriophage T4),2LZM,I3L,Helix,10.81,3.0,53.56,1.16,-,-,yes,1420185.0,T4 lysozyme; thermal unfolding; isoleucine; free energy;,"BIOCHEMISTRY 31, 10699-10702 (1992) PMID: 1420185","Ladbury J.E., Hu C.-Q. & Sturtevant J.M.",1.16,I,3,L,3.0,53.56,10.81,0,0,0,pdb,UP:P00720,UP:P00720:I3L,1324,train
17848,Lysozyme,P00720,I3P (PDB: I3P),Enterobacteria phage T4 (Bacteriophage T4),2LZM,I3P,Helix,10.81,3.0,53.56,-2.53,-,-,yes,1420185.0,T4 lysozyme; thermal unfolding; isoleucine; free energy;,"BIOCHEMISTRY 31, 10699-10702 (1992) PMID: 1420185","Ladbury J.E., Hu C.-Q. & Sturtevant J.M.",-2.53,I,3,P,3.0,53.56,10.81,0,0,0,pdb,UP:P00720,UP:P00720:I3P,1325,train
17849,Lysozyme,P00720,I3T (PDB: I3T),Enterobacteria phage T4 (Bacteriophage T4),2LZM,I3T,Helix,10.81,3.0,53.56,-1.81,-,-,yes,1420185.0,T4 lysozyme; thermal unfolding; isoleucine; free energy;,"BIOCHEMISTRY 31, 10699-10702 (1992) PMID: 1420185","Ladbury J.E., Hu C.-Q. & Sturtevant J.M.",-1.81,I,3,T,3.0,53.56,10.81,0,0,0,pdb,UP:P00720,UP:P00720:I3T,1326,train
17850,Lysozyme,P00720,S38D (PDB: S38D),Enterobacteria phage T4 (Bacteriophage T4),2LZM,S38D,Coil,46.08,3.0,53.42,0.22,-,-,Unknown,8771182.0,additivity; genetic engineering; lysozyme; thermostability;,"PROTEIN ENG 8, 1017-1022 (1995) PMID: 8771182","Zhang XJ, Baase WA, Shoichet BK, Wilson KP, Matthews BW",0.22,S,38,D,3.0,53.42,46.08,0,0,0,pdb,UP:P00720,UP:P00720:S38D,1327,train
17851,Lysozyme,P00720,A82P (PDB: A82P),Enterobacteria phage T4 (Bacteriophage T4),2LZM,A82P,Helix,78.95,3.0,53.42,0.45,-,-,Unknown,8771182.0,additivity; genetic engineering; lysozyme; thermostability;,"PROTEIN ENG 8, 1017-1022 (1995) PMID: 8771182","Zhang XJ, Baase WA, Shoichet BK, Wilson KP, Matthews BW",0.45,A,82,P,3.0,53.42,78.95,0,0,0,pdb,UP:P00720,UP:P00720:A82P,1328,train
17852,Lysozyme,P00720,N144D (PDB: N144D),Enterobacteria phage T4 (Bacteriophage T4),2LZM,N144D,Helix,75.14,3.0,53.42,0.4,-,-,Unknown,8771182.0,additivity; genetic engineering; lysozyme; thermostability;,"PROTEIN ENG 8, 1017-1022 (1995) PMID: 8771182","Zhang XJ, Baase WA, Shoichet BK, Wilson KP, Matthews BW",0.4,N,144,D,3.0,53.42,75.14,0,0,0,pdb,UP:P00720,UP:P00720:N144D,1329,train
17853,Lysozyme,P00720,I3L (PDB: I3L),Enterobacteria phage T4 (Bacteriophage T4),2LZM,I3L,Helix,10.81,3.0,53.42,0.83,-,-,Unknown,8771182.0,additivity; genetic engineering; lysozyme; thermostability;,"PROTEIN ENG 8, 1017-1022 (1995) PMID: 8771182","Zhang XJ, Baase WA, Shoichet BK, Wilson KP, Matthews BW",0.83,I,3,L,3.0,53.42,10.81,0,0,0,pdb,UP:P00720,UP:P00720:I3L,1330,train
17854,Lysozyme,P00720,V131A (PDB: V131A),Enterobacteria phage T4 (Bacteriophage T4),2LZM,V131A,Helix,58.56,3.0,53.42,0.33,-,-,Unknown,8771182.0,additivity; genetic engineering; lysozyme; thermostability;,"PROTEIN ENG 8, 1017-1022 (1995) PMID: 8771182","Zhang XJ, Baase WA, Shoichet BK, Wilson KP, Matthews BW",0.33,V,131,A,3.0,53.42,58.56,0,0,0,pdb,UP:P00720,UP:P00720:V131A,1331,train
17855,Lysozyme,P00720,A41V (PDB: A41V),Enterobacteria phage T4 (Bacteriophage T4),2LZM,A41V,Helix,29.95,3.0,53.42,0.41,-,-,Unknown,8771182.0,additivity; genetic engineering; lysozyme; thermostability;,"PROTEIN ENG 8, 1017-1022 (1995) PMID: 8771182","Zhang XJ, Baase WA, Shoichet BK, Wilson KP, Matthews BW",0.41,A,41,V,3.0,53.42,29.95,0,0,0,pdb,UP:P00720,UP:P00720:A41V,1332,train
17856,Lysozyme,P00720,N116D (PDB: N116D),Enterobacteria phage T4 (Bacteriophage T4),2LZM,N116D,Helix,60.11,3.0,53.42,0.34,-,-,Unknown,8771182.0,additivity; genetic engineering; lysozyme; thermostability;,"PROTEIN ENG 8, 1017-1022 (1995) PMID: 8771182","Zhang XJ, Baase WA, Shoichet BK, Wilson KP, Matthews BW",0.34,N,116,D,3.0,53.42,60.11,0,0,0,pdb,UP:P00720,UP:P00720:N116D,1333,train
17864,Lambda repressor,P03034,G47A (UniProt),Escherichia phage lambda (Bacteriophage lambda),1LRP,-,Helix,77.64,8.0,53.4,0.66,-,-,no,3449850.0,alpha helix; lambda repressor; stabilizing effect;,"PROTEINS 1, 43-46 (1986) PMID: 3449850","Hecht MH, Sturtevant JM, Sauer RT",0.66,G,47,A,8.0,53.4,77.64,0,0,0,uniprot,UP:P03034,UP:P03034:G47A,1334,test
17865,Lambda repressor,P03034,G49A (UniProt),Escherichia phage lambda (Bacteriophage lambda),1LRP,-,Helix,75.86,8.0,53.4,0.87,-,-,no,3449850.0,alpha helix; lambda repressor; stabilizing effect;,"PROTEINS 1, 43-46 (1986) PMID: 3449850","Hecht MH, Sturtevant JM, Sauer RT",0.87,G,49,A,8.0,53.4,75.86,0,0,0,uniprot,UP:P03034,UP:P03034:G49A,1335,test
17867,Lambda repressor,P03034,G49S (UniProt),Escherichia phage lambda (Bacteriophage lambda),1LRP,-,Helix,75.86,8.0,53.4,0.68,-,-,no,3449850.0,alpha helix; lambda repressor; stabilizing effect;,"PROTEINS 1, 43-46 (1986) PMID: 3449850","Hecht MH, Sturtevant JM, Sauer RT",0.68,G,49,S,8.0,53.4,75.86,0,0,0,uniprot,UP:P03034,UP:P03034:G49S,1336,test
17868,Lambda repressor,P03034,G49N (UniProt),Escherichia phage lambda (Bacteriophage lambda),1LRP,-,Helix,75.86,8.0,53.4,0.79,-,-,no,3449850.0,alpha helix; lambda repressor; stabilizing effect;,"PROTEINS 1, 43-46 (1986) PMID: 3449850","Hecht MH, Sturtevant JM, Sauer RT",0.79,G,49,N,8.0,53.4,75.86,0,0,0,uniprot,UP:P03034,UP:P03034:G49N,1337,test
17869,Arc repressor,P03050,P8L (PDB: P8L),Salmonella phage P22 (Bacteriophage P22),1ARR,P8L,Sheet,15.5,7.5,53.4,2.55,-,-,yes,7827088.0,Arc repressor; DNA binding affinity; hydrogen bond;,"BIOCHEMISTRY 34, 1405-1412 (1995) PMID: 7827088","Schildbach JF, Milla ME, Jeffrey PD, Raumann BE, Sauer RT",2.55,P,8,L,7.5,53.4,15.5,0,0,0,pdb,UP:P03050,UP:P03050:P8L,1338,train
17879,Lysozyme,P00720,S38A (PDB: S38A),Enterobacteria phage T4 (Bacteriophage T4),2LZM,S38A,Coil,46.08,3.0,53.4,-0.77,-,-,yes(>90%),12487988.0,Phage T4; Alanine scanning mutagenesis; Lysozyme; Protein stability; alpha-helix,"BIOPHYS CHEM 101, 43-56 (2002) PMID: 12487988","Zhang X, Baase WA, Matthews BW",-0.77,S,38,A,3.0,53.4,46.08,0,0,0,pdb,UP:P00720,UP:P00720:S38A,1339,train
17884,Subtilisin inhibitor,P01006,M134A (UniProt),Streptomyces albogriseolus,3SSI,-,Helix,0.0,3.2,53.36,-1.35,-,-,yes,7783215.0,calorimetry; protein stability; hydrophobicity;,"J MOL BIOL 249, 625-635 (1995) PMID: 7783215","Tamura A, Sturtevant JM",-1.35,M,134,A,3.2,53.36,0.0,0,0,0,uniprot,UP:P01006,UP:P01006:M134A,1340,train
17885,Subtilisin inhibitor,P01006,M134V (UniProt),Streptomyces albogriseolus,3SSI,-,Helix,0.0,3.2,53.36,-1.35,-,-,yes,7783215.0,calorimetry; protein stability; hydrophobicity;,"J MOL BIOL 249, 625-635 (1995) PMID: 7783215","Tamura A, Sturtevant JM",-1.35,M,134,V,3.2,53.36,0.0,0,0,0,uniprot,UP:P01006,UP:P01006:M134V,1341,train
17886,Subtilisin inhibitor,P01006,M134I (UniProt),Streptomyces albogriseolus,3SSI,-,Helix,0.0,3.2,53.36,-2.01,-,-,yes,7783215.0,calorimetry; protein stability; hydrophobicity;,"J MOL BIOL 249, 625-635 (1995) PMID: 7783215","Tamura A, Sturtevant JM",-2.01,M,134,I,3.2,53.36,0.0,0,0,0,uniprot,UP:P01006,UP:P01006:M134I,1342,train
17887,Subtilisin inhibitor,P01006,M134L (UniProt),Streptomyces albogriseolus,3SSI,-,Helix,0.0,3.2,53.36,0.77,-,-,yes,7783215.0,calorimetry; protein stability; hydrophobicity;,"J MOL BIOL 249, 625-635 (1995) PMID: 7783215","Tamura A, Sturtevant JM",0.77,M,134,L,3.2,53.36,0.0,0,0,0,uniprot,UP:P01006,UP:P01006:M134L,1343,train
17888,Subtilisin inhibitor,P01006,M104K (UniProt),Streptomyces albogriseolus,3SSI,-,Coil,92.95,3.2,53.36,1.27,-,-,yes,7783217.0,calorimetry; protein stability; hydrophobicity;,"J MOL BIOL 249, 646-653 (1995) PMID: 7783217","Tamura A, Sturtevant JM",1.27,M,104,K,3.2,53.36,92.95,0,0,0,uniprot,UP:P01006,UP:P01006:M104K,1344,train
17889,Subtilisin inhibitor,P01006,M104D (UniProt),Streptomyces albogriseolus,3SSI,-,Coil,92.95,3.2,53.36,1.08,-,-,yes,7783217.0,calorimetry; protein stability; hydrophobicity;,"J MOL BIOL 249, 646-653 (1995) PMID: 7783217","Tamura A, Sturtevant JM",1.08,M,104,D,3.2,53.36,92.95,0,0,0,uniprot,UP:P01006,UP:P01006:M104D,1345,train
17890,Subtilisin inhibitor,P01006,M104E (UniProt),Streptomyces albogriseolus,3SSI,-,Coil,92.95,3.2,53.36,0.35,-,-,yes,7783217.0,calorimetry; protein stability; hydrophobicity;,"J MOL BIOL 249, 646-653 (1995) PMID: 7783217","Tamura A, Sturtevant JM",0.35,M,104,E,3.2,53.36,92.95,0,0,0,uniprot,UP:P01006,UP:P01006:M104E,1346,train
17891,Subtilisin inhibitor,P01006,M104G (UniProt),Streptomyces albogriseolus,3SSI,-,Coil,92.95,3.2,53.36,-0.21,-,-,yes,7783217.0,calorimetry; protein stability; hydrophobicity;,"J MOL BIOL 249, 646-653 (1995) PMID: 7783217","Tamura A, Sturtevant JM",-0.21,M,104,G,3.2,53.36,92.95,0,0,0,uniprot,UP:P01006,UP:P01006:M104G,1347,train
17892,Subtilisin inhibitor,P01006,M104A (UniProt),Streptomyces albogriseolus,3SSI,-,Coil,92.95,3.2,53.36,0.54,-,-,yes,7783217.0,calorimetry; protein stability; hydrophobicity;,"J MOL BIOL 249, 646-653 (1995) PMID: 7783217","Tamura A, Sturtevant JM",0.54,M,104,A,3.2,53.36,92.95,0,0,0,uniprot,UP:P01006,UP:P01006:M104A,1348,train
17893,Subtilisin inhibitor,P01006,M104V (UniProt),Streptomyces albogriseolus,3SSI,-,Coil,92.95,3.2,53.36,-0.46,-,-,yes,7783217.0,calorimetry; protein stability; hydrophobicity;,"J MOL BIOL 249, 646-653 (1995) PMID: 7783217","Tamura A, Sturtevant JM",-0.46,M,104,V,3.2,53.36,92.95,0,0,0,uniprot,UP:P01006,UP:P01006:M104V,1349,train
17894,Subtilisin inhibitor,P01006,M104L (UniProt),Streptomyces albogriseolus,3SSI,-,Coil,92.95,3.2,53.36,-0.13,-,-,yes,7783217.0,calorimetry; protein stability; hydrophobicity;,"J MOL BIOL 249, 646-653 (1995) PMID: 7783217","Tamura A, Sturtevant JM",-0.13,M,104,L,3.2,53.36,92.95,0,0,0,uniprot,UP:P01006,UP:P01006:M104L,1350,train
17895,Subtilisin inhibitor,P01006,M104I (UniProt),Streptomyces albogriseolus,3SSI,-,Coil,92.95,3.2,53.36,-0.73,-,-,yes,7783217.0,calorimetry; protein stability; hydrophobicity;,"J MOL BIOL 249, 646-653 (1995) PMID: 7783217","Tamura A, Sturtevant JM",-0.73,M,104,I,3.2,53.36,92.95,0,0,0,uniprot,UP:P01006,UP:P01006:M104I,1351,train
17896,Subtilisin inhibitor,P01006,M104K (UniProt),Streptomyces albogriseolus,3SSI,-,Coil,92.95,7.0,53.36,0.35,-,-,yes,7783217.0,calorimetry; protein stability; hydrophobicity;,"J MOL BIOL 249, 646-653 (1995) PMID: 7783217","Tamura A, Sturtevant JM",0.35,M,104,K,7.0,53.36,92.95,0,0,0,uniprot,UP:P01006,UP:P01006:M104K,1352,train
17897,Subtilisin inhibitor,P01006,M104D (UniProt),Streptomyces albogriseolus,3SSI,-,Coil,92.95,7.0,53.36,1.6,-,-,yes,7783217.0,calorimetry; protein stability; hydrophobicity;,"J MOL BIOL 249, 646-653 (1995) PMID: 7783217","Tamura A, Sturtevant JM",1.6,M,104,D,7.0,53.36,92.95,0,0,0,uniprot,UP:P01006,UP:P01006:M104D,1353,train
17898,Subtilisin inhibitor,P01006,M104E (UniProt),Streptomyces albogriseolus,3SSI,-,Coil,92.95,7.0,53.36,1.05,-,-,yes,7783217.0,calorimetry; protein stability; hydrophobicity;,"J MOL BIOL 249, 646-653 (1995) PMID: 7783217","Tamura A, Sturtevant JM",1.05,M,104,E,7.0,53.36,92.95,0,0,0,uniprot,UP:P01006,UP:P01006:M104E,1354,train
17899,Subtilisin inhibitor,P01006,M104G (UniProt),Streptomyces albogriseolus,3SSI,-,Coil,92.95,7.0,53.36,-0.06,-,-,yes,7783217.0,calorimetry; protein stability; hydrophobicity;,"J MOL BIOL 249, 646-653 (1995) PMID: 7783217","Tamura A, Sturtevant JM",-0.06,M,104,G,7.0,53.36,92.95,0,0,0,uniprot,UP:P01006,UP:P01006:M104G,1355,train
17900,Subtilisin inhibitor,P01006,M104A (UniProt),Streptomyces albogriseolus,3SSI,-,Coil,92.95,7.0,53.36,0.55,-,-,yes,7783217.0,calorimetry; protein stability; hydrophobicity;,"J MOL BIOL 249, 646-653 (1995) PMID: 7783217","Tamura A, Sturtevant JM",0.55,M,104,A,7.0,53.36,92.95,0,0,0,uniprot,UP:P01006,UP:P01006:M104A,1356,train
17901,Subtilisin inhibitor,P01006,M104V (UniProt),Streptomyces albogriseolus,3SSI,-,Coil,92.95,7.0,53.36,-0.66,-,-,yes,7783217.0,calorimetry; protein stability; hydrophobicity;,"J MOL BIOL 249, 646-653 (1995) PMID: 7783217","Tamura A, Sturtevant JM",-0.66,M,104,V,7.0,53.36,92.95,0,0,0,uniprot,UP:P01006,UP:P01006:M104V,1357,train
17902,Subtilisin inhibitor,P01006,M104L (UniProt),Streptomyces albogriseolus,3SSI,-,Coil,92.95,7.0,53.36,-0.25,-,-,yes,7783217.0,calorimetry; protein stability; hydrophobicity;,"J MOL BIOL 249, 646-653 (1995) PMID: 7783217","Tamura A, Sturtevant JM",-0.25,M,104,L,7.0,53.36,92.95,0,0,0,uniprot,UP:P01006,UP:P01006:M104L,1358,train
17903,Subtilisin inhibitor,P01006,M104I (UniProt),Streptomyces albogriseolus,3SSI,-,Coil,92.95,7.0,53.36,-0.94,-,-,yes,7783217.0,calorimetry; protein stability; hydrophobicity;,"J MOL BIOL 249, 646-653 (1995) PMID: 7783217","Tamura A, Sturtevant JM",-0.94,M,104,I,7.0,53.36,92.95,0,0,0,uniprot,UP:P01006,UP:P01006:M104I,1359,train
17904,Subtilisin inhibitor,P01006,M104K (UniProt),Streptomyces albogriseolus,3SSI,-,Coil,92.95,9.5,53.36,0.05,-,-,yes,7783217.0,calorimetry; protein stability; hydrophobicity;,"J MOL BIOL 249, 646-653 (1995) PMID: 7783217","Tamura A, Sturtevant JM",0.05,M,104,K,9.5,53.36,92.95,0,0,0,uniprot,UP:P01006,UP:P01006:M104K,1360,train
17905,Subtilisin inhibitor,P01006,M104D (UniProt),Streptomyces albogriseolus,3SSI,-,Coil,92.95,9.5,53.36,1.25,-,-,yes,7783217.0,calorimetry; protein stability; hydrophobicity;,"J MOL BIOL 249, 646-653 (1995) PMID: 7783217","Tamura A, Sturtevant JM",1.25,M,104,D,9.5,53.36,92.95,0,0,0,uniprot,UP:P01006,UP:P01006:M104D,1361,train
17906,Subtilisin inhibitor,P01006,M104E (UniProt),Streptomyces albogriseolus,3SSI,-,Coil,92.95,9.5,53.36,0.56,-,-,yes,7783217.0,calorimetry; protein stability; hydrophobicity;,"J MOL BIOL 249, 646-653 (1995) PMID: 7783217","Tamura A, Sturtevant JM",0.56,M,104,E,9.5,53.36,92.95,0,0,0,uniprot,UP:P01006,UP:P01006:M104E,1362,train
17907,Subtilisin inhibitor,P01006,M104G (UniProt),Streptomyces albogriseolus,3SSI,-,Coil,92.95,9.5,53.36,-0.49,-,-,yes,7783217.0,calorimetry; protein stability; hydrophobicity;,"J MOL BIOL 249, 646-653 (1995) PMID: 7783217","Tamura A, Sturtevant JM",-0.49,M,104,G,9.5,53.36,92.95,0,0,0,uniprot,UP:P01006,UP:P01006:M104G,1363,train
17908,Subtilisin inhibitor,P01006,M104A (UniProt),Streptomyces albogriseolus,3SSI,-,Coil,92.95,9.5,53.36,0.13,-,-,yes,7783217.0,calorimetry; protein stability; hydrophobicity;,"J MOL BIOL 249, 646-653 (1995) PMID: 7783217","Tamura A, Sturtevant JM",0.13,M,104,A,9.5,53.36,92.95,0,0,0,uniprot,UP:P01006,UP:P01006:M104A,1364,train
17909,Subtilisin inhibitor,P01006,M104V (UniProt),Streptomyces albogriseolus,3SSI,-,Coil,92.95,9.5,53.36,-0.95,-,-,yes,7783217.0,calorimetry; protein stability; hydrophobicity;,"J MOL BIOL 249, 646-653 (1995) PMID: 7783217","Tamura A, Sturtevant JM",-0.95,M,104,V,9.5,53.36,92.95,0,0,0,uniprot,UP:P01006,UP:P01006:M104V,1365,train
17910,Subtilisin inhibitor,P01006,M104L (UniProt),Streptomyces albogriseolus,3SSI,-,Coil,92.95,9.5,53.36,-0.55,-,-,yes,7783217.0,calorimetry; protein stability; hydrophobicity;,"J MOL BIOL 249, 646-653 (1995) PMID: 7783217","Tamura A, Sturtevant JM",-0.55,M,104,L,9.5,53.36,92.95,0,0,0,uniprot,UP:P01006,UP:P01006:M104L,1366,train
17911,Subtilisin inhibitor,P01006,M104I (UniProt),Streptomyces albogriseolus,3SSI,-,Coil,92.95,9.5,53.36,-1.28,-,-,yes,7783217.0,calorimetry; protein stability; hydrophobicity;,"J MOL BIOL 249, 646-653 (1995) PMID: 7783217","Tamura A, Sturtevant JM",-1.28,M,104,I,9.5,53.36,92.95,0,0,0,uniprot,UP:P01006,UP:P01006:M104I,1367,train
17913,Ribonuclease HI,P0A7Y4,D134N (PDB: D134N),Escherichia coli (strain K12),2RN2,D134N,Helix,38.86,5.5,53.1,0.89,-,-,yes,8125123.0,Escherichia coli ribonuclease HI; enzymic activity;,"EUR J BIOCHEM 220, 623-631 (1994) PMID: 8125123","Haruki M, Noguchi E, Nakai C, Liu YY, Oobatake M, Itaya M, Kanaya S",0.89,D,134,N,5.5,53.1,38.86,0,0,0,pdb,UP:P0A7Y4,UP:P0A7Y4:D134N,1368,test
17914,Ribonuclease HI,P0A7Y4,D134H (PDB: D134H),Escherichia coli (strain K12),2RN2,D134H,Helix,38.86,5.5,53.1,1.94,-,-,yes,8125123.0,Escherichia coli ribonuclease HI; enzymic activity;,"EUR J BIOCHEM 220, 623-631 (1994) PMID: 8125123","Haruki M, Noguchi E, Nakai C, Liu YY, Oobatake M, Itaya M, Kanaya S",1.94,D,134,H,5.5,53.1,38.86,0,0,0,pdb,UP:P0A7Y4,UP:P0A7Y4:D134H,1369,test
17915,Ribonuclease HI,P0A7Y4,D134E (PDB: D134E),Escherichia coli (strain K12),2RN2,D134E,Helix,38.86,5.5,53.1,0.86,-,-,yes,8125123.0,Escherichia coli ribonuclease HI; enzymic activity;,"EUR J BIOCHEM 220, 623-631 (1994) PMID: 8125123","Haruki M, Noguchi E, Nakai C, Liu YY, Oobatake M, Itaya M, Kanaya S",0.86,D,134,E,5.5,53.1,38.86,0,0,0,pdb,UP:P0A7Y4,UP:P0A7Y4:D134E,1370,test
17916,Ribonuclease HI,P0A7Y4,D134Q (PDB: D134Q),Escherichia coli (strain K12),2RN2,D134Q,Helix,38.86,5.5,53.1,1.32,-,-,yes,8125123.0,Escherichia coli ribonuclease HI; enzymic activity;,"EUR J BIOCHEM 220, 623-631 (1994) PMID: 8125123","Haruki M, Noguchi E, Nakai C, Liu YY, Oobatake M, Itaya M, Kanaya S",1.32,D,134,Q,5.5,53.1,38.86,0,0,0,pdb,UP:P0A7Y4,UP:P0A7Y4:D134Q,1371,test
17917,Ribonuclease HI,P0A7Y4,D134S (PDB: D134S),Escherichia coli (strain K12),2RN2,D134S,Helix,38.86,5.5,53.1,1.08,-,-,yes,8125123.0,Escherichia coli ribonuclease HI; enzymic activity;,"EUR J BIOCHEM 220, 623-631 (1994) PMID: 8125123","Haruki M, Noguchi E, Nakai C, Liu YY, Oobatake M, Itaya M, Kanaya S",1.08,D,134,S,5.5,53.1,38.86,0,0,0,pdb,UP:P0A7Y4,UP:P0A7Y4:D134S,1372,test
17918,Ribonuclease HI,P0A7Y4,D134T (PDB: D134T),Escherichia coli (strain K12),2RN2,D134T,Helix,38.86,5.5,53.1,1.08,-,-,yes,8125123.0,Escherichia coli ribonuclease HI; enzymic activity;,"EUR J BIOCHEM 220, 623-631 (1994) PMID: 8125123","Haruki M, Noguchi E, Nakai C, Liu YY, Oobatake M, Itaya M, Kanaya S",1.08,D,134,T,5.5,53.1,38.86,0,0,0,pdb,UP:P0A7Y4,UP:P0A7Y4:D134T,1373,test
17919,Ribonuclease HI,P0A7Y4,D134V (PDB: D134V),Escherichia coli (strain K12),2RN2,D134V,Helix,38.86,5.5,53.1,1.12,-,-,yes,8125123.0,Escherichia coli ribonuclease HI; enzymic activity;,"EUR J BIOCHEM 220, 623-631 (1994) PMID: 8125123","Haruki M, Noguchi E, Nakai C, Liu YY, Oobatake M, Itaya M, Kanaya S",1.12,D,134,V,5.5,53.1,38.86,0,0,0,pdb,UP:P0A7Y4,UP:P0A7Y4:D134V,1374,test
17920,Ribonuclease HI,P0A7Y4,D134I (PDB: D134I),Escherichia coli (strain K12),2RN2,D134I,Helix,38.86,5.5,53.1,1.27,-,-,yes,8125123.0,Escherichia coli ribonuclease HI; enzymic activity;,"EUR J BIOCHEM 220, 623-631 (1994) PMID: 8125123","Haruki M, Noguchi E, Nakai C, Liu YY, Oobatake M, Itaya M, Kanaya S",1.27,D,134,I,5.5,53.1,38.86,0,0,0,pdb,UP:P0A7Y4,UP:P0A7Y4:D134I,1375,test
17921,Ribonuclease HI,P0A7Y4,D134L (PDB: D134L),Escherichia coli (strain K12),2RN2,D134L,Helix,38.86,5.5,53.1,1.51,-,-,yes,8125123.0,Escherichia coli ribonuclease HI; enzymic activity;,"EUR J BIOCHEM 220, 623-631 (1994) PMID: 8125123","Haruki M, Noguchi E, Nakai C, Liu YY, Oobatake M, Itaya M, Kanaya S",1.51,D,134,L,5.5,53.1,38.86,0,0,0,pdb,UP:P0A7Y4,UP:P0A7Y4:D134L,1376,test
17922,Ribonuclease HI,P0A7Y4,D134A (PDB: D134A),Escherichia coli (strain K12),2RN2,D134A,Helix,38.86,5.5,53.1,1.51,-,-,yes,8125123.0,Escherichia coli ribonuclease HI; enzymic activity;,"EUR J BIOCHEM 220, 623-631 (1994) PMID: 8125123","Haruki M, Noguchi E, Nakai C, Liu YY, Oobatake M, Itaya M, Kanaya S",1.51,D,134,A,5.5,53.1,38.86,0,0,0,pdb,UP:P0A7Y4,UP:P0A7Y4:D134A,1377,test
17923,Lysozyme,P00720,V131A (PDB: V131A),Enterobacteria phage T4 (Bacteriophage T4),2LZM,V131A,Helix,58.56,3.01,53.08,0.26,-,-,yes,8289284.0,helix coil; hydrophobicity; entropy; helix structure;,"J MOL BIOL 235, 600-624 (1994) PMID: 8289284","Blaber M, Zhang XJ, Lindstrom JD, Pepiot SD, Baase WA, Matthews BW",0.26,V,131,A,3.01,53.08,58.56,0,0,0,pdb,UP:P00720,UP:P00720:V131A,1378,train
17924,Lysozyme,P00720,V131L (PDB: V131L),Enterobacteria phage T4 (Bacteriophage T4),2LZM,V131L,Helix,58.56,3.01,53.08,0.09,-,-,yes,8289284.0,helix coil; hydrophobicity; entropy; helix structure;,"J MOL BIOL 235, 600-624 (1994) PMID: 8289284","Blaber M, Zhang XJ, Lindstrom JD, Pepiot SD, Baase WA, Matthews BW",0.09,V,131,L,3.01,53.08,58.56,0,0,0,pdb,UP:P00720,UP:P00720:V131L,1379,train
17925,Lysozyme,P00720,V131M (PDB: V131M),Enterobacteria phage T4 (Bacteriophage T4),2LZM,V131M,Helix,58.56,3.01,53.08,0.12,-,-,yes,8289284.0,helix coil; hydrophobicity; entropy; helix structure;,"J MOL BIOL 235, 600-624 (1994) PMID: 8289284","Blaber M, Zhang XJ, Lindstrom JD, Pepiot SD, Baase WA, Matthews BW",0.12,V,131,M,3.01,53.08,58.56,0,0,0,pdb,UP:P00720,UP:P00720:V131M,1380,train
17926,Lysozyme,P00720,V131I (PDB: V131I),Enterobacteria phage T4 (Bacteriophage T4),2LZM,V131I,Helix,58.56,3.01,53.08,0.16,-,-,yes,8289284.0,helix coil; hydrophobicity; entropy; helix structure;,"J MOL BIOL 235, 600-624 (1994) PMID: 8289284","Blaber M, Zhang XJ, Lindstrom JD, Pepiot SD, Baase WA, Matthews BW",0.16,V,131,I,3.01,53.08,58.56,0,0,0,pdb,UP:P00720,UP:P00720:V131I,1381,train
17927,Lysozyme,P00720,V131T (PDB: V131T),Enterobacteria phage T4 (Bacteriophage T4),2LZM,V131T,Helix,58.56,3.01,53.08,-0.12,-,-,yes,8289284.0,helix coil; hydrophobicity; entropy; helix structure;,"J MOL BIOL 235, 600-624 (1994) PMID: 8289284","Blaber M, Zhang XJ, Lindstrom JD, Pepiot SD, Baase WA, Matthews BW",-0.12,V,131,T,3.01,53.08,58.56,0,0,0,pdb,UP:P00720,UP:P00720:V131T,1382,train
17928,Lysozyme,P00720,V131E (PDB: V131E),Enterobacteria phage T4 (Bacteriophage T4),2LZM,V131E,Helix,58.56,3.01,53.08,0.2,-,-,yes,8289284.0,helix coil; hydrophobicity; entropy; helix structure;,"J MOL BIOL 235, 600-624 (1994) PMID: 8289284","Blaber M, Zhang XJ, Lindstrom JD, Pepiot SD, Baase WA, Matthews BW",0.2,V,131,E,3.01,53.08,58.56,0,0,0,pdb,UP:P00720,UP:P00720:V131E,1383,train
17929,Lysozyme,P00720,V131S (PDB: V131S),Enterobacteria phage T4 (Bacteriophage T4),2LZM,V131S,Helix,58.56,3.01,53.08,-0.05,-,-,yes,8289284.0,helix coil; hydrophobicity; entropy; helix structure;,"J MOL BIOL 235, 600-624 (1994) PMID: 8289284","Blaber M, Zhang XJ, Lindstrom JD, Pepiot SD, Baase WA, Matthews BW",-0.05,V,131,S,3.01,53.08,58.56,0,0,0,pdb,UP:P00720,UP:P00720:V131S,1384,train
17930,Lysozyme,P00720,V131D (PDB: V131D),Enterobacteria phage T4 (Bacteriophage T4),2LZM,V131D,Helix,58.56,3.01,53.08,0.08,-,-,yes,8289284.0,helix coil; hydrophobicity; entropy; helix structure;,"J MOL BIOL 235, 600-624 (1994) PMID: 8289284","Blaber M, Zhang XJ, Lindstrom JD, Pepiot SD, Baase WA, Matthews BW",0.08,V,131,D,3.01,53.08,58.56,0,0,0,pdb,UP:P00720,UP:P00720:V131D,1385,train
17931,Lysozyme,P00720,V131G (PDB: V131G),Enterobacteria phage T4 (Bacteriophage T4),2LZM,V131G,Helix,58.56,3.01,53.08,-0.68,-,-,yes,8289284.0,helix coil; hydrophobicity; entropy; helix structure;,"J MOL BIOL 235, 600-624 (1994) PMID: 8289284","Blaber M, Zhang XJ, Lindstrom JD, Pepiot SD, Baase WA, Matthews BW",-0.68,V,131,G,3.01,53.08,58.56,0,0,0,pdb,UP:P00720,UP:P00720:V131G,1386,train
17932,Ribonuclease HI,P0A7Y4,A52I (PDB: A52I),Escherichia coli (strain K12),2RN2,A52I,Helix,0.0,3.2,53,1.9,-,-,yes,9228039.0,Escherichia coli ribonuclease HI; thermal denaturation; hydrophobicity;,"J BIOL CHEM 272, 18686-18693 (1997) PMID: 9228039","Akasako A, Haruki M, Oobatake M, Kanaya S",1.9,A,52,I,3.2,53.0,0.0,0,0,0,pdb,UP:P0A7Y4,UP:P0A7Y4:A52I,1387,test
17933,Ribonuclease HI,P0A7Y4,A52V (PDB: A52V),Escherichia coli (strain K12),2RN2,A52V,Helix,0.0,3.2,53,1.7,-,-,yes,9228039.0,Escherichia coli ribonuclease HI; thermal denaturation; hydrophobicity;,"J BIOL CHEM 272, 18686-18693 (1997) PMID: 9228039","Akasako A, Haruki M, Oobatake M, Kanaya S",1.7,A,52,V,3.2,53.0,0.0,0,0,0,pdb,UP:P0A7Y4,UP:P0A7Y4:A52V,1388,test
17934,Ribonuclease HI,P0A7Y4,A52L (PDB: A52L),Escherichia coli (strain K12),2RN2,A52L,Helix,0.0,3.2,53,1.3,-,-,yes,9228039.0,Escherichia coli ribonuclease HI; thermal denaturation; hydrophobicity;,"J BIOL CHEM 272, 18686-18693 (1997) PMID: 9228039","Akasako A, Haruki M, Oobatake M, Kanaya S",1.3,A,52,L,3.2,53.0,0.0,0,0,0,pdb,UP:P0A7Y4,UP:P0A7Y4:A52L,1389,test
17935,Ribonuclease HI,P0A7Y4,A52C (PDB: A52C),Escherichia coli (strain K12),2RN2,A52C,Helix,0.0,3.2,53,0.8,-,-,yes,9228039.0,Escherichia coli ribonuclease HI; thermal denaturation; hydrophobicity;,"J BIOL CHEM 272, 18686-18693 (1997) PMID: 9228039","Akasako A, Haruki M, Oobatake M, Kanaya S",0.8,A,52,C,3.2,53.0,0.0,0,0,0,pdb,UP:P0A7Y4,UP:P0A7Y4:A52C,1390,test
17936,Ribonuclease HI,P0A7Y4,A52M (PDB: A52M),Escherichia coli (strain K12),2RN2,A52M,Helix,0.0,3.2,53,0.5,-,-,yes,9228039.0,Escherichia coli ribonuclease HI; thermal denaturation; hydrophobicity;,"J BIOL CHEM 272, 18686-18693 (1997) PMID: 9228039","Akasako A, Haruki M, Oobatake M, Kanaya S",0.5,A,52,M,3.2,53.0,0.0,0,0,0,pdb,UP:P0A7Y4,UP:P0A7Y4:A52M,1391,test
17937,Ribonuclease HI,P0A7Y4,A52F (PDB: A52F),Escherichia coli (strain K12),2RN2,A52F,Helix,0.0,3.2,53,0.5,-,-,yes,9228039.0,Escherichia coli ribonuclease HI; thermal denaturation; hydrophobicity;,"J BIOL CHEM 272, 18686-18693 (1997) PMID: 9228039","Akasako A, Haruki M, Oobatake M, Kanaya S",0.5,A,52,F,3.2,53.0,0.0,0,0,0,pdb,UP:P0A7Y4,UP:P0A7Y4:A52F,1392,test
17938,Ribonuclease HI,P0A7Y4,A52T (PDB: A52T),Escherichia coli (strain K12),2RN2,A52T,Helix,0.0,3.2,53,-0.8,-,-,yes,9228039.0,Escherichia coli ribonuclease HI; thermal denaturation; hydrophobicity;,"J BIOL CHEM 272, 18686-18693 (1997) PMID: 9228039","Akasako A, Haruki M, Oobatake M, Kanaya S",-0.8,A,52,T,3.2,53.0,0.0,0,0,0,pdb,UP:P0A7Y4,UP:P0A7Y4:A52T,1393,test
17939,Ribonuclease HI,P0A7Y4,A52Q (PDB: A52Q),Escherichia coli (strain K12),2RN2,A52Q,Helix,0.0,3.2,53,-1.2,-,-,yes,9228039.0,Escherichia coli ribonuclease HI; thermal denaturation; hydrophobicity;,"J BIOL CHEM 272, 18686-18693 (1997) PMID: 9228039","Akasako A, Haruki M, Oobatake M, Kanaya S",-1.2,A,52,Q,3.2,53.0,0.0,0,0,0,pdb,UP:P0A7Y4,UP:P0A7Y4:A52Q,1394,test
17940,Ribonuclease HI,P0A7Y4,A52E (PDB: A52E),Escherichia coli (strain K12),2RN2,A52E,Helix,0.0,3.2,53,-1.5,-,-,yes,9228039.0,Escherichia coli ribonuclease HI; thermal denaturation; hydrophobicity;,"J BIOL CHEM 272, 18686-18693 (1997) PMID: 9228039","Akasako A, Haruki M, Oobatake M, Kanaya S",-1.5,A,52,E,3.2,53.0,0.0,0,0,0,pdb,UP:P0A7Y4,UP:P0A7Y4:A52E,1395,test
17941,Ribonuclease HI,P0A7Y4,A52P (PDB: A52P),Escherichia coli (strain K12),2RN2,A52P,Helix,0.0,3.2,53,-1.6,-,-,yes,9228039.0,Escherichia coli ribonuclease HI; thermal denaturation; hydrophobicity;,"J BIOL CHEM 272, 18686-18693 (1997) PMID: 9228039","Akasako A, Haruki M, Oobatake M, Kanaya S",-1.6,A,52,P,3.2,53.0,0.0,0,0,0,pdb,UP:P0A7Y4,UP:P0A7Y4:A52P,1396,test
17942,Ribonuclease HI,P0A7Y4,A52S (PDB: A52S),Escherichia coli (strain K12),2RN2,A52S,Helix,0.0,3.2,53,-1.8,-,-,yes,9228039.0,Escherichia coli ribonuclease HI; thermal denaturation; hydrophobicity;,"J BIOL CHEM 272, 18686-18693 (1997) PMID: 9228039","Akasako A, Haruki M, Oobatake M, Kanaya S",-1.8,A,52,S,3.2,53.0,0.0,0,0,0,pdb,UP:P0A7Y4,UP:P0A7Y4:A52S,1397,test
17943,Ribonuclease HI,P0A7Y4,A52N (PDB: A52N),Escherichia coli (strain K12),2RN2,A52N,Helix,0.0,3.2,53,-1.8,-,-,yes,9228039.0,Escherichia coli ribonuclease HI; thermal denaturation; hydrophobicity;,"J BIOL CHEM 272, 18686-18693 (1997) PMID: 9228039","Akasako A, Haruki M, Oobatake M, Kanaya S",-1.8,A,52,N,3.2,53.0,0.0,0,0,0,pdb,UP:P0A7Y4,UP:P0A7Y4:A52N,1398,test
17944,Ribonuclease HI,P0A7Y4,A52D (PDB: A52D),Escherichia coli (strain K12),2RN2,A52D,Helix,0.0,3.2,53,-1.9,-,-,yes,9228039.0,Escherichia coli ribonuclease HI; thermal denaturation; hydrophobicity;,"J BIOL CHEM 272, 18686-18693 (1997) PMID: 9228039","Akasako A, Haruki M, Oobatake M, Kanaya S",-1.9,A,52,D,3.2,53.0,0.0,0,0,0,pdb,UP:P0A7Y4,UP:P0A7Y4:A52D,1399,test
17945,Ribonuclease HI,P0A7Y4,A52Y (PDB: A52Y),Escherichia coli (strain K12),2RN2,A52Y,Helix,0.0,3.2,53,-2.3,-,-,yes,9228039.0,Escherichia coli ribonuclease HI; thermal denaturation; hydrophobicity;,"J BIOL CHEM 272, 18686-18693 (1997) PMID: 9228039","Akasako A, Haruki M, Oobatake M, Kanaya S",-2.3,A,52,Y,3.2,53.0,0.0,0,0,0,pdb,UP:P0A7Y4,UP:P0A7Y4:A52Y,1400,test
17946,Ribonuclease HI,P0A7Y4,A52G (PDB: A52G),Escherichia coli (strain K12),2RN2,A52G,Helix,0.0,3.2,53,-2.7,-,-,yes,9228039.0,Escherichia coli ribonuclease HI; thermal denaturation; hydrophobicity;,"J BIOL CHEM 272, 18686-18693 (1997) PMID: 9228039","Akasako A, Haruki M, Oobatake M, Kanaya S",-2.7,A,52,G,3.2,53.0,0.0,0,0,0,pdb,UP:P0A7Y4,UP:P0A7Y4:A52G,1401,test
17947,Ribonuclease HI,P0A7Y4,A52H (PDB: A52H),Escherichia coli (strain K12),2RN2,A52H,Helix,0.0,3.2,53,-3.6,-,-,yes,9228039.0,Escherichia coli ribonuclease HI; thermal denaturation; hydrophobicity;,"J BIOL CHEM 272, 18686-18693 (1997) PMID: 9228039","Akasako A, Haruki M, Oobatake M, Kanaya S",-3.6,A,52,H,3.2,53.0,0.0,0,0,0,pdb,UP:P0A7Y4,UP:P0A7Y4:A52H,1402,test
17948,Ribonuclease HI,P0A7Y4,A52K (PDB: A52K),Escherichia coli (strain K12),2RN2,A52K,Helix,0.0,3.2,53,-5.9,-,-,yes,9228039.0,Escherichia coli ribonuclease HI; thermal denaturation; hydrophobicity;,"J BIOL CHEM 272, 18686-18693 (1997) PMID: 9228039","Akasako A, Haruki M, Oobatake M, Kanaya S",-5.9,A,52,K,3.2,53.0,0.0,0,0,0,pdb,UP:P0A7Y4,UP:P0A7Y4:A52K,1403,test
17958,Lysozyme,P00720,L39A (PDB: L39A),Enterobacteria phage T4 (Bacteriophage T4),2LZM,L39A,Helix,39.32,5.45,53,-0.9,-,-,Unknown,8114100.0,insertions; protein evolution; lysozyme; protein flexibility,"J MOL BIOL 236, 869-886 (1994) PMID: 8114100","Heinz DW, Baase WA, Zhang XJ, Blaber M, Dahlquist FW, Matthews BW",-0.9,L,39,A,5.45,53.0,39.32,0,0,0,pdb,UP:P00720,UP:P00720:L39A,1404,train
17959,Lysozyme,P00720,N40A (PDB: N40A),Enterobacteria phage T4 (Bacteriophage T4),2LZM,N40A,Helix,86.75,5.45,53,0.2,-,-,Unknown,8114100.0,insertions; protein evolution; lysozyme; protein flexibility,"J MOL BIOL 236, 869-886 (1994) PMID: 8114100","Heinz DW, Baase WA, Zhang XJ, Blaber M, Dahlquist FW, Matthews BW",0.2,N,40,A,5.45,53.0,86.75,0,0,0,pdb,UP:P00720,UP:P00720:N40A,1405,train
17960,Lysozyme,P00720,A42K (PDB: A42K),Enterobacteria phage T4 (Bacteriophage T4),2LZM,A42K,Helix,0.0,5.45,53,-3.7,-,-,Unknown,8114100.0,insertions; protein evolution; lysozyme; protein flexibility,"J MOL BIOL 236, 869-886 (1994) PMID: 8114100","Heinz DW, Baase WA, Zhang XJ, Blaber M, Dahlquist FW, Matthews BW",-3.7,A,42,K,5.45,53.0,0.0,0,0,0,pdb,UP:P00720,UP:P00720:A42K,1406,train
17961,Lysozyme,P00720,K43A (PDB: K43A),Enterobacteria phage T4 (Bacteriophage T4),2LZM,K43A,Helix,21.39,5.45,53,-1.1,-,-,Unknown,8114100.0,insertions; protein evolution; lysozyme; protein flexibility,"J MOL BIOL 236, 869-886 (1994) PMID: 8114100","Heinz DW, Baase WA, Zhang XJ, Blaber M, Dahlquist FW, Matthews BW",-1.1,K,43,A,5.45,53.0,21.39,0,0,0,pdb,UP:P00720,UP:P00720:K43A,1407,train
17962,Lysozyme,P00720,L46A (PDB: L46A),Enterobacteria phage T4 (Bacteriophage T4),2LZM,L46A,Helix,0.0,5.45,53,-2.1,-,-,Unknown,8114100.0,insertions; protein evolution; lysozyme; protein flexibility,"J MOL BIOL 236, 869-886 (1994) PMID: 8114100","Heinz DW, Baase WA, Zhang XJ, Blaber M, Dahlquist FW, Matthews BW",-2.1,L,46,A,5.45,53.0,0.0,0,0,0,pdb,UP:P00720,UP:P00720:L46A,1408,train
17966,Ribonuclease HI,P0A7Y4,G23A (PDB: G23A),Escherichia coli (strain K12),2RN2,G23A,Helix,0.0,5.5,52.7,0.5,-,-,yes,7929430.0,Escherichia coli ribonuclease HI; thermostability ;,"J BIOL CHEM 269, 26904-26911 (1994) PMID: 7929430","Haruki M, Noguchi E, Akasako A, Oobatake M, Itaya M, Kanaya S",0.5,G,23,A,5.5,52.7,0.0,0,0,0,pdb,UP:P0A7Y4,UP:P0A7Y4:G23A,1409,test
17967,Ribonuclease HI,P0A7Y4,A24V (PDB: A24V),Escherichia coli (strain K12),2RN2,A24V,Sheet,0.0,5.5,52.7,0.88,-,-,yes,7929430.0,Escherichia coli ribonuclease HI; thermostability ;,"J BIOL CHEM 269, 26904-26911 (1994) PMID: 7929430","Haruki M, Noguchi E, Akasako A, Oobatake M, Itaya M, Kanaya S",0.88,A,24,V,5.5,52.7,0.0,0,0,0,pdb,UP:P0A7Y4,UP:P0A7Y4:A24V,1410,test
17968,Ribonuclease HI,P0A7Y4,H62R (PDB: H62R),Escherichia coli (strain K12),2RN2,H62R,Helix,74.77,5.5,52.7,0.36,-,-,yes,7929430.0,Escherichia coli ribonuclease HI; thermostability ;,"J BIOL CHEM 269, 26904-26911 (1994) PMID: 7929430","Haruki M, Noguchi E, Akasako A, Oobatake M, Itaya M, Kanaya S",0.36,H,62,R,5.5,52.7,74.77,0,0,0,pdb,UP:P0A7Y4,UP:P0A7Y4:H62R,1411,test
17969,Ribonuclease HI,P0A7Y4,H62P (PDB: H62P),Escherichia coli (strain K12),2RN2,H62P,Helix,74.77,5.5,52.7,1.1,-,-,yes,7929430.0,Escherichia coli ribonuclease HI; thermostability ;,"J BIOL CHEM 269, 26904-26911 (1994) PMID: 7929430","Haruki M, Noguchi E, Akasako A, Oobatake M, Itaya M, Kanaya S",1.1,H,62,P,5.5,52.7,74.77,0,0,0,pdb,UP:P0A7Y4,UP:P0A7Y4:H62P,1412,test
17971,Ribonuclease HI,P0A7Y4,H62D (PDB: H62D),Escherichia coli (strain K12),2RN2,H62D,Helix,74.77,5.5,52.7,-0.17,-,-,yes,7929430.0,Escherichia coli ribonuclease HI; thermostability ;,"J BIOL CHEM 269, 26904-26911 (1994) PMID: 7929430","Haruki M, Noguchi E, Akasako A, Oobatake M, Itaya M, Kanaya S",-0.17,H,62,D,5.5,52.7,74.77,0,0,0,pdb,UP:P0A7Y4,UP:P0A7Y4:H62D,1413,test
17972,Ribonuclease HI,P0A7Y4,K117R (PDB: K117R),Escherichia coli (strain K12),2RN2,K117R,Sheet,54.45,5.5,52.7,0.03,-,-,yes,7929430.0,Escherichia coli ribonuclease HI; thermostability ;,"J BIOL CHEM 269, 26904-26911 (1994) PMID: 7929430","Haruki M, Noguchi E, Akasako A, Oobatake M, Itaya M, Kanaya S",0.03,K,117,R,5.5,52.7,54.45,0,0,0,pdb,UP:P0A7Y4,UP:P0A7Y4:K117R,1414,test
17973,Ribonuclease HI,P0A7Y4,E119V (PDB: E119V),Escherichia coli (strain K12),2RN2,E119V,Sheet,36.63,5.5,52.7,0.74,-,-,yes,7929430.0,Escherichia coli ribonuclease HI; thermostability ;,"J BIOL CHEM 269, 26904-26911 (1994) PMID: 7929430","Haruki M, Noguchi E, Akasako A, Oobatake M, Itaya M, Kanaya S",0.74,E,119,V,5.5,52.7,36.63,0,0,0,pdb,UP:P0A7Y4,UP:P0A7Y4:E119V,1415,test
17976,Ribonuclease HI,P0A7Y4,R41C (PDB: R41C),Escherichia coli (strain K12),2RN2,R41C,Coil,54.15,5.5,52.7,0.44,-,-,yes,7929430.0,Escherichia coli ribonuclease HI; thermostability ;,"J BIOL CHEM 269, 26904-26911 (1994) PMID: 7929430","Haruki M, Noguchi E, Akasako A, Oobatake M, Itaya M, Kanaya S",0.44,R,41,C,5.5,52.7,54.15,0,0,0,pdb,UP:P0A7Y4,UP:P0A7Y4:R41C,1416,test
17977,Ribonuclease HI,P0A7Y4,K95N (PDB: K95N),Escherichia coli (strain K12),2RN2,K95N,Turn,68.06,5.5,52.7,0.88,-,-,yes,7929430.0,Escherichia coli ribonuclease HI; thermostability ;,"J BIOL CHEM 269, 26904-26911 (1994) PMID: 7929430","Haruki M, Noguchi E, Akasako A, Oobatake M, Itaya M, Kanaya S",0.88,K,95,N,5.5,52.7,68.06,0,0,0,pdb,UP:P0A7Y4,UP:P0A7Y4:K95N,1417,test
17978,Ribonuclease HI,P0A7Y4,E135K (PDB: E135K),Escherichia coli (strain K12),2RN2,E135K,Sheet,70.41,5.5,52.7,-0.22,-,-,yes,7929430.0,Escherichia coli ribonuclease HI; thermostability ;,"J BIOL CHEM 269, 26904-26911 (1994) PMID: 7929430","Haruki M, Noguchi E, Akasako A, Oobatake M, Itaya M, Kanaya S",-0.22,E,135,K,5.5,52.7,70.41,0,0,0,pdb,UP:P0A7Y4,UP:P0A7Y4:E135K,1418,test
17979,Lysozyme,P00720,T115E (PDB: T115E),Enterobacteria phage T4 (Bacteriophage T4),2LZM,T115E,Turn,63.45,3.0,52.6,-0.2,-,-,yes,1854726.0,salt bridges; T4 lysozyme; electrostatic interactions;,"BIOCHEMISTRY 30, 7142-7153 (1991) PMID: 1854726","Dao-pin S., Sauer U., Nicholson H. & Matthews B.W.",-0.2,T,115,E,3.0,52.6,63.45,0,0,0,pdb,UP:P00720,UP:P00720:T115E,1419,train
17980,Ribonuclease Sa,P05798,D79F (PDB: D79F),Kitasatospora aureofaciens (Streptomyces aureofaciens),1RGG,D79F,Sheet,11.1,7.0,52.6,3,-,-,Unknown,16288913.0,protein stability; buried carboxyl group; pK; hydrogen bonds; ion pair,"J MOL BIOL 354, 967-978 (2005) PMID: 16288913","Trevino SR, Gokulan K, Newsom S, Thurlkill RL, Shaw KL, Mitkevich VA, Makarov AA, Sacchettini JC, Scholtz JM, Pace CN.",3.0,D,79,F,7.0,52.6,11.1,0,0,0,pdb,UP:P05798,UP:P05798:D79F,1420,train
17981,Ribonuclease Sa,P05798,D79Y (PDB: D79Y),Kitasatospora aureofaciens (Streptomyces aureofaciens),1RGG,D79Y,Sheet,11.1,7.0,52.6,2.9,-,-,Unknown,16288913.0,protein stability; buried carboxyl group; pK; hydrogen bonds; ion pair,"J MOL BIOL 354, 967-978 (2005) PMID: 16288913","Trevino SR, Gokulan K, Newsom S, Thurlkill RL, Shaw KL, Mitkevich VA, Makarov AA, Sacchettini JC, Scholtz JM, Pace CN.",2.9,D,79,Y,7.0,52.6,11.1,0,0,0,pdb,UP:P05798,UP:P05798:D79Y,1421,train
17982,Ribonuclease Sa,P05798,D79A (PDB: D79A),Kitasatospora aureofaciens (Streptomyces aureofaciens),1RGG,D79A,Sheet,11.1,7.0,52.6,2.8,-,-,Unknown,16288913.0,protein stability; buried carboxyl group; pK; hydrogen bonds; ion pair,"J MOL BIOL 354, 967-978 (2005) PMID: 16288913","Trevino SR, Gokulan K, Newsom S, Thurlkill RL, Shaw KL, Mitkevich VA, Makarov AA, Sacchettini JC, Scholtz JM, Pace CN.",2.8,D,79,A,7.0,52.6,11.1,0,0,0,pdb,UP:P05798,UP:P05798:D79A,1422,train
17983,Ribonuclease Sa,P05798,D79I (PDB: D79I),Kitasatospora aureofaciens (Streptomyces aureofaciens),1RGG,D79I,Sheet,11.1,7.0,52.6,2.9,-,-,Unknown,16288913.0,protein stability; buried carboxyl group; pK; hydrogen bonds; ion pair,"J MOL BIOL 354, 967-978 (2005) PMID: 16288913","Trevino SR, Gokulan K, Newsom S, Thurlkill RL, Shaw KL, Mitkevich VA, Makarov AA, Sacchettini JC, Scholtz JM, Pace CN.",2.9,D,79,I,7.0,52.6,11.1,0,0,0,pdb,UP:P05798,UP:P05798:D79I,1423,train
17984,Ribonuclease Sa,P05798,D79R (PDB: D79R),Kitasatospora aureofaciens (Streptomyces aureofaciens),1RGG,D79R,Sheet,11.1,7.0,52.6,2.7,-,-,Unknown,16288913.0,protein stability; buried carboxyl group; pK; hydrogen bonds; ion pair,"J MOL BIOL 354, 967-978 (2005) PMID: 16288913","Trevino SR, Gokulan K, Newsom S, Thurlkill RL, Shaw KL, Mitkevich VA, Makarov AA, Sacchettini JC, Scholtz JM, Pace CN.",2.7,D,79,R,7.0,52.6,11.1,0,0,0,pdb,UP:P05798,UP:P05798:D79R,1424,train
17985,Ribonuclease Sa,P05798,D79L (PDB: D79L),Kitasatospora aureofaciens (Streptomyces aureofaciens),1RGG,D79L,Sheet,11.1,7.0,52.6,2.7,-,-,Unknown,16288913.0,protein stability; buried carboxyl group; pK; hydrogen bonds; ion pair,"J MOL BIOL 354, 967-978 (2005) PMID: 16288913","Trevino SR, Gokulan K, Newsom S, Thurlkill RL, Shaw KL, Mitkevich VA, Makarov AA, Sacchettini JC, Scholtz JM, Pace CN.",2.7,D,79,L,7.0,52.6,11.1,0,0,0,pdb,UP:P05798,UP:P05798:D79L,1425,train
17986,Ribonuclease Sa,P05798,D79K (PDB: D79K),Kitasatospora aureofaciens (Streptomyces aureofaciens),1RGG,D79K,Sheet,11.1,7.0,52.6,2.3,-,-,Unknown,16288913.0,protein stability; buried carboxyl group; pK; hydrogen bonds; ion pair,"J MOL BIOL 354, 967-978 (2005) PMID: 16288913","Trevino SR, Gokulan K, Newsom S, Thurlkill RL, Shaw KL, Mitkevich VA, Makarov AA, Sacchettini JC, Scholtz JM, Pace CN.",2.3,D,79,K,7.0,52.6,11.1,0,0,0,pdb,UP:P05798,UP:P05798:D79K,1426,train
17987,Ribonuclease Sa,P05798,D79W (PDB: D79W),Kitasatospora aureofaciens (Streptomyces aureofaciens),1RGG,D79W,Sheet,11.1,7.0,52.6,2.3,-,-,Unknown,16288913.0,protein stability; buried carboxyl group; pK; hydrogen bonds; ion pair,"J MOL BIOL 354, 967-978 (2005) PMID: 16288913","Trevino SR, Gokulan K, Newsom S, Thurlkill RL, Shaw KL, Mitkevich VA, Makarov AA, Sacchettini JC, Scholtz JM, Pace CN.",2.3,D,79,W,7.0,52.6,11.1,0,0,0,pdb,UP:P05798,UP:P05798:D79W,1427,train
17988,Ribonuclease Sa,P05798,D79H (PDB: D79H),Kitasatospora aureofaciens (Streptomyces aureofaciens),1RGG,D79H,Sheet,11.1,7.0,52.6,1.8,-,-,Unknown,16288913.0,protein stability; buried carboxyl group; pK; hydrogen bonds; ion pair,"J MOL BIOL 354, 967-978 (2005) PMID: 16288913","Trevino SR, Gokulan K, Newsom S, Thurlkill RL, Shaw KL, Mitkevich VA, Makarov AA, Sacchettini JC, Scholtz JM, Pace CN.",1.8,D,79,H,7.0,52.6,11.1,0,0,0,pdb,UP:P05798,UP:P05798:D79H,1428,train
17989,Ribonuclease Sa,P05798,D79N (PDB: D79N),Kitasatospora aureofaciens (Streptomyces aureofaciens),1RGG,D79N,Sheet,11.1,7.0,52.6,1.8,-,-,Unknown,16288913.0,protein stability; buried carboxyl group; pK; hydrogen bonds; ion pair,"J MOL BIOL 354, 967-978 (2005) PMID: 16288913","Trevino SR, Gokulan K, Newsom S, Thurlkill RL, Shaw KL, Mitkevich VA, Makarov AA, Sacchettini JC, Scholtz JM, Pace CN.",1.8,D,79,N,7.0,52.6,11.1,0,0,0,pdb,UP:P05798,UP:P05798:D79N,1429,train
17990,Ribonuclease Sa,P05798,D79E (PDB: D79E),Kitasatospora aureofaciens (Streptomyces aureofaciens),1RGG,D79E,Sheet,11.1,7.0,52.6,-0.3,-,-,Unknown,16288913.0,protein stability; buried carboxyl group; pK; hydrogen bonds; ion pair,"J MOL BIOL 354, 967-978 (2005) PMID: 16288913","Trevino SR, Gokulan K, Newsom S, Thurlkill RL, Shaw KL, Mitkevich VA, Makarov AA, Sacchettini JC, Scholtz JM, Pace CN.",-0.3,D,79,E,7.0,52.6,11.1,0,0,0,pdb,UP:P05798,UP:P05798:D79E,1430,train
17991,Ribonuclease Sa,P05798,Q94K (PDB: Q94K),Kitasatospora aureofaciens (Streptomyces aureofaciens),1RGG,Q94K,Coil,39.75,7.0,52.6,0.3,-,-,Unknown,16288913.0,protein stability; buried carboxyl group; pK; hydrogen bonds; ion pair,"J MOL BIOL 354, 967-978 (2005) PMID: 16288913","Trevino SR, Gokulan K, Newsom S, Thurlkill RL, Shaw KL, Mitkevich VA, Makarov AA, Sacchettini JC, Scholtz JM, Pace CN.",0.3,Q,94,K,7.0,52.6,39.75,0,0,0,pdb,UP:P05798,UP:P05798:Q94K,1431,train
17992,Ribonuclease Sa,P05798,D33A (PDB: D33A),Kitasatospora aureofaciens (Streptomyces aureofaciens),1RGG,D33A,Turn,11.8,7.0,52.6,-6.2,-,-,Unknown,16288913.0,protein stability; buried carboxyl group; pK; hydrogen bonds; ion pair,"J MOL BIOL 354, 967-978 (2005) PMID: 16288913","Trevino SR, Gokulan K, Newsom S, Thurlkill RL, Shaw KL, Mitkevich VA, Makarov AA, Sacchettini JC, Scholtz JM, Pace CN.",-6.2,D,33,A,7.0,52.6,11.8,0,0,0,pdb,UP:P05798,UP:P05798:D33A,1432,train
17993,Ribonuclease Sa,P05798,D79F (PDB: D79F),Kitasatospora aureofaciens (Streptomyces aureofaciens),1RGG,D79F,Sheet,11.1,7.0,52.6,3,-,-,Unknown,16288913.0,protein stability; buried carboxyl group; pK; hydrogen bonds; ion pair,"J MOL BIOL 354, 967-978 (2005) PMID: 16288913","Trevino SR, Gokulan K, Newsom S, Thurlkill RL, Shaw KL, Mitkevich VA, Makarov AA, Sacchettini JC, Scholtz JM, Pace CN.",3.0,D,79,F,7.0,52.6,11.1,0,0,0,pdb,UP:P05798,UP:P05798:D79F,1433,train
17994,Ribonuclease Sa,P05798,D79A (PDB: D79A),Kitasatospora aureofaciens (Streptomyces aureofaciens),1RGG,D79A,Sheet,11.1,7.0,52.6,2.7,-,-,Unknown,16288913.0,protein stability; buried carboxyl group; pK; hydrogen bonds; ion pair,"J MOL BIOL 354, 967-978 (2005) PMID: 16288913","Trevino SR, Gokulan K, Newsom S, Thurlkill RL, Shaw KL, Mitkevich VA, Makarov AA, Sacchettini JC, Scholtz JM, Pace CN.",2.7,D,79,A,7.0,52.6,11.1,0,0,0,pdb,UP:P05798,UP:P05798:D79A,1434,train
17995,Ribonuclease Sa,P05798,D79I (PDB: D79I),Kitasatospora aureofaciens (Streptomyces aureofaciens),1RGG,D79I,Sheet,11.1,7.0,52.6,2.8,-,-,Unknown,16288913.0,protein stability; buried carboxyl group; pK; hydrogen bonds; ion pair,"J MOL BIOL 354, 967-978 (2005) PMID: 16288913","Trevino SR, Gokulan K, Newsom S, Thurlkill RL, Shaw KL, Mitkevich VA, Makarov AA, Sacchettini JC, Scholtz JM, Pace CN.",2.8,D,79,I,7.0,52.6,11.1,0,0,0,pdb,UP:P05798,UP:P05798:D79I,1435,train
17996,Ribonuclease Sa,P05798,D79R (PDB: D79R),Kitasatospora aureofaciens (Streptomyces aureofaciens),1RGG,D79R,Sheet,11.1,7.0,52.6,2.7,-,-,Unknown,16288913.0,protein stability; buried carboxyl group; pK; hydrogen bonds; ion pair,"J MOL BIOL 354, 967-978 (2005) PMID: 16288913","Trevino SR, Gokulan K, Newsom S, Thurlkill RL, Shaw KL, Mitkevich VA, Makarov AA, Sacchettini JC, Scholtz JM, Pace CN.",2.7,D,79,R,7.0,52.6,11.1,0,0,0,pdb,UP:P05798,UP:P05798:D79R,1436,train
17997,Ribonuclease Sa,P05798,D79L (PDB: D79L),Kitasatospora aureofaciens (Streptomyces aureofaciens),1RGG,D79L,Sheet,11.1,7.0,52.6,2.7,-,-,Unknown,16288913.0,protein stability; buried carboxyl group; pK; hydrogen bonds; ion pair,"J MOL BIOL 354, 967-978 (2005) PMID: 16288913","Trevino SR, Gokulan K, Newsom S, Thurlkill RL, Shaw KL, Mitkevich VA, Makarov AA, Sacchettini JC, Scholtz JM, Pace CN.",2.7,D,79,L,7.0,52.6,11.1,0,0,0,pdb,UP:P05798,UP:P05798:D79L,1437,train
17998,Ribonuclease Sa,P05798,D79K (PDB: D79K),Kitasatospora aureofaciens (Streptomyces aureofaciens),1RGG,D79K,Sheet,11.1,7.0,52.6,2.3,-,-,Unknown,16288913.0,protein stability; buried carboxyl group; pK; hydrogen bonds; ion pair,"J MOL BIOL 354, 967-978 (2005) PMID: 16288913","Trevino SR, Gokulan K, Newsom S, Thurlkill RL, Shaw KL, Mitkevich VA, Makarov AA, Sacchettini JC, Scholtz JM, Pace CN.",2.3,D,79,K,7.0,52.6,11.1,0,0,0,pdb,UP:P05798,UP:P05798:D79K,1438,train
17999,Ribonuclease Sa,P05798,D79W (PDB: D79W),Kitasatospora aureofaciens (Streptomyces aureofaciens),1RGG,D79W,Sheet,11.1,7.0,52.6,2.3,-,-,Unknown,16288913.0,protein stability; buried carboxyl group; pK; hydrogen bonds; ion pair,"J MOL BIOL 354, 967-978 (2005) PMID: 16288913","Trevino SR, Gokulan K, Newsom S, Thurlkill RL, Shaw KL, Mitkevich VA, Makarov AA, Sacchettini JC, Scholtz JM, Pace CN.",2.3,D,79,W,7.0,52.6,11.1,0,0,0,pdb,UP:P05798,UP:P05798:D79W,1439,train
18000,Ribonuclease Sa,P05798,D79H (PDB: D79H),Kitasatospora aureofaciens (Streptomyces aureofaciens),1RGG,D79H,Sheet,11.1,7.0,52.6,1.8,-,-,Unknown,16288913.0,protein stability; buried carboxyl group; pK; hydrogen bonds; ion pair,"J MOL BIOL 354, 967-978 (2005) PMID: 16288913","Trevino SR, Gokulan K, Newsom S, Thurlkill RL, Shaw KL, Mitkevich VA, Makarov AA, Sacchettini JC, Scholtz JM, Pace CN.",1.8,D,79,H,7.0,52.6,11.1,0,0,0,pdb,UP:P05798,UP:P05798:D79H,1440,train
18001,Ribonuclease Sa,P05798,D79N (PDB: D79N),Kitasatospora aureofaciens (Streptomyces aureofaciens),1RGG,D79N,Sheet,11.1,7.0,52.6,1.8,-,-,Unknown,16288913.0,protein stability; buried carboxyl group; pK; hydrogen bonds; ion pair,"J MOL BIOL 354, 967-978 (2005) PMID: 16288913","Trevino SR, Gokulan K, Newsom S, Thurlkill RL, Shaw KL, Mitkevich VA, Makarov AA, Sacchettini JC, Scholtz JM, Pace CN.",1.8,D,79,N,7.0,52.6,11.1,0,0,0,pdb,UP:P05798,UP:P05798:D79N,1441,train
18002,Ribonuclease Sa,P05798,D79E (PDB: D79E),Kitasatospora aureofaciens (Streptomyces aureofaciens),1RGG,D79E,Sheet,11.1,7.0,52.6,-0.3,-,-,Unknown,16288913.0,protein stability; buried carboxyl group; pK; hydrogen bonds; ion pair,"J MOL BIOL 354, 967-978 (2005) PMID: 16288913","Trevino SR, Gokulan K, Newsom S, Thurlkill RL, Shaw KL, Mitkevich VA, Makarov AA, Sacchettini JC, Scholtz JM, Pace CN.",-0.3,D,79,E,7.0,52.6,11.1,0,0,0,pdb,UP:P05798,UP:P05798:D79E,1442,train
18003,Ribonuclease Sa,P05798,D33A (PDB: D33A),Kitasatospora aureofaciens (Streptomyces aureofaciens),1RGG,D33A,Turn,11.8,7.0,52.6,-6,-,-,Unknown,16288913.0,protein stability; buried carboxyl group; pK; hydrogen bonds; ion pair,"J MOL BIOL 354, 967-978 (2005) PMID: 16288913","Trevino SR, Gokulan K, Newsom S, Thurlkill RL, Shaw KL, Mitkevich VA, Makarov AA, Sacchettini JC, Scholtz JM, Pace CN.",-6.0,D,33,A,7.0,52.6,11.8,0,0,0,pdb,UP:P05798,UP:P05798:D33A,1443,train
18004,Ribonuclease HI,P0A7Y4,G23A (PDB: G23A),Escherichia coli (strain K12),2RN2,G23A,Helix,0.0,5.5,52.5,0.5,-,-,yes,7794925.0,Escherichia coli ribonuclease HI; thermal denaturation;,"BIOCHEMISTRY 34, 8115-8122 (1995) PMID: 7794925","Akasako A, Haruki M, Oobatake M, Kanaya S",0.5,G,23,A,5.5,52.5,0.0,0,0,0,pdb,UP:P0A7Y4,UP:P0A7Y4:G23A,1444,test
18005,Ribonuclease HI,P0A7Y4,H62P (PDB: H62P),Escherichia coli (strain K12),2RN2,H62P,Helix,74.77,5.5,52.5,1.1,-,-,yes,7794925.0,Escherichia coli ribonuclease HI; thermal denaturation;,"BIOCHEMISTRY 34, 8115-8122 (1995) PMID: 7794925","Akasako A, Haruki M, Oobatake M, Kanaya S",1.1,H,62,P,5.5,52.5,74.77,0,0,0,pdb,UP:P0A7Y4,UP:P0A7Y4:H62P,1445,test
18006,Ribonuclease HI,P0A7Y4,V74L (PDB: V74L),Escherichia coli (strain K12),2RN2,V74L,Helix,0.65,5.5,52.5,0.9,-,-,yes,7794925.0,Escherichia coli ribonuclease HI; thermal denaturation;,"BIOCHEMISTRY 34, 8115-8122 (1995) PMID: 7794925","Akasako A, Haruki M, Oobatake M, Kanaya S",0.9,V,74,L,5.5,52.5,0.65,0,0,0,pdb,UP:P0A7Y4,UP:P0A7Y4:V74L,1446,test
18007,Ribonuclease HI,P0A7Y4,D134H (PDB: D134H),Escherichia coli (strain K12),2RN2,D134H,Helix,38.86,5.5,52.5,1.9,-,-,yes,7794925.0,Escherichia coli ribonuclease HI; thermal denaturation;,"BIOCHEMISTRY 34, 8115-8122 (1995) PMID: 7794925","Akasako A, Haruki M, Oobatake M, Kanaya S",1.9,D,134,H,5.5,52.5,38.86,0,0,0,pdb,UP:P0A7Y4,UP:P0A7Y4:D134H,1447,test
18008,Chitosanase,P33665,W68F (PDB: W28F),Streptomyces sp. (strain N174),1CHK,W28F,Helix,11.23,7.0,52.2,-1.76,-,3,yes(77%),9989221.0,chitosanase; tryptophan residue; site-directed mutagenesis;,"BIOCHIM BIOPHYS ACTA 1429, 365-376 (1999); doi:10.1016/S0167-4838(98)00243-X PMID: 9989221","Honda Y, Fukamizo T, Okajima T, Goto S, Boucher I, Brzezinski R",-1.76,W,68,F,7.0,52.2,11.23,0,0,0,pdb,UP:P33665,UP:P33665:W68F,1448,val
18009,Chitosanase,P33665,W141F (PDB: W101F),Streptomyces sp. (strain N174),1CHK,W101F,Helix,0.0,7.0,52.2,-1.89,-,3,yes(79%),9989221.0,chitosanase; tryptophan residue; site-directed mutagenesis;,"BIOCHIM BIOPHYS ACTA 1429, 365-376 (1999); doi:10.1016/S0167-4838(98)00243-X PMID: 9989221","Honda Y, Fukamizo T, Okajima T, Goto S, Boucher I, Brzezinski R",-1.89,W,141,F,7.0,52.2,0.0,0,0,0,pdb,UP:P33665,UP:P33665:W141F,1449,val
18010,Chitosanase,P33665,W267F (PDB: W227F),Streptomyces sp. (strain N174),1CHK,W227F,Sheet,0.0,7.0,52.2,-1.31,-,3,yes(79%),9989221.0,chitosanase; tryptophan residue; site-directed mutagenesis;,"BIOCHIM BIOPHYS ACTA 1429, 365-376 (1999); doi:10.1016/S0167-4838(98)00243-X PMID: 9989221","Honda Y, Fukamizo T, Okajima T, Goto S, Boucher I, Brzezinski R",-1.31,W,267,F,7.0,52.2,0.0,0,0,0,pdb,UP:P33665,UP:P33665:W267F,1450,val
18012,Lysozyme,P00720,L133F (PDB: L133F),Enterobacteria phage T4 (Bacteriophage T4),2LZM,L133F,Helix,0.55,2.86,52.1,-0.3,-,-,yes,2682639.0,bacteriophage T4; hydrophobicity; protein folding;,"PROC NATL ACAD SCI U S A 86, 8237-8241 (1989) PMID: 2682639","Karpusas M., Baase W.A., Matsumura M. & Matthews B.W.",-0.3,L,133,F,2.86,52.1,0.55,0,0,0,pdb,UP:P00720,UP:P00720:L133F,1451,train
18013,Lysozyme,P00720,A129V (PDB: A129V),Enterobacteria phage T4 (Bacteriophage T4),2LZM,A129V,Helix,0.0,2.8,52.1,-0.7,-,-,yes,2682639.0,bacteriophage T4; hydrophobicity; protein folding;,"PROC NATL ACAD SCI U S A 86, 8237-8241 (1989) PMID: 2682639","Karpusas M., Baase W.A., Matsumura M. & Matthews B.W.",-0.7,A,129,V,2.8,52.1,0.0,0,0,0,pdb,UP:P00720,UP:P00720:A129V,1452,train
18014,Ribonuclease HI,P0A7Y4,H62P (PDB: H62P),Escherichia coli (strain K12),2RN2,H62P,Helix,74.77,5.5,52,1.1,-,-,yes,1328237.0,Escherichia coli ribonuclease HI; thermophilic; thermostability;,"J BIOL CHEM 267, 21535-21542 (1992) PMID: 1328237","Kimura S., Nakamura H., Hashimoto T., Oobatake M. & Kanaya S.",1.1,H,62,P,5.5,52.0,74.77,0,0,0,pdb,UP:P0A7Y4,UP:P0A7Y4:H62P,1453,test
18015,Ribonuclease HI,P0A7Y4,Q113P (PDB: Q113P),Escherichia coli (strain K12),2RN2,Q113P,Helix,59.91,5.5,52,-0.6,-,-,yes,1328237.0,Escherichia coli ribonuclease HI; thermophilic; thermostability;,"J BIOL CHEM 267, 21535-21542 (1992) PMID: 1328237","Kimura S., Nakamura H., Hashimoto T., Oobatake M. & Kanaya S.",-0.6,Q,113,P,5.5,52.0,59.91,0,0,0,pdb,UP:P0A7Y4,UP:P0A7Y4:Q113P,1454,test
18018,Ribonuclease HI,P0A7Y4,A125T (PDB: A125T),Escherichia coli (strain K12),2RN2,A125T,Turn,58.98,5.5,52,0,-,-,yes,1328237.0,Escherichia coli ribonuclease HI; thermophilic; thermostability;,"J BIOL CHEM 267, 21535-21542 (1992) PMID: 1328237","Kimura S., Nakamura H., Hashimoto T., Oobatake M. & Kanaya S.",0.0,A,125,T,5.5,52.0,58.98,0,0,0,pdb,UP:P0A7Y4,UP:P0A7Y4:A125T,1455,test
18019,Ribonuclease HI,P0A7Y4,V74L (PDB: V74L),Escherichia coli (strain K12),2RN2,V74L,Helix,0.65,5.5,52,0.9,-,-,yes,3191114.0,Escherichia coli ribonuclease HI; hydrophobic core;,"BIOCHEMISTRY 32, 6171-6178 (1993) PMID: 3191114","Ishikawa K., Nakamura H., Morikawa K. & Kanaya S.",0.9,V,74,L,5.5,52.0,0.65,0,0,0,pdb,UP:P0A7Y4,UP:P0A7Y4:V74L,1456,test
18020,Ribonuclease HI,P0A7Y4,V74I (PDB: V74I),Escherichia coli (strain K12),2RN2,V74I,Helix,0.65,5.5,52,0.6,-,-,yes,3191114.0,Escherichia coli ribonuclease HI; hydrophobic core;,"BIOCHEMISTRY 32, 6171-6178 (1993) PMID: 3191114","Ishikawa K., Nakamura H., Morikawa K. & Kanaya S.",0.6,V,74,I,5.5,52.0,0.65,0,0,0,pdb,UP:P0A7Y4,UP:P0A7Y4:V74I,1457,test
18021,Ribonuclease HI,P0A7Y4,V74A (PDB: V74A),Escherichia coli (strain K12),2RN2,V74A,Helix,0.65,5.5,52,-3.4,-,-,yes,3191114.0,Escherichia coli ribonuclease HI; hydrophobic core;,"BIOCHEMISTRY 32, 6171-6178 (1993) PMID: 3191114","Ishikawa K., Nakamura H., Morikawa K. & Kanaya S.",-3.4,V,74,A,5.5,52.0,0.65,0,0,0,pdb,UP:P0A7Y4,UP:P0A7Y4:V74A,1458,test
18022,Peripheral subunit binding protein domain,P11961,V129A (PDB: V129A),Bacillus stearothermophilus,3DV0,V129A,Coil,25.63,5.5,52,-0.7,-,-,Yes,15769475.0,fast folding; molecular dynamics; transition state; folding pathway; temperature-jump,"J MOL BIOL 347, 855-870 (2005) PMID: 15769475","Ferguson N, Day R, Johnson CM, Allen MD, Daggett V, Fersht AR.",-0.7,V,129,A,5.5,52.0,25.63,0,0,0,pdb,UP:P11961,UP:P11961:V129A,1459,train
18023,Peripheral subunit binding protein domain,P11961,V129G (PDB: V129G),Bacillus stearothermophilus,3DV0,V129G,Coil,25.63,5.5,52,-1,-,-,Yes,15769475.0,fast folding; molecular dynamics; transition state; folding pathway; temperature-jump,"J MOL BIOL 347, 855-870 (2005) PMID: 15769475","Ferguson N, Day R, Johnson CM, Allen MD, Daggett V, Fersht AR.",-1.0,V,129,G,5.5,52.0,25.63,0,0,0,pdb,UP:P11961,UP:P11961:V129G,1460,train
18024,Peripheral subunit binding protein domain,P11961,I130V (PDB: I130V),Bacillus stearothermophilus,3DV0,I130V,Coil,36.38,5.5,52,-0.2,-,-,Yes,15769475.0,fast folding; molecular dynamics; transition state; folding pathway; temperature-jump,"J MOL BIOL 347, 855-870 (2005) PMID: 15769475","Ferguson N, Day R, Johnson CM, Allen MD, Daggett V, Fersht AR.",-0.2,I,130,V,5.5,52.0,36.38,0,0,0,pdb,UP:P11961,UP:P11961:I130V,1461,train
18025,Peripheral subunit binding protein domain,P11961,I130A (PDB: I130A),Bacillus stearothermophilus,3DV0,I130A,Coil,36.38,5.5,52,-0.7,-,-,Yes,15769475.0,fast folding; molecular dynamics; transition state; folding pathway; temperature-jump,"J MOL BIOL 347, 855-870 (2005) PMID: 15769475","Ferguson N, Day R, Johnson CM, Allen MD, Daggett V, Fersht AR.",-0.7,I,130,A,5.5,52.0,36.38,0,0,0,pdb,UP:P11961,UP:P11961:I130A,1462,train
18026,Peripheral subunit binding protein domain,P11961,I130G (PDB: I130G),Bacillus stearothermophilus,3DV0,I130G,Coil,36.38,5.5,52,-1.4,-,-,Yes,15769475.0,fast folding; molecular dynamics; transition state; folding pathway; temperature-jump,"J MOL BIOL 347, 855-870 (2005) PMID: 15769475","Ferguson N, Day R, Johnson CM, Allen MD, Daggett V, Fersht AR.",-1.4,I,130,G,5.5,52.0,36.38,0,0,0,pdb,UP:P11961,UP:P11961:I130G,1463,train
18027,Peripheral subunit binding protein domain,P11961,A131G (PDB: A131G),Bacillus stearothermophilus,3DV0,A131G,Sheet,12.07,5.5,52,-1.7,-,-,Yes,15769475.0,fast folding; molecular dynamics; transition state; folding pathway; temperature-jump,"J MOL BIOL 347, 855-870 (2005) PMID: 15769475","Ferguson N, Day R, Johnson CM, Allen MD, Daggett V, Fersht AR.",-1.7,A,131,G,5.5,52.0,12.07,0,0,0,pdb,UP:P11961,UP:P11961:A131G,1464,train
18028,Peripheral subunit binding protein domain,P11961,V135A (UniProt),Bacillus stearothermophilus,3DV0,-,Helix,0.85,5.5,52,-1.5,-,-,Yes,15769475.0,fast folding; molecular dynamics; transition state; folding pathway; temperature-jump,"J MOL BIOL 347, 855-870 (2005) PMID: 15769475","Ferguson N, Day R, Johnson CM, Allen MD, Daggett V, Fersht AR.",-1.5,V,135,A,5.5,52.0,0.85,0,0,0,uniprot,UP:P11961,UP:P11961:V135A,1465,train
18029,Peripheral subunit binding protein domain,P11961,Y138F (PDB: Y138F),Bacillus stearothermophilus,3DV0,Y138F,Helix,18.53,5.5,52,-2,-,-,Yes,15769475.0,fast folding; molecular dynamics; transition state; folding pathway; temperature-jump,"J MOL BIOL 347, 855-870 (2005) PMID: 15769475","Ferguson N, Day R, Johnson CM, Allen MD, Daggett V, Fersht AR.",-2.0,Y,138,F,5.5,52.0,18.53,0,0,0,pdb,UP:P11961,UP:P11961:Y138F,1466,train
18030,Peripheral subunit binding protein domain,P11961,A139G (PDB: A139G),Bacillus stearothermophilus,3DV0,A139G,Helix,0.64,5.5,52,-2.3,-,-,Yes,15769475.0,fast folding; molecular dynamics; transition state; folding pathway; temperature-jump,"J MOL BIOL 347, 855-870 (2005) PMID: 15769475","Ferguson N, Day R, Johnson CM, Allen MD, Daggett V, Fersht AR.",-2.3,A,139,G,5.5,52.0,0.64,0,0,0,pdb,UP:P11961,UP:P11961:A139G,1467,train
18031,Peripheral subunit binding protein domain,P11961,E141Q (PDB: E141Q),Bacillus stearothermophilus,3DV0,E141Q,Helix,69.15,5.5,52,-0.4,-,-,Yes,15769475.0,fast folding; molecular dynamics; transition state; folding pathway; temperature-jump,"J MOL BIOL 347, 855-870 (2005) PMID: 15769475","Ferguson N, Day R, Johnson CM, Allen MD, Daggett V, Fersht AR.",-0.4,E,141,Q,5.5,52.0,69.15,0,0,0,pdb,UP:P11961,UP:P11961:E141Q,1468,train
18032,Peripheral subunit binding protein domain,P11961,E141A (PDB: E141A),Bacillus stearothermophilus,3DV0,E141A,Helix,69.15,5.5,52,-0.7,-,-,Yes,15769475.0,fast folding; molecular dynamics; transition state; folding pathway; temperature-jump,"J MOL BIOL 347, 855-870 (2005) PMID: 15769475","Ferguson N, Day R, Johnson CM, Allen MD, Daggett V, Fersht AR.",-0.7,E,141,A,5.5,52.0,69.15,0,0,0,pdb,UP:P11961,UP:P11961:E141A,1469,train
18033,Peripheral subunit binding protein domain,P11961,V144A (PDB: V144A),Bacillus stearothermophilus,3DV0,V144A,Coil,2.28,5.5,52,-2,-,-,Yes,15769475.0,fast folding; molecular dynamics; transition state; folding pathway; temperature-jump,"J MOL BIOL 347, 855-870 (2005) PMID: 15769475","Ferguson N, Day R, Johnson CM, Allen MD, Daggett V, Fersht AR.",-2.0,V,144,A,5.5,52.0,2.28,0,0,0,pdb,UP:P11961,UP:P11961:V144A,1470,train
18034,Peripheral subunit binding protein domain,P11961,D145N (PDB: D145N),Bacillus stearothermophilus,3DV0,D145N,Coil,42.89,5.5,52,-0.9,-,-,Yes,15769475.0,fast folding; molecular dynamics; transition state; folding pathway; temperature-jump,"J MOL BIOL 347, 855-870 (2005) PMID: 15769475","Ferguson N, Day R, Johnson CM, Allen MD, Daggett V, Fersht AR.",-0.9,D,145,N,5.5,52.0,42.89,0,0,0,pdb,UP:P11961,UP:P11961:D145N,1471,train
18035,Peripheral subunit binding protein domain,P11961,D145A (PDB: D145A),Bacillus stearothermophilus,3DV0,D145A,Coil,42.89,5.5,52,-2.1,-,-,Yes,15769475.0,fast folding; molecular dynamics; transition state; folding pathway; temperature-jump,"J MOL BIOL 347, 855-870 (2005) PMID: 15769475","Ferguson N, Day R, Johnson CM, Allen MD, Daggett V, Fersht AR.",-2.1,D,145,A,5.5,52.0,42.89,0,0,0,pdb,UP:P11961,UP:P11961:D145A,1472,train
18036,Peripheral subunit binding protein domain,P11961,I146V (PDB: I146V),Bacillus stearothermophilus,3DV0,I146V,Turn,6.92,5.5,52,-1.2,-,-,Yes,15769475.0,fast folding; molecular dynamics; transition state; folding pathway; temperature-jump,"J MOL BIOL 347, 855-870 (2005) PMID: 15769475","Ferguson N, Day R, Johnson CM, Allen MD, Daggett V, Fersht AR.",-1.2,I,146,V,5.5,52.0,6.92,0,0,0,pdb,UP:P11961,UP:P11961:I146V,1473,train
18037,Peripheral subunit binding protein domain,P11961,I146A (PDB: I146A),Bacillus stearothermophilus,3DV0,I146A,Turn,6.92,5.5,52,-2.7,-,-,Yes,15769475.0,fast folding; molecular dynamics; transition state; folding pathway; temperature-jump,"J MOL BIOL 347, 855-870 (2005) PMID: 15769475","Ferguson N, Day R, Johnson CM, Allen MD, Daggett V, Fersht AR.",-2.7,I,146,A,5.5,52.0,6.92,0,0,0,pdb,UP:P11961,UP:P11961:I146A,1474,train
18038,Peripheral subunit binding protein domain,P11961,V149A (PDB: V149A),Bacillus stearothermophilus,3DV0,V149A,Turn,5.27,5.5,52,-2.8,-,-,Yes,15769475.0,fast folding; molecular dynamics; transition state; folding pathway; temperature-jump,"J MOL BIOL 347, 855-870 (2005) PMID: 15769475","Ferguson N, Day R, Johnson CM, Allen MD, Daggett V, Fersht AR.",-2.8,V,149,A,5.5,52.0,5.27,0,0,0,pdb,UP:P11961,UP:P11961:V149A,1475,train
18039,Peripheral subunit binding protein domain,P11961,V149G (PDB: V149G),Bacillus stearothermophilus,3DV0,V149G,Turn,5.27,5.5,52,-4.1,-,-,Yes,15769475.0,fast folding; molecular dynamics; transition state; folding pathway; temperature-jump,"J MOL BIOL 347, 855-870 (2005) PMID: 15769475","Ferguson N, Day R, Johnson CM, Allen MD, Daggett V, Fersht AR.",-4.1,V,149,G,5.5,52.0,5.27,0,0,0,pdb,UP:P11961,UP:P11961:V149G,1476,train
18040,Peripheral subunit binding protein domain,P11961,V158A (PDB: V158A),Bacillus stearothermophilus,3DV0,V158A,Sheet,0.85,5.5,52,-3.2,-,-,Yes,15769475.0,fast folding; molecular dynamics; transition state; folding pathway; temperature-jump,"J MOL BIOL 347, 855-870 (2005) PMID: 15769475","Ferguson N, Day R, Johnson CM, Allen MD, Daggett V, Fersht AR.",-3.2,V,158,A,5.5,52.0,0.85,0,0,0,pdb,UP:P11961,UP:P11961:V158A,1477,train
18041,Peripheral subunit binding protein domain,P11961,L159V (PDB: L159V),Bacillus stearothermophilus,3DV0,L159V,Coil,33.75,5.5,52,-0.6,-,-,Yes,15769475.0,fast folding; molecular dynamics; transition state; folding pathway; temperature-jump,"J MOL BIOL 347, 855-870 (2005) PMID: 15769475","Ferguson N, Day R, Johnson CM, Allen MD, Daggett V, Fersht AR.",-0.6,L,159,V,5.5,52.0,33.75,0,0,0,pdb,UP:P11961,UP:P11961:L159V,1478,train
18042,Peripheral subunit binding protein domain,P11961,L159A (PDB: L159A),Bacillus stearothermophilus,3DV0,L159A,Coil,33.75,5.5,52,-2,-,-,Yes,15769475.0,fast folding; molecular dynamics; transition state; folding pathway; temperature-jump,"J MOL BIOL 347, 855-870 (2005) PMID: 15769475","Ferguson N, Day R, Johnson CM, Allen MD, Daggett V, Fersht AR.",-2.0,L,159,A,5.5,52.0,33.75,0,0,0,pdb,UP:P11961,UP:P11961:L159A,1479,train
18043,Peripheral subunit binding protein domain,P11961,L159G (PDB: L159G),Bacillus stearothermophilus,3DV0,L159G,Coil,33.75,5.5,52,-1.9,-,-,Yes,15769475.0,fast folding; molecular dynamics; transition state; folding pathway; temperature-jump,"J MOL BIOL 347, 855-870 (2005) PMID: 15769475","Ferguson N, Day R, Johnson CM, Allen MD, Daggett V, Fersht AR.",-1.9,L,159,G,5.5,52.0,33.75,0,0,0,pdb,UP:P11961,UP:P11961:L159G,1480,train
18044,Peripheral subunit binding protein domain,P11961,D162N (PDB: D162N),Bacillus stearothermophilus,3DV0,D162N,Helix,16.17,5.5,52,-2,-,-,Yes,15769475.0,fast folding; molecular dynamics; transition state; folding pathway; temperature-jump,"J MOL BIOL 347, 855-870 (2005) PMID: 15769475","Ferguson N, Day R, Johnson CM, Allen MD, Daggett V, Fersht AR.",-2.0,D,162,N,5.5,52.0,16.17,0,0,0,pdb,UP:P11961,UP:P11961:D162N,1481,train
18045,Peripheral subunit binding protein domain,P11961,I163V (PDB: I163V),Bacillus stearothermophilus,3DV0,I163V,Helix,0.0,5.5,52,-0.5,-,-,Yes,15769475.0,fast folding; molecular dynamics; transition state; folding pathway; temperature-jump,"J MOL BIOL 347, 855-870 (2005) PMID: 15769475","Ferguson N, Day R, Johnson CM, Allen MD, Daggett V, Fersht AR.",-0.5,I,163,V,5.5,52.0,0.0,0,0,0,pdb,UP:P11961,UP:P11961:I163V,1482,train
18046,Peripheral subunit binding protein domain,P11961,D164N (PDB: D164N),Bacillus stearothermophilus,3DV0,D164N,Helix,51.15,5.5,52,-1.9,-,-,Yes,15769475.0,fast folding; molecular dynamics; transition state; folding pathway; temperature-jump,"J MOL BIOL 347, 855-870 (2005) PMID: 15769475","Ferguson N, Day R, Johnson CM, Allen MD, Daggett V, Fersht AR.",-1.9,D,164,N,5.5,52.0,51.15,0,0,0,pdb,UP:P11961,UP:P11961:D164N,1483,train
18047,Peripheral subunit binding protein domain,P11961,D164A (PDB: D164A),Bacillus stearothermophilus,3DV0,D164A,Helix,51.15,5.5,52,-2.3,-,-,Yes,15769475.0,fast folding; molecular dynamics; transition state; folding pathway; temperature-jump,"J MOL BIOL 347, 855-870 (2005) PMID: 15769475","Ferguson N, Day R, Johnson CM, Allen MD, Daggett V, Fersht AR.",-2.3,D,164,A,5.5,52.0,51.15,0,0,0,pdb,UP:P11961,UP:P11961:D164A,1484,train
18048,Peripheral subunit binding protein domain,P11961,D164G (PDB: D164G),Bacillus stearothermophilus,3DV0,D164G,Helix,51.15,5.5,52,-3.7,-,-,Yes,15769475.0,fast folding; molecular dynamics; transition state; folding pathway; temperature-jump,"J MOL BIOL 347, 855-870 (2005) PMID: 15769475","Ferguson N, Day R, Johnson CM, Allen MD, Daggett V, Fersht AR.",-3.7,D,164,G,5.5,52.0,51.15,0,0,0,pdb,UP:P11961,UP:P11961:D164G,1485,train
18049,Peripheral subunit binding protein domain,P11961,A165G (UniProt),Bacillus stearothermophilus,3DV0,-,Helix,50.0,5.5,52,-0.9,-,-,Yes,15769475.0,fast folding; molecular dynamics; transition state; folding pathway; temperature-jump,"J MOL BIOL 347, 855-870 (2005) PMID: 15769475","Ferguson N, Day R, Johnson CM, Allen MD, Daggett V, Fersht AR.",-0.9,A,165,G,5.5,52.0,50.0,0,0,0,uniprot,UP:P11961,UP:P11961:A165G,1486,train
18050,Peripheral subunit binding protein domain,P11961,L167V (PDB: L167V),Bacillus stearothermophilus,3DV0,L167V,Helix,45.71,5.5,52,-0.2,-,-,Yes,15769475.0,fast folding; molecular dynamics; transition state; folding pathway; temperature-jump,"J MOL BIOL 347, 855-870 (2005) PMID: 15769475","Ferguson N, Day R, Johnson CM, Allen MD, Daggett V, Fersht AR.",-0.2,L,167,V,5.5,52.0,45.71,0,0,0,pdb,UP:P11961,UP:P11961:L167V,1487,train
18051,Peripheral subunit binding protein domain,P11961,L167A (PDB: L167A),Bacillus stearothermophilus,3DV0,L167A,Helix,45.71,5.5,52,-1.2,-,-,Yes,15769475.0,fast folding; molecular dynamics; transition state; folding pathway; temperature-jump,"J MOL BIOL 347, 855-870 (2005) PMID: 15769475","Ferguson N, Day R, Johnson CM, Allen MD, Daggett V, Fersht AR.",-1.2,L,167,A,5.5,52.0,45.71,0,0,0,pdb,UP:P11961,UP:P11961:L167A,1488,train
18052,Peripheral subunit binding protein domain,P11961,A168G (PDB: A168G),Bacillus stearothermophilus,3DV0,A168G,Helix,78.86,5.5,52,-0.3,-,-,Yes,15769475.0,fast folding; molecular dynamics; transition state; folding pathway; temperature-jump,"J MOL BIOL 347, 855-870 (2005) PMID: 15769475","Ferguson N, Day R, Johnson CM, Allen MD, Daggett V, Fersht AR.",-0.3,A,168,G,5.5,52.0,78.86,0,0,0,pdb,UP:P11961,UP:P11961:A168G,1489,train
18054,Adenylate kinase,P69441,D84H (PDB: D84H),Escherichia coli (strain K12),1ANK,D84H,Coil,9.72,7.2,51.8,-1.4,-,-,Unknown,1748642.0,Escherichia coli adenylate kinase; thermodynamic stability;,"J BIOL CHEM 266, 23654-23659 (1991) PMID: 1748642","Rose T., Glaser P., Surewicz W.K., Mantsch H.H., Reinstein J.,",-1.4,D,84,H,7.2,51.8,9.72,0,0,0,pdb,UP:P69441,UP:P69441:D84H,1490,train
18055,Adenylate kinase,P69441,G85V (PDB: G85V),Escherichia coli (strain K12),1ANK,G85V,Helix,16.52,7.2,51.8,-2.4,-,-,Unknown,1748642.0,Escherichia coli adenylate kinase; thermodynamic stability;,"J BIOL CHEM 266, 23654-23659 (1991) PMID: 1748642","Rose T., Glaser P., Surewicz W.K., Mantsch H.H., Reinstein J.,",-2.4,G,85,V,7.2,51.8,16.52,0,0,0,pdb,UP:P69441,UP:P69441:G85V,1491,train
18056,Adenylate kinase,P69441,F86L (PDB: F86L),Escherichia coli (strain K12),1ANK,F86L,Coil,5.98,7.2,51.8,-0.8,-,-,Unknown,1748642.0,Escherichia coli adenylate kinase; thermodynamic stability;,"J BIOL CHEM 266, 23654-23659 (1991) PMID: 1748642","Rose T., Glaser P., Surewicz W.K., Mantsch H.H., Reinstein J.,",-0.8,F,86,L,7.2,51.8,5.98,0,0,0,pdb,UP:P69441,UP:P69441:F86L,1492,train
18057,Lysozyme,P00720,L46A (PDB: L46A),Enterobacteria phage T4 (Bacteriophage T4),2LZM,L46A,Helix,0.0,3.01,51.8,-2.7,-,-,yes,1553543.0,protein structure; hydrophobic effect; T4 lysozyme;,"SCIENCE 255, 178-183 (1992) PMID: 1553543","Eriksson A.E., Baase W.A., Zhang X.-J., Heinz D.W., Blaber M.,",-2.7,L,46,A,3.01,51.8,0.0,0,0,0,pdb,UP:P00720,UP:P00720:L46A,1493,train
18058,Lysozyme,P00720,L118A (PDB: L118A),Enterobacteria phage T4 (Bacteriophage T4),2LZM,L118A,Helix,7.65,3.01,51.8,-3.5,-,-,yes,1553543.0,protein structure; hydrophobic effect; T4 lysozyme;,"SCIENCE 255, 178-183 (1992) PMID: 1553543","Eriksson A.E., Baase W.A., Zhang X.-J., Heinz D.W., Blaber M.,",-3.5,L,118,A,3.01,51.8,7.65,0,0,0,pdb,UP:P00720,UP:P00720:L118A,1494,train
18059,Lysozyme,P00720,L121A (PDB: L121A),Enterobacteria phage T4 (Bacteriophage T4),2LZM,L121A,Helix,1.09,3.01,51.8,-2.7,-,-,yes,1553543.0,protein structure; hydrophobic effect; T4 lysozyme;,"SCIENCE 255, 178-183 (1992) PMID: 1553543","Eriksson A.E., Baase W.A., Zhang X.-J., Heinz D.W., Blaber M.,",-2.7,L,121,A,3.01,51.8,1.09,0,0,0,pdb,UP:P00720,UP:P00720:L121A,1495,train
18060,Lysozyme,P00720,L99A (PDB: L99A),Enterobacteria phage T4 (Bacteriophage T4),2LZM,L99A,Helix,0.0,3.01,51.8,-5,-,-,yes,1553543.0,protein structure; hydrophobic effect; T4 lysozyme;,"SCIENCE 255, 178-183 (1992) PMID: 1553543","Eriksson A.E., Baase W.A., Zhang X.-J., Heinz D.W., Blaber M.,",-5.0,L,99,A,3.01,51.8,0.0,0,0,0,pdb,UP:P00720,UP:P00720:L99A,1496,train
18061,Lysozyme,P00720,L133A (PDB: L133A),Enterobacteria phage T4 (Bacteriophage T4),2LZM,L133A,Helix,0.55,3.01,51.8,-4.3,-,-,yes,1553543.0,protein structure; hydrophobic effect; T4 lysozyme;,"SCIENCE 255, 178-183 (1992) PMID: 1553543","Eriksson A.E., Baase W.A., Zhang X.-J., Heinz D.W., Blaber M.,",-4.3,L,133,A,3.01,51.8,0.55,0,0,0,pdb,UP:P00720,UP:P00720:L133A,1497,train
18062,Lysozyme,P00720,F153A (PDB: F153A),Enterobacteria phage T4 (Bacteriophage T4),2LZM,F153A,Helix,1.0,3.01,51.8,-3.5,-,-,yes,1553543.0,protein structure; hydrophobic effect; T4 lysozyme;,"SCIENCE 255, 178-183 (1992) PMID: 1553543","Eriksson A.E., Baase W.A., Zhang X.-J., Heinz D.W., Blaber M.,",-3.5,F,153,A,3.01,51.8,1.0,0,0,0,pdb,UP:P00720,UP:P00720:F153A,1498,train
18063,Adenylate kinase,P69441,R88G (PDB: R88G),Escherichia coli (strain K12),1ANK,R88G,Coil,32.31,7.4,51.8,-0.2,-,-,Unknown,2542263.0,Escherichia coli adenylate kinase; catalytic role; arginine;,"J BIOL CHEM 264, 8107-8112 (1989) PMID: 2542263","Reinstein J, Gilles AM, Rose T, Wittinghofer A, Saint Girons I,",-0.2,R,88,G,7.4,51.8,32.31,0,0,0,pdb,UP:P69441,UP:P69441:R88G,1499,train
18064,Lysozyme,P00720,M102L (PDB: M102L),Enterobacteria phage T4 (Bacteriophage T4),2LZM,M102L,Helix,1.5,3.01,51.76,-0.74,-,-,yes,1569571.0,hydrophobic core packing; protein design; energy minimization;,"J MOL BIOL 224, 1143-1159 (1992) PMID: 1569571","Hurley J.H., Baase W.A. & Matthews B.W.",-0.74,M,102,L,3.01,51.76,1.5,0,0,0,pdb,UP:P00720,UP:P00720:M102L,1500,train
18065,Lysozyme,P00720,V111F (PDB: V111F),Enterobacteria phage T4 (Bacteriophage T4),2LZM,V111F,Helix,0.0,3.01,51.76,-1.43,-,-,yes,1569571.0,hydrophobic core packing; protein design; energy minimization;,"J MOL BIOL 224, 1143-1159 (1992) PMID: 1569571","Hurley J.H., Baase W.A. & Matthews B.W.",-1.43,V,111,F,3.01,51.76,0.0,0,0,0,pdb,UP:P00720,UP:P00720:V111F,1501,train
18066,Lysozyme,P00720,V111I (PDB: V111I),Enterobacteria phage T4 (Bacteriophage T4),2LZM,V111I,Helix,0.0,3.01,51.76,-0.69,-,-,yes,1569571.0,hydrophobic core packing; protein design; energy minimization;,"J MOL BIOL 224, 1143-1159 (1992) PMID: 1569571","Hurley J.H., Baase W.A. & Matthews B.W.",-0.69,V,111,I,3.01,51.76,0.0,0,0,0,pdb,UP:P00720,UP:P00720:V111I,1502,train
18076,Lysozyme,P00720,L99A (PDB: L99A),Enterobacteria phage T4 (Bacteriophage T4),2LZM,L99A,Helix,0.0,3.01,51.76,-5,-,-,yes,8433369.0,mutagenesis; protein design; protein structure;,"J MOL BIOL 229, 747-769 (1993) PMID: 8433369","Eriksson A.E., Baase W.A. & Matthews B.W.",-5.0,L,99,A,3.01,51.76,0.0,0,0,0,pdb,UP:P00720,UP:P00720:L99A,1503,train
18077,Lysozyme,P00720,L99V (PDB: L99V),Enterobacteria phage T4 (Bacteriophage T4),2LZM,L99V,Helix,0.0,3.01,51.76,-2.3,-,-,yes,8433369.0,mutagenesis; protein design; protein structure;,"J MOL BIOL 229, 747-769 (1993) PMID: 8433369","Eriksson A.E., Baase W.A. & Matthews B.W.",-2.3,L,99,V,3.01,51.76,0.0,0,0,0,pdb,UP:P00720,UP:P00720:L99V,1504,train
18078,Lysozyme,P00720,L99I (PDB: L99I),Enterobacteria phage T4 (Bacteriophage T4),2LZM,L99I,Helix,0.0,3.01,51.76,-1.4,-,-,yes,8433369.0,mutagenesis; protein design; protein structure;,"J MOL BIOL 229, 747-769 (1993) PMID: 8433369","Eriksson A.E., Baase W.A. & Matthews B.W.",-1.4,L,99,I,3.01,51.76,0.0,0,0,0,pdb,UP:P00720,UP:P00720:L99I,1505,train
18079,Lysozyme,P00720,L99M (PDB: L99M),Enterobacteria phage T4 (Bacteriophage T4),2LZM,L99M,Helix,0.0,3.01,51.76,-0.7,-,-,yes,8433369.0,mutagenesis; protein design; protein structure;,"J MOL BIOL 229, 747-769 (1993) PMID: 8433369","Eriksson A.E., Baase W.A. & Matthews B.W.",-0.7,L,99,M,3.01,51.76,0.0,0,0,0,pdb,UP:P00720,UP:P00720:L99M,1506,train
18080,Lysozyme,P00720,L99F (PDB: L99F),Enterobacteria phage T4 (Bacteriophage T4),2LZM,L99F,Helix,0.0,3.01,51.76,-0.4,-,-,yes,8433369.0,mutagenesis; protein design; protein structure;,"J MOL BIOL 229, 747-769 (1993) PMID: 8433369","Eriksson A.E., Baase W.A. & Matthews B.W.",-0.4,L,99,F,3.01,51.76,0.0,0,0,0,pdb,UP:P00720,UP:P00720:L99F,1507,train
18081,Lysozyme,P00720,F153A (PDB: F153A),Enterobacteria phage T4 (Bacteriophage T4),2LZM,F153A,Helix,1.0,3.01,51.76,-3.5,-,-,yes,8433369.0,mutagenesis; protein design; protein structure;,"J MOL BIOL 229, 747-769 (1993) PMID: 8433369","Eriksson A.E., Baase W.A. & Matthews B.W.",-3.5,F,153,A,3.01,51.76,1.0,0,0,0,pdb,UP:P00720,UP:P00720:F153A,1508,train
18082,Lysozyme,P00720,F153V (PDB: F153V),Enterobacteria phage T4 (Bacteriophage T4),2LZM,F153V,Helix,1.0,3.01,51.76,-1.8,-,-,yes,8433369.0,mutagenesis; protein design; protein structure;,"J MOL BIOL 229, 747-769 (1993) PMID: 8433369","Eriksson A.E., Baase W.A. & Matthews B.W.",-1.8,F,153,V,3.01,51.76,1.0,0,0,0,pdb,UP:P00720,UP:P00720:F153V,1509,train
18083,Lysozyme,P00720,F153I (PDB: F153I),Enterobacteria phage T4 (Bacteriophage T4),2LZM,F153I,Helix,1.0,3.01,51.76,-0.5,-,-,yes,8433369.0,mutagenesis; protein design; protein structure;,"J MOL BIOL 229, 747-769 (1993) PMID: 8433369","Eriksson A.E., Baase W.A. & Matthews B.W.",-0.5,F,153,I,3.01,51.76,1.0,0,0,0,pdb,UP:P00720,UP:P00720:F153I,1510,train
18084,Lysozyme,P00720,F153L (PDB: F153L),Enterobacteria phage T4 (Bacteriophage T4),2LZM,F153L,Helix,1.0,3.01,51.76,0.2,-,-,yes,8433369.0,mutagenesis; protein design; protein structure;,"J MOL BIOL 229, 747-769 (1993) PMID: 8433369","Eriksson A.E., Baase W.A. & Matthews B.W.",0.2,F,153,L,3.01,51.76,1.0,0,0,0,pdb,UP:P00720,UP:P00720:F153L,1511,train
18085,Lysozyme,P00720,F153M (PDB: F153M),Enterobacteria phage T4 (Bacteriophage T4),2LZM,F153M,Helix,1.0,3.01,51.76,-0.8,-,-,yes,8433369.0,mutagenesis; protein design; protein structure;,"J MOL BIOL 229, 747-769 (1993) PMID: 8433369","Eriksson A.E., Baase W.A. & Matthews B.W.",-0.8,F,153,M,3.01,51.76,1.0,0,0,0,pdb,UP:P00720,UP:P00720:F153M,1512,train
18087,Lysozyme,P00720,S117F (PDB: S117F),Enterobacteria phage T4 (Bacteriophage T4),2LZM,S117F,Coil,0.0,3.0,51.7,1.4,-,-,yes,8401213.0,core plasticity; hydrophobic effect; lysozyme activity;,"PROTEIN SCI 2, 1285-1290 (1993) PMID: 8401213","Anderson D.E., Hurley J.H., Nicholson H., Baase W.A. & Matthews B.W.",1.4,S,117,F,3.0,51.7,0.0,0,0,0,pdb,UP:P00720,UP:P00720:S117F,1513,train
18097,Lysozyme,P00720,E108V (PDB: E108V),Enterobacteria phage T4 (Bacteriophage T4),2LZM,E108V,Sheet,29.19,3.0,51.7,1.2,-,-,yes(>95%),10512706.0,mutagenesis; compensation; thermal factors; thermostability,"J MOL BIOL 292, 1111-1120 (1999) PMID: 10512706","Wray JW, Baase WA, Lindstrom JD, Weaver LH, Poteete AR,",1.2,E,108,V,3.0,51.7,29.19,0,0,0,pdb,UP:P00720,UP:P00720:E108V,1514,train
18098,Lysozyme,P00720,L99A (PDB: L99A),Enterobacteria phage T4 (Bacteriophage T4),2LZM,L99A,Helix,0.0,3.0,51.7,-4.6,-,-,yes(>95%),10512706.0,mutagenesis; compensation; thermal factors; thermostability,"J MOL BIOL 292, 1111-1120 (1999) PMID: 10512706","Wray JW, Baase WA, Lindstrom JD, Weaver LH, Poteete AR,",-4.6,L,99,A,3.0,51.7,0.0,0,0,0,pdb,UP:P00720,UP:P00720:L99A,1515,train
18100,Lysozyme,P00720,L99G (PDB: L99G),Enterobacteria phage T4 (Bacteriophage T4),2LZM,L99G,Helix,0.0,3.0,51.7,-7.4,-,-,yes(>95%),10512706.0,mutagenesis; compensation; thermal factors; thermostability,"J MOL BIOL 292, 1111-1120 (1999) PMID: 10512706","Wray JW, Baase WA, Lindstrom JD, Weaver LH, Poteete AR,",-7.4,L,99,G,3.0,51.7,0.0,0,0,0,pdb,UP:P00720,UP:P00720:L99G,1516,train
18103,Lysozyme,P00720,S44A (PDB: S44A),Enterobacteria phage T4 (Bacteriophage T4),2LZM,S44A,Coil,59.73,3.01,51.68,0.43,-,-,yes,8289284.0,helix coil; hydrophobicity; entropy; helix structure;,"J MOL BIOL 235, 600-624 (1994) PMID: 8289284","Blaber M, Zhang XJ, Lindstrom JD, Pepiot SD, Baase WA, Matthews BW",0.43,S,44,A,3.01,51.68,59.73,0,0,0,pdb,UP:P00720,UP:P00720:S44A,1517,train
18104,Lysozyme,P00720,S44L (PDB: S44L),Enterobacteria phage T4 (Bacteriophage T4),2LZM,S44L,Coil,59.73,3.01,51.68,0.39,-,-,yes,8289284.0,helix coil; hydrophobicity; entropy; helix structure;,"J MOL BIOL 235, 600-624 (1994) PMID: 8289284","Blaber M, Zhang XJ, Lindstrom JD, Pepiot SD, Baase WA, Matthews BW",0.39,S,44,L,3.01,51.68,59.73,0,0,0,pdb,UP:P00720,UP:P00720:S44L,1518,train
18105,Lysozyme,P00720,S44M (PDB: S44M),Enterobacteria phage T4 (Bacteriophage T4),2LZM,S44M,Coil,59.73,3.01,51.68,0.33,-,-,yes,8289284.0,helix coil; hydrophobicity; entropy; helix structure;,"J MOL BIOL 235, 600-624 (1994) PMID: 8289284","Blaber M, Zhang XJ, Lindstrom JD, Pepiot SD, Baase WA, Matthews BW",0.33,S,44,M,3.01,51.68,59.73,0,0,0,pdb,UP:P00720,UP:P00720:S44M,1519,train
18106,Lysozyme,P00720,S44I (PDB: S44I),Enterobacteria phage T4 (Bacteriophage T4),2LZM,S44I,Coil,59.73,3.01,51.68,0.31,-,-,yes,8289284.0,helix coil; hydrophobicity; entropy; helix structure;,"J MOL BIOL 235, 600-624 (1994) PMID: 8289284","Blaber M, Zhang XJ, Lindstrom JD, Pepiot SD, Baase WA, Matthews BW",0.31,S,44,I,3.01,51.68,59.73,0,0,0,pdb,UP:P00720,UP:P00720:S44I,1520,train
18107,Lysozyme,P00720,S44Q (PDB: S44Q),Enterobacteria phage T4 (Bacteriophage T4),2LZM,S44Q,Coil,59.73,3.01,51.68,0.27,-,-,yes,8289284.0,helix coil; hydrophobicity; entropy; helix structure;,"J MOL BIOL 235, 600-624 (1994) PMID: 8289284","Blaber M, Zhang XJ, Lindstrom JD, Pepiot SD, Baase WA, Matthews BW",0.27,S,44,Q,3.01,51.68,59.73,0,0,0,pdb,UP:P00720,UP:P00720:S44Q,1521,train
18108,Lysozyme,P00720,S44R (PDB: S44R),Enterobacteria phage T4 (Bacteriophage T4),2LZM,S44R,Coil,59.73,3.01,51.68,0.24,-,-,yes,8289284.0,helix coil; hydrophobicity; entropy; helix structure;,"J MOL BIOL 235, 600-624 (1994) PMID: 8289284","Blaber M, Zhang XJ, Lindstrom JD, Pepiot SD, Baase WA, Matthews BW",0.24,S,44,R,3.01,51.68,59.73,0,0,0,pdb,UP:P00720,UP:P00720:S44R,1522,train
18109,Lysozyme,P00720,S44K (PDB: S44K),Enterobacteria phage T4 (Bacteriophage T4),2LZM,S44K,Coil,59.73,3.01,51.68,0.2,-,-,yes,8289284.0,helix coil; hydrophobicity; entropy; helix structure;,"J MOL BIOL 235, 600-624 (1994) PMID: 8289284","Blaber M, Zhang XJ, Lindstrom JD, Pepiot SD, Baase WA, Matthews BW",0.2,S,44,K,3.01,51.68,59.73,0,0,0,pdb,UP:P00720,UP:P00720:S44K,1523,train
18110,Lysozyme,P00720,S44Y (PDB: S44Y),Enterobacteria phage T4 (Bacteriophage T4),2LZM,S44Y,Coil,59.73,3.01,51.68,0.19,-,-,yes,8289284.0,helix coil; hydrophobicity; entropy; helix structure;,"J MOL BIOL 235, 600-624 (1994) PMID: 8289284","Blaber M, Zhang XJ, Lindstrom JD, Pepiot SD, Baase WA, Matthews BW",0.19,S,44,Y,3.01,51.68,59.73,0,0,0,pdb,UP:P00720,UP:P00720:S44Y,1524,train
18111,Lysozyme,P00720,S44V (PDB: S44V),Enterobacteria phage T4 (Bacteriophage T4),2LZM,S44V,Coil,59.73,3.01,51.68,0.1,-,-,yes,8289284.0,helix coil; hydrophobicity; entropy; helix structure;,"J MOL BIOL 235, 600-624 (1994) PMID: 8289284","Blaber M, Zhang XJ, Lindstrom JD, Pepiot SD, Baase WA, Matthews BW",0.1,S,44,V,3.01,51.68,59.73,0,0,0,pdb,UP:P00720,UP:P00720:S44V,1525,train
18112,Lysozyme,P00720,S44F (PDB: S44F),Enterobacteria phage T4 (Bacteriophage T4),2LZM,S44F,Coil,59.73,3.01,51.68,0.06,-,-,yes,8289284.0,helix coil; hydrophobicity; entropy; helix structure;,"J MOL BIOL 235, 600-624 (1994) PMID: 8289284","Blaber M, Zhang XJ, Lindstrom JD, Pepiot SD, Baase WA, Matthews BW",0.06,S,44,F,3.01,51.68,59.73,0,0,0,pdb,UP:P00720,UP:P00720:S44F,1526,train
18113,Lysozyme,P00720,S44W (PDB: S44W),Enterobacteria phage T4 (Bacteriophage T4),2LZM,S44W,Coil,59.73,3.01,51.68,0.05,-,-,yes,8289284.0,helix coil; hydrophobicity; entropy; helix structure;,"J MOL BIOL 235, 600-624 (1994) PMID: 8289284","Blaber M, Zhang XJ, Lindstrom JD, Pepiot SD, Baase WA, Matthews BW",0.05,S,44,W,3.01,51.68,59.73,0,0,0,pdb,UP:P00720,UP:P00720:S44W,1527,train
18114,Lysozyme,P00720,S44H (PDB: S44H),Enterobacteria phage T4 (Bacteriophage T4),2LZM,S44H,Coil,59.73,3.01,51.68,0.04,-,-,yes,8289284.0,helix coil; hydrophobicity; entropy; helix structure;,"J MOL BIOL 235, 600-624 (1994) PMID: 8289284","Blaber M, Zhang XJ, Lindstrom JD, Pepiot SD, Baase WA, Matthews BW",0.04,S,44,H,3.01,51.68,59.73,0,0,0,pdb,UP:P00720,UP:P00720:S44H,1528,train
18115,Lysozyme,P00720,S44T (PDB: S44T),Enterobacteria phage T4 (Bacteriophage T4),2LZM,S44T,Coil,59.73,3.01,51.68,0.01,-,-,yes,8289284.0,helix coil; hydrophobicity; entropy; helix structure;,"J MOL BIOL 235, 600-624 (1994) PMID: 8289284","Blaber M, Zhang XJ, Lindstrom JD, Pepiot SD, Baase WA, Matthews BW",0.01,S,44,T,3.01,51.68,59.73,0,0,0,pdb,UP:P00720,UP:P00720:S44T,1529,train
18116,Lysozyme,P00720,S44E (PDB: S44E),Enterobacteria phage T4 (Bacteriophage T4),2LZM,S44E,Coil,59.73,3.01,51.68,0,-,-,yes,8289284.0,helix coil; hydrophobicity; entropy; helix structure;,"J MOL BIOL 235, 600-624 (1994) PMID: 8289284","Blaber M, Zhang XJ, Lindstrom JD, Pepiot SD, Baase WA, Matthews BW",0.0,S,44,E,3.01,51.68,59.73,0,0,0,pdb,UP:P00720,UP:P00720:S44E,1530,train
18117,Lysozyme,P00720,S44D (PDB: S44D),Enterobacteria phage T4 (Bacteriophage T4),2LZM,S44D,Coil,59.73,3.01,51.68,-0.11,-,-,yes,8289284.0,helix coil; hydrophobicity; entropy; helix structure;,"J MOL BIOL 235, 600-624 (1994) PMID: 8289284","Blaber M, Zhang XJ, Lindstrom JD, Pepiot SD, Baase WA, Matthews BW",-0.11,S,44,D,3.01,51.68,59.73,0,0,0,pdb,UP:P00720,UP:P00720:S44D,1531,train
18118,Lysozyme,P00720,S44C (PDB: S44C),Enterobacteria phage T4 (Bacteriophage T4),2LZM,S44C,Coil,59.73,3.01,51.68,-0.11,-,-,yes,8289284.0,helix coil; hydrophobicity; entropy; helix structure;,"J MOL BIOL 235, 600-624 (1994) PMID: 8289284","Blaber M, Zhang XJ, Lindstrom JD, Pepiot SD, Baase WA, Matthews BW",-0.11,S,44,C,3.01,51.68,59.73,0,0,0,pdb,UP:P00720,UP:P00720:S44C,1532,train
18119,Lysozyme,P00720,S44N (PDB: S44N),Enterobacteria phage T4 (Bacteriophage T4),2LZM,S44N,Coil,59.73,3.01,51.68,-0.14,-,-,yes,8289284.0,helix coil; hydrophobicity; entropy; helix structure;,"J MOL BIOL 235, 600-624 (1994) PMID: 8289284","Blaber M, Zhang XJ, Lindstrom JD, Pepiot SD, Baase WA, Matthews BW",-0.14,S,44,N,3.01,51.68,59.73,0,0,0,pdb,UP:P00720,UP:P00720:S44N,1533,train
18120,Lysozyme,P00720,S44G (PDB: S44G),Enterobacteria phage T4 (Bacteriophage T4),2LZM,S44G,Coil,59.73,3.01,51.68,-0.53,-,-,yes,8289284.0,helix coil; hydrophobicity; entropy; helix structure;,"J MOL BIOL 235, 600-624 (1994) PMID: 8289284","Blaber M, Zhang XJ, Lindstrom JD, Pepiot SD, Baase WA, Matthews BW",-0.53,S,44,G,3.01,51.68,59.73,0,0,0,pdb,UP:P00720,UP:P00720:S44G,1534,train
18121,Lysozyme,P00720,S44P (PDB: S44P),Enterobacteria phage T4 (Bacteriophage T4),2LZM,S44P,Coil,59.73,3.01,51.68,-3.03,-,-,yes,8289284.0,helix coil; hydrophobicity; entropy; helix structure;,"J MOL BIOL 235, 600-624 (1994) PMID: 8289284","Blaber M, Zhang XJ, Lindstrom JD, Pepiot SD, Baase WA, Matthews BW",-3.03,S,44,P,3.01,51.68,59.73,0,0,0,pdb,UP:P00720,UP:P00720:S44P,1535,train
18122,Lysozyme,P00720,N40A (PDB: N40A),Enterobacteria phage T4 (Bacteriophage T4),2LZM,N40A,Helix,86.75,3.0,51.65,0.43,-,-,yes,1570293.0,alpha helix; protein folding; bacteriophage T4;,"PROC NATL ACAD SCI U S A 89, 3751-3755 (1992) PMID: 1570293","Heinz D.W., Baase W.A. & Matthews B.W.",0.43,N,40,A,3.0,51.65,86.75,0,0,0,pdb,UP:P00720,UP:P00720:N40A,1536,train
18123,Lysozyme,P00720,K43A (PDB: K43A),Enterobacteria phage T4 (Bacteriophage T4),2LZM,K43A,Helix,21.39,3.0,51.65,-0.96,-,-,yes,1570293.0,alpha helix; protein folding; bacteriophage T4;,"PROC NATL ACAD SCI U S A 89, 3751-3755 (1992) PMID: 1570293","Heinz D.W., Baase W.A. & Matthews B.W.",-0.96,K,43,A,3.0,51.65,21.39,0,0,0,pdb,UP:P00720,UP:P00720:K43A,1537,train
18124,Lysozyme,P00720,S44A (PDB: S44A),Enterobacteria phage T4 (Bacteriophage T4),2LZM,S44A,Coil,59.73,3.0,51.65,0.44,-,-,yes,1570293.0,alpha helix; protein folding; bacteriophage T4;,"PROC NATL ACAD SCI U S A 89, 3751-3755 (1992) PMID: 1570293","Heinz D.W., Baase W.A. & Matthews B.W.",0.44,S,44,A,3.0,51.65,59.73,0,0,0,pdb,UP:P00720,UP:P00720:S44A,1538,train
18125,Lysozyme,P00720,E45A (PDB: E45A),Enterobacteria phage T4 (Bacteriophage T4),2LZM,E45A,Sheet,36.63,3.0,51.65,0.55,-,-,yes,1570293.0,alpha helix; protein folding; bacteriophage T4;,"PROC NATL ACAD SCI U S A 89, 3751-3755 (1992) PMID: 1570293","Heinz D.W., Baase W.A. & Matthews B.W.",0.55,E,45,A,3.0,51.65,36.63,0,0,0,pdb,UP:P00720,UP:P00720:E45A,1539,train
18126,Lysozyme,P00720,L46A (PDB: L46A),Enterobacteria phage T4 (Bacteriophage T4),2LZM,L46A,Helix,0.0,3.0,51.65,-2.62,-,-,yes,1570293.0,alpha helix; protein folding; bacteriophage T4;,"PROC NATL ACAD SCI U S A 89, 3751-3755 (1992) PMID: 1570293","Heinz D.W., Baase W.A. & Matthews B.W.",-2.62,L,46,A,3.0,51.65,0.0,0,0,0,pdb,UP:P00720,UP:P00720:L46A,1540,train
18127,Lysozyme,P00720,D47A (PDB: D47A),Enterobacteria phage T4 (Bacteriophage T4),2LZM,D47A,Helix,24.29,3.0,51.65,-0.28,-,-,yes,1570293.0,alpha helix; protein folding; bacteriophage T4;,"PROC NATL ACAD SCI U S A 89, 3751-3755 (1992) PMID: 1570293","Heinz D.W., Baase W.A. & Matthews B.W.",-0.28,D,47,A,3.0,51.65,24.29,0,0,0,pdb,UP:P00720,UP:P00720:D47A,1541,train
18128,Lysozyme,P00720,K48A (PDB: K48A),Enterobacteria phage T4 (Bacteriophage T4),2LZM,K48A,Helix,70.49,3.0,51.65,-0.32,-,-,yes,1570293.0,alpha helix; protein folding; bacteriophage T4;,"PROC NATL ACAD SCI U S A 89, 3751-3755 (1992) PMID: 1570293","Heinz D.W., Baase W.A. & Matthews B.W.",-0.32,K,48,A,3.0,51.65,70.49,0,0,0,pdb,UP:P00720,UP:P00720:K48A,1542,train
18130,Lysozyme,P00720,T115A (PDB: T115A),Enterobacteria phage T4 (Bacteriophage T4),2LZM,T115A,Turn,63.45,3.01,51.65,-0.14,-,-,yes,7869383.0,alpha helix; solvent; alanine; lysozyme; mutants,"J MOL BIOL 246, 317-330 (1995) PMID: 7869383","Blaber M, Baase WA, Gassner N, Matthews BW",-0.14,T,115,A,3.01,51.65,63.45,0,0,0,pdb,UP:P00720,UP:P00720:T115A,1543,train
18131,Lysozyme,P00720,N116A (PDB: N116A),Enterobacteria phage T4 (Bacteriophage T4),2LZM,N116A,Helix,60.11,3.01,51.65,0.17,-,-,yes,7869383.0,alpha helix; solvent; alanine; lysozyme; mutants,"J MOL BIOL 246, 317-330 (1995) PMID: 7869383","Blaber M, Baase WA, Gassner N, Matthews BW",0.17,N,116,A,3.01,51.65,60.11,0,0,0,pdb,UP:P00720,UP:P00720:N116A,1544,train
18132,Lysozyme,P00720,S117A (PDB: S117A),Enterobacteria phage T4 (Bacteriophage T4),2LZM,S117A,Coil,0.0,3.01,51.65,1.27,-,-,yes,7869383.0,alpha helix; solvent; alanine; lysozyme; mutants,"J MOL BIOL 246, 317-330 (1995) PMID: 7869383","Blaber M, Baase WA, Gassner N, Matthews BW",1.27,S,117,A,3.01,51.65,0.0,0,0,0,pdb,UP:P00720,UP:P00720:S117A,1545,train
18133,Lysozyme,P00720,L118A (PDB: L118A),Enterobacteria phage T4 (Bacteriophage T4),2LZM,L118A,Helix,7.65,3.01,51.65,-3.5,-,-,yes,7869383.0,alpha helix; solvent; alanine; lysozyme; mutants,"J MOL BIOL 246, 317-330 (1995) PMID: 7869383","Blaber M, Baase WA, Gassner N, Matthews BW",-3.5,L,118,A,3.01,51.65,7.65,0,0,0,pdb,UP:P00720,UP:P00720:L118A,1546,train
18134,Lysozyme,P00720,R119A (PDB: R119A),Enterobacteria phage T4 (Bacteriophage T4),2LZM,R119A,Helix,49.78,3.01,51.65,-0.18,-,-,yes,7869383.0,alpha helix; solvent; alanine; lysozyme; mutants,"J MOL BIOL 246, 317-330 (1995) PMID: 7869383","Blaber M, Baase WA, Gassner N, Matthews BW",-0.18,R,119,A,3.01,51.65,49.78,0,0,0,pdb,UP:P00720,UP:P00720:R119A,1547,train
18135,Lysozyme,P00720,M120A (PDB: M120A),Enterobacteria phage T4 (Bacteriophage T4),2LZM,M120A,Helix,14.99,3.01,51.65,-0.2,-,-,yes,7869383.0,alpha helix; solvent; alanine; lysozyme; mutants,"J MOL BIOL 246, 317-330 (1995) PMID: 7869383","Blaber M, Baase WA, Gassner N, Matthews BW",-0.2,M,120,A,3.01,51.65,14.99,0,0,0,pdb,UP:P00720,UP:P00720:M120A,1548,train
18136,Lysozyme,P00720,L121A (PDB: L121A),Enterobacteria phage T4 (Bacteriophage T4),2LZM,L121A,Helix,1.09,3.01,51.65,-2.7,-,-,yes,7869383.0,alpha helix; solvent; alanine; lysozyme; mutants,"J MOL BIOL 246, 317-330 (1995) PMID: 7869383","Blaber M, Baase WA, Gassner N, Matthews BW",-2.7,L,121,A,3.01,51.65,1.09,0,0,0,pdb,UP:P00720,UP:P00720:L121A,1549,train
18137,Lysozyme,P00720,Q122A (PDB: Q122A),Enterobacteria phage T4 (Bacteriophage T4),2LZM,Q122A,Helix,52.07,3.01,51.65,-0.24,-,-,yes,7869383.0,alpha helix; solvent; alanine; lysozyme; mutants,"J MOL BIOL 246, 317-330 (1995) PMID: 7869383","Blaber M, Baase WA, Gassner N, Matthews BW",-0.24,Q,122,A,3.01,51.65,52.07,0,0,0,pdb,UP:P00720,UP:P00720:Q122A,1550,train
18138,Lysozyme,P00720,Q123A (PDB: Q123A),Enterobacteria phage T4 (Bacteriophage T4),2LZM,Q123A,Helix,55.43,3.01,51.65,-0.22,-,-,yes,7869383.0,alpha helix; solvent; alanine; lysozyme; mutants,"J MOL BIOL 246, 317-330 (1995) PMID: 7869383","Blaber M, Baase WA, Gassner N, Matthews BW",-0.22,Q,123,A,3.01,51.65,55.43,0,0,0,pdb,UP:P00720,UP:P00720:Q123A,1551,train
18145,Lysozyme,P00720,I17A (PDB: I17A),Enterobacteria phage T4 (Bacteriophage T4),2LZM,I17A,Helix,12.97,3.0,51.65,-2.7,-,-,Unknown,9514271.0,alanine; cavities; core packing; hydrophobic effect;,"PROTEIN SCI 7, 158-177 (1998) PMID: 9514271","Xu J, Baase WA, Baldwin E, Matthews BW",-2.7,I,17,A,3.0,51.65,12.97,0,0,0,pdb,UP:P00720,UP:P00720:I17A,1552,train
18146,Lysozyme,P00720,I27A (PDB: I27A),Enterobacteria phage T4 (Bacteriophage T4),2LZM,I27A,Helix,0.0,3.0,51.65,-3.1,-,-,Unknown,9514271.0,alanine; cavities; core packing; hydrophobic effect;,"PROTEIN SCI 7, 158-177 (1998) PMID: 9514271","Xu J, Baase WA, Baldwin E, Matthews BW",-3.1,I,27,A,3.0,51.65,0.0,0,0,0,pdb,UP:P00720,UP:P00720:I27A,1553,train
18147,Lysozyme,P00720,I29A (PDB: I29A),Enterobacteria phage T4 (Bacteriophage T4),2LZM,I29A,Helix,2.16,3.0,51.65,-2.6,-,-,Unknown,9514271.0,alanine; cavities; core packing; hydrophobic effect;,"PROTEIN SCI 7, 158-177 (1998) PMID: 9514271","Xu J, Baase WA, Baldwin E, Matthews BW",-2.6,I,29,A,3.0,51.65,2.16,0,0,0,pdb,UP:P00720,UP:P00720:I29A,1554,train
18148,Lysozyme,P00720,I50A (PDB: I50A),Enterobacteria phage T4 (Bacteriophage T4),2LZM,I50A,Helix,20.0,3.0,51.65,-2,-,-,Unknown,9514271.0,alanine; cavities; core packing; hydrophobic effect;,"PROTEIN SCI 7, 158-177 (1998) PMID: 9514271","Xu J, Baase WA, Baldwin E, Matthews BW",-2.0,I,50,A,3.0,51.65,20.0,0,0,0,pdb,UP:P00720,UP:P00720:I50A,1555,train
18149,Lysozyme,P00720,I58A (PDB: I58A),Enterobacteria phage T4 (Bacteriophage T4),2LZM,I58A,Helix,3.78,3.0,51.65,-3.2,-,-,Unknown,9514271.0,alanine; cavities; core packing; hydrophobic effect;,"PROTEIN SCI 7, 158-177 (1998) PMID: 9514271","Xu J, Baase WA, Baldwin E, Matthews BW",-3.2,I,58,A,3.0,51.65,3.78,0,0,0,pdb,UP:P00720,UP:P00720:I58A,1556,train
18150,Lysozyme,P00720,I78A (PDB: I78A),Enterobacteria phage T4 (Bacteriophage T4),2LZM,I78A,Helix,0.0,3.0,51.65,-1.6,-,-,Unknown,9514271.0,alanine; cavities; core packing; hydrophobic effect;,"PROTEIN SCI 7, 158-177 (1998) PMID: 9514271","Xu J, Baase WA, Baldwin E, Matthews BW",-1.6,I,78,A,3.0,51.65,0.0,0,0,0,pdb,UP:P00720,UP:P00720:I78A,1557,train
18151,Lysozyme,P00720,I100A (PDB: I100A),Enterobacteria phage T4 (Bacteriophage T4),2LZM,I100A,Helix,4.32,3.0,51.65,-3.4,-,-,Unknown,9514271.0,alanine; cavities; core packing; hydrophobic effect;,"PROTEIN SCI 7, 158-177 (1998) PMID: 9514271","Xu J, Baase WA, Baldwin E, Matthews BW",-3.4,I,100,A,3.0,51.65,4.32,0,0,0,pdb,UP:P00720,UP:P00720:I100A,1558,train
18152,Lysozyme,P00720,V71A (PDB: V71A),Enterobacteria phage T4 (Bacteriophage T4),2LZM,V71A,Helix,3.9,3.0,51.65,-1.5,-,-,Unknown,9514271.0,alanine; cavities; core packing; hydrophobic effect;,"PROTEIN SCI 7, 158-177 (1998) PMID: 9514271","Xu J, Baase WA, Baldwin E, Matthews BW",-1.5,V,71,A,3.0,51.65,3.9,0,0,0,pdb,UP:P00720,UP:P00720:V71A,1559,train
18153,Lysozyme,P00720,V87A (PDB: V87A),Enterobacteria phage T4 (Bacteriophage T4),2LZM,V87A,Helix,1.3,3.0,51.65,-1.7,-,-,Unknown,9514271.0,alanine; cavities; core packing; hydrophobic effect;,"PROTEIN SCI 7, 158-177 (1998) PMID: 9514271","Xu J, Baase WA, Baldwin E, Matthews BW",-1.7,V,87,A,3.0,51.65,1.3,0,0,0,pdb,UP:P00720,UP:P00720:V87A,1560,train
18154,Lysozyme,P00720,V94A (PDB: V94A),Enterobacteria phage T4 (Bacteriophage T4),2LZM,V94A,Helix,17.57,3.0,51.65,-1.8,-,-,Unknown,9514271.0,alanine; cavities; core packing; hydrophobic effect;,"PROTEIN SCI 7, 158-177 (1998) PMID: 9514271","Xu J, Baase WA, Baldwin E, Matthews BW",-1.8,V,94,A,3.0,51.65,17.57,0,0,0,pdb,UP:P00720,UP:P00720:V94A,1561,train
18155,Lysozyme,P00720,V103A (PDB: V103A),Enterobacteria phage T4 (Bacteriophage T4),2LZM,V103A,Helix,5.2,3.0,51.65,-2.2,-,-,Unknown,9514271.0,alanine; cavities; core packing; hydrophobic effect;,"PROTEIN SCI 7, 158-177 (1998) PMID: 9514271","Xu J, Baase WA, Baldwin E, Matthews BW",-2.2,V,103,A,3.0,51.65,5.2,0,0,0,pdb,UP:P00720,UP:P00720:V103A,1562,train
18156,Lysozyme,P00720,V111A (PDB: V111A),Enterobacteria phage T4 (Bacteriophage T4),2LZM,V111A,Helix,0.0,3.0,51.65,-1.3,-,-,Unknown,9514271.0,alanine; cavities; core packing; hydrophobic effect;,"PROTEIN SCI 7, 158-177 (1998) PMID: 9514271","Xu J, Baase WA, Baldwin E, Matthews BW",-1.3,V,111,A,3.0,51.65,0.0,0,0,0,pdb,UP:P00720,UP:P00720:V111A,1563,train
18157,Lysozyme,P00720,V149A (PDB: V149A),Enterobacteria phage T4 (Bacteriophage T4),2LZM,V149A,Helix,0.0,3.0,51.65,-3.2,-,-,Unknown,9514271.0,alanine; cavities; core packing; hydrophobic effect;,"PROTEIN SCI 7, 158-177 (1998) PMID: 9514271","Xu J, Baase WA, Baldwin E, Matthews BW",-3.2,V,149,A,3.0,51.65,0.0,0,0,0,pdb,UP:P00720,UP:P00720:V149A,1564,train
18158,Lysozyme,P00720,M6A (PDB: M6A),Enterobacteria phage T4 (Bacteriophage T4),2LZM,M6A,Helix,0.0,3.0,51.65,-1.9,-,-,Unknown,9514271.0,alanine; cavities; core packing; hydrophobic effect;,"PROTEIN SCI 7, 158-177 (1998) PMID: 9514271","Xu J, Baase WA, Baldwin E, Matthews BW",-1.9,M,6,A,3.0,51.65,0.0,0,0,0,pdb,UP:P00720,UP:P00720:M6A,1565,train
18159,Lysozyme,P00720,M106A (PDB: M106A),Enterobacteria phage T4 (Bacteriophage T4),2LZM,M106A,Helix,27.99,3.0,51.65,-2.3,-,-,Unknown,9514271.0,alanine; cavities; core packing; hydrophobic effect;,"PROTEIN SCI 7, 158-177 (1998) PMID: 9514271","Xu J, Baase WA, Baldwin E, Matthews BW",-2.3,M,106,A,3.0,51.65,27.99,0,0,0,pdb,UP:P00720,UP:P00720:M106A,1566,train
18160,Lysozyme,P00720,F67A (PDB: F67A),Enterobacteria phage T4 (Bacteriophage T4),2LZM,F67A,Helix,5.98,3.0,51.65,-1.9,-,-,Unknown,9514271.0,alanine; cavities; core packing; hydrophobic effect;,"PROTEIN SCI 7, 158-177 (1998) PMID: 9514271","Xu J, Baase WA, Baldwin E, Matthews BW",-1.9,F,67,A,3.0,51.65,5.98,0,0,0,pdb,UP:P00720,UP:P00720:F67A,1567,train
18161,Lysozyme,P00720,F104A (PDB: F104A),Enterobacteria phage T4 (Bacteriophage T4),2LZM,F104A,Helix,15.94,3.0,51.65,-3.1,-,-,Unknown,9514271.0,alanine; cavities; core packing; hydrophobic effect;,"PROTEIN SCI 7, 158-177 (1998) PMID: 9514271","Xu J, Baase WA, Baldwin E, Matthews BW",-3.1,F,104,A,3.0,51.65,15.94,0,0,0,pdb,UP:P00720,UP:P00720:F104A,1568,train
18162,Lysozyme,P00720,L7A (PDB: L7A),Enterobacteria phage T4 (Bacteriophage T4),2LZM,L7A,Helix,0.0,3.0,51.65,-2.6,-,-,Unknown,9514271.0,alanine; cavities; core packing; hydrophobic effect;,"PROTEIN SCI 7, 158-177 (1998) PMID: 9514271","Xu J, Baase WA, Baldwin E, Matthews BW",-2.6,L,7,A,3.0,51.65,0.0,0,0,0,pdb,UP:P00720,UP:P00720:L7A,1569,train
18163,Lysozyme,P00720,L33A (PDB: L33A),Enterobacteria phage T4 (Bacteriophage T4),2LZM,L33A,Sheet,9.28,3.0,51.65,-3.6,-,-,Unknown,9514271.0,alanine; cavities; core packing; hydrophobic effect;,"PROTEIN SCI 7, 158-177 (1998) PMID: 9514271","Xu J, Baase WA, Baldwin E, Matthews BW",-3.6,L,33,A,3.0,51.65,9.28,0,0,0,pdb,UP:P00720,UP:P00720:L33A,1570,train
18164,Lysozyme,P00720,L66A (PDB: L66A),Enterobacteria phage T4 (Bacteriophage T4),2LZM,L66A,Helix,1.64,3.0,51.65,-3.9,-,-,Unknown,9514271.0,alanine; cavities; core packing; hydrophobic effect;,"PROTEIN SCI 7, 158-177 (1998) PMID: 9514271","Xu J, Baase WA, Baldwin E, Matthews BW",-3.9,L,66,A,3.0,51.65,1.64,0,0,0,pdb,UP:P00720,UP:P00720:L66A,1571,train
18165,Lysozyme,P00720,L84A (PDB: L84A),Enterobacteria phage T4 (Bacteriophage T4),2LZM,L84A,Helix,0.0,3.0,51.65,-3.9,-,-,Unknown,9514271.0,alanine; cavities; core packing; hydrophobic effect;,"PROTEIN SCI 7, 158-177 (1998) PMID: 9514271","Xu J, Baase WA, Baldwin E, Matthews BW",-3.9,L,84,A,3.0,51.65,0.0,0,0,0,pdb,UP:P00720,UP:P00720:L84A,1572,train
18166,Lysozyme,P00720,L91A (PDB: L91A),Enterobacteria phage T4 (Bacteriophage T4),2LZM,L91A,Coil,3.28,3.0,51.65,-3.1,-,-,Unknown,9514271.0,alanine; cavities; core packing; hydrophobic effect;,"PROTEIN SCI 7, 158-177 (1998) PMID: 9514271","Xu J, Baase WA, Baldwin E, Matthews BW",-3.1,L,91,A,3.0,51.65,3.28,0,0,0,pdb,UP:P00720,UP:P00720:L91A,1573,train
18167,Lysozyme,P00720,M102K (PDB: M102K),Enterobacteria phage T4 (Bacteriophage T4),2LZM,M102K,Helix,1.5,3.0,51.6,-8.9,-,-,yes,1747370.0,T4 lysozyme; alpha-helix; energetic; structural;,"BIOCHEMISTRY 30, 11521-11529 (1991) PMID: 1747370","Dao-pin S., Anderson D.E., Baase W.A., Dahlquist F.W. & Matthews B.W.",-8.9,M,102,K,3.0,51.6,1.5,0,0,0,pdb,UP:P00720,UP:P00720:M102K,1574,train
18168,Lysozyme,P00720,L133D (PDB: L133D),Enterobacteria phage T4 (Bacteriophage T4),2LZM,L133D,Helix,0.55,3.0,51.6,-4.9,-,-,yes,1747370.0,T4 lysozyme; alpha-helix; energetic; structural;,"BIOCHEMISTRY 30, 11521-11529 (1991) PMID: 1747370","Dao-pin S., Anderson D.E., Baase W.A., Dahlquist F.W. & Matthews B.W.",-4.9,L,133,D,3.0,51.6,0.55,0,0,0,pdb,UP:P00720,UP:P00720:L133D,1575,train
18173,Lysozyme,P00720,E108V (PDB: E108V),Enterobacteria phage T4 (Bacteriophage T4),2LZM,E108V,Sheet,29.19,3.02,51.6,1.4,-,-,Unknown,15340171.0,beta-sheet; T4 lysozyme; secondary structure; tertiary interactions; alanine mutagenesis,"PROTEIN SCI 13, 2716-2724 (2004) PMID: 15340171","He MM, Wood ZA, Baase WA, Xiao H, Matthews BW",1.4,E,108,V,3.02,51.6,29.19,0,0,0,pdb,UP:P00720,UP:P00720:E108V,1576,train
18174,Lysozyme,P00720,G28A (PDB: G28A),Enterobacteria phage T4 (Bacteriophage T4),2LZM,G28A,Helix,1.27,3.02,51.6,-2,-,-,Unknown,15340171.0,beta-sheet; T4 lysozyme; secondary structure; tertiary interactions; alanine mutagenesis,"PROTEIN SCI 13, 2716-2724 (2004) PMID: 15340171","He MM, Wood ZA, Baase WA, Xiao H, Matthews BW",-2.0,G,28,A,3.02,51.6,1.27,0,0,0,pdb,UP:P00720,UP:P00720:G28A,1577,train
18175,Lysozyme,P00720,A41S (PDB: A41S),Enterobacteria phage T4 (Bacteriophage T4),2LZM,A41S,Helix,29.95,3.0,51.55,-0.6,-,-,yes,8218201.0,T4 lysozyme; alpha-helix; hydrogen bond; protein structure;,"BIOCHEMISTRY 32, 11363-11373 (1993) PMID: 8218201","Blaber M., Lindstrom J.D., Gassner N., Xu J., Heinz D.W. & Matthews B.W.",-0.6,A,41,S,3.0,51.55,29.95,0,0,0,pdb,UP:P00720,UP:P00720:A41S,1578,train
18176,Lysozyme,P00720,A42S (PDB: A42S),Enterobacteria phage T4 (Bacteriophage T4),2LZM,A42S,Helix,0.0,3.0,51.55,-2.3,-,-,yes,8218201.0,T4 lysozyme; alpha-helix; hydrogen bond; protein structure;,"BIOCHEMISTRY 32, 11363-11373 (1993) PMID: 8218201","Blaber M., Lindstrom J.D., Gassner N., Xu J., Heinz D.W. & Matthews B.W.",-2.3,A,42,S,3.0,51.55,0.0,0,0,0,pdb,UP:P00720,UP:P00720:A42S,1579,train
18177,Lysozyme,P00720,A49S (PDB: A49S),Enterobacteria phage T4 (Bacteriophage T4),2LZM,A49S,Helix,39.93,3.0,51.55,-0.5,-,-,yes,8218201.0,T4 lysozyme; alpha-helix; hydrogen bond; protein structure;,"BIOCHEMISTRY 32, 11363-11373 (1993) PMID: 8218201","Blaber M., Lindstrom J.D., Gassner N., Xu J., Heinz D.W. & Matthews B.W.",-0.5,A,49,S,3.0,51.55,39.93,0,0,0,pdb,UP:P00720,UP:P00720:A49S,1580,train
18178,Lysozyme,P00720,A73S (PDB: A73S),Enterobacteria phage T4 (Bacteriophage T4),2LZM,A73S,Helix,40.83,3.0,51.55,-0.4,-,-,yes,8218201.0,T4 lysozyme; alpha-helix; hydrogen bond; protein structure;,"BIOCHEMISTRY 32, 11363-11373 (1993) PMID: 8218201","Blaber M., Lindstrom J.D., Gassner N., Xu J., Heinz D.W. & Matthews B.W.",-0.4,A,73,S,3.0,51.55,40.83,0,0,0,pdb,UP:P00720,UP:P00720:A73S,1581,train
18179,Lysozyme,P00720,A82S (PDB: A82S),Enterobacteria phage T4 (Bacteriophage T4),2LZM,A82S,Helix,78.95,3.0,51.55,-0.3,-,-,yes,8218201.0,T4 lysozyme; alpha-helix; hydrogen bond; protein structure;,"BIOCHEMISTRY 32, 11363-11373 (1993) PMID: 8218201","Blaber M., Lindstrom J.D., Gassner N., Xu J., Heinz D.W. & Matthews B.W.",-0.3,A,82,S,3.0,51.55,78.95,0,0,0,pdb,UP:P00720,UP:P00720:A82S,1582,train
18180,Lysozyme,P00720,A93S (PDB: A93S),Enterobacteria phage T4 (Bacteriophage T4),2LZM,A93S,Helix,66.24,3.0,51.55,-0.2,-,-,yes,8218201.0,T4 lysozyme; alpha-helix; hydrogen bond; protein structure;,"BIOCHEMISTRY 32, 11363-11373 (1993) PMID: 8218201","Blaber M., Lindstrom J.D., Gassner N., Xu J., Heinz D.W. & Matthews B.W.",-0.2,A,93,S,3.0,51.55,66.24,0,0,0,pdb,UP:P00720,UP:P00720:A93S,1583,train
18181,Lysozyme,P00720,A98S (PDB: A98S),Enterobacteria phage T4 (Bacteriophage T4),2LZM,A98S,Helix,0.0,3.0,51.55,-2.5,-,-,yes,8218201.0,T4 lysozyme; alpha-helix; hydrogen bond; protein structure;,"BIOCHEMISTRY 32, 11363-11373 (1993) PMID: 8218201","Blaber M., Lindstrom J.D., Gassner N., Xu J., Heinz D.W. & Matthews B.W.",-2.5,A,98,S,3.0,51.55,0.0,0,0,0,pdb,UP:P00720,UP:P00720:A98S,1584,train
18182,Lysozyme,P00720,A130S (PDB: A130S),Enterobacteria phage T4 (Bacteriophage T4),2LZM,A130S,Helix,8.17,3.0,51.55,-1,-,-,yes,8218201.0,T4 lysozyme; alpha-helix; hydrogen bond; protein structure;,"BIOCHEMISTRY 32, 11363-11373 (1993) PMID: 8218201","Blaber M., Lindstrom J.D., Gassner N., Xu J., Heinz D.W. & Matthews B.W.",-1.0,A,130,S,3.0,51.55,8.17,0,0,0,pdb,UP:P00720,UP:P00720:A130S,1585,train
18183,Lysozyme,P00720,A134S (PDB: A134S),Enterobacteria phage T4 (Bacteriophage T4),2LZM,A134S,Helix,24.5,3.0,51.55,-0.1,-,-,yes,8218201.0,T4 lysozyme; alpha-helix; hydrogen bond; protein structure;,"BIOCHEMISTRY 32, 11363-11373 (1993) PMID: 8218201","Blaber M., Lindstrom J.D., Gassner N., Xu J., Heinz D.W. & Matthews B.W.",-0.1,A,134,S,3.0,51.55,24.5,0,0,0,pdb,UP:P00720,UP:P00720:A134S,1586,train
18184,Lysozyme,P00720,V75T (PDB: V75T),Enterobacteria phage T4 (Bacteriophage T4),2LZM,V75T,Helix,21.47,3.0,51.55,-1.3,-,-,yes,8218201.0,T4 lysozyme; alpha-helix; hydrogen bond; protein structure;,"BIOCHEMISTRY 32, 11363-11373 (1993) PMID: 8218201","Blaber M., Lindstrom J.D., Gassner N., Xu J., Heinz D.W. & Matthews B.W.",-1.3,V,75,T,3.0,51.55,21.47,0,0,0,pdb,UP:P00720,UP:P00720:V75T,1587,train
18185,Lysozyme,P00720,V87T (PDB: V87T),Enterobacteria phage T4 (Bacteriophage T4),2LZM,V87T,Helix,1.3,3.0,51.55,-1.6,-,-,yes,8218201.0,T4 lysozyme; alpha-helix; hydrogen bond; protein structure;,"BIOCHEMISTRY 32, 11363-11373 (1993) PMID: 8218201","Blaber M., Lindstrom J.D., Gassner N., Xu J., Heinz D.W. & Matthews B.W.",-1.6,V,87,T,3.0,51.55,1.3,0,0,0,pdb,UP:P00720,UP:P00720:V87T,1588,train
18186,Lysozyme,P00720,V149T (PDB: V149T),Enterobacteria phage T4 (Bacteriophage T4),2LZM,V149T,Helix,0.0,3.0,51.55,-2.8,-,-,yes,8218201.0,T4 lysozyme; alpha-helix; hydrogen bond; protein structure;,"BIOCHEMISTRY 32, 11363-11373 (1993) PMID: 8218201","Blaber M., Lindstrom J.D., Gassner N., Xu J., Heinz D.W. & Matthews B.W.",-2.8,V,149,T,3.0,51.55,0.0,0,0,0,pdb,UP:P00720,UP:P00720:V149T,1589,train
18187,Lambda repressor,P03034,K4Q (UniProt),Escherichia phage lambda (Bacteriophage lambda),1LRP,-,Coil,54.45,8.0,51.5,0.43,-,-,no,6237363.0,phage lambda receptor; amino acid replacement; thermal stability;,"PROC NATL ACAD SCI U S A 81, 5685-5689 (1984) PMID: 6237363","Hecht M.H., Sturtevant J.M. & Sauer R.T.",0.43,K,4,Q,8.0,51.5,54.45,0,0,0,uniprot,UP:P03034,UP:P03034:K4Q,1590,test
18188,Lambda repressor,P03034,Q34Y (UniProt),Escherichia phage lambda (Bacteriophage lambda),1LRP,-,Helix,37.96,8.0,51.5,1.32,-,-,no,6237363.0,phage lambda receptor; amino acid replacement; thermal stability;,"PROC NATL ACAD SCI U S A 81, 5685-5689 (1984) PMID: 6237363","Hecht M.H., Sturtevant J.M. & Sauer R.T.",1.32,Q,34,Y,8.0,51.5,37.96,0,0,0,uniprot,UP:P03034,UP:P03034:Q34Y,1591,test
18189,Lambda repressor,P03034,Q45Y (UniProt),Escherichia phage lambda (Bacteriophage lambda),1LRP,-,Helix,45.24,8.0,51.5,-0.02,-,-,no,6237363.0,phage lambda receptor; amino acid replacement; thermal stability;,"PROC NATL ACAD SCI U S A 81, 5685-5689 (1984) PMID: 6237363","Hecht M.H., Sturtevant J.M. & Sauer R.T.",-0.02,Q,45,Y,8.0,51.5,45.24,0,0,0,uniprot,UP:P03034,UP:P03034:Q45Y,1592,test
18190,Lambda repressor,P03034,A50V (UniProt),Escherichia phage lambda (Bacteriophage lambda),1LRP,-,Helix,32.3,8.0,51.5,-1.22,-,-,no,6237363.0,phage lambda receptor; amino acid replacement; thermal stability;,"PROC NATL ACAD SCI U S A 81, 5685-5689 (1984) PMID: 6237363","Hecht M.H., Sturtevant J.M. & Sauer R.T.",-1.22,A,50,V,8.0,51.5,32.3,0,0,0,uniprot,UP:P03034,UP:P03034:A50V,1593,test
18191,Lambda repressor,P03034,Y23H (UniProt),Escherichia phage lambda (Bacteriophage lambda),1LRP,-,Helix,21.71,8.0,51.5,-2.25,-,-,no,6237363.0,phage lambda receptor; amino acid replacement; thermal stability;,"PROC NATL ACAD SCI U S A 81, 5685-5689 (1984) PMID: 6237363","Hecht M.H., Sturtevant J.M. & Sauer R.T.",-2.25,Y,23,H,8.0,51.5,21.71,0,0,0,uniprot,UP:P03034,UP:P03034:Y23H,1594,test
18192,Lambda repressor,P03034,A67T (UniProt),Escherichia phage lambda (Bacteriophage lambda),1LRP,-,Helix,19.69,8.0,51.5,-2.99,-,-,no,6237363.0,phage lambda receptor; amino acid replacement; thermal stability;,"PROC NATL ACAD SCI U S A 81, 5685-5689 (1984) PMID: 6237363","Hecht M.H., Sturtevant J.M. & Sauer R.T.",-2.99,A,67,T,8.0,51.5,19.69,0,0,0,uniprot,UP:P03034,UP:P03034:A67T,1595,test
18193,Lambda repressor,P03034,I85S (UniProt),Escherichia phage lambda (Bacteriophage lambda),1LRP,-,Helix,32.38,8.0,51.5,-2.25,-,-,no,6237363.0,phage lambda receptor; amino acid replacement; thermal stability;,"PROC NATL ACAD SCI U S A 81, 5685-5689 (1984) PMID: 6237363","Hecht M.H., Sturtevant J.M. & Sauer R.T.",-2.25,I,85,S,8.0,51.5,32.38,0,0,0,uniprot,UP:P03034,UP:P03034:I85S,1596,test
18194,Staphylococcal nuclease,P00644,L107A (UniProt),Staphylococcus aureus,1STN,-,Sheet,0.0,7.0,51.4,-2.6,-,-,yes,8518730.0,thermal unfolding; free energies of unfolding; differential scanning,"PROTEIN SCI 2, 567-576 (1993) PMID: 8518730","Tanaka A., Flanagan J. & Sturtevant J.M.",-2.6,L,107,A,7.0,51.4,0.0,0,0,0,uniprot,UP:P00644,UP:P00644:L107A,1597,train
18195,Staphylococcal nuclease,P00644,V148L (UniProt),Staphylococcus aureus,1STN,-,Helix,2.6,7.0,51.4,0.8,-,-,yes,8518730.0,thermal unfolding; free energies of unfolding; differential scanning,"PROTEIN SCI 2, 567-576 (1993) PMID: 8518730","Tanaka A., Flanagan J. & Sturtevant J.M.",0.8,V,148,L,7.0,51.4,2.6,0,0,0,uniprot,UP:P00644,UP:P00644:V148L,1598,train
18196,Staphylococcal nuclease,P00644,G161S (UniProt),Staphylococcus aureus,1STN,-,Helix,22.87,7.0,51.4,-1.3,-,-,yes,8518730.0,thermal unfolding; free energies of unfolding; differential scanning,"PROTEIN SCI 2, 567-576 (1993) PMID: 8518730","Tanaka A., Flanagan J. & Sturtevant J.M.",-1.3,G,161,S,7.0,51.4,22.87,0,0,0,uniprot,UP:P00644,UP:P00644:G161S,1599,train
18197,Staphylococcal nuclease,P00644,G170V (UniProt),Staphylococcus aureus,1STN,-,Helix,1.27,7.0,51.4,0.5,-,-,yes,8518730.0,thermal unfolding; free energies of unfolding; differential scanning,"PROTEIN SCI 2, 567-576 (1993) PMID: 8518730","Tanaka A., Flanagan J. & Sturtevant J.M.",0.5,G,170,V,7.0,51.4,1.27,0,0,0,uniprot,UP:P00644,UP:P00644:G170V,1600,train
18198,Staphylococcal nuclease,P00644,A172S (UniProt),Staphylococcus aureus,1STN,-,Coil,0.0,7.0,51.4,-2.5,-,-,yes,8518730.0,thermal unfolding; free energies of unfolding; differential scanning,"PROTEIN SCI 2, 567-576 (1993) PMID: 8518730","Tanaka A., Flanagan J. & Sturtevant J.M.",-2.5,A,172,S,7.0,51.4,0.0,0,0,0,uniprot,UP:P00644,UP:P00644:A172S,1601,train
18199,Staphylococcal nuclease,P00644,H206L (UniProt),Staphylococcus aureus,1STN,-,Helix,52.23,7.0,51.4,1.3,-,-,yes,8518730.0,thermal unfolding; free energies of unfolding; differential scanning,"PROTEIN SCI 2, 567-576 (1993) PMID: 8518730","Tanaka A., Flanagan J. & Sturtevant J.M.",1.3,H,206,L,7.0,51.4,52.23,0,0,0,uniprot,UP:P00644,UP:P00644:H206L,1602,train
18200,Iso-1 cytochrome c,P00044,C108T (UniProt),Saccharomyces cerevisiae (strain ATCC 204508 / S288c) (Baker's yeast),1YCC,-,Coil,0.0,4.7,51.4,0.5,-,-,yes,10366726.0,cytochrome c; differential stability; mutagenesis; scanning calorimetry,"BIOCHIM BIOPHYS ACTA 1432, 40-48 (1999) PMID: 10366726","Lett CM, Rosu-Myles MD, Frey HE, Guillemette JG",0.5,C,108,T,4.7,51.4,0.0,0,0,0,uniprot,UP:P00044,UP:P00044:C108T,1603,train
18201,Iso-1 cytochrome c,P00044,C108T (UniProt),Saccharomyces cerevisiae (strain ATCC 204508 / S288c) (Baker's yeast),1YCC,-,Coil,0.0,4.7,51.4,5.3,-,-,yes,10366726.0,cytochrome c; differential stability; mutagenesis; scanning calorimetry,"BIOCHIM BIOPHYS ACTA 1432, 40-48 (1999) PMID: 10366726","Lett CM, Rosu-Myles MD, Frey HE, Guillemette JG",5.3,C,108,T,4.7,51.4,0.0,0,0,0,uniprot,UP:P00044,UP:P00044:C108T,1604,train
18212,Lysozyme,P00720,V131A (PDB: V131A),Enterobacteria phage T4 (Bacteriophage T4),2LZM,V131A,Helix,58.56,2.83,51.1,0.3,-,-,Unknown,2326253.0,protein stability; protein design; strain,"PROTEINS 7, 198-204 (1990) PMID: 2326253","Dao-Pin S., Baase W.A. & Matthews B.W.",0.3,V,131,A,2.83,51.1,58.56,0,0,0,pdb,UP:P00720,UP:P00720:V131A,1605,train
18213,Lysozyme,P00720,V131T (PDB: V131T),Enterobacteria phage T4 (Bacteriophage T4),2LZM,V131T,Helix,58.56,2.83,51.1,-0.05,-,-,Unknown,2326253.0,protein stability; protein design; strain,"PROTEINS 7, 198-204 (1990) PMID: 2326253","Dao-Pin S., Baase W.A. & Matthews B.W.",-0.05,V,131,T,2.83,51.1,58.56,0,0,0,pdb,UP:P00720,UP:P00720:V131T,1606,train
18214,Lysozyme,P00720,A41V (PDB: A41V),Enterobacteria phage T4 (Bacteriophage T4),2LZM,A41V,Helix,29.95,2.83,51.1,0.45,-,-,Unknown,2326253.0,protein stability; protein design; strain,"PROTEINS 7, 198-204 (1990) PMID: 2326253","Dao-Pin S., Baase W.A. & Matthews B.W.",0.45,A,41,V,2.83,51.1,29.95,0,0,0,pdb,UP:P00720,UP:P00720:A41V,1607,train
18217,Lysozyme,P00720,K16E (PDB: K16E),Enterobacteria phage T4 (Bacteriophage T4),2LZM,K16E,Sheet,58.34,2.8,50.9,-0.5,-,-,yes,1942034.0,protein structure; electrostatics; lysozyme;,"J MOL BIOL 221, 873-887 (1991) PMID: 1942034","Dao-pin S., Soderlind E., Baase W.A., Wozniak J.A., Sauer U. &",-0.5,K,16,E,2.8,50.9,58.34,0,0,0,pdb,UP:P00720,UP:P00720:K16E,1608,train
18218,Lysozyme,P00720,R119E (PDB: R119E),Enterobacteria phage T4 (Bacteriophage T4),2LZM,R119E,Helix,49.78,2.8,50.9,-0.2,-,-,yes,1942034.0,protein structure; electrostatics; lysozyme;,"J MOL BIOL 221, 873-887 (1991) PMID: 1942034","Dao-pin S., Soderlind E., Baase W.A., Wozniak J.A., Sauer U. &",-0.2,R,119,E,2.8,50.9,49.78,0,0,0,pdb,UP:P00720,UP:P00720:R119E,1609,train
18219,Lysozyme,P00720,K135E (PDB: K135E),Enterobacteria phage T4 (Bacteriophage T4),2LZM,K135E,Coil,72.44,2.8,50.9,-0.2,-,-,yes,1942034.0,protein structure; electrostatics; lysozyme;,"J MOL BIOL 221, 873-887 (1991) PMID: 1942034","Dao-pin S., Soderlind E., Baase W.A., Wozniak J.A., Sauer U. &",-0.2,K,135,E,2.8,50.9,72.44,0,0,0,pdb,UP:P00720,UP:P00720:K135E,1610,train
18220,Lysozyme,P00720,K147E (PDB: K147E),Enterobacteria phage T4 (Bacteriophage T4),2LZM,K147E,Helix,39.86,2.8,50.9,0.1,-,-,yes,1942034.0,protein structure; electrostatics; lysozyme;,"J MOL BIOL 221, 873-887 (1991) PMID: 1942034","Dao-pin S., Soderlind E., Baase W.A., Wozniak J.A., Sauer U. &",0.1,K,147,E,2.8,50.9,39.86,0,0,0,pdb,UP:P00720,UP:P00720:K147E,1611,train
18221,Lysozyme,P00720,R154E (PDB: R154E),Enterobacteria phage T4 (Bacteriophage T4),2LZM,R154E,Helix,34.93,2.8,50.9,0.2,-,-,yes,1942034.0,protein structure; electrostatics; lysozyme;,"J MOL BIOL 221, 873-887 (1991) PMID: 1942034","Dao-pin S., Soderlind E., Baase W.A., Wozniak J.A., Sauer U. &",0.2,R,154,E,2.8,50.9,34.93,0,0,0,pdb,UP:P00720,UP:P00720:R154E,1612,train
18230,Ribonuclease HI,P0A7Y4,G23A (PDB: G23A),Escherichia coli (strain K12),2RN2,G23A,Helix,0.0,3.0,50.9,0.7,-,-,yes,7794925.0,Escherichia coli ribonuclease HI; thermal denaturation;,"BIOCHEMISTRY 34, 8115-8122 (1995) PMID: 7794925","Akasako A, Haruki M, Oobatake M, Kanaya S",0.7,G,23,A,3.0,50.9,0.0,0,0,0,pdb,UP:P0A7Y4,UP:P0A7Y4:G23A,1613,test
18231,Ribonuclease HI,P0A7Y4,H62P (PDB: H62P),Escherichia coli (strain K12),2RN2,H62P,Helix,74.77,3.0,50.9,1,-,-,yes,7794925.0,Escherichia coli ribonuclease HI; thermal denaturation;,"BIOCHEMISTRY 34, 8115-8122 (1995) PMID: 7794925","Akasako A, Haruki M, Oobatake M, Kanaya S",1.0,H,62,P,3.0,50.9,74.77,0,0,0,pdb,UP:P0A7Y4,UP:P0A7Y4:H62P,1614,test
18232,Ribonuclease HI,P0A7Y4,V74L (PDB: V74L),Escherichia coli (strain K12),2RN2,V74L,Helix,0.65,3.0,50.9,1.1,-,-,yes,7794925.0,Escherichia coli ribonuclease HI; thermal denaturation;,"BIOCHEMISTRY 34, 8115-8122 (1995) PMID: 7794925","Akasako A, Haruki M, Oobatake M, Kanaya S",1.1,V,74,L,3.0,50.9,0.65,0,0,0,pdb,UP:P0A7Y4,UP:P0A7Y4:V74L,1615,test
18233,Ribonuclease HI,P0A7Y4,D134H (PDB: D134H),Escherichia coli (strain K12),2RN2,D134H,Helix,38.86,3.0,50.9,0.5,-,-,yes,7794925.0,Escherichia coli ribonuclease HI; thermal denaturation;,"BIOCHEMISTRY 34, 8115-8122 (1995) PMID: 7794925","Akasako A, Haruki M, Oobatake M, Kanaya S",0.5,D,134,H,3.0,50.9,38.86,0,0,0,pdb,UP:P0A7Y4,UP:P0A7Y4:D134H,1616,test
18234,Ribonuclease T1,P00651,Y37F (PDB: Y11F),Aspergillus oryzae (strain ATCC 42149 / RIB 40) (Yellow koji mold),1RN1,Y11F,Sheet,1.87,7.0,50.9,-2.03,-,-,yes,1731929.0,Ribonuclease T1; conformational stability; hydrogen bonding;,"BIOCHEMISTRY 31, 725-732 (1992) PMID: 1731929","Shirley B.A., Stanssens P., Hahn U. & Pace C.N.",-2.03,Y,37,F,7.0,50.9,1.87,0,0,0,pdb,UP:P00651,UP:P00651:Y37F,1617,val
18235,Ribonuclease T1,P00651,Y68F (PDB: Y42F),Aspergillus oryzae (strain ATCC 42149 / RIB 40) (Yellow koji mold),1RN1,Y42F,Sheet,4.68,7.0,50.9,1.15,-,-,yes,1731929.0,Ribonuclease T1; conformational stability; hydrogen bonding;,"BIOCHEMISTRY 31, 725-732 (1992) PMID: 1731929","Shirley B.A., Stanssens P., Hahn U. & Pace C.N.",1.15,Y,68,F,7.0,50.9,4.68,0,0,0,pdb,UP:P00651,UP:P00651:Y68F,1618,val
18236,Ribonuclease T1,P00651,Y82F (PDB: Y56F),Aspergillus oryzae (strain ATCC 42149 / RIB 40) (Yellow koji mold),1RN1,Y56F,Sheet,10.29,7.0,50.9,-0.71,-,-,yes,1731929.0,Ribonuclease T1; conformational stability; hydrogen bonding;,"BIOCHEMISTRY 31, 725-732 (1992) PMID: 1731929","Shirley B.A., Stanssens P., Hahn U. & Pace C.N.",-0.71,Y,82,F,7.0,50.9,10.29,0,0,0,pdb,UP:P00651,UP:P00651:Y82F,1619,val
18237,Ribonuclease T1,P00651,Y83F (PDB: Y57F),Aspergillus oryzae (strain ATCC 42149 / RIB 40) (Yellow koji mold),1RN1,Y57F,Sheet,14.97,7.0,50.9,-0.44,-,-,yes,1731929.0,Ribonuclease T1; conformational stability; hydrogen bonding;,"BIOCHEMISTRY 31, 725-732 (1992) PMID: 1731929","Shirley B.A., Stanssens P., Hahn U. & Pace C.N.",-0.44,Y,83,F,7.0,50.9,14.97,0,0,0,pdb,UP:P00651,UP:P00651:Y83F,1620,val
18238,Ribonuclease T1,P00651,Y68F (PDB: Y68F),Aspergillus oryzae (strain ATCC 42149 / RIB 40) (Yellow koji mold),1RN1,Y68F,Coil,4.21,7.0,50.9,-1.35,-,-,yes,1731929.0,Ribonuclease T1; conformational stability; hydrogen bonding;,"BIOCHEMISTRY 31, 725-732 (1992) PMID: 1731929","Shirley B.A., Stanssens P., Hahn U. & Pace C.N.",-1.35,Y,68,F,7.0,50.9,4.21,0,0,0,pdb,UP:P00651,UP:P00651:Y68F,1621,val
18239,Ribonuclease T1,P00651,S38A (PDB: S12A),Aspergillus oryzae (strain ATCC 42149 / RIB 40) (Yellow koji mold),1RN1,S12A,Coil,33.28,7.0,50.9,-1.08,-,-,yes,1731929.0,Ribonuclease T1; conformational stability; hydrogen bonding;,"BIOCHEMISTRY 31, 725-732 (1992) PMID: 1731929","Shirley B.A., Stanssens P., Hahn U. & Pace C.N.",-1.08,S,38,A,7.0,50.9,33.28,0,0,0,pdb,UP:P00651,UP:P00651:S38A,1622,val
18240,Ribonuclease T1,P00651,S43A (PDB: S17A),Aspergillus oryzae (strain ATCC 42149 / RIB 40) (Yellow koji mold),1RN1,S17A,Coil,57.17,7.0,50.9,0.57,-,-,yes,1731929.0,Ribonuclease T1; conformational stability; hydrogen bonding;,"BIOCHEMISTRY 31, 725-732 (1992) PMID: 1731929","Shirley B.A., Stanssens P., Hahn U. & Pace C.N.",0.57,S,43,A,7.0,50.9,57.17,0,0,0,pdb,UP:P00651,UP:P00651:S43A,1623,val
18241,Ribonuclease T1,P00651,S90A (PDB: S64A),Aspergillus oryzae (strain ATCC 42149 / RIB 40) (Yellow koji mold),1RN1,S64A,Coil,63.99,7.0,50.9,-1.56,-,-,yes,1731929.0,Ribonuclease T1; conformational stability; hydrogen bonding;,"BIOCHEMISTRY 31, 725-732 (1992) PMID: 1731929","Shirley B.A., Stanssens P., Hahn U. & Pace C.N.",-1.56,S,90,A,7.0,50.9,63.99,0,0,0,pdb,UP:P00651,UP:P00651:S90A,1624,val
18242,Ribonuclease T1,P00651,N35A (PDB: N9A),Aspergillus oryzae (strain ATCC 42149 / RIB 40) (Yellow koji mold),1RN1,N9A,Sheet,36.89,7.0,50.9,-0.71,-,-,yes,1731929.0,Ribonuclease T1; conformational stability; hydrogen bonding;,"BIOCHEMISTRY 31, 725-732 (1992) PMID: 1731929","Shirley B.A., Stanssens P., Hahn U. & Pace C.N.",-0.71,N,35,A,7.0,50.9,36.89,0,0,0,pdb,UP:P00651,UP:P00651:N35A,1625,val
18243,Ribonuclease T1,P00651,N62A (PDB: N36A),Aspergillus oryzae (strain ATCC 42149 / RIB 40) (Yellow koji mold),1RN1,N36A,Turn,50.55,7.0,50.9,0,-,-,yes,1731929.0,Ribonuclease T1; conformational stability; hydrogen bonding;,"BIOCHEMISTRY 31, 725-732 (1992) PMID: 1731929","Shirley B.A., Stanssens P., Hahn U. & Pace C.N.",0.0,N,62,A,7.0,50.9,50.55,0,0,0,pdb,UP:P00651,UP:P00651:N62A,1626,val
18244,Ribonuclease T1,P00651,N70A (PDB: N44A),Aspergillus oryzae (strain ATCC 42149 / RIB 40) (Yellow koji mold),1RN1,N44A,Turn,15.71,7.0,50.9,-1.86,-,-,yes,1731929.0,Ribonuclease T1; conformational stability; hydrogen bonding;,"BIOCHEMISTRY 31, 725-732 (1992) PMID: 1731929","Shirley B.A., Stanssens P., Hahn U. & Pace C.N.",-1.86,N,70,A,7.0,50.9,15.71,0,0,0,pdb,UP:P00651,UP:P00651:N70A,1627,val
18245,Ribonuclease T1,P00651,N107A (Based on UniProt),Aspergillus oryzae (strain ATCC 42149 / RIB 40) (Yellow koji mold),1RN1,N81A,Sheet,0.68,7.0,50.9,-2.91,-,-,yes,1731929.0,Ribonuclease T1; conformational stability; hydrogen bonding;,"BIOCHEMISTRY 31, 725-732 (1992) PMID: 1731929","Shirley B.A., Stanssens P., Hahn U. & Pace C.N.",-2.91,N,107,A,7.0,50.9,0.68,0,0,0,uniprot,UP:P00651,UP:P00651:N107A,1628,val
18246,Ribonuclease T1,P00651,N70D (PDB: N44D),Aspergillus oryzae (strain ATCC 42149 / RIB 40) (Yellow koji mold),1RN1,N44D,Turn,15.71,7.0,50.8,-1.6,-,-,yes (>95%),9819211.0,"conformational stability; asparagine; ribonuclease Sa, Ba, T1;","BIOCHEMISTRY 37, 16192-16200 (1998) PMID: 9819211","Hebert EJ, Giletto A, Sevcik J, Urbanikova L, Wilson KS,",-1.6,N,70,D,7.0,50.8,15.71,0,0,0,pdb,UP:P00651,UP:P00651:N70D,1629,val
18247,Ribonuclease T1,P00651,N70S (PDB: N44S),Aspergillus oryzae (strain ATCC 42149 / RIB 40) (Yellow koji mold),1RN1,N44S,Turn,15.71,7.0,50.8,-1.5,-,-,yes (>95%),9819211.0,"conformational stability; asparagine; ribonuclease Sa, Ba, T1;","BIOCHEMISTRY 37, 16192-16200 (1998) PMID: 9819211","Hebert EJ, Giletto A, Sevcik J, Urbanikova L, Wilson KS,",-1.5,N,70,S,7.0,50.8,15.71,0,0,0,pdb,UP:P00651,UP:P00651:N70S,1630,val
18248,Ribonuclease T1,P00651,N70A (PDB: N44A),Aspergillus oryzae (strain ATCC 42149 / RIB 40) (Yellow koji mold),1RN1,N44A,Turn,15.71,7.0,50.8,-1.6,-,-,yes (>95%),9819211.0,"conformational stability; asparagine; ribonuclease Sa, Ba, T1;","BIOCHEMISTRY 37, 16192-16200 (1998) PMID: 9819211","Hebert EJ, Giletto A, Sevcik J, Urbanikova L, Wilson KS,",-1.6,N,70,A,7.0,50.8,15.71,0,0,0,pdb,UP:P00651,UP:P00651:N70A,1631,val
18250,TEM beta-lactamase,P62593,E102K (UniProt),Escherichia coli,1AXB,-,Sheet,78.42,7.0,50.6,0.64,-,-,yes,8539251.0,enzyme; structure; function; thermostability; proteolysis;,PROTEINS 23 63-72 (1995) PMID: 8539251,"Raquet X, Vanhove M, Lamotte-Brasseur J,",0.64,E,102,K,7.0,50.6,78.42,0,0,0,uniprot,UP:P62593,UP:P62593:E102K,1632,test
18251,TEM beta-lactamase,P62593,G234S (UniProt),Escherichia coli,1AXB,-,-,,7.0,50.6,-1.25,-,-,yes,8539251.0,enzyme; structure; function; thermostability; proteolysis;,PROTEINS 23 63-72 (1995) PMID: 8539251,"Raquet X, Vanhove M, Lamotte-Brasseur J,",-1.25,G,234,S,7.0,50.6,,0,0,1,uniprot,UP:P62593,UP:P62593:G234S,1633,test
18253,TEM beta-lactamase,P62593,R162H (UniProt),Escherichia coli,1AXB,-,Coil,13.97,7.0,50.6,-0.17,-,-,yes,8539251.0,enzyme; structure; function; thermostability; proteolysis;,PROTEINS 23 63-72 (1995) PMID: 8539251,"Raquet X, Vanhove M, Lamotte-Brasseur J,",-0.17,R,162,H,7.0,50.6,13.97,0,0,0,uniprot,UP:P62593,UP:P62593:R162H,1634,test
18254,TEM beta-lactamase,P62593,R162S (UniProt),Escherichia coli,1AXB,-,Coil,13.97,7.0,50.6,-0.61,-,-,yes,8539251.0,enzyme; structure; function; thermostability; proteolysis;,PROTEINS 23 63-72 (1995) PMID: 8539251,"Raquet X, Vanhove M, Lamotte-Brasseur J,",-0.61,R,162,S,7.0,50.6,13.97,0,0,0,uniprot,UP:P62593,UP:P62593:R162S,1635,test
18256,TEM beta-lactamase,P62593,S233A (UniProt),Escherichia coli,1AXB,-,Coil,5.12,7.0,50.6,0.58,-,-,yes,8539251.0,enzyme; structure; function; thermostability; proteolysis;,PROTEINS 23 63-72 (1995) PMID: 8539251,"Raquet X, Vanhove M, Lamotte-Brasseur J,",0.58,S,233,A,7.0,50.6,5.12,0,0,0,uniprot,UP:P62593,UP:P62593:S233A,1636,test
18257,Cytochrome c551,P00099,F29A (PDB: F7A),Pseudomonas aeruginosa (strain ATCC 15692 / DSM 22644 / CIP 104116 / JCM 14847 / LMG 12228 / 1C / PRS 101 / PAO1),451C,F7A,Helix,10.46,5.0,50.4,1.1,-,-,Unknown,10608805.0,thermodynamic property; three dimensional structure;,"J BIOL CHEM 274, 37533-37537 (1999) PMID: 10608805","Hasegawa J, Shimahara H, Mizutani M, Uchiyama S, Arai H,",1.1,F,29,A,5.0,50.4,10.46,0,0,0,pdb,UP:P00099,UP:P00099:F29A,1637,train
18258,Cytochrome c551,P00099,V35M (PDB: V13M),Pseudomonas aeruginosa (strain ATCC 15692 / DSM 22644 / CIP 104116 / JCM 14847 / LMG 12228 / 1C / PRS 101 / PAO1),451C,V13M,Helix,39.04,5.0,50.4,0.4,-,-,Unknown,10608805.0,thermodynamic property; three dimensional structure;,"J BIOL CHEM 274, 37533-37537 (1999) PMID: 10608805","Hasegawa J, Shimahara H, Mizutani M, Uchiyama S, Arai H,",0.4,V,35,M,5.0,50.4,39.04,0,0,0,pdb,UP:P00099,UP:P00099:V35M,1638,train
18260,Cytochrome c551,P00099,F56Y (PDB: F34Y),Pseudomonas aeruginosa (strain ATCC 15692 / DSM 22644 / CIP 104116 / JCM 14847 / LMG 12228 / 1C / PRS 101 / PAO1),451C,F34Y,Turn,10.96,5.0,50.4,1.9,-,-,Unknown,10608805.0,thermodynamic property; three dimensional structure;,"J BIOL CHEM 274, 37533-37537 (1999) PMID: 10608805","Hasegawa J, Shimahara H, Mizutani M, Uchiyama S, Arai H,",1.9,F,56,Y,5.0,50.4,10.96,0,0,0,pdb,UP:P00099,UP:P00099:F56Y,1639,train
18261,Cytochrome c551,P00099,Q59R (PDB: Q37R),Pseudomonas aeruginosa (strain ATCC 15692 / DSM 22644 / CIP 104116 / JCM 14847 / LMG 12228 / 1C / PRS 101 / PAO1),451C,Q37R,Turn,62.15,5.0,50.4,0.5,-,-,Unknown,10608805.0,thermodynamic property; three dimensional structure;,"J BIOL CHEM 274, 37533-37537 (1999) PMID: 10608805","Hasegawa J, Shimahara H, Mizutani M, Uchiyama S, Arai H,",0.5,Q,59,R,5.0,50.4,62.15,0,0,0,pdb,UP:P00099,UP:P00099:Q59R,1640,train
18262,Cytochrome c551,P00099,E65Y (PDB: E43Y),Pseudomonas aeruginosa (strain ATCC 15692 / DSM 22644 / CIP 104116 / JCM 14847 / LMG 12228 / 1C / PRS 101 / PAO1),451C,E43Y,Sheet,62.39,5.0,50.4,0.6,-,-,Unknown,10608805.0,thermodynamic property; three dimensional structure;,"J BIOL CHEM 274, 37533-37537 (1999) PMID: 10608805","Hasegawa J, Shimahara H, Mizutani M, Uchiyama S, Arai H,",0.6,E,65,Y,5.0,50.4,62.39,0,0,0,pdb,UP:P00099,UP:P00099:E65Y,1641,train
18267,Cytochrome c551,P00099,V100I (PDB: V78I),Pseudomonas aeruginosa (strain ATCC 15692 / DSM 22644 / CIP 104116 / JCM 14847 / LMG 12228 / 1C / PRS 101 / PAO1),451C,V78I,Helix,5.2,5.0,50.4,1,-,-,Unknown,10608805.0,thermodynamic property; three dimensional structure;,"J BIOL CHEM 274, 37533-37537 (1999) PMID: 10608805","Hasegawa J, Shimahara H, Mizutani M, Uchiyama S, Arai H,",1.0,V,100,I,5.0,50.4,5.2,0,0,0,pdb,UP:P00099,UP:P00099:V100I,1642,train
18268,Plasminogen activator inhibitor 1,P05121,R53E (UniProt),Homo sapiens (Human),1a7c,-,Coil,50.66,6.6,50.2,-1.2,-,-,Unknown,8142362.0,functional stability; ion pair; latent form;,"BIOCHEMISTRY 33, 3643-3648 (1994) PMID: 8142362","Lawrence DA, Olson ST, Palaniappan S, Ginsburg D",-1.2,R,53,E,6.6,50.2,50.66,0,0,0,uniprot,UP:P05121,UP:P05121:R53E,1643,train
18269,Plasminogen activator inhibitor 1,P05121,E350R (PDB: E350R),Homo sapiens (Human),1C5G,E350R,Sheet,46.37,6.6,50.2,-0.3,-,-,Unknown,8142362.0,functional stability; ion pair; latent form;,"BIOCHEMISTRY 33, 3643-3648 (1994) PMID: 8142362","Lawrence DA, Olson ST, Palaniappan S, Ginsburg D",-0.3,E,350,R,6.6,50.2,46.37,0,0,0,pdb,UP:P05121,UP:P05121:E350R,1644,train
18270,Plasminogen activator inhibitor 1,P05121,E350P (PDB: E350P),Homo sapiens (Human),1C5G,E350P,Sheet,46.37,6.6,50.2,0.3,-,-,Unknown,8142362.0,functional stability; ion pair; latent form;,"BIOCHEMISTRY 33, 3643-3648 (1994) PMID: 8142362","Lawrence DA, Olson ST, Palaniappan S, Ginsburg D",0.3,E,350,P,6.6,50.2,46.37,0,0,0,pdb,UP:P05121,UP:P05121:E350P,1645,train
18272,Ribonuclease HI,P0A7Y4,G23A (PDB: G23A),Escherichia coli (strain K12),2RN2,G23A,Helix,0.0,3.0,50.1,0.7,-,-,yes,7929430.0,Escherichia coli ribonuclease HI; thermostability ;,"J BIOL CHEM 269, 26904-26911 (1994) PMID: 7929430","Haruki M, Noguchi E, Akasako A, Oobatake M, Itaya M, Kanaya S",0.7,G,23,A,3.0,50.1,0.0,0,0,0,pdb,UP:P0A7Y4,UP:P0A7Y4:G23A,1646,test
18273,Ribonuclease HI,P0A7Y4,A24V (PDB: A24V),Escherichia coli (strain K12),2RN2,A24V,Sheet,0.0,3.0,50.1,0.73,-,-,yes,7929430.0,Escherichia coli ribonuclease HI; thermostability ;,"J BIOL CHEM 269, 26904-26911 (1994) PMID: 7929430","Haruki M, Noguchi E, Akasako A, Oobatake M, Itaya M, Kanaya S",0.73,A,24,V,3.0,50.1,0.0,0,0,0,pdb,UP:P0A7Y4,UP:P0A7Y4:A24V,1647,test
18274,Ribonuclease HI,P0A7Y4,A52V (PDB: A52V),Escherichia coli (strain K12),2RN2,A52V,Helix,0.0,3.0,50.1,1.7,-,-,yes,7929430.0,Escherichia coli ribonuclease HI; thermostability ;,"J BIOL CHEM 269, 26904-26911 (1994) PMID: 7929430","Haruki M, Noguchi E, Akasako A, Oobatake M, Itaya M, Kanaya S",1.7,A,52,V,3.0,50.1,0.0,0,0,0,pdb,UP:P0A7Y4,UP:P0A7Y4:A52V,1648,test
18275,Ribonuclease HI,P0A7Y4,H62R (PDB: H62R),Escherichia coli (strain K12),2RN2,H62R,Helix,74.77,3.0,50.1,-0.03,-,-,yes,7929430.0,Escherichia coli ribonuclease HI; thermostability ;,"J BIOL CHEM 269, 26904-26911 (1994) PMID: 7929430","Haruki M, Noguchi E, Akasako A, Oobatake M, Itaya M, Kanaya S",-0.03,H,62,R,3.0,50.1,74.77,0,0,0,pdb,UP:P0A7Y4,UP:P0A7Y4:H62R,1649,test
18276,Ribonuclease HI,P0A7Y4,H62P (PDB: H62P),Escherichia coli (strain K12),2RN2,H62P,Helix,74.77,3.0,50.1,1,-,-,yes,7929430.0,Escherichia coli ribonuclease HI; thermostability ;,"J BIOL CHEM 269, 26904-26911 (1994) PMID: 7929430","Haruki M, Noguchi E, Akasako A, Oobatake M, Itaya M, Kanaya S",1.0,H,62,P,3.0,50.1,74.77,0,0,0,pdb,UP:P0A7Y4,UP:P0A7Y4:H62P,1650,test
18278,Ribonuclease HI,P0A7Y4,H62D (PDB: H62D),Escherichia coli (strain K12),2RN2,H62D,Helix,74.77,3.0,50.1,0.67,-,-,yes,7929430.0,Escherichia coli ribonuclease HI; thermostability ;,"J BIOL CHEM 269, 26904-26911 (1994) PMID: 7929430","Haruki M, Noguchi E, Akasako A, Oobatake M, Itaya M, Kanaya S",0.67,H,62,D,3.0,50.1,74.77,0,0,0,pdb,UP:P0A7Y4,UP:P0A7Y4:H62D,1651,test
18279,Ribonuclease HI,P0A7Y4,Q76L (PDB: Q76L),Escherichia coli (strain K12),2RN2,Q76L,Helix,31.91,3.0,50.1,0.24,-,-,yes,7929430.0,Escherichia coli ribonuclease HI; thermostability ;,"J BIOL CHEM 269, 26904-26911 (1994) PMID: 7929430","Haruki M, Noguchi E, Akasako A, Oobatake M, Itaya M, Kanaya S",0.24,Q,76,L,3.0,50.1,31.91,0,0,0,pdb,UP:P0A7Y4,UP:P0A7Y4:Q76L,1652,test
18281,Ribonuclease HI,P0A7Y4,Q80L (PDB: Q80L),Escherichia coli (strain K12),2RN2,Q80L,Coil,61.03,3.0,50.1,0.3,-,-,yes,7929430.0,Escherichia coli ribonuclease HI; thermostability ;,"J BIOL CHEM 269, 26904-26911 (1994) PMID: 7929430","Haruki M, Noguchi E, Akasako A, Oobatake M, Itaya M, Kanaya S",0.3,Q,80,L,3.0,50.1,61.03,0,0,0,pdb,UP:P0A7Y4,UP:P0A7Y4:Q80L,1653,test
18282,Ribonuclease HI,P0A7Y4,K117R (PDB: K117R),Escherichia coli (strain K12),2RN2,K117R,Sheet,54.45,3.0,50.1,-0.06,-,-,yes,7929430.0,Escherichia coli ribonuclease HI; thermostability ;,"J BIOL CHEM 269, 26904-26911 (1994) PMID: 7929430","Haruki M, Noguchi E, Akasako A, Oobatake M, Itaya M, Kanaya S",-0.06,K,117,R,3.0,50.1,54.45,0,0,0,pdb,UP:P0A7Y4,UP:P0A7Y4:K117R,1654,test
18283,Ribonuclease HI,P0A7Y4,E119V (PDB: E119V),Escherichia coli (strain K12),2RN2,E119V,Sheet,36.63,3.0,50.1,0.09,-,-,yes,7929430.0,Escherichia coli ribonuclease HI; thermostability ;,"J BIOL CHEM 269, 26904-26911 (1994) PMID: 7929430","Haruki M, Noguchi E, Akasako A, Oobatake M, Itaya M, Kanaya S",0.09,E,119,V,3.0,50.1,36.63,0,0,0,pdb,UP:P0A7Y4,UP:P0A7Y4:E119V,1655,test
18286,Ribonuclease HI,P0A7Y4,R41C (PDB: R41C),Escherichia coli (strain K12),2RN2,R41C,Coil,54.15,3.0,50.1,0.12,-,-,yes,7929430.0,Escherichia coli ribonuclease HI; thermostability ;,"J BIOL CHEM 269, 26904-26911 (1994) PMID: 7929430","Haruki M, Noguchi E, Akasako A, Oobatake M, Itaya M, Kanaya S",0.12,R,41,C,3.0,50.1,54.15,0,0,0,pdb,UP:P0A7Y4,UP:P0A7Y4:R41C,1656,test
18287,Ribonuclease HI,P0A7Y4,K95N (PDB: K95N),Escherichia coli (strain K12),2RN2,K95N,Turn,68.06,3.0,50.1,0.88,-,-,yes,7929430.0,Escherichia coli ribonuclease HI; thermostability ;,"J BIOL CHEM 269, 26904-26911 (1994) PMID: 7929430","Haruki M, Noguchi E, Akasako A, Oobatake M, Itaya M, Kanaya S",0.88,K,95,N,3.0,50.1,68.06,0,0,0,pdb,UP:P0A7Y4,UP:P0A7Y4:K95N,1657,test
18288,Ribonuclease HI,P0A7Y4,E135K (PDB: E135K),Escherichia coli (strain K12),2RN2,E135K,Sheet,70.41,3.0,50.1,-1.1,-,-,yes,7929430.0,Escherichia coli ribonuclease HI; thermostability ;,"J BIOL CHEM 269, 26904-26911 (1994) PMID: 7929430","Haruki M, Noguchi E, Akasako A, Oobatake M, Itaya M, Kanaya S",-1.1,E,135,K,3.0,50.1,70.41,0,0,0,pdb,UP:P0A7Y4,UP:P0A7Y4:E135K,1658,test
18291,Tryptophan synthase alpha-subunit,P0A877,C81A (PDB: C81A),Escherichia coli (strain K12),1WQ5,C81A,Helix,0.0,9.0,50,-0.69,-,-,yes,8795042.0,tryptophan synthase alpha subunit; conformational stability ;,"PROTEIN ENG 9, 425-431 (1996) PMID: 8795042","Hiraga K, Yutani K",-0.69,C,81,A,9.0,50.0,0.0,0,0,0,pdb,UP:P0A877,UP:P0A877:C81A,1659,train
18292,Tryptophan synthase alpha-subunit,P0A877,C154A (PDB: C154A),Escherichia coli (strain K12),1WQ5,C154A,Sheet,0.0,9.0,50,-1.03,-,-,yes,8795042.0,tryptophan synthase alpha subunit; conformational stability ;,"PROTEIN ENG 9, 425-431 (1996) PMID: 8795042","Hiraga K, Yutani K",-1.03,C,154,A,9.0,50.0,0.0,0,0,0,pdb,UP:P0A877,UP:P0A877:C154A,1660,train
18293,Tryptophan synthase alpha-subunit,P0A877,C154V (PDB: C154V),Escherichia coli (strain K12),1WQ5,C154V,Sheet,0.0,9.0,50,-1.12,-,-,yes,8795042.0,tryptophan synthase alpha subunit; conformational stability ;,"PROTEIN ENG 9, 425-431 (1996) PMID: 8795042","Hiraga K, Yutani K",-1.12,C,154,V,9.0,50.0,0.0,0,0,0,pdb,UP:P0A877,UP:P0A877:C154V,1661,train
18294,TEM beta-lactamase,P62593,R162H (UniProt),Escherichia coli,1AXB,-,Coil,13.97,6.1,50,0.26,-,-,yes,8539251.0,enzyme; structure; function; thermostability; proteolysis;,PROTEINS 23 63-72 (1995) PMID: 8539251,"Raquet X, Vanhove M, Lamotte-Brasseur J,",0.26,R,162,H,6.1,50.0,13.97,0,0,0,uniprot,UP:P62593,UP:P62593:R162H,1662,test
18295,TEM beta-lactamase,P62593,R162H (UniProt),Escherichia coli,1AXB,-,Coil,13.97,7.0,50,0,-,-,yes,8539251.0,enzyme; structure; function; thermostability; proteolysis;,PROTEINS 23 63-72 (1995) PMID: 8539251,"Raquet X, Vanhove M, Lamotte-Brasseur J,",0.0,R,162,H,7.0,50.0,13.97,0,0,0,uniprot,UP:P62593,UP:P62593:R162H,1663,test
18296,TEM beta-lactamase,P62593,R162H (UniProt),Escherichia coli,1AXB,-,Coil,13.97,7.4,50,-0.6,-,-,yes,8539251.0,enzyme; structure; function; thermostability; proteolysis;,PROTEINS 23 63-72 (1995) PMID: 8539251,"Raquet X, Vanhove M, Lamotte-Brasseur J,",-0.6,R,162,H,7.4,50.0,13.97,0,0,0,uniprot,UP:P62593,UP:P62593:R162H,1664,test
18297,TEM beta-lactamase,P62593,R162H (UniProt),Escherichia coli,1AXB,-,Coil,13.97,7.7,50,-1.07,-,-,yes,8539251.0,enzyme; structure; function; thermostability; proteolysis;,PROTEINS 23 63-72 (1995) PMID: 8539251,"Raquet X, Vanhove M, Lamotte-Brasseur J,",-1.07,R,162,H,7.7,50.0,13.97,0,0,0,uniprot,UP:P62593,UP:P62593:R162H,1665,test
18298,TEM beta-lactamase,P62593,R162H (UniProt),Escherichia coli,1AXB,-,Coil,13.97,8.0,50,-2.06,-,-,yes,8539251.0,enzyme; structure; function; thermostability; proteolysis;,PROTEINS 23 63-72 (1995) PMID: 8539251,"Raquet X, Vanhove M, Lamotte-Brasseur J,",-2.06,R,162,H,8.0,50.0,13.97,0,0,0,uniprot,UP:P62593,UP:P62593:R162H,1666,test
18299,TEM beta-lactamase,P62593,R162H (UniProt),Escherichia coli,1AXB,-,Coil,13.97,8.4,50,-2,-,-,yes,8539251.0,enzyme; structure; function; thermostability; proteolysis;,PROTEINS 23 63-72 (1995) PMID: 8539251,"Raquet X, Vanhove M, Lamotte-Brasseur J,",-2.0,R,162,H,8.4,50.0,13.97,0,0,0,uniprot,UP:P62593,UP:P62593:R162H,1667,test
18302,Ribonuclease HI,P0A7Y4,D10N (PDB: D10N),Escherichia coli (strain K12),2RN2,D10N,Sheet,10.41,3.0,50,-0.7,-,-,yes,8955106.0,Escherichia coli ribonuclease HI; thermal stability; catalytic role;,"J BIOL CHEM 271, 32729-32736 (1996) PMID: 8955106","Kanaya S, Oobatake M, Liu Y",-0.7,D,10,N,3.0,50.0,10.41,0,0,0,pdb,UP:P0A7Y4,UP:P0A7Y4:D10N,1668,test
18303,Ribonuclease HI,P0A7Y4,D10A (PDB: D10A),Escherichia coli (strain K12),2RN2,D10A,Sheet,10.41,3.0,50,2.4,-,-,yes,8955106.0,Escherichia coli ribonuclease HI; thermal stability; catalytic role;,"J BIOL CHEM 271, 32729-32736 (1996) PMID: 8955106","Kanaya S, Oobatake M, Liu Y",2.4,D,10,A,3.0,50.0,10.41,0,0,0,pdb,UP:P0A7Y4,UP:P0A7Y4:D10A,1669,test
18304,Ribonuclease HI,P0A7Y4,D10E (PDB: D10E),Escherichia coli (strain K12),2RN2,D10E,Sheet,10.41,3.0,50,1.1,-,-,yes,8955106.0,Escherichia coli ribonuclease HI; thermal stability; catalytic role;,"J BIOL CHEM 271, 32729-32736 (1996) PMID: 8955106","Kanaya S, Oobatake M, Liu Y",1.1,D,10,E,3.0,50.0,10.41,0,0,0,pdb,UP:P0A7Y4,UP:P0A7Y4:D10E,1670,test
18305,Ribonuclease HI,P0A7Y4,D10S (PDB: D10S),Escherichia coli (strain K12),2RN2,D10S,Sheet,10.41,3.0,50,0.7,-,-,yes,8955106.0,Escherichia coli ribonuclease HI; thermal stability; catalytic role;,"J BIOL CHEM 271, 32729-32736 (1996) PMID: 8955106","Kanaya S, Oobatake M, Liu Y",0.7,D,10,S,3.0,50.0,10.41,0,0,0,pdb,UP:P0A7Y4,UP:P0A7Y4:D10S,1671,test
18306,Ribonuclease HI,P0A7Y4,D10H (PDB: D10H),Escherichia coli (strain K12),2RN2,D10H,Sheet,10.41,3.0,50,0.4,-,-,yes,8955106.0,Escherichia coli ribonuclease HI; thermal stability; catalytic role;,"J BIOL CHEM 271, 32729-32736 (1996) PMID: 8955106","Kanaya S, Oobatake M, Liu Y",0.4,D,10,H,3.0,50.0,10.41,0,0,0,pdb,UP:P0A7Y4,UP:P0A7Y4:D10H,1672,test
18307,Ribonuclease HI,P0A7Y4,E48Q (PDB: E48Q),Escherichia coli (strain K12),2RN2,E48Q,Sheet,12.02,3.0,50,-0.1,-,-,yes,8955106.0,Escherichia coli ribonuclease HI; thermal stability; catalytic role;,"J BIOL CHEM 271, 32729-32736 (1996) PMID: 8955106","Kanaya S, Oobatake M, Liu Y",-0.1,E,48,Q,3.0,50.0,12.02,0,0,0,pdb,UP:P0A7Y4,UP:P0A7Y4:E48Q,1673,test
18308,Ribonuclease HI,P0A7Y4,E48A (PDB: E48A),Escherichia coli (strain K12),2RN2,E48A,Sheet,12.02,3.0,50,-0.1,-,-,yes,8955106.0,Escherichia coli ribonuclease HI; thermal stability; catalytic role;,"J BIOL CHEM 271, 32729-32736 (1996) PMID: 8955106","Kanaya S, Oobatake M, Liu Y",-0.1,E,48,A,3.0,50.0,12.02,0,0,0,pdb,UP:P0A7Y4,UP:P0A7Y4:E48A,1674,test
18309,Ribonuclease HI,P0A7Y4,E48D (PDB: E48D),Escherichia coli (strain K12),2RN2,E48D,Sheet,12.02,3.0,50,0.2,-,-,yes,8955106.0,Escherichia coli ribonuclease HI; thermal stability; catalytic role;,"J BIOL CHEM 271, 32729-32736 (1996) PMID: 8955106","Kanaya S, Oobatake M, Liu Y",0.2,E,48,D,3.0,50.0,12.02,0,0,0,pdb,UP:P0A7Y4,UP:P0A7Y4:E48D,1675,test
18310,Ribonuclease HI,P0A7Y4,D70N (PDB: D70N),Escherichia coli (strain K12),2RN2,D70N,Coil,40.94,3.0,50,-0.3,-,-,yes,8955106.0,Escherichia coli ribonuclease HI; thermal stability; catalytic role;,"J BIOL CHEM 271, 32729-32736 (1996) PMID: 8955106","Kanaya S, Oobatake M, Liu Y",-0.3,D,70,N,3.0,50.0,40.94,0,0,0,pdb,UP:P0A7Y4,UP:P0A7Y4:D70N,1676,test
18311,Ribonuclease HI,P0A7Y4,D70A (PDB: D70A),Escherichia coli (strain K12),2RN2,D70A,Coil,40.94,3.0,50,-0.1,-,-,yes,8955106.0,Escherichia coli ribonuclease HI; thermal stability; catalytic role;,"J BIOL CHEM 271, 32729-32736 (1996) PMID: 8955106","Kanaya S, Oobatake M, Liu Y",-0.1,D,70,A,3.0,50.0,40.94,0,0,0,pdb,UP:P0A7Y4,UP:P0A7Y4:D70A,1677,test
18312,Ribonuclease HI,P0A7Y4,D70E (PDB: D70E),Escherichia coli (strain K12),2RN2,D70E,Coil,40.94,3.0,50,0.5,-,-,yes,8955106.0,Escherichia coli ribonuclease HI; thermal stability; catalytic role;,"J BIOL CHEM 271, 32729-32736 (1996) PMID: 8955106","Kanaya S, Oobatake M, Liu Y",0.5,D,70,E,3.0,50.0,40.94,0,0,0,pdb,UP:P0A7Y4,UP:P0A7Y4:D70E,1678,test
18313,Ribonuclease HI,P0A7Y4,D134N (PDB: D134N),Escherichia coli (strain K12),2RN2,D134N,Helix,38.86,3.0,50,-0.1,-,-,yes,8955106.0,Escherichia coli ribonuclease HI; thermal stability; catalytic role;,"J BIOL CHEM 271, 32729-32736 (1996) PMID: 8955106","Kanaya S, Oobatake M, Liu Y",-0.1,D,134,N,3.0,50.0,38.86,0,0,0,pdb,UP:P0A7Y4,UP:P0A7Y4:D134N,1679,test
18314,Ribonuclease HI,P0A7Y4,D134A (PDB: D134A),Escherichia coli (strain K12),2RN2,D134A,Helix,38.86,3.0,50,0.8,-,-,yes,8955106.0,Escherichia coli ribonuclease HI; thermal stability; catalytic role;,"J BIOL CHEM 271, 32729-32736 (1996) PMID: 8955106","Kanaya S, Oobatake M, Liu Y",0.8,D,134,A,3.0,50.0,38.86,0,0,0,pdb,UP:P0A7Y4,UP:P0A7Y4:D134A,1680,test
18315,Ribonuclease HI,P0A7Y4,D134N (PDB: D134N),Escherichia coli (strain K12),2RN2,D134N,Helix,38.86,3.0,50,-0.1,-,-,yes,8125123.0,Escherichia coli ribonuclease HI; enzymic activity;,"EUR J BIOCHEM 220, 623-631 (1994) PMID: 8125123","Haruki M, Noguchi E, Nakai C, Liu YY, Oobatake M, Itaya M, Kanaya S",-0.1,D,134,N,3.0,50.0,38.86,0,0,0,pdb,UP:P0A7Y4,UP:P0A7Y4:D134N,1681,test
18316,Ribonuclease HI,P0A7Y4,D134H (PDB: D134H),Escherichia coli (strain K12),2RN2,D134H,Helix,38.86,3.0,50,0.53,-,-,yes,8125123.0,Escherichia coli ribonuclease HI; enzymic activity;,"EUR J BIOCHEM 220, 623-631 (1994) PMID: 8125123","Haruki M, Noguchi E, Nakai C, Liu YY, Oobatake M, Itaya M, Kanaya S",0.53,D,134,H,3.0,50.0,38.86,0,0,0,pdb,UP:P0A7Y4,UP:P0A7Y4:D134H,1682,test
18317,Ribonuclease HI,P0A7Y4,D134E (PDB: D134E),Escherichia coli (strain K12),2RN2,D134E,Helix,38.86,3.0,50,0.72,-,-,yes,8125123.0,Escherichia coli ribonuclease HI; enzymic activity;,"EUR J BIOCHEM 220, 623-631 (1994) PMID: 8125123","Haruki M, Noguchi E, Nakai C, Liu YY, Oobatake M, Itaya M, Kanaya S",0.72,D,134,E,3.0,50.0,38.86,0,0,0,pdb,UP:P0A7Y4,UP:P0A7Y4:D134E,1683,test
18318,Ribonuclease HI,P0A7Y4,D134Q (PDB: D134Q),Escherichia coli (strain K12),2RN2,D134Q,Helix,38.86,3.0,50,0.48,-,-,yes,8125123.0,Escherichia coli ribonuclease HI; enzymic activity;,"EUR J BIOCHEM 220, 623-631 (1994) PMID: 8125123","Haruki M, Noguchi E, Nakai C, Liu YY, Oobatake M, Itaya M, Kanaya S",0.48,D,134,Q,3.0,50.0,38.86,0,0,0,pdb,UP:P0A7Y4,UP:P0A7Y4:D134Q,1684,test
18319,Ribonuclease HI,P0A7Y4,D134S (PDB: D134S),Escherichia coli (strain K12),2RN2,D134S,Helix,38.86,3.0,50,0.26,-,-,yes,8125123.0,Escherichia coli ribonuclease HI; enzymic activity;,"EUR J BIOCHEM 220, 623-631 (1994) PMID: 8125123","Haruki M, Noguchi E, Nakai C, Liu YY, Oobatake M, Itaya M, Kanaya S",0.26,D,134,S,3.0,50.0,38.86,0,0,0,pdb,UP:P0A7Y4,UP:P0A7Y4:D134S,1685,test
18320,Ribonuclease HI,P0A7Y4,D134T (PDB: D134T),Escherichia coli (strain K12),2RN2,D134T,Helix,38.86,3.0,50,0.12,-,-,yes,8125123.0,Escherichia coli ribonuclease HI; enzymic activity;,"EUR J BIOCHEM 220, 623-631 (1994) PMID: 8125123","Haruki M, Noguchi E, Nakai C, Liu YY, Oobatake M, Itaya M, Kanaya S",0.12,D,134,T,3.0,50.0,38.86,0,0,0,pdb,UP:P0A7Y4,UP:P0A7Y4:D134T,1686,test
18321,Ribonuclease HI,P0A7Y4,D134V (PDB: D134V),Escherichia coli (strain K12),2RN2,D134V,Helix,38.86,3.0,50,0.31,-,-,yes,8125123.0,Escherichia coli ribonuclease HI; enzymic activity;,"EUR J BIOCHEM 220, 623-631 (1994) PMID: 8125123","Haruki M, Noguchi E, Nakai C, Liu YY, Oobatake M, Itaya M, Kanaya S",0.31,D,134,V,3.0,50.0,38.86,0,0,0,pdb,UP:P0A7Y4,UP:P0A7Y4:D134V,1687,test
18322,Ribonuclease HI,P0A7Y4,D134I (PDB: D134I),Escherichia coli (strain K12),2RN2,D134I,Helix,38.86,3.0,50,0.69,-,-,yes,8125123.0,Escherichia coli ribonuclease HI; enzymic activity;,"EUR J BIOCHEM 220, 623-631 (1994) PMID: 8125123","Haruki M, Noguchi E, Nakai C, Liu YY, Oobatake M, Itaya M, Kanaya S",0.69,D,134,I,3.0,50.0,38.86,0,0,0,pdb,UP:P0A7Y4,UP:P0A7Y4:D134I,1688,test
18323,Ribonuclease HI,P0A7Y4,D134L (PDB: D134L),Escherichia coli (strain K12),2RN2,D134L,Helix,38.86,3.0,50,1.15,-,-,yes,8125123.0,Escherichia coli ribonuclease HI; enzymic activity;,"EUR J BIOCHEM 220, 623-631 (1994) PMID: 8125123","Haruki M, Noguchi E, Nakai C, Liu YY, Oobatake M, Itaya M, Kanaya S",1.15,D,134,L,3.0,50.0,38.86,0,0,0,pdb,UP:P0A7Y4,UP:P0A7Y4:D134L,1689,test
18324,Ribonuclease HI,P0A7Y4,D134A (PDB: D134A),Escherichia coli (strain K12),2RN2,D134A,Helix,38.86,3.0,50,0.89,-,-,yes,8125123.0,Escherichia coli ribonuclease HI; enzymic activity;,"EUR J BIOCHEM 220, 623-631 (1994) PMID: 8125123","Haruki M, Noguchi E, Nakai C, Liu YY, Oobatake M, Itaya M, Kanaya S",0.89,D,134,A,3.0,50.0,38.86,0,0,0,pdb,UP:P0A7Y4,UP:P0A7Y4:D134A,1690,test
18325,Ubiquitin,P39940,I36F (PDB),Saccharomyces cerevisiae (strain ATCC 204508 / S288c) (Baker's yeast),1OTR,I36F,Helix,28.65,3.0,50,-0.86,-,-,yes(>90%),10956017.0,hydrophobic contact; nonpolar residues; secondary structure content;,"BIOCHEMISTRY 39, 10275-10283 (2000) PMID: 10956017","Thomas ST, Makhatadze GI",-0.86,I,36,F,3.0,50.0,28.65,0,0,0,pdb,UP:P39940,UP:P39940:I36F,1691,val
18326,Ubiquitin,P39940,I36L (PDB),Saccharomyces cerevisiae (strain ATCC 204508 / S288c) (Baker's yeast),1OTR,I36L,Helix,28.65,3.0,50,-1.31,-,-,yes(>90%),10956017.0,hydrophobic contact; nonpolar residues; secondary structure content;,"BIOCHEMISTRY 39, 10275-10283 (2000) PMID: 10956017","Thomas ST, Makhatadze GI",-1.31,I,36,L,3.0,50.0,28.65,0,0,0,pdb,UP:P39940,UP:P39940:I36L,1692,val
18327,Ubiquitin,P39940,I36V (PDB),Saccharomyces cerevisiae (strain ATCC 204508 / S288c) (Baker's yeast),1OTR,I36V,Helix,28.65,3.0,50,-0.79,-,-,yes(>90%),10956017.0,hydrophobic contact; nonpolar residues; secondary structure content;,"BIOCHEMISTRY 39, 10275-10283 (2000) PMID: 10956017","Thomas ST, Makhatadze GI",-0.79,I,36,V,3.0,50.0,28.65,0,0,0,pdb,UP:P39940,UP:P39940:I36V,1693,val
18330,Ubiquitin,P39940,V5A (PDB),Saccharomyces cerevisiae (strain ATCC 204508 / S288c) (Baker's yeast),1OTR,V5A,Sheet,0.65,3.75,50,-3.01,-,-,yes (>90%),12079391.0,protein stability; hydration; packing; amino acid substitutions; differential scanning calorimetry,"J MOL BIOL 320, 343-357 (2002) PMID: 12079391","Loladze VV, Ermolenko DN, Makhatadze GI.",-3.01,V,5,A,3.75,50.0,0.65,0,0,0,pdb,UP:P39940,UP:P39940:V5A,1694,val
18331,Ubiquitin,P39940,V5T (PDB),Saccharomyces cerevisiae (strain ATCC 204508 / S288c) (Baker's yeast),1OTR,V5T,Sheet,0.65,3.75,50,-3.73,-,-,yes (>90%),12079391.0,protein stability; hydration; packing; amino acid substitutions; differential scanning calorimetry,"J MOL BIOL 320, 343-357 (2002) PMID: 12079391","Loladze VV, Ermolenko DN, Makhatadze GI.",-3.73,V,5,T,3.75,50.0,0.65,0,0,0,pdb,UP:P39940,UP:P39940:V5T,1695,val
18332,Ubiquitin,P39940,V17A (PDB),Saccharomyces cerevisiae (strain ATCC 204508 / S288c) (Baker's yeast),1OTR,V17A,Coil,2.6,3.75,50,-1.63,-,-,yes (>90%),12079391.0,protein stability; hydration; packing; amino acid substitutions; differential scanning calorimetry,"J MOL BIOL 320, 343-357 (2002) PMID: 12079391","Loladze VV, Ermolenko DN, Makhatadze GI.",-1.63,V,17,A,3.75,50.0,2.6,0,0,0,pdb,UP:P39940,UP:P39940:V17A,1696,val
18333,Ubiquitin,P39940,V17N (PDB),Saccharomyces cerevisiae (strain ATCC 204508 / S288c) (Baker's yeast),1OTR,V17N,Coil,2.6,3.75,50,-4.9,-,-,yes (>90%),12079391.0,protein stability; hydration; packing; amino acid substitutions; differential scanning calorimetry,"J MOL BIOL 320, 343-357 (2002) PMID: 12079391","Loladze VV, Ermolenko DN, Makhatadze GI.",-4.9,V,17,N,3.75,50.0,2.6,0,0,0,pdb,UP:P39940,UP:P39940:V17N,1697,val
18334,Ubiquitin,P39940,V17T (PDB),Saccharomyces cerevisiae (strain ATCC 204508 / S288c) (Baker's yeast),1OTR,V17T,Coil,2.6,3.75,50,-1.89,-,-,yes (>90%),12079391.0,protein stability; hydration; packing; amino acid substitutions; differential scanning calorimetry,"J MOL BIOL 320, 343-357 (2002) PMID: 12079391","Loladze VV, Ermolenko DN, Makhatadze GI.",-1.89,V,17,T,3.75,50.0,2.6,0,0,0,pdb,UP:P39940,UP:P39940:V17T,1698,val
18335,Ubiquitin,P39940,L67A (PDB),Saccharomyces cerevisiae (strain ATCC 204508 / S288c) (Baker's yeast),1OTR,L67A,Sheet,1.09,3.75,50,-2.82,-,-,yes (>90%),12079391.0,protein stability; hydration; packing; amino acid substitutions; differential scanning calorimetry,"J MOL BIOL 320, 343-357 (2002) PMID: 12079391","Loladze VV, Ermolenko DN, Makhatadze GI.",-2.82,L,67,A,3.75,50.0,1.09,0,0,0,pdb,UP:P39940,UP:P39940:L67A,1699,val
18336,Ubiquitin,P39940,L67N (PDB),Saccharomyces cerevisiae (strain ATCC 204508 / S288c) (Baker's yeast),1OTR,L67N,Sheet,1.09,3.75,50,-3.39,-,-,yes (>90%),12079391.0,protein stability; hydration; packing; amino acid substitutions; differential scanning calorimetry,"J MOL BIOL 320, 343-357 (2002) PMID: 12079391","Loladze VV, Ermolenko DN, Makhatadze GI.",-3.39,L,67,N,3.75,50.0,1.09,0,0,0,pdb,UP:P39940,UP:P39940:L67N,1700,val
18337,Ubiquitin,P39940,L67T (PDB),Saccharomyces cerevisiae (strain ATCC 204508 / S288c) (Baker's yeast),1OTR,L67T,Sheet,1.09,3.75,50,-2.92,-,-,yes (>90%),12079391.0,protein stability; hydration; packing; amino acid substitutions; differential scanning calorimetry,"J MOL BIOL 320, 343-357 (2002) PMID: 12079391","Loladze VV, Ermolenko DN, Makhatadze GI.",-2.92,L,67,T,3.75,50.0,1.09,0,0,0,pdb,UP:P39940,UP:P39940:L67T,1701,val
18338,Ubiquitin,P39940,L67S (PDB),Saccharomyces cerevisiae (strain ATCC 204508 / S288c) (Baker's yeast),1OTR,L67S,Sheet,1.09,3.75,50,-3.3,-,-,yes (>90%),12079391.0,protein stability; hydration; packing; amino acid substitutions; differential scanning calorimetry,"J MOL BIOL 320, 343-357 (2002) PMID: 12079391","Loladze VV, Ermolenko DN, Makhatadze GI.",-3.3,L,67,S,3.75,50.0,1.09,0,0,0,pdb,UP:P39940,UP:P39940:L67S,1702,val
18339,Ubiquitin,P39940,Q41L (PDB),Saccharomyces cerevisiae (strain ATCC 204508 / S288c) (Baker's yeast),1OTR,Q41L,Sheet,0.0,3.75,50,-0.26,-,-,yes (>90%),12079391.0,protein stability; hydration; packing; amino acid substitutions; differential scanning calorimetry,"J MOL BIOL 320, 343-357 (2002) PMID: 12079391","Loladze VV, Ermolenko DN, Makhatadze GI.",-0.26,Q,41,L,3.75,50.0,0.0,0,0,0,pdb,UP:P39940,UP:P39940:Q41L,1703,val
18340,Ubiquitin,P39940,Q41V (PDB),Saccharomyces cerevisiae (strain ATCC 204508 / S288c) (Baker's yeast),1OTR,Q41V,Coil,0.0,3.75,50,-0.05,-,-,yes (>90%),12079391.0,protein stability; hydration; packing; amino acid substitutions; differential scanning calorimetry,"J MOL BIOL 320, 343-357 (2002) PMID: 12079391","Loladze VV, Ermolenko DN, Makhatadze GI.",-0.05,Q,41,V,3.75,50.0,0.0,0,0,0,pdb,UP:P39940,UP:P39940:Q41V,1704,val
18341,Ubiquitin,P39940,Q41N (PDB),Saccharomyces cerevisiae (strain ATCC 204508 / S288c) (Baker's yeast),1OTR,Q41N,Sheet,0.0,3.75,50,-2.56,-,-,yes (>90%),12079391.0,protein stability; hydration; packing; amino acid substitutions; differential scanning calorimetry,"J MOL BIOL 320, 343-357 (2002) PMID: 12079391","Loladze VV, Ermolenko DN, Makhatadze GI.",-2.56,Q,41,N,3.75,50.0,0.0,0,0,0,pdb,UP:P39940,UP:P39940:Q41N,1705,val
18342,Ubiquitin,P39940,Q41T (PDB),Saccharomyces cerevisiae (strain ATCC 204508 / S288c) (Baker's yeast),1OTR,Q41T,Sheet,0.0,3.75,50,-0.43,-,-,yes (>90%),12079391.0,protein stability; hydration; packing; amino acid substitutions; differential scanning calorimetry,"J MOL BIOL 320, 343-357 (2002) PMID: 12079391","Loladze VV, Ermolenko DN, Makhatadze GI.",-0.43,Q,41,T,3.75,50.0,0.0,0,0,0,pdb,UP:P39940,UP:P39940:Q41T,1706,val
18343,Ubiquitin,P39940,Q41S (PDB),Saccharomyces cerevisiae (strain ATCC 204508 / S288c) (Baker's yeast),1OTR,Q41S,Sheet,0.0,3.75,50,-1.27,-,-,yes (>90%),12079391.0,protein stability; hydration; packing; amino acid substitutions; differential scanning calorimetry,"J MOL BIOL 320, 343-357 (2002) PMID: 12079391","Loladze VV, Ermolenko DN, Makhatadze GI.",-1.27,Q,41,S,3.75,50.0,0.0,0,0,0,pdb,UP:P39940,UP:P39940:Q41S,1707,val
18344,Ubiquitin,P39940,V5N (PDB),Saccharomyces cerevisiae (strain ATCC 204508 / S288c) (Baker's yeast),1OTR,V5N,Sheet,0.65,3.75,50,-5.38,-,-,yes (>90%),1207939.0,protein stability; hydration; packing; amino acid substitutions; differential scanning calorimetry,"J MOL BIOL 320, 343-357 (2002) PMID: 1207939","Loladze VV, Ermolenko DN, Makhatadze GI.",-5.38,V,5,N,3.75,50.0,0.65,0,0,0,pdb,UP:P39940,UP:P39940:V5N,1708,val
18345,DNA-binding protein 7d (7 kDa DNA-binding protein d) (Sso7d),P39476,I30V (PDB: I30V(PDB:I29V)),Saccharolobus solfataricus (strain ATCC 35092 / DSM 1617 / JCM 11322 / P2) (Sulfolobus solfataricus),1SSO,I30V(PDB:I29V),Helix,2.16,7.0,50,-0.4,-,-,yes,15005619.0,hydrophobicity; packing; hyperthermophile; cavity-filling,"BIOCHEMISTRY 43, 2840-2853 (2004) PMID: 15005619","Clark AT, McCrary BS, Edmondson SP, Shriver JW",-0.4,I,30,V,7.0,50.0,2.16,0,0,0,pdb,UP:P39476,UP:P39476:I30V,1709,val
18346,DNA-binding protein 7d (7 kDa DNA-binding protein d) (Sac7d) [Cleaved into: DNA-binding protein 7a (7 kDa DNA-binding protein a) (Sac7a); DNA-binding protein 7b (7 kDa DNA-binding protein b) (Sac7b)],P13123,V30I (PDB: V30I),Sulfolobus acidocaldarius (strain ATCC 33909 / DSM 639 / JCM 8929 / NBRC 15157 / NCIMB 11770),1AZP,V30I,Sheet,0.0,7.0,50,0.7,-,-,yes,15005619.0,hydrophobicity; packing; hyperthermophile; cavity-filling,"BIOCHEMISTRY 43, 2840-2853 (2004) PMID: 15005619","Clark AT, McCrary BS, Edmondson SP, Shriver JW",0.7,V,30,I,7.0,50.0,0.0,0,0,0,pdb,UP:P13123,UP:P13123:V30I,1710,test
18398,Ribonuclease HI,P0A7Y4,K91R (PDB: K91R),Escherichia coli (strain K12),2RN2,K91R,Coil,43.27,3.0,49.8,0.2,-,-,yes,1331044.0,structural stability; mutagenesis; free energy change;,"J BIOL CHEM 267, 22014-22017 (1992) PMID: 1331044","Kimura S., Kanaya S. & Nakamura H.",0.2,K,91,R,3.0,49.8,43.27,0,0,0,pdb,UP:P0A7Y4,UP:P0A7Y4:K91R,1711,test
18399,Ribonuclease HI,P0A7Y4,K91R (PDB: K91R),Escherichia coli (strain K12),2RN2,K91R,Coil,43.27,5.5,49.8,0,-,-,yes,1331044.0,structural stability; mutagenesis; free energy change;,"J BIOL CHEM 267, 22014-22017 (1992) PMID: 1331044","Kimura S., Kanaya S. & Nakamura H.",0.0,K,91,R,5.5,49.8,43.27,0,0,0,pdb,UP:P0A7Y4,UP:P0A7Y4:K91R,1712,test
18400,Ribonuclease HI,P0A7Y4,D94E (PDB: D94E),Escherichia coli (strain K12),2RN2,D94E,Coil,76.34,3.0,49.8,-0.4,-,-,yes,1331044.0,structural stability; mutagenesis; free energy change;,"J BIOL CHEM 267, 22014-22017 (1992) PMID: 1331044","Kimura S., Kanaya S. & Nakamura H.",-0.4,D,94,E,3.0,49.8,76.34,0,0,0,pdb,UP:P0A7Y4,UP:P0A7Y4:D94E,1713,test
18401,Ribonuclease HI,P0A7Y4,D94E (PDB: D94E),Escherichia coli (strain K12),2RN2,D94E,Coil,76.34,5.5,49.8,-0.4,-,-,yes,1331044.0,structural stability; mutagenesis; free energy change;,"J BIOL CHEM 267, 22014-22017 (1992) PMID: 1331044","Kimura S., Kanaya S. & Nakamura H.",-0.4,D,94,E,5.5,49.8,76.34,0,0,0,pdb,UP:P0A7Y4,UP:P0A7Y4:D94E,1714,test
18402,Ribonuclease HI,P0A7Y4,K95G (PDB: K95G),Escherichia coli (strain K12),2RN2,K95G,Coil,68.06,3.0,49.8,1.7,-,-,yes,1331044.0,structural stability; mutagenesis; free energy change;,"J BIOL CHEM 267, 22014-22017 (1992) PMID: 1331044","Kimura S., Kanaya S. & Nakamura H.",1.7,K,95,G,3.0,49.8,68.06,0,0,0,pdb,UP:P0A7Y4,UP:P0A7Y4:K95G,1715,test
18403,Ribonuclease HI,P0A7Y4,K95G (PDB: K95G),Escherichia coli (strain K12),2RN2,K95G,Coil,68.06,5.5,49.8,1.9,-,-,yes,1331044.0,structural stability; mutagenesis; free energy change;,"J BIOL CHEM 267, 22014-22017 (1992) PMID: 1331044","Kimura S., Kanaya S. & Nakamura H.",1.9,K,95,G,5.5,49.8,68.06,0,0,0,pdb,UP:P0A7Y4,UP:P0A7Y4:K95G,1716,test
18404,Ribonuclease HI,P0A7Y4,K95A (PDB: K95A),Escherichia coli (strain K12),2RN2,K95A,Coil,68.06,3.0,49.8,0.1,-,-,yes,1331044.0,structural stability; mutagenesis; free energy change;,"J BIOL CHEM 267, 22014-22017 (1992) PMID: 1331044","Kimura S., Kanaya S. & Nakamura H.",0.1,K,95,A,3.0,49.8,68.06,0,0,0,pdb,UP:P0A7Y4,UP:P0A7Y4:K95A,1717,test
18405,Ribonuclease HI,P0A7Y4,K95A (PDB: K95A),Escherichia coli (strain K12),2RN2,K95A,Coil,68.06,5.5,49.8,0.1,-,-,yes,1331044.0,structural stability; mutagenesis; free energy change;,"J BIOL CHEM 267, 22014-22017 (1992) PMID: 1331044","Kimura S., Kanaya S. & Nakamura H.",0.1,K,95,A,5.5,49.8,68.06,0,0,0,pdb,UP:P0A7Y4,UP:P0A7Y4:K95A,1718,test
18406,Ribonuclease HI,P0A7Y4,K95N (PDB: K95N),Escherichia coli (strain K12),2RN2,K95N,Turn,68.06,3.0,49.8,0.9,-,-,yes,1331044.0,structural stability; mutagenesis; free energy change;,"J BIOL CHEM 267, 22014-22017 (1992) PMID: 1331044","Kimura S., Kanaya S. & Nakamura H.",0.9,K,95,N,3.0,49.8,68.06,0,0,0,pdb,UP:P0A7Y4,UP:P0A7Y4:K95N,1719,test
18407,Ribonuclease HI,P0A7Y4,K95N (PDB: K95N),Escherichia coli (strain K12),2RN2,K95N,Turn,68.06,5.5,49.8,0.9,-,-,yes,1331044.0,structural stability; mutagenesis; free energy change;,"J BIOL CHEM 267, 22014-22017 (1992) PMID: 1331044","Kimura S., Kanaya S. & Nakamura H.",0.9,K,95,N,5.5,49.8,68.06,0,0,0,pdb,UP:P0A7Y4,UP:P0A7Y4:K95N,1720,test
18414,Ribonuclease HI,P0A7Y4,S68G (PDB: S68G),Escherichia coli (strain K12),2RN2,S68G,Coil,1.71,3.0,49.8,-2.4,-,-,yes,1317795.0,Escherichia coli ribonuclease HI; enzyme activity; stability;,"EUR J BIOCHEM 206, 337-343 (1992) PMID: 1317795","Kimura S., Oda Y., Nakai T., Katayanagi K., Kitakuni E.,",-2.4,S,68,G,3.0,49.8,1.71,0,0,0,pdb,UP:P0A7Y4,UP:P0A7Y4:S68G,1721,test
18415,Ribonuclease HI,P0A7Y4,S68A (PDB: S68A),Escherichia coli (strain K12),2RN2,S68A,Coil,1.71,3.0,49.8,-0.5,-,-,yes,1317795.0,Escherichia coli ribonuclease HI; enzyme activity; stability;,"EUR J BIOCHEM 206, 337-343 (1992) PMID: 1317795","Kimura S., Oda Y., Nakai T., Katayanagi K., Kitakuni E.,",-0.5,S,68,A,3.0,49.8,1.71,0,0,0,pdb,UP:P0A7Y4,UP:P0A7Y4:S68A,1722,test
18416,Ribonuclease HI,P0A7Y4,S68T (PDB: S68T),Escherichia coli (strain K12),2RN2,S68T,Coil,1.71,3.0,49.8,-0.2,-,-,yes,1317795.0,Escherichia coli ribonuclease HI; enzyme activity; stability;,"EUR J BIOCHEM 206, 337-343 (1992) PMID: 1317795","Kimura S., Oda Y., Nakai T., Katayanagi K., Kitakuni E.,",-0.2,S,68,T,3.0,49.8,1.71,0,0,0,pdb,UP:P0A7Y4,UP:P0A7Y4:S68T,1723,test
18417,Ribonuclease HI,P0A7Y4,S68V (PDB: S68V),Escherichia coli (strain K12),2RN2,S68V,Coil,1.71,3.0,49.8,0.6,-,-,yes,1317795.0,Escherichia coli ribonuclease HI; enzyme activity; stability;,"EUR J BIOCHEM 206, 337-343 (1992) PMID: 1317795","Kimura S., Oda Y., Nakai T., Katayanagi K., Kitakuni E.,",0.6,S,68,V,3.0,49.8,1.71,0,0,0,pdb,UP:P0A7Y4,UP:P0A7Y4:S68V,1724,test
18418,Ribonuclease HI,P0A7Y4,S68L (PDB: S68L),Escherichia coli (strain K12),2RN2,S68L,Coil,1.71,3.0,49.8,-0.5,-,-,yes,1317795.0,Escherichia coli ribonuclease HI; enzyme activity; stability;,"EUR J BIOCHEM 206, 337-343 (1992) PMID: 1317795","Kimura S., Oda Y., Nakai T., Katayanagi K., Kitakuni E.,",-0.5,S,68,L,3.0,49.8,1.71,0,0,0,pdb,UP:P0A7Y4,UP:P0A7Y4:S68L,1725,test
18419,Ribonuclease HI,P0A7Y4,G77A (PDB: G77A),Escherichia coli (strain K12),2RN2,G77A,Helix,0.0,3.0,49.8,-0.9,-,-,yes,8393706.0,Escherichia coli ribonuclease HI; cooperative stabilization;,"BIOCHEMISTRY 32, 7136-7142 (1993) PMID: 8393706","Ishikawa K., Nakamura H., Morikawa K., Kimura S. & Kanaya S.",-0.9,G,77,A,3.0,49.8,0.0,0,0,0,pdb,UP:P0A7Y4,UP:P0A7Y4:G77A,1726,test
18420,Ribonuclease HI,P0A7Y4,H62P (PDB: H62P),Escherichia coli (strain K12),2RN2,H62P,Helix,74.77,3.0,49.8,1,-,-,yes,1328237.0,Escherichia coli ribonuclease HI; thermophilic; thermostability;,"J BIOL CHEM 267, 21535-21542 (1992) PMID: 1328237","Kimura S., Nakamura H., Hashimoto T., Oobatake M. & Kanaya S.",1.0,H,62,P,3.0,49.8,74.77,0,0,0,pdb,UP:P0A7Y4,UP:P0A7Y4:H62P,1727,test
18421,Ribonuclease HI,P0A7Y4,Q113P (PDB: Q113P),Escherichia coli (strain K12),2RN2,Q113P,Helix,59.91,3.0,49.8,-0.2,-,-,yes,1328237.0,Escherichia coli ribonuclease HI; thermophilic; thermostability;,"J BIOL CHEM 267, 21535-21542 (1992) PMID: 1328237","Kimura S., Nakamura H., Hashimoto T., Oobatake M. & Kanaya S.",-0.2,Q,113,P,3.0,49.8,59.91,0,0,0,pdb,UP:P0A7Y4,UP:P0A7Y4:Q113P,1728,test
18424,Ribonuclease HI,P0A7Y4,A125T (PDB: A125T),Escherichia coli (strain K12),2RN2,A125T,Turn,58.98,3.0,49.8,0.1,-,-,yes,1328237.0,Escherichia coli ribonuclease HI; thermophilic; thermostability;,"J BIOL CHEM 267, 21535-21542 (1992) PMID: 1328237","Kimura S., Nakamura H., Hashimoto T., Oobatake M. & Kanaya S.",0.1,A,125,T,3.0,49.8,58.98,0,0,0,pdb,UP:P0A7Y4,UP:P0A7Y4:A125T,1729,test
18425,Ribonuclease HI,P0A7Y4,V74L (PDB: V74L),Escherichia coli (strain K12),2RN2,V74L,Helix,0.65,3.0,49.8,1.1,-,-,yes,3191114.0,Escherichia coli ribonuclease HI; hydrophobic core;,"BIOCHEMISTRY 32, 6171-6178 (1993) PMID: 3191114","Ishikawa K., Nakamura H., Morikawa K. & Kanaya S.",1.1,V,74,L,3.0,49.8,0.65,0,0,0,pdb,UP:P0A7Y4,UP:P0A7Y4:V74L,1730,test
18426,Ribonuclease HI,P0A7Y4,V74I (PDB: V74I),Escherichia coli (strain K12),2RN2,V74I,Helix,0.65,3.0,49.8,0.7,-,-,yes,3191114.0,Escherichia coli ribonuclease HI; hydrophobic core;,"BIOCHEMISTRY 32, 6171-6178 (1993) PMID: 3191114","Ishikawa K., Nakamura H., Morikawa K. & Kanaya S.",0.7,V,74,I,3.0,49.8,0.65,0,0,0,pdb,UP:P0A7Y4,UP:P0A7Y4:V74I,1731,test
18427,Ribonuclease HI,P0A7Y4,V74A (PDB: V74A),Escherichia coli (strain K12),2RN2,V74A,Helix,0.65,3.0,49.8,-2.2,-,-,yes,3191114.0,Escherichia coli ribonuclease HI; hydrophobic core;,"BIOCHEMISTRY 32, 6171-6178 (1993) PMID: 3191114","Ishikawa K., Nakamura H., Morikawa K. & Kanaya S.",-2.2,V,74,A,3.0,49.8,0.65,0,0,0,pdb,UP:P0A7Y4,UP:P0A7Y4:V74A,1732,test
18428,Lysozyme,P61626,I41V (PDB: I23V),Homo sapiens (Human),1LZ1,I23V,Helix,8.11,2.7,49.2,-0.41,-,-,yes,9677301.0,protein stability; hydrophobic effect; double mutant;,"J MOL BIOL 280, 749-761 (1998) PMID: 9677301","Takano K, Yamagata Y, Yutani K",-0.41,I,41,V,2.7,49.2,8.11,0,0,0,pdb,UP:P61626,UP:P61626:I41V,1733,train
18429,Lysozyme,P61626,I74V (PDB: I56V),Homo sapiens (Human),1LZ1,I56V,Helix,0.54,2.7,49.2,-1.34,-,-,yes,9677301.0,protein stability; hydrophobic effect; double mutant;,"J MOL BIOL 280, 749-761 (1998) PMID: 9677301","Takano K, Yamagata Y, Yutani K",-1.34,I,74,V,2.7,49.2,0.54,0,0,0,pdb,UP:P61626,UP:P61626:I74V,1734,train
18430,Lysozyme,P61626,I77V (PDB: I59V),Homo sapiens (Human),1LZ1,I59V,Helix,1.62,2.7,49.2,-0.93,-,-,yes,9677301.0,protein stability; hydrophobic effect; double mutant;,"J MOL BIOL 280, 749-761 (1998) PMID: 9677301","Takano K, Yamagata Y, Yutani K",-0.93,I,77,V,2.7,49.2,1.62,0,0,0,pdb,UP:P61626,UP:P61626:I77V,1735,train
18431,Lysozyme,P61626,I107V (PDB: I89V),Homo sapiens (Human),1LZ1,I89V,Helix,3.78,2.7,49.2,-0.35,-,-,yes,9677301.0,protein stability; hydrophobic effect; double mutant;,"J MOL BIOL 280, 749-761 (1998) PMID: 9677301","Takano K, Yamagata Y, Yutani K",-0.35,I,107,V,2.7,49.2,3.78,0,0,0,pdb,UP:P61626,UP:P61626:I107V,1736,train
18432,Lysozyme,P61626,I124V (PDB: I106V),Homo sapiens (Human),1LZ1,I106V,Helix,2.16,2.7,49.2,-0.98,-,-,yes,9677301.0,protein stability; hydrophobic effect; double mutant;,"J MOL BIOL 280, 749-761 (1998) PMID: 9677301","Takano K, Yamagata Y, Yutani K",-0.98,I,124,V,2.7,49.2,2.16,0,0,0,pdb,UP:P61626,UP:P61626:I124V,1737,train
18433,Lysozyme,P61626,V20A (PDB: V2A),Homo sapiens (Human),1LZ1,V2A,Sheet,63.11,2.7,49.2,-1.51,-,-,yes,9677301.0,protein stability; hydrophobic effect; double mutant;,"J MOL BIOL 280, 749-761 (1998) PMID: 9677301","Takano K, Yamagata Y, Yutani K",-1.51,V,20,A,2.7,49.2,63.11,0,0,0,pdb,UP:P61626,UP:P61626:V20A,1738,train
18434,Lysozyme,P61626,V92A (PDB: V74A),Homo sapiens (Human),1LZ1,V74A,Coil,56.6,2.7,49.2,-0.43,-,-,yes,9677301.0,protein stability; hydrophobic effect; double mutant;,"J MOL BIOL 280, 749-761 (1998) PMID: 9677301","Takano K, Yamagata Y, Yutani K",-0.43,V,92,A,2.7,49.2,56.6,0,0,0,pdb,UP:P61626,UP:P61626:V92A,1739,train
18435,Lysozyme,P61626,V111A (PDB: V93A),Homo sapiens (Human),1LZ1,V93A,Helix,1.95,2.7,49.2,-1,-,-,yes,9677301.0,protein stability; hydrophobic effect; double mutant;,"J MOL BIOL 280, 749-761 (1998) PMID: 9677301","Takano K, Yamagata Y, Yutani K",-1.0,V,111,A,2.7,49.2,1.95,0,0,0,pdb,UP:P61626,UP:P61626:V111A,1740,train
18436,Lysozyme,P61626,V117A (PDB: V99A),Homo sapiens (Human),1LZ1,V99A,Helix,2.6,2.7,49.2,-0.89,-,-,yes,9677301.0,protein stability; hydrophobic effect; double mutant;,"J MOL BIOL 280, 749-761 (1998) PMID: 9677301","Takano K, Yamagata Y, Yutani K",-0.89,V,117,A,2.7,49.2,2.6,0,0,0,pdb,UP:P61626,UP:P61626:V117A,1741,train
18437,Lysozyme,P61626,V118A (PDB: V100A),Homo sapiens (Human),1LZ1,V100A,Turn,0.65,2.7,49.2,-0.57,-,-,yes,9677301.0,protein stability; hydrophobic effect; double mutant;,"J MOL BIOL 280, 749-761 (1998) PMID: 9677301","Takano K, Yamagata Y, Yutani K",-0.57,V,118,A,2.7,49.2,0.65,0,0,0,pdb,UP:P61626,UP:P61626:V118A,1742,train
18438,Lysozyme,P61626,V128A (PDB: V110A),Homo sapiens (Human),1LZ1,V110A,Helix,50.75,2.7,49.2,0.07,-,-,yes,9677301.0,protein stability; hydrophobic effect; double mutant;,"J MOL BIOL 280, 749-761 (1998) PMID: 9677301","Takano K, Yamagata Y, Yutani K",0.07,V,128,A,2.7,49.2,50.75,0,0,0,pdb,UP:P61626,UP:P61626:V128A,1743,train
18439,Lysozyme,P61626,V139A (PDB: V121A),Homo sapiens (Human),1LZ1,V121A,Turn,8.46,2.7,49.2,-1.75,-,-,yes,9677301.0,protein stability; hydrophobic effect; double mutant;,"J MOL BIOL 280, 749-761 (1998) PMID: 9677301","Takano K, Yamagata Y, Yutani K",-1.75,V,139,A,2.7,49.2,8.46,0,0,0,pdb,UP:P61626,UP:P61626:V139A,1744,train
18440,Lysozyme,P61626,V143A (PDB: V125A),Homo sapiens (Human),1LZ1,V125A,Turn,17.57,2.7,49.2,-1.6,-,-,yes,9677301.0,protein stability; hydrophobic effect; double mutant;,"J MOL BIOL 280, 749-761 (1998) PMID: 9677301","Takano K, Yamagata Y, Yutani K",-1.6,V,143,A,2.7,49.2,17.57,0,0,0,pdb,UP:P61626,UP:P61626:V143A,1745,train
18441,Lysozyme,P61626,V148A (PDB: V130A),Homo sapiens (Human),1LZ1,V130A,Coil,55.3,2.7,49.2,-1.12,-,-,yes,9677301.0,protein stability; hydrophobic effect; double mutant;,"J MOL BIOL 280, 749-761 (1998) PMID: 9677301","Takano K, Yamagata Y, Yutani K",-1.12,V,148,A,2.7,49.2,55.3,0,0,0,pdb,UP:P61626,UP:P61626:V148A,1746,train
18442,Lysozyme,P61626,I77A (PDB: I59A),Homo sapiens (Human),1LZ1,I59A,Helix,1.62,2.7,49.2,-1.31,-,-,yes,12646687.0,cavity; human lysozyme; mutant protein; protein stability; water molecule,"PROTEIN ENG 16, 5-9 (2003) PMID: 12646687","Takano K, Yamagata Y, Yutani K.",-1.31,I,77,A,2.7,49.2,1.62,0,0,0,pdb,UP:P61626,UP:P61626:I77A,1747,train
18443,Ribonuclease Sa,P05798,Q38A (PDB: Q38A),Kitasatospora aureofaciens (Streptomyces aureofaciens),1RGG,Q38A,Coil,63.83,7.0,49,1,-,-,yes (90-95%),14500895.0,Ribonuclease Sa; active-site mutants; catalytic activity; specificity; thermal stability,"PROTEIN SCI 12, 2367-2373 (2003) PMID: 14500895","Yakovlev GI, Mitkevich VA, Shaw KL, Trevino S, Newsom S, Pace CN, Makarov AA",1.0,Q,38,A,7.0,49.0,63.83,0,0,0,pdb,UP:P05798,UP:P05798:Q38A,1748,train
18444,Ribonuclease Sa,P05798,E41K (PDB: E41K),Kitasatospora aureofaciens (Streptomyces aureofaciens),1RGG,E41K,Sheet,96.74,7.0,49,-0.7,-,-,yes (90-95%),14500895.0,Ribonuclease Sa; active-site mutants; catalytic activity; specificity; thermal stability,"PROTEIN SCI 12, 2367-2373 (2003) PMID: 14500895","Yakovlev GI, Mitkevich VA, Shaw KL, Trevino S, Newsom S, Pace CN, Makarov AA",-0.7,E,41,K,7.0,49.0,96.74,0,0,0,pdb,UP:P05798,UP:P05798:E41K,1749,train
18445,Ribonuclease Sa,P05798,E54Q (PDB: E54Q),Kitasatospora aureofaciens (Streptomyces aureofaciens),1RGG,E54Q,Sheet,10.3,7.0,49,-1.7,-,-,yes (90-95%),14500895.0,Ribonuclease Sa; active-site mutants; catalytic activity; specificity; thermal stability,"PROTEIN SCI 12, 2367-2373 (2003) PMID: 14500895","Yakovlev GI, Mitkevich VA, Shaw KL, Trevino S, Newsom S, Pace CN, Makarov AA",-1.7,E,54,Q,7.0,49.0,10.3,0,0,0,pdb,UP:P05798,UP:P05798:E54Q,1750,train
18446,Ribonuclease Sa,P05798,R65A (PDB: R65A),Kitasatospora aureofaciens (Streptomyces aureofaciens),1RGG,R65A,Coil,25.76,7.0,49,-1,-,-,yes (90-95%),14500895.0,Ribonuclease Sa; active-site mutants; catalytic activity; specificity; thermal stability,"PROTEIN SCI 12, 2367-2373 (2003) PMID: 14500895","Yakovlev GI, Mitkevich VA, Shaw KL, Trevino S, Newsom S, Pace CN, Makarov AA",-1.0,R,65,A,7.0,49.0,25.76,0,0,0,pdb,UP:P05798,UP:P05798:R65A,1751,train
18447,Ribonuclease Sa,P05798,E74K (PDB: E74K),Kitasatospora aureofaciens (Streptomyces aureofaciens),1RGG,E74K,Sheet,79.56,7.0,49,0.9,-,-,yes (90-95%),14500895.0,Ribonuclease Sa; active-site mutants; catalytic activity; specificity; thermal stability,"PROTEIN SCI 12, 2367-2373 (2003) PMID: 14500895","Yakovlev GI, Mitkevich VA, Shaw KL, Trevino S, Newsom S, Pace CN, Makarov AA",0.9,E,74,K,7.0,49.0,79.56,0,0,0,pdb,UP:P05798,UP:P05798:E74K,1752,train
18448,Ribonuclease Sa,P05798,H85Q (PDB: H85Q),Kitasatospora aureofaciens (Streptomyces aureofaciens),1RGG,H85Q,Helix,54.43,7.0,49,0,-,-,yes (90-95%),14500895.0,Ribonuclease Sa; active-site mutants; catalytic activity; specificity; thermal stability,"PROTEIN SCI 12, 2367-2373 (2003) PMID: 14500895","Yakovlev GI, Mitkevich VA, Shaw KL, Trevino S, Newsom S, Pace CN, Makarov AA",0.0,H,85,Q,7.0,49.0,54.43,0,0,0,pdb,UP:P05798,UP:P05798:H85Q,1753,train
18449,Ribonuclease T1,P00651,Q51K (PDB: Q25K),Aspergillus oryzae (strain ATCC 42149 / RIB 40) (Yellow koji mold),1RN1,Q25K,Helix,49.27,7.0,48.6,0.93,-,-,Unknown,2663837.0,Ribonuclease T1; conformational stability; activity; thermal unfolding,"J BIOL CHEM 264, 11621-11625 (1989) PMID: 2663837","Shirley BA, Stanssens P, Steyaert J, Pace CN",0.93,Q,51,K,7.0,48.6,49.27,0,0,0,pdb,UP:P00651,UP:P00651:Q51K,1754,val
18450,Ribonuclease T1,P00651,E84A (PDB: E58A),Aspergillus oryzae (strain ATCC 42149 / RIB 40) (Yellow koji mold),1RN1,E58A,Sheet,5.72,7.0,48.6,-0.78,-,-,Unknown,2663837.0,Ribonuclease T1; conformational stability; activity; thermal unfolding,"J BIOL CHEM 264, 11621-11625 (1989) PMID: 2663837","Shirley BA, Stanssens P, Steyaert J, Pace CN",-0.78,E,84,A,7.0,48.6,5.72,0,0,0,pdb,UP:P00651,UP:P00651:E84A,1755,val
18453,HU DNA-binding protein,P08821,E15G (UniProt),Bacillus subtilis (strain 168),AF-P08821-F1-model_v4,-,-,,7.0,48.6,1.55,-,-,yes,9685334.0,thermostability; DNA-binding protein HU; structural;,"J BIOL CHEM 273, 19982-19987 (1998) PMID: 9685334","Kawamura S, Abe Y, Ueda T, Masumoto K, Imoto T, Yamasaki N,",1.55,E,15,G,7.0,48.6,,0,0,1,uniprot,UP:P08821,UP:P08821:E15G,1756,train
18454,HU DNA-binding protein,P08821,S27A (UniProt),Bacillus subtilis (strain 168),AF-P08821-F1-model_v4,-,-,,7.0,48.6,0.73,-,-,yes,9685334.0,thermostability; DNA-binding protein HU; structural;,"J BIOL CHEM 273, 19982-19987 (1998) PMID: 9685334","Kawamura S, Abe Y, Ueda T, Masumoto K, Imoto T, Yamasaki N,",0.73,S,27,A,7.0,48.6,,0,0,1,uniprot,UP:P08821,UP:P08821:S27A,1757,train
18455,HU DNA-binding protein,P08821,I42V (UniProt),Bacillus subtilis (strain 168),AF-P08821-F1-model_v4,-,-,,7.0,48.6,0.52,-,-,yes,9685334.0,thermostability; DNA-binding protein HU; structural;,"J BIOL CHEM 273, 19982-19987 (1998) PMID: 9685334","Kawamura S, Abe Y, Ueda T, Masumoto K, Imoto T, Yamasaki N,",0.52,I,42,V,7.0,48.6,,0,0,1,uniprot,UP:P08821,UP:P08821:I42V,1758,train
18457,Ribonuclease Sa,P05798,N39D (PDB: N39D),Kitasatospora aureofaciens (Streptomyces aureofaciens),1RGG,N39D,Turn,9.56,7.0,48.4,-1.5,-,-,yes (>95%),9819211.0,"conformational stability; asparagine; ribonuclease Sa, Ba, T1;","BIOCHEMISTRY 37, 16192-16200 (1998) PMID: 9819211","Hebert EJ, Giletto A, Sevcik J, Urbanikova L, Wilson KS,",-1.5,N,39,D,7.0,48.4,9.56,0,0,0,pdb,UP:P05798,UP:P05798:N39D,1759,train
18458,Ribonuclease Sa,P05798,N39S (PDB: N39S),Kitasatospora aureofaciens (Streptomyces aureofaciens),1RGG,N39S,Turn,9.56,7.0,48.4,-2.3,-,-,yes (>95%),9819211.0,"conformational stability; asparagine; ribonuclease Sa, Ba, T1;","BIOCHEMISTRY 37, 16192-16200 (1998) PMID: 9819211","Hebert EJ, Giletto A, Sevcik J, Urbanikova L, Wilson KS,",-2.3,N,39,S,7.0,48.4,9.56,0,0,0,pdb,UP:P05798,UP:P05798:N39S,1760,train
18459,Ribonuclease Sa,P05798,N39A (PDB: N39A),Kitasatospora aureofaciens (Streptomyces aureofaciens),1RGG,N39A,Turn,9.56,7.0,48.4,-2.2,-,-,yes (>95%),9819211.0,"conformational stability; asparagine; ribonuclease Sa, Ba, T1;","BIOCHEMISTRY 37, 16192-16200 (1998) PMID: 9819211","Hebert EJ, Giletto A, Sevcik J, Urbanikova L, Wilson KS,",-2.2,N,39,A,7.0,48.4,9.56,0,0,0,pdb,UP:P05798,UP:P05798:N39A,1761,train
18460,Ribonuclease Sa,P05798,T18V (PDB: T18V),Kitasatospora aureofaciens (Streptomyces aureofaciens),1RGG,T18V,Turn,7.21,7.0,48.4,-1.4,-,-,yes(>95%),12799387.0,hydrogen bonding; polar groups; protein stability; environment,"J BIOL CHEM 278, 31790-31795 (2003) PMID: 12799387","Takano K, Scholtz JM, Sacchettini JC, Pace CN",-1.4,T,18,V,7.0,48.4,7.21,0,0,0,pdb,UP:P05798,UP:P05798:T18V,1762,train
18461,Ribonuclease Sa,P05798,T56V (PDB: T56V),Kitasatospora aureofaciens (Streptomyces aureofaciens),1RGG,T56V,Turn,2.16,7.0,48.4,-1.9,-,-,yes(>95%),12799387.0,hydrogen bonding; polar groups; protein stability; environment,"J BIOL CHEM 278, 31790-31795 (2003) PMID: 12799387","Takano K, Scholtz JM, Sacchettini JC, Pace CN",-1.9,T,56,V,7.0,48.4,2.16,0,0,0,pdb,UP:P05798,UP:P05798:T56V,1763,train
18462,Ribonuclease Sa,P05798,T67V (PDB: T67V),Kitasatospora aureofaciens (Streptomyces aureofaciens),1RGG,T67V,Turn,45.42,7.0,48.4,0,-,-,yes(>95%),12799387.0,hydrogen bonding; polar groups; protein stability; environment,"J BIOL CHEM 278, 31790-31795 (2003) PMID: 12799387","Takano K, Scholtz JM, Sacchettini JC, Pace CN",0.0,T,67,V,7.0,48.4,45.42,0,0,0,pdb,UP:P05798,UP:P05798:T67V,1764,train
18463,Ribonuclease Sa,P05798,T82V (PDB: T82V),Kitasatospora aureofaciens (Streptomyces aureofaciens),1RGG,T82V,Turn,0.72,7.0,48.4,-1.7,-,-,yes(>95%),12799387.0,hydrogen bonding; polar groups; protein stability; environment,"J BIOL CHEM 278, 31790-31795 (2003) PMID: 12799387","Takano K, Scholtz JM, Sacchettini JC, Pace CN",-1.7,T,82,V,7.0,48.4,0.72,0,0,0,pdb,UP:P05798,UP:P05798:T82V,1765,train
18464,Ribonuclease Sa,P05798,T5V (PDB: T5V),Kitasatospora aureofaciens (Streptomyces aureofaciens),1RGG,T5V,Turn,65.61,7.0,48.4,0,-,-,yes(>95%),12799387.0,hydrogen bonding; polar groups; protein stability; environment,"J BIOL CHEM 278, 31790-31795 (2003) PMID: 12799387","Takano K, Scholtz JM, Sacchettini JC, Pace CN",0.0,T,5,V,7.0,48.4,65.61,0,0,0,pdb,UP:P05798,UP:P05798:T5V,1766,train
18465,Ribonuclease Sa,P05798,T16V (PDB: T16V),Kitasatospora aureofaciens (Streptomyces aureofaciens),1RGG,T16V,Turn,36.77,7.0,48.4,0.3,-,-,yes(>95%),12799387.0,hydrogen bonding; polar groups; protein stability; environment,"J BIOL CHEM 278, 31790-31795 (2003) PMID: 12799387","Takano K, Scholtz JM, Sacchettini JC, Pace CN",0.3,T,16,V,7.0,48.4,36.77,0,0,0,pdb,UP:P05798,UP:P05798:T16V,1767,train
18466,Ribonuclease Sa,P05798,T59V (PDB: T59V),Kitasatospora aureofaciens (Streptomyces aureofaciens),1RGG,T59V,Turn,23.79,7.0,48.4,-1.7,-,-,yes(>95%),12799387.0,hydrogen bonding; polar groups; protein stability; environment,"J BIOL CHEM 278, 31790-31795 (2003) PMID: 12799387","Takano K, Scholtz JM, Sacchettini JC, Pace CN",-1.7,T,59,V,7.0,48.4,23.79,0,0,0,pdb,UP:P05798,UP:P05798:T59V,1768,train
18467,Ribonuclease Sa,P05798,T72V (PDB: T72V),Kitasatospora aureofaciens (Streptomyces aureofaciens),1RGG,T72V,Turn,10.81,7.0,48.4,-0.2,-,-,yes(>95%),12799387.0,hydrogen bonding; polar groups; protein stability; environment,"J BIOL CHEM 278, 31790-31795 (2003) PMID: 12799387","Takano K, Scholtz JM, Sacchettini JC, Pace CN",-0.2,T,72,V,7.0,48.4,10.81,0,0,0,pdb,UP:P05798,UP:P05798:T72V,1769,train
18468,Ribonuclease Sa,P05798,V2T (PDB: V2T),Kitasatospora aureofaciens (Streptomyces aureofaciens),1RGG,V2T,Coil,32.53,7.0,48.4,-0.9,-,-,yes(>95%),12799387.0,hydrogen bonding; polar groups; protein stability; environment,"J BIOL CHEM 278, 31790-31795 (2003) PMID: 12799387","Takano K, Scholtz JM, Sacchettini JC, Pace CN",-0.9,V,2,T,7.0,48.4,32.53,0,0,0,pdb,UP:P05798,UP:P05798:V2T,1770,train
18469,Ribonuclease Sa,P05798,V36T (PDB: V36T),Kitasatospora aureofaciens (Streptomyces aureofaciens),1RGG,V36T,Sheet,24.72,7.0,48.4,-1.3,-,-,yes(>95%),12799387.0,hydrogen bonding; polar groups; protein stability; environment,"J BIOL CHEM 278, 31790-31795 (2003) PMID: 12799387","Takano K, Scholtz JM, Sacchettini JC, Pace CN",-1.3,V,36,T,7.0,48.4,24.72,0,0,0,pdb,UP:P05798,UP:P05798:V36T,1771,train
18470,Ribonuclease Sa,P05798,V43T (PDB: V43T),Kitasatospora aureofaciens (Streptomyces aureofaciens),1RGG,V43T,Coil,20.82,7.0,48.4,-0.5,-,-,yes(>95%),12799387.0,hydrogen bonding; polar groups; protein stability; environment,"J BIOL CHEM 278, 31790-31795 (2003) PMID: 12799387","Takano K, Scholtz JM, Sacchettini JC, Pace CN",-0.5,V,43,T,7.0,48.4,20.82,0,0,0,pdb,UP:P05798,UP:P05798:V43T,1772,train
18471,Ribonuclease Sa,P05798,V57T (PDB: V57T),Kitasatospora aureofaciens (Streptomyces aureofaciens),1RGG,V57T,Coil,0.0,7.0,48.4,-4.4,-,-,yes(>95%),12799387.0,hydrogen bonding; polar groups; protein stability; environment,"J BIOL CHEM 278, 31790-31795 (2003) PMID: 12799387","Takano K, Scholtz JM, Sacchettini JC, Pace CN",-4.4,V,57,T,7.0,48.4,0.0,0,0,0,pdb,UP:P05798,UP:P05798:V57T,1773,train
18472,Ribonuclease,P00648,I143V (UniProt),Bacillus amyloliquefaciens (Bacillus velezensis),1BNI,-,Helix,0.0,6.3,48,-0.9,-,-,yes (>85%),2669964.0,side-chain packing; hydrophobic core; energetics; barnase;,"BIOCHEMISTRY 28, 4914-4922 (1989) PMID: 2669964","Kellis JT Jr, Nyberg K, Fersht AR",-0.9,I,143,V,6.3,48.0,0.0,0,0,0,uniprot,UP:P00648,UP:P00648:I143V,1774,test
18473,Ribonuclease,P00648,I135V (UniProt),Bacillus amyloliquefaciens (Bacillus velezensis),1BNI,-,Helix,0.0,6.3,48,-1.1,-,-,yes (>85%),2669964.0,side-chain packing; hydrophobic core; energetics; barnase;,"BIOCHEMISTRY 28, 4914-4922 (1989) PMID: 2669964","Kellis JT Jr, Nyberg K, Fersht AR",-1.1,I,135,V,6.3,48.0,0.0,0,0,0,uniprot,UP:P00648,UP:P00648:I135V,1775,test
18474,Ribonuclease,P00648,I143A (UniProt),Bacillus amyloliquefaciens (Bacillus velezensis),1BNI,-,Helix,0.0,6.3,48,-3.2,-,-,yes (>85%),2669964.0,side-chain packing; hydrophobic core; energetics; barnase;,"BIOCHEMISTRY 28, 4914-4922 (1989) PMID: 2669964","Kellis JT Jr, Nyberg K, Fersht AR",-3.2,I,143,A,6.3,48.0,0.0,0,0,0,uniprot,UP:P00648,UP:P00648:I143A,1776,test
18475,Ribonuclease,P00648,I135A (UniProt),Bacillus amyloliquefaciens (Bacillus velezensis),1BNI,-,Helix,0.0,6.3,48,-3.9,-,-,yes (>85%),2669964.0,side-chain packing; hydrophobic core; energetics; barnase;,"BIOCHEMISTRY 28, 4914-4922 (1989) PMID: 2669964","Kellis JT Jr, Nyberg K, Fersht AR",-3.9,I,135,A,6.3,48.0,0.0,0,0,0,uniprot,UP:P00648,UP:P00648:I135A,1777,test
18476,Ribonuclease,P00648,L61A (UniProt),Bacillus amyloliquefaciens (Bacillus velezensis),1BNI,-,Helix,0.0,6.3,48,-4.2,-,-,yes (>85%),2669964.0,side-chain packing; hydrophobic core; energetics; barnase;,"BIOCHEMISTRY 28, 4914-4922 (1989) PMID: 2669964","Kellis JT Jr, Nyberg K, Fersht AR",-4.2,L,61,A,6.3,48.0,0.0,0,0,0,uniprot,UP:P00648,UP:P00648:L61A,1778,test
18482,Lysozyme,P00720,M102K (PDB: M102K),Enterobacteria phage T4 (Bacteriophage T4),2LZM,M102K,Helix,1.5,10.4,47.9,-2.2,-,-,yes(20%),1747370.0,T4 lysozyme; alpha-helix; energetic; structural;,"BIOCHEMISTRY 30, 11521-11529 (1991) PMID: 1747370","Dao-pin S., Anderson D.E., Baase W.A., Dahlquist F.W. & Matthews B.W.",-2.2,M,102,K,10.4,47.9,1.5,0,0,0,pdb,UP:P00720,UP:P00720:M102K,1779,train
18483,Lysozyme,P00720,S44A (PDB: S44A),Enterobacteria phage T4 (Bacteriophage T4),2LZM,S44A,Coil,59.73,2.5,47.8,-0.44,-,-,Unknown,7918421.0,beta-branched amino acids; protein alpha-helices; hydrophobic;,"BIOCHEMISTRY 33, 12022-12031 (1994) PMID: 7918421","Cornish VW, Kaplan MI, Veenstra DL, Kollman PA, Schultz PG",-0.44,S,44,A,2.5,47.8,59.73,0,0,0,pdb,UP:P00720,UP:P00720:S44A,1780,train
18484,Lysozyme,P00720,N68A (PDB: N68A),Enterobacteria phage T4 (Bacteriophage T4),2LZM,N68A,Helix,62.16,2.5,47.8,-0.05,-,-,Unknown,7918421.0,beta-branched amino acids; protein alpha-helices; hydrophobic;,"BIOCHEMISTRY 33, 12022-12031 (1994) PMID: 7918421","Cornish VW, Kaplan MI, Veenstra DL, Kollman PA, Schultz PG",-0.05,N,68,A,2.5,47.8,62.16,0,0,0,pdb,UP:P00720,UP:P00720:N68A,1781,train
18488,Ribonuclease Sa,P05798,D25K (PDB: D25K),Kitasatospora aureofaciens (Streptomyces aureofaciens),1RGG,D25K,Helix,84.66,7.0,47.2,-0.9,-,-,Unknown,10493585.0,electrostatic interactions; histidine pKa; protein folding;,"PROTEIN SCI 8, 1843-1849 (1999) PMID: 10493585","Grimsley GR, Shaw KL, Fee LR, Alston RW, Huyghues-Despointes BM,",-0.9,D,25,K,7.0,47.2,84.66,0,0,0,pdb,UP:P05798,UP:P05798:D25K,1782,train
18489,Ribonuclease Sa,P05798,E74K (PDB: E74K),Kitasatospora aureofaciens (Streptomyces aureofaciens),1RGG,E74K,Sheet,79.56,7.0,47.2,-1.1,-,-,Unknown,10493585.0,electrostatic interactions; histidine pKa; protein folding;,"PROTEIN SCI 8, 1843-1849 (1999) PMID: 10493585","Grimsley GR, Shaw KL, Fee LR, Alston RW, Huyghues-Despointes BM,",-1.1,E,74,K,7.0,47.2,79.56,0,0,0,pdb,UP:P05798,UP:P05798:E74K,1783,train
18491,Staphylococcal nuclease,P00644,L107A (UniProt),Staphylococcus aureus,1STN,-,Sheet,0.0,5.0,47,-2.8,-,-,yes,8518730.0,thermal unfolding; free energies of unfolding; differential scanning,"PROTEIN SCI 2, 567-576 (1993) PMID: 8518730","Tanaka A., Flanagan J. & Sturtevant J.M.",-2.8,L,107,A,5.0,47.0,0.0,0,0,0,uniprot,UP:P00644,UP:P00644:L107A,1784,train
18492,Staphylococcal nuclease,P00644,V148L (UniProt),Staphylococcus aureus,1STN,-,Helix,2.6,5.0,47,0.6,-,-,yes,8518730.0,thermal unfolding; free energies of unfolding; differential scanning,"PROTEIN SCI 2, 567-576 (1993) PMID: 8518730","Tanaka A., Flanagan J. & Sturtevant J.M.",0.6,V,148,L,5.0,47.0,2.6,0,0,0,uniprot,UP:P00644,UP:P00644:V148L,1785,train
18493,Staphylococcal nuclease,P00644,G161S (UniProt),Staphylococcus aureus,1STN,-,Helix,22.87,5.0,47,-1.2,-,-,yes,8518730.0,thermal unfolding; free energies of unfolding; differential scanning,"PROTEIN SCI 2, 567-576 (1993) PMID: 8518730","Tanaka A., Flanagan J. & Sturtevant J.M.",-1.2,G,161,S,5.0,47.0,22.87,0,0,0,uniprot,UP:P00644,UP:P00644:G161S,1786,train
18494,Staphylococcal nuclease,P00644,G170V (UniProt),Staphylococcus aureus,1STN,-,Helix,1.27,5.0,47,0.6,-,-,yes,8518730.0,thermal unfolding; free energies of unfolding; differential scanning,"PROTEIN SCI 2, 567-576 (1993) PMID: 8518730","Tanaka A., Flanagan J. & Sturtevant J.M.",0.6,G,170,V,5.0,47.0,1.27,0,0,0,uniprot,UP:P00644,UP:P00644:G170V,1787,train
18495,Staphylococcal nuclease,P00644,A172S (UniProt),Staphylococcus aureus,1STN,-,Coil,0.0,5.0,47,-2.6,-,-,yes,8518730.0,thermal unfolding; free energies of unfolding; differential scanning,"PROTEIN SCI 2, 567-576 (1993) PMID: 8518730","Tanaka A., Flanagan J. & Sturtevant J.M.",-2.6,A,172,S,5.0,47.0,0.0,0,0,0,uniprot,UP:P00644,UP:P00644:A172S,1788,train
18496,Staphylococcal nuclease,P00644,H206L (UniProt),Staphylococcus aureus,1STN,-,Helix,52.23,5.0,47,1.9,-,-,yes,8518730.0,thermal unfolding; free energies of unfolding; differential scanning,"PROTEIN SCI 2, 567-576 (1993) PMID: 8518730","Tanaka A., Flanagan J. & Sturtevant J.M.",1.9,H,206,L,5.0,47.0,52.23,0,0,0,uniprot,UP:P00644,UP:P00644:H206L,1789,train
18502,Lysozyme,P00720,E128K (PDB: E128K),Enterobacteria phage T4 (Bacteriophage T4),2LZM,E128K,Sheet,54.95,3.0,47,-1.16,-,-,yes,6726809.0,bacteriophage T4 lysozyme; free energies of unfolding;,"J MOL BIOL 175, 195-212 (1984) PMID: 6726809","Hawkes R, Grutter MG, Schellman J",-1.16,E,128,K,3.0,47.0,54.95,0,0,0,pdb,UP:P00720,UP:P00720:E128K,1790,train
18503,Lysozyme,P00720,A146T (PDB: A146T),Enterobacteria phage T4 (Bacteriophage T4),2LZM,A146T,Helix,0.0,3.0,47,-2.29,-,-,yes,6726809.0,bacteriophage T4 lysozyme; free energies of unfolding;,"J MOL BIOL 175, 195-212 (1984) PMID: 6726809","Hawkes R, Grutter MG, Schellman J",-2.29,A,146,T,3.0,47.0,0.0,0,0,0,pdb,UP:P00720,UP:P00720:A146T,1791,train
18504,Ribonuclease HI,P0A7Y4,D10N (PDB: D10N),Escherichia coli (strain K12),2RN2,D10N,Sheet,10.41,9.0,47,2,-,-,yes,8955106.0,Escherichia coli ribonuclease HI; thermal stability; catalytic role;,"J BIOL CHEM 271, 32729-32736 (1996) PMID: 8955106","Kanaya S, Oobatake M, Liu Y",2.0,D,10,N,9.0,47.0,10.41,0,0,0,pdb,UP:P0A7Y4,UP:P0A7Y4:D10N,1792,test
18505,Ribonuclease HI,P0A7Y4,D10A (PDB: D10A),Escherichia coli (strain K12),2RN2,D10A,Sheet,10.41,9.0,47,4,-,-,yes,8955106.0,Escherichia coli ribonuclease HI; thermal stability; catalytic role;,"J BIOL CHEM 271, 32729-32736 (1996) PMID: 8955106","Kanaya S, Oobatake M, Liu Y",4.0,D,10,A,9.0,47.0,10.41,0,0,0,pdb,UP:P0A7Y4,UP:P0A7Y4:D10A,1793,test
18506,Ribonuclease HI,P0A7Y4,D10E (PDB: D10E),Escherichia coli (strain K12),2RN2,D10E,Sheet,10.41,9.0,47,1,-,-,yes,8955106.0,Escherichia coli ribonuclease HI; thermal stability; catalytic role;,"J BIOL CHEM 271, 32729-32736 (1996) PMID: 8955106","Kanaya S, Oobatake M, Liu Y",1.0,D,10,E,9.0,47.0,10.41,0,0,0,pdb,UP:P0A7Y4,UP:P0A7Y4:D10E,1794,test
18507,Ribonuclease HI,P0A7Y4,D10S (PDB: D10S),Escherichia coli (strain K12),2RN2,D10S,Sheet,10.41,9.0,47,2.7,-,-,yes,8955106.0,Escherichia coli ribonuclease HI; thermal stability; catalytic role;,"J BIOL CHEM 271, 32729-32736 (1996) PMID: 8955106","Kanaya S, Oobatake M, Liu Y",2.7,D,10,S,9.0,47.0,10.41,0,0,0,pdb,UP:P0A7Y4,UP:P0A7Y4:D10S,1795,test
18508,Ribonuclease HI,P0A7Y4,D10H (PDB: D10H),Escherichia coli (strain K12),2RN2,D10H,Sheet,10.41,9.0,47,2.4,-,-,yes,8955106.0,Escherichia coli ribonuclease HI; thermal stability; catalytic role;,"J BIOL CHEM 271, 32729-32736 (1996) PMID: 8955106","Kanaya S, Oobatake M, Liu Y",2.4,D,10,H,9.0,47.0,10.41,0,0,0,pdb,UP:P0A7Y4,UP:P0A7Y4:D10H,1796,test
18509,Ribonuclease HI,P0A7Y4,E48Q (PDB: E48Q),Escherichia coli (strain K12),2RN2,E48Q,Sheet,12.02,9.0,47,0.3,-,-,yes,8955106.0,Escherichia coli ribonuclease HI; thermal stability; catalytic role;,"J BIOL CHEM 271, 32729-32736 (1996) PMID: 8955106","Kanaya S, Oobatake M, Liu Y",0.3,E,48,Q,9.0,47.0,12.02,0,0,0,pdb,UP:P0A7Y4,UP:P0A7Y4:E48Q,1797,test
18510,Ribonuclease HI,P0A7Y4,E48A (PDB: E48A),Escherichia coli (strain K12),2RN2,E48A,Sheet,12.02,9.0,47,-0.3,-,-,yes,8955106.0,Escherichia coli ribonuclease HI; thermal stability; catalytic role;,"J BIOL CHEM 271, 32729-32736 (1996) PMID: 8955106","Kanaya S, Oobatake M, Liu Y",-0.3,E,48,A,9.0,47.0,12.02,0,0,0,pdb,UP:P0A7Y4,UP:P0A7Y4:E48A,1798,test
18511,Ribonuclease HI,P0A7Y4,E48D (PDB: E48D),Escherichia coli (strain K12),2RN2,E48D,Sheet,12.02,9.0,47,-0.2,-,-,yes,8955106.0,Escherichia coli ribonuclease HI; thermal stability; catalytic role;,"J BIOL CHEM 271, 32729-32736 (1996) PMID: 8955106","Kanaya S, Oobatake M, Liu Y",-0.2,E,48,D,9.0,47.0,12.02,0,0,0,pdb,UP:P0A7Y4,UP:P0A7Y4:E48D,1799,test
18512,Ribonuclease HI,P0A7Y4,D70N (PDB: D70N),Escherichia coli (strain K12),2RN2,D70N,Coil,40.94,9.0,47,1.6,-,-,yes,8955106.0,Escherichia coli ribonuclease HI; thermal stability; catalytic role;,"J BIOL CHEM 271, 32729-32736 (1996) PMID: 8955106","Kanaya S, Oobatake M, Liu Y",1.6,D,70,N,9.0,47.0,40.94,0,0,0,pdb,UP:P0A7Y4,UP:P0A7Y4:D70N,1800,test
18513,Ribonuclease HI,P0A7Y4,D70A (PDB: D70A),Escherichia coli (strain K12),2RN2,D70A,Coil,40.94,9.0,47,1.1,-,-,yes,8955106.0,Escherichia coli ribonuclease HI; thermal stability; catalytic role;,"J BIOL CHEM 271, 32729-32736 (1996) PMID: 8955106","Kanaya S, Oobatake M, Liu Y",1.1,D,70,A,9.0,47.0,40.94,0,0,0,pdb,UP:P0A7Y4,UP:P0A7Y4:D70A,1801,test
18514,Ribonuclease HI,P0A7Y4,D70E (PDB: D70E),Escherichia coli (strain K12),2RN2,D70E,Coil,40.94,9.0,47,0.1,-,-,yes,8955106.0,Escherichia coli ribonuclease HI; thermal stability; catalytic role;,"J BIOL CHEM 271, 32729-32736 (1996) PMID: 8955106","Kanaya S, Oobatake M, Liu Y",0.1,D,70,E,9.0,47.0,40.94,0,0,0,pdb,UP:P0A7Y4,UP:P0A7Y4:D70E,1802,test
18515,Ribonuclease HI,P0A7Y4,D134N (PDB: D134N),Escherichia coli (strain K12),2RN2,D134N,Helix,38.86,9.0,47,1.8,-,-,yes,8955106.0,Escherichia coli ribonuclease HI; thermal stability; catalytic role;,"J BIOL CHEM 271, 32729-32736 (1996) PMID: 8955106","Kanaya S, Oobatake M, Liu Y",1.8,D,134,N,9.0,47.0,38.86,0,0,0,pdb,UP:P0A7Y4,UP:P0A7Y4:D134N,1803,test
18516,Ribonuclease HI,P0A7Y4,D134A (PDB: D134A),Escherichia coli (strain K12),2RN2,D134A,Helix,38.86,9.0,47,2,-,-,yes,8955106.0,Escherichia coli ribonuclease HI; thermal stability; catalytic role;,"J BIOL CHEM 271, 32729-32736 (1996) PMID: 8955106","Kanaya S, Oobatake M, Liu Y",2.0,D,134,A,9.0,47.0,38.86,0,0,0,pdb,UP:P0A7Y4,UP:P0A7Y4:D134A,1804,test
18517,Lysozyme,P00720,M6L (PDB: M6L),Enterobacteria phage T4 (Bacteriophage T4),2LZM,M6L,Helix,0.0,3.0,47,-2.8,-,-,yes (>95%),9541409.0,hydrophobic effect; methionine; protein design;,"PROTEIN SCI 7, 765-773 (1998) PMID: 9541409","Lipscomb LA, Gassner NC, Snow SD, Eldridge AM, Baase WA,",-2.8,M,6,L,3.0,47.0,0.0,0,0,0,pdb,UP:P00720,UP:P00720:M6L,1805,train
18518,Lysozyme,P00720,M106L (PDB: M106L),Enterobacteria phage T4 (Bacteriophage T4),2LZM,M106L,Helix,27.99,3.0,47,0.5,-,-,yes (>95%),9541409.0,hydrophobic effect; methionine; protein design;,"PROTEIN SCI 7, 765-773 (1998) PMID: 9541409","Lipscomb LA, Gassner NC, Snow SD, Eldridge AM, Baase WA,",0.5,M,106,L,3.0,47.0,27.99,0,0,0,pdb,UP:P00720,UP:P00720:M106L,1806,train
18519,Lysozyme,P00720,M120L(Based on UniProt and PDB),Enterobacteria phage T4 (Bacteriophage T4),2LZM,M120L,Helix,14.99,3.0,47,0.5,-,-,yes (>95%),9541409.0,hydrophobic effect; methionine; protein design;,"PROTEIN SCI 7, 765-773 (1998) PMID: 9541409","Lipscomb LA, Gassner NC, Snow SD, Eldridge AM, Baase WA,",0.5,M,120,L,3.0,47.0,14.99,0,0,0,uniprot,UP:P00720,UP:P00720:M120L,1807,train
18520,Lysozyme,P00720,M106K (PDB: M106K),Enterobacteria phage T4 (Bacteriophage T4),2LZM,M106K,Helix,27.99,3.0,47,-3.4,-,-,yes (>95%),9541409.0,hydrophobic effect; methionine; protein design;,"PROTEIN SCI 7, 765-773 (1998) PMID: 9541409","Lipscomb LA, Gassner NC, Snow SD, Eldridge AM, Baase WA,",-3.4,M,106,K,3.0,47.0,27.99,0,0,0,pdb,UP:P00720,UP:P00720:M106K,1808,train
18521,Lysozyme,P00720,M120K (PDB: M120K),Enterobacteria phage T4 (Bacteriophage T4),2LZM,M120K,Helix,14.99,3.0,47,-1.6,-,-,yes (>95%),9541409.0,hydrophobic effect; methionine; protein design;,"PROTEIN SCI 7, 765-773 (1998) PMID: 9541409","Lipscomb LA, Gassner NC, Snow SD, Eldridge AM, Baase WA,",-1.6,M,120,K,3.0,47.0,14.99,0,0,0,pdb,UP:P00720,UP:P00720:M120K,1809,train
18522,Protein G; synthetic,-,G41C (Based on Paper),Synthetic,-,-,-,,7.0,47,1.27,-,-,Unknown,10079065.0,"C-terminal protein G fragment, beta-hairpin structure, folding mechanism","BIOCHEMISTRY 38, 3228-3234 (1999) PMID: 10079065","Kobayashi N, Honda S, Munekata E.",1.27,G,41,C,7.0,47.0,,0,0,1,paper,PROT:Protein G; synthetic,PROT:Protein G; synthetic:G41C,1810,train
18523,Protein G; synthetic,-,G41C (Based on Paper),Synthetic,-,-,-,,7.0,47,-0.1,-,-,Unknown,10079065.0,"C-terminal protein G fragment, beta-hairpin structure, folding mechanism","BIOCHEMISTRY 38, 3228-3234 (1999) PMID: 10079065","Kobayashi N, Honda S, Munekata E.",-0.1,G,41,C,7.0,47.0,,0,0,1,paper,PROT:Protein G; synthetic,PROT:Protein G; synthetic:G41C,1811,train
18525,Chymotrypsin inhibitor,P01053,S32A (UniProt),Hordeum vulgare (Barley),2CI2,-,Coil,15.36,6.3,46.6,-0.89,-,-,yes,7849029.0,protein engineering; hydrophobic clusters; secondary structure;,"BIOCHEMISTRY 34, 1695-1701 (1995) PMID: 7849029","Ruiz-Sanz J, de Prat Gay G, Otzen DE, Fersht AR",-0.89,S,32,A,6.3,46.6,15.36,0,0,0,uniprot,UP:P01053,UP:P01053:S32A,1812,test
18528,Chymotrypsin inhibitor,P01053,E34N (UniProt),Hordeum vulgare (Barley),2CI2,-,Sheet,57.81,6.3,46.6,-0.7,-,-,yes,7849029.0,protein engineering; hydrophobic clusters; secondary structure;,"BIOCHEMISTRY 34, 1695-1701 (1995) PMID: 7849029","Ruiz-Sanz J, de Prat Gay G, Otzen DE, Fersht AR",-0.7,E,34,N,6.3,46.6,57.81,0,0,0,uniprot,UP:P01053,UP:P01053:E34N,1813,test
18529,Chymotrypsin inhibitor,P01053,K37A (UniProt),Hordeum vulgare (Barley),2CI2,-,Helix,47.16,6.3,46.6,-0.49,-,-,yes,7849029.0,protein engineering; hydrophobic clusters; secondary structure;,"BIOCHEMISTRY 34, 1695-1701 (1995) PMID: 7849029","Ruiz-Sanz J, de Prat Gay G, Otzen DE, Fersht AR",-0.49,K,37,A,6.3,46.6,47.16,0,0,0,uniprot,UP:P01053,UP:P01053:K37A,1814,test
18530,Chymotrypsin inhibitor,P01053,K37A (UniProt),Hordeum vulgare (Barley),2CI2,-,Helix,64.66,6.3,46.6,0.23,-,-,yes,7849029.0,protein engineering; hydrophobic clusters; secondary structure;,"BIOCHEMISTRY 34, 1695-1701 (1995) PMID: 7849029","Ruiz-Sanz J, de Prat Gay G, Otzen DE, Fersht AR",0.23,K,37,A,6.3,46.6,64.66,0,0,0,uniprot,UP:P01053,UP:P01053:K37A,1815,test
18531,Chymotrypsin inhibitor,P01053,K37G (UniProt),Hordeum vulgare (Barley),2CI2,-,Helix,64.66,6.3,46.6,-0.97,-,-,yes,7849029.0,protein engineering; hydrophobic clusters; secondary structure;,"BIOCHEMISTRY 34, 1695-1701 (1995) PMID: 7849029","Ruiz-Sanz J, de Prat Gay G, Otzen DE, Fersht AR",-0.97,K,37,G,6.3,46.6,64.66,0,0,0,uniprot,UP:P01053,UP:P01053:K37G,1816,test
18532,Chymotrypsin inhibitor,P01053,K44A (UniProt),Hordeum vulgare (Barley),2CI2,-,Coil,3.89,6.3,46.6,-0.65,-,-,yes,7849029.0,protein engineering; hydrophobic clusters; secondary structure;,"BIOCHEMISTRY 34, 1695-1701 (1995) PMID: 7849029","Ruiz-Sanz J, de Prat Gay G, Otzen DE, Fersht AR",-0.65,K,44,A,6.3,46.6,3.89,0,0,0,uniprot,UP:P01053,UP:P01053:K44A,1817,test
18533,Chymotrypsin inhibitor,P01053,L28A (UniProt),Hordeum vulgare (Barley),2CI2,-,Helix,0.55,6.3,46.6,-2.68,-,-,yes,7849029.0,protein engineering; hydrophobic clusters; secondary structure;,"BIOCHEMISTRY 34, 1695-1701 (1995) PMID: 7849029","Ruiz-Sanz J, de Prat Gay G, Otzen DE, Fersht AR",-2.68,L,28,A,6.3,46.6,0.55,0,0,0,uniprot,UP:P01053,UP:P01053:L28A,1818,test
18534,Chymotrypsin inhibitor,P01053,V39A (UniProt),Hordeum vulgare (Barley),2CI2,-,Helix,31.88,6.3,46.6,-0.48,-,-,yes,7849029.0,protein engineering; hydrophobic clusters; secondary structure;,"BIOCHEMISTRY 34, 1695-1701 (1995) PMID: 7849029","Ruiz-Sanz J, de Prat Gay G, Otzen DE, Fersht AR",-0.48,V,39,A,6.3,46.6,31.88,0,0,0,uniprot,UP:P01053,UP:P01053:V39A,1819,test
18535,Chymotrypsin inhibitor,P01053,I40V (UniProt),Hordeum vulgare (Barley),2CI2,-,Helix,0.0,6.3,46.6,-1.3,-,-,yes,7849029.0,protein engineering; hydrophobic clusters; secondary structure;,"BIOCHEMISTRY 34, 1695-1701 (1995) PMID: 7849029","Ruiz-Sanz J, de Prat Gay G, Otzen DE, Fersht AR",-1.3,I,40,V,6.3,46.6,0.0,0,0,0,uniprot,UP:P01053,UP:P01053:I40V,1820,test
18536,Chymotrypsin inhibitor,P01053,I49V (UniProt),Hordeum vulgare (Barley),2CI2,-,Helix,21.08,6.3,46.6,-1.11,-,-,yes,7849029.0,protein engineering; hydrophobic clusters; secondary structure;,"BIOCHEMISTRY 34, 1695-1701 (1995) PMID: 7849029","Ruiz-Sanz J, de Prat Gay G, Otzen DE, Fersht AR",-1.11,I,49,V,6.3,46.6,21.08,0,0,0,uniprot,UP:P01053,UP:P01053:I49V,1821,test
18537,Chymotrypsin inhibitor,P01053,I49A (UniProt),Hordeum vulgare (Barley),2CI2,-,Helix,38.38,6.3,46.6,-2.12,-,-,yes,7849029.0,protein engineering; hydrophobic clusters; secondary structure;,"BIOCHEMISTRY 34, 1695-1701 (1995) PMID: 7849029","Ruiz-Sanz J, de Prat Gay G, Otzen DE, Fersht AR",-2.12,I,49,A,6.3,46.6,38.38,0,0,0,uniprot,UP:P01053,UP:P01053:I49A,1822,test
18538,Chymotrypsin inhibitor,P01053,I49V (UniProt),Hordeum vulgare (Barley),2CI2,-,Helix,38.38,6.3,46.6,0.08,-,-,yes,7849029.0,protein engineering; hydrophobic clusters; secondary structure;,"BIOCHEMISTRY 34, 1695-1701 (1995) PMID: 7849029","Ruiz-Sanz J, de Prat Gay G, Otzen DE, Fersht AR",0.08,I,49,V,6.3,46.6,38.38,0,0,0,uniprot,UP:P01053,UP:P01053:I49V,1823,test
18539,Chymotrypsin inhibitor,P01053,V71A (UniProt),Hordeum vulgare (Barley),2CI2,-,Sheet,7.16,6.3,46.6,-1.95,-,-,yes,7849029.0,protein engineering; hydrophobic clusters; secondary structure;,"BIOCHEMISTRY 34, 1695-1701 (1995) PMID: 7849029","Ruiz-Sanz J, de Prat Gay G, Otzen DE, Fersht AR",-1.95,V,71,A,6.3,46.6,7.16,0,0,0,uniprot,UP:P01053,UP:P01053:V71A,1824,test
18540,Chymotrypsin inhibitor,P01053,I77V (Based on UniProt),Hordeum vulgare (Barley),2CI2,-,Helix,1.08,6.3,46.6,0.19,-,-,yes,7849029.0,protein engineering; hydrophobic clusters; secondary structure;,"BIOCHEMISTRY 34, 1695-1701 (1995) PMID: 7849029","Ruiz-Sanz J, de Prat Gay G, Otzen DE, Fersht AR",0.19,I,77,V,6.3,46.6,1.08,0,0,0,uniprot,UP:P01053,UP:P01053:I77V,1825,test
18541,Chymotrypsin inhibitor,P01053,T23A (UniProt),Hordeum vulgare (Barley),2CI2,-,Turn,41.82,6.3,46.6,-0.85,-,-,yes,7849029.0,protein engineering; hydrophobic clusters; secondary structure;,"BIOCHEMISTRY 34, 1695-1701 (1995) PMID: 7849029","Ruiz-Sanz J, de Prat Gay G, Otzen DE, Fersht AR",-0.85,T,23,A,6.3,46.6,41.82,0,0,0,uniprot,UP:P01053,UP:P01053:T23A,1826,test
18542,Chymotrypsin inhibitor,P01053,V54A (UniProt),Hordeum vulgare (Barley),2CI2,-,Turn,48.8,6.3,46.6,-0.63,-,-,yes,7849029.0,protein engineering; hydrophobic clusters; secondary structure;,"BIOCHEMISTRY 34, 1695-1701 (1995) PMID: 7849029","Ruiz-Sanz J, de Prat Gay G, Otzen DE, Fersht AR",-0.63,V,54,A,6.3,46.6,48.8,0,0,0,uniprot,UP:P01053,UP:P01053:V54A,1827,test
18543,Chymotrypsin inhibitor,P01053,V54T (UniProt),Hordeum vulgare (Barley),2CI2,-,Turn,48.8,6.3,46.6,-1.03,-,-,yes,7849029.0,protein engineering; hydrophobic clusters; secondary structure;,"BIOCHEMISTRY 34, 1695-1701 (1995) PMID: 7849029","Ruiz-Sanz J, de Prat Gay G, Otzen DE, Fersht AR",-1.03,V,54,T,6.3,46.6,48.8,0,0,0,uniprot,UP:P01053,UP:P01053:V54T,1828,test
18544,Chymotrypsin inhibitor,P01053,L52A (UniProt),Hordeum vulgare (Barley),2CI2,-,Sheet,21.3,6.3,46.6,-2.37,-,-,yes,7849029.0,protein engineering; hydrophobic clusters; secondary structure;,"BIOCHEMISTRY 34, 1695-1701 (1995) PMID: 7849029","Ruiz-Sanz J, de Prat Gay G, Otzen DE, Fersht AR",-2.37,L,52,A,6.3,46.6,21.3,0,0,0,uniprot,UP:P01053,UP:P01053:L52A,1829,test
18545,Chymotrypsin inhibitor,P01053,L52V (UniProt),Hordeum vulgare (Barley),2CI2,-,Sheet,21.3,6.3,46.6,-0.5,-,-,yes,7849029.0,protein engineering; hydrophobic clusters; secondary structure;,"BIOCHEMISTRY 34, 1695-1701 (1995) PMID: 7849029","Ruiz-Sanz J, de Prat Gay G, Otzen DE, Fersht AR",-0.5,L,52,V,6.3,46.6,21.3,0,0,0,uniprot,UP:P01053,UP:P01053:L52V,1830,test
18546,Chymotrypsin inhibitor,P01053,F70L (UniProt),Hordeum vulgare (Barley),2CI2,-,Sheet,16.44,6.3,46.6,-2.11,-,-,yes,7849029.0,protein engineering; hydrophobic clusters; secondary structure;,"BIOCHEMISTRY 34, 1695-1701 (1995) PMID: 7849029","Ruiz-Sanz J, de Prat Gay G, Otzen DE, Fersht AR",-2.11,F,70,L,6.3,46.6,16.44,0,0,0,uniprot,UP:P01053,UP:P01053:F70L,1831,test
18549,Iso-1 cytochrome c,P00044,N58I (UniProt),Saccharomyces cerevisiae (strain ATCC 204508 / S288c) (Baker's yeast),1YCC,-,Helix,8.88,6.0,46.5,4.3,-,-,yes,1646814.0,amino acid replacements; hydrogen bonding; free energy change;,"J BIOL CHEM 266, 11686-11694 (1991) PMID: 1646814","Hickey D.R., Berghuis A.M., Lafond G., Jaeger J.A., Cardillo T.S.,",4.3,N,58,I,6.0,46.5,8.88,0,0,0,uniprot,UP:P00044,UP:P00044:N58I,1832,train
18550,Iso-1 cytochrome c,P00044,C108S (UniProt),Saccharomyces cerevisiae (strain ATCC 204508 / S288c) (Baker's yeast),1YCC,-,Coil,0.0,6.0,46.5,2.8,-,-,yes,1646814.0,amino acid replacements; hydrogen bonding; free energy change;,"J BIOL CHEM 266, 11686-11694 (1991) PMID: 1646814","Hickey D.R., Berghuis A.M., Lafond G., Jaeger J.A., Cardillo T.S.,",2.8,C,108,S,6.0,46.5,0.0,0,0,0,uniprot,UP:P00044,UP:P00044:C108S,1833,train
18551,Iso-1 cytochrome c,P00044,C108A (UniProt),Saccharomyces cerevisiae (strain ATCC 204508 / S288c) (Baker's yeast),1YCC,-,Coil,0.0,6.0,46.5,2.9,-,-,yes,1646814.0,amino acid replacements; hydrogen bonding; free energy change;,"J BIOL CHEM 266, 11686-11694 (1991) PMID: 1646814","Hickey D.R., Berghuis A.M., Lafond G., Jaeger J.A., Cardillo T.S.,",2.9,C,108,A,6.0,46.5,0.0,0,0,0,uniprot,UP:P00044,UP:P00044:C108A,1834,train
18555,Lysozyme,P00720,T157A (PDB: T157A),Enterobacteria phage T4 (Bacteriophage T4),2LZM,T157A,Turn,35.33,2.5,46.2,-0.9,-,-,yes,1993203.0,T4 lysozyme; thermal unfolding; threonine; free energy;,"BIOCHEMISTRY 30, 1887-1891 (1991) PMID: 1993203","Connelly P, Ghosaini L, Hu CQ, Kitamura S, Tanaka A, Sturtevant JM",-0.9,T,157,A,2.5,46.2,35.33,0,0,0,pdb,UP:P00720,UP:P00720:T157A,1835,train
18556,Lysozyme,P00720,T157E (PDB: T157E),Enterobacteria phage T4 (Bacteriophage T4),2LZM,T157E,Turn,35.33,2.5,46.2,-1.3,-,-,yes,1993203.0,T4 lysozyme; thermal unfolding; threonine; free energy;,"BIOCHEMISTRY 30, 1887-1891 (1991) PMID: 1993203","Connelly P, Ghosaini L, Hu CQ, Kitamura S, Tanaka A, Sturtevant JM",-1.3,T,157,E,2.5,46.2,35.33,0,0,0,pdb,UP:P00720,UP:P00720:T157E,1836,train
18557,Lysozyme,P00720,T157I (PDB: T157I),Enterobacteria phage T4 (Bacteriophage T4),2LZM,T157I,Turn,35.33,2.5,46.2,-1.9,-,-,yes,1993203.0,T4 lysozyme; thermal unfolding; threonine; free energy;,"BIOCHEMISTRY 30, 1887-1891 (1991) PMID: 1993203","Connelly P, Ghosaini L, Hu CQ, Kitamura S, Tanaka A, Sturtevant JM",-1.9,T,157,I,2.5,46.2,35.33,0,0,0,pdb,UP:P00720,UP:P00720:T157I,1837,train
18558,Lysozyme,P00720,T157L (PDB: T157L),Enterobacteria phage T4 (Bacteriophage T4),2LZM,T157L,Turn,35.33,2.5,46.2,-1.7,-,-,yes,1993203.0,T4 lysozyme; thermal unfolding; threonine; free energy;,"BIOCHEMISTRY 30, 1887-1891 (1991) PMID: 1993203","Connelly P, Ghosaini L, Hu CQ, Kitamura S, Tanaka A, Sturtevant JM",-1.7,T,157,L,2.5,46.2,35.33,0,0,0,pdb,UP:P00720,UP:P00720:T157L,1838,train
18559,Lysozyme,P00720,T157N (PDB: T157N),Enterobacteria phage T4 (Bacteriophage T4),2LZM,T157N,Turn,35.33,2.5,46.2,-1.1,-,-,yes,1993203.0,T4 lysozyme; thermal unfolding; threonine; free energy;,"BIOCHEMISTRY 30, 1887-1891 (1991) PMID: 1993203","Connelly P, Ghosaini L, Hu CQ, Kitamura S, Tanaka A, Sturtevant JM",-1.1,T,157,N,2.5,46.2,35.33,0,0,0,pdb,UP:P00720,UP:P00720:T157N,1839,train
18560,Lysozyme,P00720,T157R (PDB: T157R),Enterobacteria phage T4 (Bacteriophage T4),2LZM,T157R,Turn,35.33,2.5,46.2,-0.6,-,-,yes,1993203.0,T4 lysozyme; thermal unfolding; threonine; free energy;,"BIOCHEMISTRY 30, 1887-1891 (1991) PMID: 1993203","Connelly P, Ghosaini L, Hu CQ, Kitamura S, Tanaka A, Sturtevant JM",-0.6,T,157,R,2.5,46.2,35.33,0,0,0,pdb,UP:P00720,UP:P00720:T157R,1840,train
18561,Lysozyme,P00720,T157V (PDB: T157V),Enterobacteria phage T4 (Bacteriophage T4),2LZM,T157V,Turn,35.33,2.5,46.2,-1.6,-,-,yes,1993203.0,T4 lysozyme; thermal unfolding; threonine; free energy;,"BIOCHEMISTRY 30, 1887-1891 (1991) PMID: 1993203","Connelly P, Ghosaini L, Hu CQ, Kitamura S, Tanaka A, Sturtevant JM",-1.6,T,157,V,2.5,46.2,35.33,0,0,0,pdb,UP:P00720,UP:P00720:T157V,1841,train
18562,Lysozyme,P00720,A82P (PDB: A82P),Enterobacteria phage T4 (Bacteriophage T4),2LZM,A82P,Helix,78.95,2.5,46.2,0.51,-,-,yes,1737020.0,T4 lysozyme; thermal unfolding; free energy;,"BIOCHEMISTRY 31, 1643-1647 (1992) PMID: 1737020","Hu CQ, Kitamura S, Tanaka A, Sturtevant JM",0.51,A,82,P,2.5,46.2,78.95,0,0,0,pdb,UP:P00720,UP:P00720:A82P,1842,train
18563,Lysozyme,P00720,A93P (PDB: A93P),Enterobacteria phage T4 (Bacteriophage T4),2LZM,A93P,Helix,66.24,2.5,46.2,0.51,-,-,yes,1737020.0,T4 lysozyme; thermal unfolding; free energy;,"BIOCHEMISTRY 31, 1643-1647 (1992) PMID: 1737020","Hu CQ, Kitamura S, Tanaka A, Sturtevant JM",0.51,A,93,P,2.5,46.2,66.24,0,0,0,pdb,UP:P00720,UP:P00720:A93P,1843,train
18564,Lysozyme,P00720,G113A (PDB: G113A),Enterobacteria phage T4 (Bacteriophage T4),2LZM,G113A,Helix,68.61,2.5,46.2,0.54,-,-,yes,1737020.0,T4 lysozyme; thermal unfolding; free energy;,"BIOCHEMISTRY 31, 1643-1647 (1992) PMID: 1737020","Hu CQ, Kitamura S, Tanaka A, Sturtevant JM",0.54,G,113,A,2.5,46.2,68.61,0,0,0,pdb,UP:P00720,UP:P00720:G113A,1844,train
18566,Lysozyme,P00720,I3E (PDB: I3E),Enterobacteria phage T4 (Bacteriophage T4),2LZM,I3E,Helix,10.81,2.5,46.16,-1.71,-,-,yes,1420185.0,T4 lysozyme; thermal unfolding; isoleucine; free energy;,"BIOCHEMISTRY 31, 10699-10702 (1992) PMID: 1420185","Ladbury J.E., Hu C.-Q. & Sturtevant J.M.",-1.71,I,3,E,2.5,46.16,10.81,0,0,0,pdb,UP:P00720,UP:P00720:I3E,1845,train
18567,Lysozyme,P00720,I3F (PDB: I3F),Enterobacteria phage T4 (Bacteriophage T4),2LZM,I3F,Helix,10.81,2.5,46.16,-1.09,-,-,yes,1420185.0,T4 lysozyme; thermal unfolding; isoleucine; free energy;,"BIOCHEMISTRY 31, 10699-10702 (1992) PMID: 1420185","Ladbury J.E., Hu C.-Q. & Sturtevant J.M.",-1.09,I,3,F,2.5,46.16,10.81,0,0,0,pdb,UP:P00720,UP:P00720:I3F,1846,train
18568,Lysozyme,P00720,I3L (PDB: I3L),Enterobacteria phage T4 (Bacteriophage T4),2LZM,I3L,Helix,10.81,2.5,46.16,1.01,-,-,yes,1420185.0,T4 lysozyme; thermal unfolding; isoleucine; free energy;,"BIOCHEMISTRY 31, 10699-10702 (1992) PMID: 1420185","Ladbury J.E., Hu C.-Q. & Sturtevant J.M.",1.01,I,3,L,2.5,46.16,10.81,0,0,0,pdb,UP:P00720,UP:P00720:I3L,1847,train
18569,Lysozyme,P00720,I3P (PDB: I3P),Enterobacteria phage T4 (Bacteriophage T4),2LZM,I3P,Helix,10.81,2.5,46.16,-2.97,-,-,yes,1420185.0,T4 lysozyme; thermal unfolding; isoleucine; free energy;,"BIOCHEMISTRY 31, 10699-10702 (1992) PMID: 1420185","Ladbury J.E., Hu C.-Q. & Sturtevant J.M.",-2.97,I,3,P,2.5,46.16,10.81,0,0,0,pdb,UP:P00720,UP:P00720:I3P,1848,train
18570,Lysozyme,P00720,I3T (PDB: I3T),Enterobacteria phage T4 (Bacteriophage T4),2LZM,I3T,Helix,10.81,2.5,46.16,-2.28,-,-,yes,1420185.0,T4 lysozyme; thermal unfolding; isoleucine; free energy;,"BIOCHEMISTRY 31, 10699-10702 (1992) PMID: 1420185","Ladbury J.E., Hu C.-Q. & Sturtevant J.M.",-2.28,I,3,T,2.5,46.16,10.81,0,0,0,pdb,UP:P00720,UP:P00720:I3T,1849,train
18581,Ribonuclease Sa,P05798,D79N (PDB: D79N),Kitasatospora aureofaciens (Streptomyces aureofaciens),1RGG,D79N,Sheet,11.1,8.5,45.9,2.3,-,-,Unknown,16288913.0,protein stability; buried carboxyl group; pK; hydrogen bonds; ion pair,"J MOL BIOL 354, 967-978 (2005) PMID: 16288913","Trevino SR, Gokulan K, Newsom S, Thurlkill RL, Shaw KL, Mitkevich VA, Makarov AA, Sacchettini JC, Scholtz JM, Pace CN.",2.3,D,79,N,8.5,45.9,11.1,0,0,0,pdb,UP:P05798,UP:P05798:D79N,1850,train
18582,Ribonuclease Sa,P05798,D79A (PDB: D79A),Kitasatospora aureofaciens (Streptomyces aureofaciens),1RGG,D79A,Sheet,11.1,8.5,45.9,3.3,-,-,Unknown,16288913.0,protein stability; buried carboxyl group; pK; hydrogen bonds; ion pair,"J MOL BIOL 354, 967-978 (2005) PMID: 16288913","Trevino SR, Gokulan K, Newsom S, Thurlkill RL, Shaw KL, Mitkevich VA, Makarov AA, Sacchettini JC, Scholtz JM, Pace CN.",3.3,D,79,A,8.5,45.9,11.1,0,0,0,pdb,UP:P05798,UP:P05798:D79A,1851,train
18583,Ribonuclease Sa,P05798,D79F (PDB: D79F),Kitasatospora aureofaciens (Streptomyces aureofaciens),1RGG,D79F,Sheet,11.1,8.5,45.9,3.7,-,-,Unknown,16288913.0,protein stability; buried carboxyl group; pK; hydrogen bonds; ion pair,"J MOL BIOL 354, 967-978 (2005) PMID: 16288913","Trevino SR, Gokulan K, Newsom S, Thurlkill RL, Shaw KL, Mitkevich VA, Makarov AA, Sacchettini JC, Scholtz JM, Pace CN.",3.7,D,79,F,8.5,45.9,11.1,0,0,0,pdb,UP:P05798,UP:P05798:D79F,1852,train
18584,Ribonuclease Sa,P05798,Q94K (PDB: Q94K),Kitasatospora aureofaciens (Streptomyces aureofaciens),1RGG,Q94K,Coil,39.75,8.5,45.9,1.1,-,-,Unknown,16288913.0,protein stability; buried carboxyl group; pK; hydrogen bonds; ion pair,"J MOL BIOL 354, 967-978 (2005) PMID: 16288913","Trevino SR, Gokulan K, Newsom S, Thurlkill RL, Shaw KL, Mitkevich VA, Makarov AA, Sacchettini JC, Scholtz JM, Pace CN.",1.1,Q,94,K,8.5,45.9,39.75,0,0,0,pdb,UP:P05798,UP:P05798:Q94K,1853,train
18585,Alpha-parvalbumin,P02625,H27P (PDB: H26P),Rattus norvegicus (Rat),1RTP,H26P,Helix,16.49,7.4,45.8,1.25,-,-,Unknown,12974622.0,tertiary interaction; Ca2+ affinity; proline; conformational entropy,"BIOCHEMISTRY 42, 10886-10895 (2003) PMID: 12974622","Agah S, Larson JD, Henzl MT",1.25,H,27,P,7.4,45.8,16.49,0,0,0,pdb,UP:P02625,UP:P02625:H27P,1854,val
18586,Alpha-parvalbumin,P02625,A21P (PDB: A21P),Rattus norvegicus (Rat),1RTP,A21P,Turn,76.23,7.4,45.8,-1.92,-,-,Unknown,12974622.0,tertiary interaction; Ca2+ affinity; proline; conformational entropy,"BIOCHEMISTRY 42, 10886-10895 (2003) PMID: 12974622","Agah S, Larson JD, Henzl MT",-1.92,A,21,P,7.4,45.8,76.23,0,0,0,pdb,UP:P02625,UP:P02625:A21P,1855,val
18589,Alpha-parvalbumin,P02625,K81S (PDB: K80S),Rattus norvegicus (Rat),1RTP,K80S,Helix,66.12,7.4,45.8,-0.29,-,-,Unknown,12974622.0,tertiary interaction; Ca2+ affinity; proline; conformational entropy,"BIOCHEMISTRY 42, 10886-10895 (2003) PMID: 12974622","Agah S, Larson JD, Henzl MT",-0.29,K,81,S,7.4,45.8,66.12,0,0,0,pdb,UP:P02625,UP:P02625:K81S,1856,val
18592,Lambda cro repressor,P03040,Q16L (PDB: Q16L),Escherichia phage lambda (Bacteriophage lambda),5CRO,Q16L,Helix,29.68,3.0,45,2.8,-,-,yes,2780540.0,"enhanced stability; lambda Cro, genetic suppression;","PROTEINS 5, 202-210 (1989) PMID: 2780540",Pakula A.A. & Sauer R.T.,2.8,Q,16,L,3.0,45.0,29.68,0,0,0,pdb,UP:P03040,UP:P03040:Q16L,1857,train
18593,Lambda cro repressor,P03040,Y26C (PDB: Y26C),Escherichia phage lambda (Bacteriophage lambda),5CRO,Y26C,Coil,90.78,3.0,45,2.2,-,-,yes,2780540.0,"enhanced stability; lambda Cro, genetic suppression;","PROTEINS 5, 202-210 (1989) PMID: 2780540",Pakula A.A. & Sauer R.T.,2.2,Y,26,C,3.0,45.0,90.78,0,0,0,pdb,UP:P03040,UP:P03040:Y26C,1858,train
18594,Lambda cro repressor,P03040,A36S (PDB: A36S),Escherichia phage lambda (Bacteriophage lambda),5CRO,A36S,Helix,58.98,3.0,45,0.4,-,-,yes,2780540.0,"enhanced stability; lambda Cro, genetic suppression;","PROTEINS 5, 202-210 (1989) PMID: 2780540",Pakula A.A. & Sauer R.T.,0.4,A,36,S,3.0,45.0,58.98,0,0,0,pdb,UP:P03040,UP:P03040:A36S,1859,train
18595,Lambda cro repressor,P03040,Y26W (PDB: Y26W),Escherichia phage lambda (Bacteriophage lambda),5CRO,Y26W,Coil,90.78,7.0,45,-0.1,-,-,yes,2314475.0,stability; lambda Cro; hydrophobic effect;,"NATURE 344, 363-364 (1990) PMID: 2314475",Pakula A.A. & Sauer R.T.,-0.1,Y,26,W,7.0,45.0,90.78,0,0,0,pdb,UP:P03040,UP:P03040:Y26W,1860,train
18596,Lambda cro repressor,P03040,Y26F (PDB: Y26F),Escherichia phage lambda (Bacteriophage lambda),5CRO,Y26F,Coil,90.78,7.0,45,0.4,-,-,yes,2314475.0,stability; lambda Cro; hydrophobic effect;,"NATURE 344, 363-364 (1990) PMID: 2314475",Pakula A.A. & Sauer R.T.,0.4,Y,26,F,7.0,45.0,90.78,0,0,0,pdb,UP:P03040,UP:P03040:Y26F,1861,train
18597,Lambda cro repressor,P03040,Y26V (PDB: Y26V),Escherichia phage lambda (Bacteriophage lambda),5CRO,Y26V,Coil,90.78,7.0,45,0.9,-,-,yes,2314475.0,stability; lambda Cro; hydrophobic effect;,"NATURE 344, 363-364 (1990) PMID: 2314475",Pakula A.A. & Sauer R.T.,0.9,Y,26,V,7.0,45.0,90.78,0,0,0,pdb,UP:P03040,UP:P03040:Y26V,1862,train
18598,Lambda cro repressor,P03040,Y26L (PDB: Y26L),Escherichia phage lambda (Bacteriophage lambda),5CRO,Y26L,Coil,90.78,7.0,45,1.1,-,-,yes,2314475.0,stability; lambda Cro; hydrophobic effect;,"NATURE 344, 363-364 (1990) PMID: 2314475",Pakula A.A. & Sauer R.T.,1.1,Y,26,L,7.0,45.0,90.78,0,0,0,pdb,UP:P03040,UP:P03040:Y26L,1863,train
18599,Lambda cro repressor,P03040,Y26Q (PDB: Y26Q),Escherichia phage lambda (Bacteriophage lambda),5CRO,Y26Q,Coil,90.78,7.0,45,1.4,-,-,yes,2314475.0,stability; lambda Cro; hydrophobic effect;,"NATURE 344, 363-364 (1990) PMID: 2314475",Pakula A.A. & Sauer R.T.,1.4,Y,26,Q,7.0,45.0,90.78,0,0,0,pdb,UP:P03040,UP:P03040:Y26Q,1864,train
18600,Lambda cro repressor,P03040,Y26H (PDB: Y26H),Escherichia phage lambda (Bacteriophage lambda),5CRO,Y26H,Coil,90.78,7.0,45,1.9,-,-,yes,2314475.0,stability; lambda Cro; hydrophobic effect;,"NATURE 344, 363-364 (1990) PMID: 2314475",Pakula A.A. & Sauer R.T.,1.9,Y,26,H,7.0,45.0,90.78,0,0,0,pdb,UP:P03040,UP:P03040:Y26H,1865,train
18601,Lambda cro repressor,P03040,Y26C (PDB: Y26C),Escherichia phage lambda (Bacteriophage lambda),5CRO,Y26C,Coil,90.78,7.0,45,2.2,-,-,yes,2314475.0,stability; lambda Cro; hydrophobic effect;,"NATURE 344, 363-364 (1990) PMID: 2314475",Pakula A.A. & Sauer R.T.,2.2,Y,26,C,7.0,45.0,90.78,0,0,0,pdb,UP:P03040,UP:P03040:Y26C,1866,train
18602,Lambda cro repressor,P03040,Y26D (PDB: Y26D),Escherichia phage lambda (Bacteriophage lambda),5CRO,Y26D,Coil,90.78,7.0,45,2.7,-,-,yes,2314475.0,stability; lambda Cro; hydrophobic effect;,"NATURE 344, 363-364 (1990) PMID: 2314475",Pakula A.A. & Sauer R.T.,2.7,Y,26,D,7.0,45.0,90.78,0,0,0,pdb,UP:P03040,UP:P03040:Y26D,1867,train
18613,Cold shock protein B,P32081,F27A (PDB: F27A),Bacillus subtilis (strain 168),1CSP,F27A,Sheet,35.38,7.0,45,-0.89,-,-,yes,10074340.0,"cold shock protein, unfolding and refolding kinetics, pressure-jump technique","BIOCHEMISTRY 38, 2882-2891 (1999) PMID: 10074340","Jacob M, Holtermann G, Perl D, Reinstein J, Schindler T, Geeves MA, Schmid FX.",-0.89,F,27,A,7.0,45.0,35.38,0,0,0,pdb,UP:P32081,UP:P32081:F27A,1868,val
18615,Cold shock protein B,P32081,F27A (PDB: F27A),Bacillus subtilis (strain 168),1CSP,F27A,Sheet,35.38,7.0,45,-0.12,-,-,yes,10074340.0,"cold shock protein, unfolding and refolding kinetics, pressure-jump technique","BIOCHEMISTRY 38, 2882-2891 (1999) PMID: 10074340","Jacob M, Holtermann G, Perl D, Reinstein J, Schindler T, Geeves MA, Schmid FX.",-0.12,F,27,A,7.0,45.0,35.38,0,0,0,pdb,UP:P32081,UP:P32081:F27A,1869,val
18616,Cold shock protein B,P32081,F17A (PDB: F17A),Bacillus subtilis (strain 168),1CSP,F17A,Sheet,28.9,7.0,45,0.55,-,-,yes,10074340.0,"cold shock protein, unfolding and refolding kinetics, pressure-jump technique","BIOCHEMISTRY 38, 2882-2891 (1999) PMID: 10074340","Jacob M, Holtermann G, Perl D, Reinstein J, Schindler T, Geeves MA, Schmid FX.",0.55,F,17,A,7.0,45.0,28.9,0,0,0,pdb,UP:P32081,UP:P32081:F17A,1870,val
18617,Cold shock protein B,P32081,F15A (PDB: F15A),Bacillus subtilis (strain 168),1CSP,F15A,Sheet,26.91,7.0,45,1.12,-,-,yes,10074340.0,"cold shock protein, unfolding and refolding kinetics, pressure-jump technique","BIOCHEMISTRY 38, 2882-2891 (1999) PMID: 10074340","Jacob M, Holtermann G, Perl D, Reinstein J, Schindler T, Geeves MA, Schmid FX.",1.12,F,15,A,7.0,45.0,26.91,0,0,0,pdb,UP:P32081,UP:P32081:F15A,1871,val
18619,Cold shock protein B,P32081,F27A (PDB: F27A),Bacillus subtilis (strain 168),1CSP,F27A,Sheet,35.38,7.0,45,-0.88,-,-,yes,10074340.0,"cold shock protein, unfolding and refolding kinetics, pressure-jump technique","BIOCHEMISTRY 38, 2882-2891 (1999) PMID: 10074340","Jacob M, Holtermann G, Perl D, Reinstein J, Schindler T, Geeves MA, Schmid FX.",-0.88,F,27,A,7.0,45.0,35.38,0,0,0,pdb,UP:P32081,UP:P32081:F27A,1872,val
18620,Cold shock protein B,P32081,F17A (PDB: F17A),Bacillus subtilis (strain 168),1CSP,F17A,Sheet,28.9,7.0,45,-0.81,-,-,yes,10074340.0,"cold shock protein, unfolding and refolding kinetics, pressure-jump technique","BIOCHEMISTRY 38, 2882-2891 (1999) PMID: 10074340","Jacob M, Holtermann G, Perl D, Reinstein J, Schindler T, Geeves MA, Schmid FX.",-0.81,F,17,A,7.0,45.0,28.9,0,0,0,pdb,UP:P32081,UP:P32081:F17A,1873,val
18621,Cold shock protein B,P32081,F15A (PDB: F15A),Bacillus subtilis (strain 168),1CSP,F15A,Sheet,26.91,7.0,45,-0.96,-,-,yes,10074340.0,"cold shock protein, unfolding and refolding kinetics, pressure-jump technique","BIOCHEMISTRY 38, 2882-2891 (1999) PMID: 10074340","Jacob M, Holtermann G, Perl D, Reinstein J, Schindler T, Geeves MA, Schmid FX.",-0.96,F,15,A,7.0,45.0,26.91,0,0,0,pdb,UP:P32081,UP:P32081:F15A,1874,val
18700,Apoflavodoxin,P0A3E0,E21K (UniProt),Nostoc sp. (strain ATCC 29151 / PCC 7119) (Anabaena sp.),1FTG,-,Sheet,46.94,7.0,44.3,0.14,-,3,Yes,15504413.0,charge/charge interaction; protein stability; protein stabilisation; protein folding; equilibrium intermediate,"J MOL BIOL 344, 223-237 (2004); doi:10.1016/j.jmb.2004.09.047 PMID: 15504413","Campos LA, Garcia-Mira MM, Godoy-Ruiz R, Sanchez-Ruiz JM, Sancho J.",0.14,E,21,K,7.0,44.3,46.94,0,0,0,uniprot,UP:P0A3E0,UP:P0A3E0:E21K,1875,val
18701,Apoflavodoxin,P0A3E0,E41K (UniProt),Nostoc sp. (strain ATCC 29151 / PCC 7119) (Anabaena sp.),1FTG,-,Sheet,72.12,7.0,44.3,-0.06,-,3,Yes,15504413.0,charge/charge interaction; protein stability; protein stabilisation; protein folding; equilibrium intermediate,"J MOL BIOL 344, 223-237 (2004); doi:10.1016/j.jmb.2004.09.047 PMID: 15504413","Campos LA, Garcia-Mira MM, Godoy-Ruiz R, Sanchez-Ruiz JM, Sancho J.",-0.06,E,41,K,7.0,44.3,72.12,0,0,0,uniprot,UP:P0A3E0,UP:P0A3E0:E41K,1876,val
18702,Apoflavodoxin,P0A3E0,E62K (UniProt),Nostoc sp. (strain ATCC 29151 / PCC 7119) (Anabaena sp.),1FTG,-,Sheet,69.83,7.0,44.3,-0.46,-,3,Yes,15504413.0,charge/charge interaction; protein stability; protein stabilisation; protein folding; equilibrium intermediate,"J MOL BIOL 344, 223-237 (2004); doi:10.1016/j.jmb.2004.09.047 PMID: 15504413","Campos LA, Garcia-Mira MM, Godoy-Ruiz R, Sanchez-Ruiz JM, Sancho J.",-0.46,E,62,K,7.0,44.3,69.83,0,0,0,uniprot,UP:P0A3E0,UP:P0A3E0:E62K,1877,val
18703,Apoflavodoxin,P0A3E0,D66K (UniProt),Nostoc sp. (strain ATCC 29151 / PCC 7119) (Anabaena sp.),1FTG,-,Helix,36.78,7.0,44.3,0.2,-,3,Yes,15504413.0,charge/charge interaction; protein stability; protein stabilisation; protein folding; equilibrium intermediate,"J MOL BIOL 344, 223-237 (2004); doi:10.1016/j.jmb.2004.09.047 PMID: 15504413","Campos LA, Garcia-Mira MM, Godoy-Ruiz R, Sanchez-Ruiz JM, Sancho J.",0.2,D,66,K,7.0,44.3,36.78,0,0,0,uniprot,UP:P0A3E0,UP:P0A3E0:D66K,1878,val
18704,Apoflavodoxin,P0A3E0,E73K (UniProt),Nostoc sp. (strain ATCC 29151 / PCC 7119) (Anabaena sp.),1FTG,-,Sheet,49.8,7.0,44.3,-0.13,-,3,Yes,15504413.0,charge/charge interaction; protein stability; protein stabilisation; protein folding; equilibrium intermediate,"J MOL BIOL 344, 223-237 (2004); doi:10.1016/j.jmb.2004.09.047 PMID: 15504413","Campos LA, Garcia-Mira MM, Godoy-Ruiz R, Sanchez-Ruiz JM, Sancho J.",-0.13,E,73,K,7.0,44.3,49.8,0,0,0,uniprot,UP:P0A3E0,UP:P0A3E0:E73K,1879,val
18705,Apoflavodoxin,P0A3E0,D75K (UniProt),Nostoc sp. (strain ATCC 29151 / PCC 7119) (Anabaena sp.),1FTG,-,Coil,83.97,7.0,44.3,-0.01,-,3,Yes,15504413.0,charge/charge interaction; protein stability; protein stabilisation; protein folding; equilibrium intermediate,"J MOL BIOL 344, 223-237 (2004); doi:10.1016/j.jmb.2004.09.047 PMID: 15504413","Campos LA, Garcia-Mira MM, Godoy-Ruiz R, Sanchez-Ruiz JM, Sancho J.",-0.01,D,75,K,7.0,44.3,83.97,0,0,0,uniprot,UP:P0A3E0,UP:P0A3E0:D75K,1880,val
18706,Apoflavodoxin,P0A3E0,D127K (UniProt),Nostoc sp. (strain ATCC 29151 / PCC 7119) (Anabaena sp.),1FTG,-,Coil,79.11,7.0,44.3,-0.58,-,3,Yes,15504413.0,charge/charge interaction; protein stability; protein stabilisation; protein folding; equilibrium intermediate,"J MOL BIOL 344, 223-237 (2004); doi:10.1016/j.jmb.2004.09.047 PMID: 15504413","Campos LA, Garcia-Mira MM, Godoy-Ruiz R, Sanchez-Ruiz JM, Sancho J.",-0.58,D,127,K,7.0,44.3,79.11,0,0,0,uniprot,UP:P0A3E0,UP:P0A3E0:D127K,1881,val
18707,Apoflavodoxin,P0A3E0,D151K (UniProt),Nostoc sp. (strain ATCC 29151 / PCC 7119) (Anabaena sp.),1FTG,-,Turn,88.83,7.0,44.3,0.01,-,3,Yes,15504413.0,charge/charge interaction; protein stability; protein stabilisation; protein folding; equilibrium intermediate,"J MOL BIOL 344, 223-237 (2004); doi:10.1016/j.jmb.2004.09.047 PMID: 15504413","Campos LA, Garcia-Mira MM, Godoy-Ruiz R, Sanchez-Ruiz JM, Sancho J.",0.01,D,151,K,7.0,44.3,88.83,0,0,0,uniprot,UP:P0A3E0,UP:P0A3E0:D151K,1882,val
18708,Apoflavodoxin,P0A3E0,E21K (UniProt),Nostoc sp. (strain ATCC 29151 / PCC 7119) (Anabaena sp.),1FTG,-,Sheet,46.94,7.0,44.3,-1.2,-,3,Yes,15504413.0,charge/charge interaction; protein stability; protein stabilisation; protein folding; equilibrium intermediate,"J MOL BIOL 344, 223-237 (2004); doi:10.1016/j.jmb.2004.09.047 PMID: 15504413","Campos LA, Garcia-Mira MM, Godoy-Ruiz R, Sanchez-Ruiz JM, Sancho J.",-1.2,E,21,K,7.0,44.3,46.94,0,0,0,uniprot,UP:P0A3E0,UP:P0A3E0:E21K,1883,val
18709,Apoflavodoxin,P0A3E0,E41K (UniProt),Nostoc sp. (strain ATCC 29151 / PCC 7119) (Anabaena sp.),1FTG,-,Sheet,72.12,7.0,44.3,-1.16,-,3,Yes,15504413.0,charge/charge interaction; protein stability; protein stabilisation; protein folding; equilibrium intermediate,"J MOL BIOL 344, 223-237 (2004); doi:10.1016/j.jmb.2004.09.047 PMID: 15504413","Campos LA, Garcia-Mira MM, Godoy-Ruiz R, Sanchez-Ruiz JM, Sancho J.",-1.16,E,41,K,7.0,44.3,72.12,0,0,0,uniprot,UP:P0A3E0,UP:P0A3E0:E41K,1884,val
18710,Apoflavodoxin,P0A3E0,E62K (UniProt),Nostoc sp. (strain ATCC 29151 / PCC 7119) (Anabaena sp.),1FTG,-,Sheet,69.83,7.0,44.3,0.22,-,3,Yes,15504413.0,charge/charge interaction; protein stability; protein stabilisation; protein folding; equilibrium intermediate,"J MOL BIOL 344, 223-237 (2004); doi:10.1016/j.jmb.2004.09.047 PMID: 15504413","Campos LA, Garcia-Mira MM, Godoy-Ruiz R, Sanchez-Ruiz JM, Sancho J.",0.22,E,62,K,7.0,44.3,69.83,0,0,0,uniprot,UP:P0A3E0,UP:P0A3E0:E62K,1885,val
18711,Apoflavodoxin,P0A3E0,D66K (UniProt),Nostoc sp. (strain ATCC 29151 / PCC 7119) (Anabaena sp.),1FTG,-,Helix,36.78,7.0,44.3,-0.11,-,3,Yes,15504413.0,charge/charge interaction; protein stability; protein stabilisation; protein folding; equilibrium intermediate,"J MOL BIOL 344, 223-237 (2004); doi:10.1016/j.jmb.2004.09.047 PMID: 15504413","Campos LA, Garcia-Mira MM, Godoy-Ruiz R, Sanchez-Ruiz JM, Sancho J.",-0.11,D,66,K,7.0,44.3,36.78,0,0,0,uniprot,UP:P0A3E0,UP:P0A3E0:D66K,1886,val
18712,Apoflavodoxin,P0A3E0,E73K (UniProt),Nostoc sp. (strain ATCC 29151 / PCC 7119) (Anabaena sp.),1FTG,-,Sheet,49.8,7.0,44.3,-1.38,-,3,Yes,15504413.0,charge/charge interaction; protein stability; protein stabilisation; protein folding; equilibrium intermediate,"J MOL BIOL 344, 223-237 (2004); doi:10.1016/j.jmb.2004.09.047 PMID: 15504413","Campos LA, Garcia-Mira MM, Godoy-Ruiz R, Sanchez-Ruiz JM, Sancho J.",-1.38,E,73,K,7.0,44.3,49.8,0,0,0,uniprot,UP:P0A3E0,UP:P0A3E0:E73K,1887,val
18713,Apoflavodoxin,P0A3E0,D75K (UniProt),Nostoc sp. (strain ATCC 29151 / PCC 7119) (Anabaena sp.),1FTG,-,Coil,83.97,7.0,44.3,-1.14,-,3,Yes,15504413.0,charge/charge interaction; protein stability; protein stabilisation; protein folding; equilibrium intermediate,"J MOL BIOL 344, 223-237 (2004); doi:10.1016/j.jmb.2004.09.047 PMID: 15504413","Campos LA, Garcia-Mira MM, Godoy-Ruiz R, Sanchez-Ruiz JM, Sancho J.",-1.14,D,75,K,7.0,44.3,83.97,0,0,0,uniprot,UP:P0A3E0,UP:P0A3E0:D75K,1888,val
18714,Apoflavodoxin,P0A3E0,D127K (UniProt),Nostoc sp. (strain ATCC 29151 / PCC 7119) (Anabaena sp.),1FTG,-,Coil,79.11,7.0,44.3,0.03,-,3,Yes,15504413.0,charge/charge interaction; protein stability; protein stabilisation; protein folding; equilibrium intermediate,"J MOL BIOL 344, 223-237 (2004); doi:10.1016/j.jmb.2004.09.047 PMID: 15504413","Campos LA, Garcia-Mira MM, Godoy-Ruiz R, Sanchez-Ruiz JM, Sancho J.",0.03,D,127,K,7.0,44.3,79.11,0,0,0,uniprot,UP:P0A3E0,UP:P0A3E0:D127K,1889,val
18715,Apoflavodoxin,P0A3E0,D151K (UniProt),Nostoc sp. (strain ATCC 29151 / PCC 7119) (Anabaena sp.),1FTG,-,Turn,88.83,7.0,44.3,0.21,-,3,Yes,15504413.0,charge/charge interaction; protein stability; protein stabilisation; protein folding; equilibrium intermediate,"J MOL BIOL 344, 223-237 (2004); doi:10.1016/j.jmb.2004.09.047 PMID: 15504413","Campos LA, Garcia-Mira MM, Godoy-Ruiz R, Sanchez-Ruiz JM, Sancho J.",0.21,D,151,K,7.0,44.3,88.83,0,0,0,uniprot,UP:P0A3E0,UP:P0A3E0:D151K,1890,val
18716,Apoflavodoxin,P0A3E0,E21K (UniProt),Nostoc sp. (strain ATCC 29151 / PCC 7119) (Anabaena sp.),1FTG,-,Sheet,46.94,7.0,44.3,-1.06,-,3,Yes,15504413.0,charge/charge interaction; protein stability; protein stabilisation; protein folding; equilibrium intermediate,"J MOL BIOL 344, 223-237 (2004); doi:10.1016/j.jmb.2004.09.047 PMID: 15504413","Campos LA, Garcia-Mira MM, Godoy-Ruiz R, Sanchez-Ruiz JM, Sancho J.",-1.06,E,21,K,7.0,44.3,46.94,0,0,0,uniprot,UP:P0A3E0,UP:P0A3E0:E21K,1891,val
18717,Apoflavodoxin,P0A3E0,E41K (UniProt),Nostoc sp. (strain ATCC 29151 / PCC 7119) (Anabaena sp.),1FTG,-,Sheet,72.12,7.0,44.3,-1.22,-,3,Yes,15504413.0,charge/charge interaction; protein stability; protein stabilisation; protein folding; equilibrium intermediate,"J MOL BIOL 344, 223-237 (2004); doi:10.1016/j.jmb.2004.09.047 PMID: 15504413","Campos LA, Garcia-Mira MM, Godoy-Ruiz R, Sanchez-Ruiz JM, Sancho J.",-1.22,E,41,K,7.0,44.3,72.12,0,0,0,uniprot,UP:P0A3E0,UP:P0A3E0:E41K,1892,val
18718,Apoflavodoxin,P0A3E0,E62K (UniProt),Nostoc sp. (strain ATCC 29151 / PCC 7119) (Anabaena sp.),1FTG,-,Sheet,69.83,7.0,44.3,-0.24,-,3,Yes,15504413.0,charge/charge interaction; protein stability; protein stabilisation; protein folding; equilibrium intermediate,"J MOL BIOL 344, 223-237 (2004); doi:10.1016/j.jmb.2004.09.047 PMID: 15504413","Campos LA, Garcia-Mira MM, Godoy-Ruiz R, Sanchez-Ruiz JM, Sancho J.",-0.24,E,62,K,7.0,44.3,69.83,0,0,0,uniprot,UP:P0A3E0,UP:P0A3E0:E62K,1893,val
18719,Apoflavodoxin,P0A3E0,D66K (UniProt),Nostoc sp. (strain ATCC 29151 / PCC 7119) (Anabaena sp.),1FTG,-,Helix,36.78,7.0,44.3,0.09,-,3,Yes,15504413.0,charge/charge interaction; protein stability; protein stabilisation; protein folding; equilibrium intermediate,"J MOL BIOL 344, 223-237 (2004); doi:10.1016/j.jmb.2004.09.047 PMID: 15504413","Campos LA, Garcia-Mira MM, Godoy-Ruiz R, Sanchez-Ruiz JM, Sancho J.",0.09,D,66,K,7.0,44.3,36.78,0,0,0,uniprot,UP:P0A3E0,UP:P0A3E0:D66K,1894,val
18720,Apoflavodoxin,P0A3E0,E73K (UniProt),Nostoc sp. (strain ATCC 29151 / PCC 7119) (Anabaena sp.),1FTG,-,Sheet,49.8,7.0,44.3,-1.5,-,3,Yes,15504413.0,charge/charge interaction; protein stability; protein stabilisation; protein folding; equilibrium intermediate,"J MOL BIOL 344, 223-237 (2004); doi:10.1016/j.jmb.2004.09.047 PMID: 15504413","Campos LA, Garcia-Mira MM, Godoy-Ruiz R, Sanchez-Ruiz JM, Sancho J.",-1.5,E,73,K,7.0,44.3,49.8,0,0,0,uniprot,UP:P0A3E0,UP:P0A3E0:E73K,1895,val
18721,Apoflavodoxin,P0A3E0,D75K (UniProt),Nostoc sp. (strain ATCC 29151 / PCC 7119) (Anabaena sp.),1FTG,-,Coil,83.97,7.0,44.3,-1.15,-,3,Yes,15504413.0,charge/charge interaction; protein stability; protein stabilisation; protein folding; equilibrium intermediate,"J MOL BIOL 344, 223-237 (2004); doi:10.1016/j.jmb.2004.09.047 PMID: 15504413","Campos LA, Garcia-Mira MM, Godoy-Ruiz R, Sanchez-Ruiz JM, Sancho J.",-1.15,D,75,K,7.0,44.3,83.97,0,0,0,uniprot,UP:P0A3E0,UP:P0A3E0:D75K,1896,val
18722,Apoflavodoxin,P0A3E0,D127K (UniProt),Nostoc sp. (strain ATCC 29151 / PCC 7119) (Anabaena sp.),1FTG,-,Coil,79.11,7.0,44.3,-0.55,-,3,Yes,15504413.0,charge/charge interaction; protein stability; protein stabilisation; protein folding; equilibrium intermediate,"J MOL BIOL 344, 223-237 (2004); doi:10.1016/j.jmb.2004.09.047 PMID: 15504413","Campos LA, Garcia-Mira MM, Godoy-Ruiz R, Sanchez-Ruiz JM, Sancho J.",-0.55,D,127,K,7.0,44.3,79.11,0,0,0,uniprot,UP:P0A3E0,UP:P0A3E0:D127K,1897,val
18723,Apoflavodoxin,P0A3E0,D151K (UniProt),Nostoc sp. (strain ATCC 29151 / PCC 7119) (Anabaena sp.),1FTG,-,Turn,88.83,7.0,44.3,0.22,-,3,Yes,15504413.0,charge/charge interaction; protein stability; protein stabilisation; protein folding; equilibrium intermediate,"J MOL BIOL 344, 223-237 (2004); doi:10.1016/j.jmb.2004.09.047 PMID: 15504413","Campos LA, Garcia-Mira MM, Godoy-Ruiz R, Sanchez-Ruiz JM, Sancho J.",0.22,D,151,K,7.0,44.3,88.83,0,0,0,uniprot,UP:P0A3E0,UP:P0A3E0:D151K,1898,val
18724,Apoflavodoxin,P0A3E0,E21K (UniProt),Nostoc sp. (strain ATCC 29151 / PCC 7119) (Anabaena sp.),1FTG,-,Sheet,46.94,7.0,44.3,0.24,-,3,Yes,15504413.0,charge/charge interaction; protein stability; protein stabilisation; protein folding; equilibrium intermediate,"J MOL BIOL 344, 223-237 (2004); doi:10.1016/j.jmb.2004.09.047 PMID: 15504413","Campos LA, Garcia-Mira MM, Godoy-Ruiz R, Sanchez-Ruiz JM, Sancho J.",0.24,E,21,K,7.0,44.3,46.94,0,0,0,uniprot,UP:P0A3E0,UP:P0A3E0:E21K,1899,val
18725,Apoflavodoxin,P0A3E0,E41K (UniProt),Nostoc sp. (strain ATCC 29151 / PCC 7119) (Anabaena sp.),1FTG,-,Sheet,72.12,7.0,44.3,-0.4,-,3,Yes,15504413.0,charge/charge interaction; protein stability; protein stabilisation; protein folding; equilibrium intermediate,"J MOL BIOL 344, 223-237 (2004); doi:10.1016/j.jmb.2004.09.047 PMID: 15504413","Campos LA, Garcia-Mira MM, Godoy-Ruiz R, Sanchez-Ruiz JM, Sancho J.",-0.4,E,41,K,7.0,44.3,72.12,0,0,0,uniprot,UP:P0A3E0,UP:P0A3E0:E41K,1900,val
18726,Apoflavodoxin,P0A3E0,E73K (UniProt),Nostoc sp. (strain ATCC 29151 / PCC 7119) (Anabaena sp.),1FTG,-,Sheet,49.8,7.0,44.3,-0.07,-,3,Yes,15504413.0,charge/charge interaction; protein stability; protein stabilisation; protein folding; equilibrium intermediate,"J MOL BIOL 344, 223-237 (2004); doi:10.1016/j.jmb.2004.09.047 PMID: 15504413","Campos LA, Garcia-Mira MM, Godoy-Ruiz R, Sanchez-Ruiz JM, Sancho J.",-0.07,E,73,K,7.0,44.3,49.8,0,0,0,uniprot,UP:P0A3E0,UP:P0A3E0:E73K,1901,val
18727,Apoflavodoxin,P0A3E0,D75K (UniProt),Nostoc sp. (strain ATCC 29151 / PCC 7119) (Anabaena sp.),1FTG,-,Coil,83.97,7.0,44.3,-0.25,-,3,Yes,15504413.0,charge/charge interaction; protein stability; protein stabilisation; protein folding; equilibrium intermediate,"J MOL BIOL 344, 223-237 (2004); doi:10.1016/j.jmb.2004.09.047 PMID: 15504413","Campos LA, Garcia-Mira MM, Godoy-Ruiz R, Sanchez-Ruiz JM, Sancho J.",-0.25,D,75,K,7.0,44.3,83.97,0,0,0,uniprot,UP:P0A3E0,UP:P0A3E0:D75K,1902,val
18728,Apoflavodoxin,P0A3E0,D127K (UniProt),Nostoc sp. (strain ATCC 29151 / PCC 7119) (Anabaena sp.),1FTG,-,Coil,79.11,7.0,44.3,-0.71,-,3,Yes,15504413.0,charge/charge interaction; protein stability; protein stabilisation; protein folding; equilibrium intermediate,"J MOL BIOL 344, 223-237 (2004); doi:10.1016/j.jmb.2004.09.047 PMID: 15504413","Campos LA, Garcia-Mira MM, Godoy-Ruiz R, Sanchez-Ruiz JM, Sancho J.",-0.71,D,127,K,7.0,44.3,79.11,0,0,0,uniprot,UP:P0A3E0,UP:P0A3E0:D127K,1903,val
18729,Apoflavodoxin,P0A3E0,D151K (UniProt),Nostoc sp. (strain ATCC 29151 / PCC 7119) (Anabaena sp.),1FTG,-,Turn,88.83,7.0,44.3,0.6,-,3,Yes,15504413.0,charge/charge interaction; protein stability; protein stabilisation; protein folding; equilibrium intermediate,"J MOL BIOL 344, 223-237 (2004); doi:10.1016/j.jmb.2004.09.047 PMID: 15504413","Campos LA, Garcia-Mira MM, Godoy-Ruiz R, Sanchez-Ruiz JM, Sancho J.",0.6,D,151,K,7.0,44.3,88.83,0,0,0,uniprot,UP:P0A3E0,UP:P0A3E0:D151K,1904,val
18730,Apoflavodoxin,P0A3E0,E21K (UniProt),Nostoc sp. (strain ATCC 29151 / PCC 7119) (Anabaena sp.),1FTG,-,Sheet,46.94,7.0,44.3,-0.95,-,3,Yes,15504413.0,charge/charge interaction; protein stability; protein stabilisation; protein folding; equilibrium intermediate,"J MOL BIOL 344, 223-237 (2004); doi:10.1016/j.jmb.2004.09.047 PMID: 15504413","Campos LA, Garcia-Mira MM, Godoy-Ruiz R, Sanchez-Ruiz JM, Sancho J.",-0.95,E,21,K,7.0,44.3,46.94,0,0,0,uniprot,UP:P0A3E0,UP:P0A3E0:E21K,1905,val
18731,Apoflavodoxin,P0A3E0,E41K (UniProt),Nostoc sp. (strain ATCC 29151 / PCC 7119) (Anabaena sp.),1FTG,-,Sheet,72.12,7.0,44.3,-1.12,-,3,Yes,15504413.0,charge/charge interaction; protein stability; protein stabilisation; protein folding; equilibrium intermediate,"J MOL BIOL 344, 223-237 (2004); doi:10.1016/j.jmb.2004.09.047 PMID: 15504413","Campos LA, Garcia-Mira MM, Godoy-Ruiz R, Sanchez-Ruiz JM, Sancho J.",-1.12,E,41,K,7.0,44.3,72.12,0,0,0,uniprot,UP:P0A3E0,UP:P0A3E0:E41K,1906,val
18732,Apoflavodoxin,P0A3E0,E73K (UniProt),Nostoc sp. (strain ATCC 29151 / PCC 7119) (Anabaena sp.),1FTG,-,Sheet,49.8,7.0,44.3,-1.4,-,3,Yes,15504413.0,charge/charge interaction; protein stability; protein stabilisation; protein folding; equilibrium intermediate,"J MOL BIOL 344, 223-237 (2004); doi:10.1016/j.jmb.2004.09.047 PMID: 15504413","Campos LA, Garcia-Mira MM, Godoy-Ruiz R, Sanchez-Ruiz JM, Sancho J.",-1.4,E,73,K,7.0,44.3,49.8,0,0,0,uniprot,UP:P0A3E0,UP:P0A3E0:E73K,1907,val
18733,Apoflavodoxin,P0A3E0,D75K (UniProt),Nostoc sp. (strain ATCC 29151 / PCC 7119) (Anabaena sp.),1FTG,-,Coil,83.97,7.0,44.3,-0.73,-,3,Yes,15504413.0,charge/charge interaction; protein stability; protein stabilisation; protein folding; equilibrium intermediate,"J MOL BIOL 344, 223-237 (2004); doi:10.1016/j.jmb.2004.09.047 PMID: 15504413","Campos LA, Garcia-Mira MM, Godoy-Ruiz R, Sanchez-Ruiz JM, Sancho J.",-0.73,D,75,K,7.0,44.3,83.97,0,0,0,uniprot,UP:P0A3E0,UP:P0A3E0:D75K,1908,val
18734,Apoflavodoxin,P0A3E0,D127K (UniProt),Nostoc sp. (strain ATCC 29151 / PCC 7119) (Anabaena sp.),1FTG,-,Coil,79.11,7.0,44.3,-0.28,-,3,Yes,15504413.0,charge/charge interaction; protein stability; protein stabilisation; protein folding; equilibrium intermediate,"J MOL BIOL 344, 223-237 (2004); doi:10.1016/j.jmb.2004.09.047 PMID: 15504413","Campos LA, Garcia-Mira MM, Godoy-Ruiz R, Sanchez-Ruiz JM, Sancho J.",-0.28,D,127,K,7.0,44.3,79.11,0,0,0,uniprot,UP:P0A3E0,UP:P0A3E0:D127K,1909,val
18735,Apoflavodoxin,P0A3E0,D151K (UniProt),Nostoc sp. (strain ATCC 29151 / PCC 7119) (Anabaena sp.),1FTG,-,Turn,88.83,7.0,44.3,-0.12,-,3,Yes,15504413.0,charge/charge interaction; protein stability; protein stabilisation; protein folding; equilibrium intermediate,"J MOL BIOL 344, 223-237 (2004); doi:10.1016/j.jmb.2004.09.047 PMID: 15504413","Campos LA, Garcia-Mira MM, Godoy-Ruiz R, Sanchez-Ruiz JM, Sancho J.",-0.12,D,151,K,7.0,44.3,88.83,0,0,0,uniprot,UP:P0A3E0,UP:P0A3E0:D151K,1910,val
18736,Apoflavodoxin,P0A3E0,E21K (UniProt),Nostoc sp. (strain ATCC 29151 / PCC 7119) (Anabaena sp.),1FTG,-,Sheet,46.94,7.0,44.3,-0.71,-,3,Yes,15504413.0,charge/charge interaction; protein stability; protein stabilisation; protein folding; equilibrium intermediate,"J MOL BIOL 344, 223-237 (2004); doi:10.1016/j.jmb.2004.09.047 PMID: 15504413","Campos LA, Garcia-Mira MM, Godoy-Ruiz R, Sanchez-Ruiz JM, Sancho J.",-0.71,E,21,K,7.0,44.3,46.94,0,0,0,uniprot,UP:P0A3E0,UP:P0A3E0:E21K,1911,val
18737,Apoflavodoxin,P0A3E0,E41K (UniProt),Nostoc sp. (strain ATCC 29151 / PCC 7119) (Anabaena sp.),1FTG,-,Sheet,72.12,7.0,44.3,-1.52,-,3,Yes,15504413.0,charge/charge interaction; protein stability; protein stabilisation; protein folding; equilibrium intermediate,"J MOL BIOL 344, 223-237 (2004); doi:10.1016/j.jmb.2004.09.047 PMID: 15504413","Campos LA, Garcia-Mira MM, Godoy-Ruiz R, Sanchez-Ruiz JM, Sancho J.",-1.52,E,41,K,7.0,44.3,72.12,0,0,0,uniprot,UP:P0A3E0,UP:P0A3E0:E41K,1912,val
18738,Apoflavodoxin,P0A3E0,E73K (UniProt),Nostoc sp. (strain ATCC 29151 / PCC 7119) (Anabaena sp.),1FTG,-,Sheet,49.8,7.0,44.3,-1.47,-,3,Yes,15504413.0,charge/charge interaction; protein stability; protein stabilisation; protein folding; equilibrium intermediate,"J MOL BIOL 344, 223-237 (2004); doi:10.1016/j.jmb.2004.09.047 PMID: 15504413","Campos LA, Garcia-Mira MM, Godoy-Ruiz R, Sanchez-Ruiz JM, Sancho J.",-1.47,E,73,K,7.0,44.3,49.8,0,0,0,uniprot,UP:P0A3E0,UP:P0A3E0:E73K,1913,val
18739,Apoflavodoxin,P0A3E0,D75K (UniProt),Nostoc sp. (strain ATCC 29151 / PCC 7119) (Anabaena sp.),1FTG,-,Coil,83.97,7.0,44.3,-0.98,-,3,Yes,15504413.0,charge/charge interaction; protein stability; protein stabilisation; protein folding; equilibrium intermediate,"J MOL BIOL 344, 223-237 (2004); doi:10.1016/j.jmb.2004.09.047 PMID: 15504413","Campos LA, Garcia-Mira MM, Godoy-Ruiz R, Sanchez-Ruiz JM, Sancho J.",-0.98,D,75,K,7.0,44.3,83.97,0,0,0,uniprot,UP:P0A3E0,UP:P0A3E0:D75K,1914,val
18740,Apoflavodoxin,P0A3E0,D127K (UniProt),Nostoc sp. (strain ATCC 29151 / PCC 7119) (Anabaena sp.),1FTG,-,Coil,79.11,7.0,44.3,-0.99,-,3,Yes,15504413.0,charge/charge interaction; protein stability; protein stabilisation; protein folding; equilibrium intermediate,"J MOL BIOL 344, 223-237 (2004); doi:10.1016/j.jmb.2004.09.047 PMID: 15504413","Campos LA, Garcia-Mira MM, Godoy-Ruiz R, Sanchez-Ruiz JM, Sancho J.",-0.99,D,127,K,7.0,44.3,79.11,0,0,0,uniprot,UP:P0A3E0,UP:P0A3E0:D127K,1915,val
18741,Apoflavodoxin,P0A3E0,D151K (UniProt),Nostoc sp. (strain ATCC 29151 / PCC 7119) (Anabaena sp.),1FTG,-,Turn,88.83,7.0,44.3,0.48,-,3,Yes,15504413.0,charge/charge interaction; protein stability; protein stabilisation; protein folding; equilibrium intermediate,"J MOL BIOL 344, 223-237 (2004); doi:10.1016/j.jmb.2004.09.047 PMID: 15504413","Campos LA, Garcia-Mira MM, Godoy-Ruiz R, Sanchez-Ruiz JM, Sancho J.",0.48,D,151,K,7.0,44.3,88.83,0,0,0,uniprot,UP:P0A3E0,UP:P0A3E0:D151K,1916,val
18742,Apoflavodoxin,P0A3E0,L7A (UniProt),Nostoc sp. (strain ATCC 29151 / PCC 7119) (Anabaena sp.),1FTG,-,Sheet,0.0,7.0,44.3,-1.11,-,3,yes,15504414.0,protein stability; protein folding; equilibrium intermediate; thermal unfolding; phi-analysis,"J MOL BIOL 344, 239-255 (2004) PMID: 15504414","Campos LA, Bueno M, Lopez-Llano J, Jimenez MA, Sancho J.",-1.11,L,7,A,7.0,44.3,0.0,0,0,0,uniprot,UP:P0A3E0,UP:P0A3E0:L7A,1917,val
18743,Apoflavodoxin,P0A3E0,I22A (UniProt),Nostoc sp. (strain ATCC 29151 / PCC 7119) (Anabaena sp.),1FTG,-,Helix,0.0,7.0,44.3,-0.67,-,3,yes,15504414.0,protein stability; protein folding; equilibrium intermediate; thermal unfolding; phi-analysis,"J MOL BIOL 344, 239-255 (2004) PMID: 15504414","Campos LA, Bueno M, Lopez-Llano J, Jimenez MA, Sancho J.",-0.67,I,22,A,7.0,44.3,0.0,0,0,0,uniprot,UP:P0A3E0,UP:P0A3E0:I22A,1918,val
18744,Apoflavodoxin,P0A3E0,V31A (UniProt),Nostoc sp. (strain ATCC 29151 / PCC 7119) (Anabaena sp.),1FTG,-,Helix,2.6,7.0,44.3,-0.46,-,3,yes,15504414.0,protein stability; protein folding; equilibrium intermediate; thermal unfolding; phi-analysis,"J MOL BIOL 344, 239-255 (2004) PMID: 15504414","Campos LA, Bueno M, Lopez-Llano J, Jimenez MA, Sancho J.",-0.46,V,31,A,7.0,44.3,2.6,0,0,0,uniprot,UP:P0A3E0,UP:P0A3E0:V31A,1919,val
18745,Apoflavodoxin,P0A3E0,D44A (UniProt),Nostoc sp. (strain ATCC 29151 / PCC 7119) (Anabaena sp.),1FTG,-,Helix,26.37,7.0,44.3,0.04,-,3,yes,15504414.0,protein stability; protein folding; equilibrium intermediate; thermal unfolding; phi-analysis,"J MOL BIOL 344, 239-255 (2004) PMID: 15504414","Campos LA, Bueno M, Lopez-Llano J, Jimenez MA, Sancho J.",0.04,D,44,A,7.0,44.3,26.37,0,0,0,uniprot,UP:P0A3E0,UP:P0A3E0:D44A,1920,val
18746,Apoflavodoxin,P0A3E0,I52V (PDB: I51V),Nostoc sp. (strain ATCC 29151 / PCC 7119) (Anabaena sp.),1FTG,I51V,Helix,0.0,7.0,44.3,-0.41,-,3,yes,15504414.0,protein stability; protein folding; equilibrium intermediate; thermal unfolding; phi-analysis,"J MOL BIOL 344, 239-255 (2004) PMID: 15504414","Campos LA, Bueno M, Lopez-Llano J, Jimenez MA, Sancho J.",-0.41,I,52,V,7.0,44.3,0.0,0,0,0,pdb,UP:P0A3E0,UP:P0A3E0:I52V,1921,val
18747,Apoflavodoxin,P0A3E0,I52V (UniProt),Nostoc sp. (strain ATCC 29151 / PCC 7119) (Anabaena sp.),1FTG,-,Helix,0.0,7.0,44.3,-0.18,-,3,yes,15504414.0,protein stability; protein folding; equilibrium intermediate; thermal unfolding; phi-analysis,"J MOL BIOL 344, 239-255 (2004) PMID: 15504414","Campos LA, Bueno M, Lopez-Llano J, Jimenez MA, Sancho J.",-0.18,I,52,V,7.0,44.3,0.0,0,0,0,uniprot,UP:P0A3E0,UP:P0A3E0:I52V,1922,val
18748,Apoflavodoxin,P0A3E0,S72A (UniProt),Nostoc sp. (strain ATCC 29151 / PCC 7119) (Anabaena sp.),1FTG,-,Coil,67.41,7.0,44.3,-0.11,-,3,yes,15504414.0,protein stability; protein folding; equilibrium intermediate; thermal unfolding; phi-analysis,"J MOL BIOL 344, 239-255 (2004) PMID: 15504414","Campos LA, Bueno M, Lopez-Llano J, Jimenez MA, Sancho J.",-0.11,S,72,A,7.0,44.3,67.41,0,0,0,uniprot,UP:P0A3E0,UP:P0A3E0:S72A,1923,val
18749,Apoflavodoxin,P0A3E0,A85G (UniProt),Nostoc sp. (strain ATCC 29151 / PCC 7119) (Anabaena sp.),1FTG,-,Sheet,0.0,7.0,44.3,-0.47,-,3,yes,15504414.0,protein stability; protein folding; equilibrium intermediate; thermal unfolding; phi-analysis,"J MOL BIOL 344, 239-255 (2004) PMID: 15504414","Campos LA, Bueno M, Lopez-Llano J, Jimenez MA, Sancho J.",-0.47,A,85,G,7.0,44.3,0.0,0,0,0,uniprot,UP:P0A3E0,UP:P0A3E0:A85G,1924,val
18750,Apoflavodoxin,P0A3E0,N98A (UniProt),Nostoc sp. (strain ATCC 29151 / PCC 7119) (Anabaena sp.),1FTG,-,Turn,21.86,7.0,44.3,-0.22,-,3,yes,15504414.0,protein stability; protein folding; equilibrium intermediate; thermal unfolding; phi-analysis,"J MOL BIOL 344, 239-255 (2004) PMID: 15504414","Campos LA, Bueno M, Lopez-Llano J, Jimenez MA, Sancho J.",-0.22,N,98,A,7.0,44.3,21.86,0,0,0,uniprot,UP:P0A3E0,UP:P0A3E0:N98A,1925,val
18751,Apoflavodoxin,P0A3E0,Q100A (UniProt),Nostoc sp. (strain ATCC 29151 / PCC 7119) (Anabaena sp.),1FTG,-,Turn,0.0,7.0,44.3,0.85,-,3,yes,15504414.0,protein stability; protein folding; equilibrium intermediate; thermal unfolding; phi-analysis,"J MOL BIOL 344, 239-255 (2004) PMID: 15504414","Campos LA, Bueno M, Lopez-Llano J, Jimenez MA, Sancho J.",0.85,Q,100,A,7.0,44.3,0.0,0,0,0,uniprot,UP:P0A3E0,UP:P0A3E0:Q100A,1926,val
18752,Apoflavodoxin,P0A3E0,I105V (UniProt),Nostoc sp. (strain ATCC 29151 / PCC 7119) (Anabaena sp.),1FTG,-,Helix,21.08,7.0,44.3,-0.38,-,3,yes,15504414.0,protein stability; protein folding; equilibrium intermediate; thermal unfolding; phi-analysis,"J MOL BIOL 344, 239-255 (2004) PMID: 15504414","Campos LA, Bueno M, Lopez-Llano J, Jimenez MA, Sancho J.",-0.38,I,105,V,7.0,44.3,21.08,0,0,0,uniprot,UP:P0A3E0,UP:P0A3E0:I105V,1927,val
18753,Apoflavodoxin,P0A3E0,S111A (UniProt),Nostoc sp. (strain ATCC 29151 / PCC 7119) (Anabaena sp.),1FTG,-,Coil,38.4,7.0,44.3,-0.18,-,3,yes,15504414.0,protein stability; protein folding; equilibrium intermediate; thermal unfolding; phi-analysis,"J MOL BIOL 344, 239-255 (2004) PMID: 15504414","Campos LA, Bueno M, Lopez-Llano J, Jimenez MA, Sancho J.",-0.18,S,111,A,7.0,44.3,38.4,0,0,0,uniprot,UP:P0A3E0,UP:P0A3E0:S111A,1928,val
18754,Apoflavodoxin,P0A3E0,V118A (UniProt),Nostoc sp. (strain ATCC 29151 / PCC 7119) (Anabaena sp.),1FTG,-,Coil,8.46,7.0,44.3,-0.95,-,3,yes,15504414.0,protein stability; protein folding; equilibrium intermediate; thermal unfolding; phi-analysis,"J MOL BIOL 344, 239-255 (2004) PMID: 15504414","Campos LA, Bueno M, Lopez-Llano J, Jimenez MA, Sancho J.",-0.95,V,118,A,7.0,44.3,8.46,0,0,0,uniprot,UP:P0A3E0,UP:P0A3E0:V118A,1929,val
18755,Apoflavodoxin,P0A3E0,T123S (UniProt),Nostoc sp. (strain ATCC 29151 / PCC 7119) (Anabaena sp.),1FTG,-,Turn,24.51,7.0,44.3,0.65,-,3,yes,15504414.0,protein stability; protein folding; equilibrium intermediate; thermal unfolding; phi-analysis,"J MOL BIOL 344, 239-255 (2004) PMID: 15504414","Campos LA, Bueno M, Lopez-Llano J, Jimenez MA, Sancho J.",0.65,T,123,S,7.0,44.3,24.51,0,0,0,uniprot,UP:P0A3E0,UP:P0A3E0:T123S,1930,val
18756,Apoflavodoxin,P0A3E0,V140A (UniProt),Nostoc sp. (strain ATCC 29151 / PCC 7119) (Anabaena sp.),1FTG,-,Turn,0.0,7.0,44.3,-0.6,-,3,yes,15504414.0,protein stability; protein folding; equilibrium intermediate; thermal unfolding; phi-analysis,"J MOL BIOL 344, 239-255 (2004) PMID: 15504414","Campos LA, Bueno M, Lopez-Llano J, Jimenez MA, Sancho J.",-0.6,V,140,A,7.0,44.3,0.0,0,0,0,uniprot,UP:P0A3E0,UP:P0A3E0:V140A,1931,val
18757,Apoflavodoxin,P0A3E0,L144A (UniProt),Nostoc sp. (strain ATCC 29151 / PCC 7119) (Anabaena sp.),1FTG,-,Sheet,0.55,7.0,44.3,-0.15,-,3,yes,15504414.0,protein stability; protein folding; equilibrium intermediate; thermal unfolding; phi-analysis,"J MOL BIOL 344, 239-255 (2004) PMID: 15504414","Campos LA, Bueno M, Lopez-Llano J, Jimenez MA, Sancho J.",-0.15,L,144,A,7.0,44.3,0.55,0,0,0,uniprot,UP:P0A3E0,UP:P0A3E0:L144A,1932,val
18758,Apoflavodoxin,P0A3E0,I157V (UniProt),Nostoc sp. (strain ATCC 29151 / PCC 7119) (Anabaena sp.),1FTG,-,Helix,1.08,7.0,44.3,-0.69,-,3,yes,15504414.0,protein stability; protein folding; equilibrium intermediate; thermal unfolding; phi-analysis,"J MOL BIOL 344, 239-255 (2004) PMID: 15504414","Campos LA, Bueno M, Lopez-Llano J, Jimenez MA, Sancho J.",-0.69,I,157,V,7.0,44.3,1.08,0,0,0,uniprot,UP:P0A3E0,UP:P0A3E0:I157V,1933,val
18759,Apoflavodoxin,P0A3E0,V161A (UniProt),Nostoc sp. (strain ATCC 29151 / PCC 7119) (Anabaena sp.),1FTG,-,Helix,0.0,7.0,44.3,-0.73,-,3,yes,15504414.0,protein stability; protein folding; equilibrium intermediate; thermal unfolding; phi-analysis,"J MOL BIOL 344, 239-255 (2004) PMID: 15504414","Campos LA, Bueno M, Lopez-Llano J, Jimenez MA, Sancho J.",-0.73,V,161,A,7.0,44.3,0.0,0,0,0,uniprot,UP:P0A3E0,UP:P0A3E0:V161A,1934,val
18760,Apoflavodoxin,P0A3E0,L7A (UniProt),Nostoc sp. (strain ATCC 29151 / PCC 7119) (Anabaena sp.),1FTG,-,Sheet,0.0,7.0,44.3,-1.74,-,3,yes,15504414.0,protein stability; protein folding; equilibrium intermediate; thermal unfolding; phi-analysis,"J MOL BIOL 344, 239-255 (2004) PMID: 15504414","Campos LA, Bueno M, Lopez-Llano J, Jimenez MA, Sancho J.",-1.74,L,7,A,7.0,44.3,0.0,0,0,0,uniprot,UP:P0A3E0,UP:P0A3E0:L7A,1935,val
18761,Apoflavodoxin,P0A3E0,I22A (UniProt),Nostoc sp. (strain ATCC 29151 / PCC 7119) (Anabaena sp.),1FTG,-,Helix,0.0,7.0,44.3,-1.03,-,3,yes,15504414.0,protein stability; protein folding; equilibrium intermediate; thermal unfolding; phi-analysis,"J MOL BIOL 344, 239-255 (2004) PMID: 15504414","Campos LA, Bueno M, Lopez-Llano J, Jimenez MA, Sancho J.",-1.03,I,22,A,7.0,44.3,0.0,0,0,0,uniprot,UP:P0A3E0,UP:P0A3E0:I22A,1936,val
18762,Apoflavodoxin,P0A3E0,V31A (UniProt),Nostoc sp. (strain ATCC 29151 / PCC 7119) (Anabaena sp.),1FTG,-,Helix,2.6,7.0,44.3,-0.99,-,3,yes,15504414.0,protein stability; protein folding; equilibrium intermediate; thermal unfolding; phi-analysis,"J MOL BIOL 344, 239-255 (2004) PMID: 15504414","Campos LA, Bueno M, Lopez-Llano J, Jimenez MA, Sancho J.",-0.99,V,31,A,7.0,44.3,2.6,0,0,0,uniprot,UP:P0A3E0,UP:P0A3E0:V31A,1937,val
18763,Apoflavodoxin,P0A3E0,D44A (UniProt),Nostoc sp. (strain ATCC 29151 / PCC 7119) (Anabaena sp.),1FTG,-,Helix,26.37,7.0,44.3,-0.03,-,3,yes,15504414.0,protein stability; protein folding; equilibrium intermediate; thermal unfolding; phi-analysis,"J MOL BIOL 344, 239-255 (2004) PMID: 15504414","Campos LA, Bueno M, Lopez-Llano J, Jimenez MA, Sancho J.",-0.03,D,44,A,7.0,44.3,26.37,0,0,0,uniprot,UP:P0A3E0,UP:P0A3E0:D44A,1938,val
18764,Apoflavodoxin,P0A3E0,I52V (PDB: I51V),Nostoc sp. (strain ATCC 29151 / PCC 7119) (Anabaena sp.),1FTG,I51V,Helix,0.0,7.0,44.3,-1.04,-,3,yes,15504414.0,protein stability; protein folding; equilibrium intermediate; thermal unfolding; phi-analysis,"J MOL BIOL 344, 239-255 (2004) PMID: 15504414","Campos LA, Bueno M, Lopez-Llano J, Jimenez MA, Sancho J.",-1.04,I,52,V,7.0,44.3,0.0,0,0,0,pdb,UP:P0A3E0,UP:P0A3E0:I52V,1939,val
18765,Apoflavodoxin,P0A3E0,I52V (UniProt),Nostoc sp. (strain ATCC 29151 / PCC 7119) (Anabaena sp.),1FTG,-,Helix,0.0,7.0,44.3,-0.6,-,3,yes,15504414.0,protein stability; protein folding; equilibrium intermediate; thermal unfolding; phi-analysis,"J MOL BIOL 344, 239-255 (2004) PMID: 15504414","Campos LA, Bueno M, Lopez-Llano J, Jimenez MA, Sancho J.",-0.6,I,52,V,7.0,44.3,0.0,0,0,0,uniprot,UP:P0A3E0,UP:P0A3E0:I52V,1940,val
18766,Apoflavodoxin,P0A3E0,S72A (UniProt),Nostoc sp. (strain ATCC 29151 / PCC 7119) (Anabaena sp.),1FTG,-,Coil,67.41,7.0,44.3,0.13,-,3,yes,15504414.0,protein stability; protein folding; equilibrium intermediate; thermal unfolding; phi-analysis,"J MOL BIOL 344, 239-255 (2004) PMID: 15504414","Campos LA, Bueno M, Lopez-Llano J, Jimenez MA, Sancho J.",0.13,S,72,A,7.0,44.3,67.41,0,0,0,uniprot,UP:P0A3E0,UP:P0A3E0:S72A,1941,val
18767,Apoflavodoxin,P0A3E0,A85G (UniProt),Nostoc sp. (strain ATCC 29151 / PCC 7119) (Anabaena sp.),1FTG,-,Sheet,0.0,7.0,44.3,-1.25,-,3,yes,15504414.0,protein stability; protein folding; equilibrium intermediate; thermal unfolding; phi-analysis,"J MOL BIOL 344, 239-255 (2004) PMID: 15504414","Campos LA, Bueno M, Lopez-Llano J, Jimenez MA, Sancho J.",-1.25,A,85,G,7.0,44.3,0.0,0,0,0,uniprot,UP:P0A3E0,UP:P0A3E0:A85G,1942,val
18768,Apoflavodoxin,P0A3E0,N98A (UniProt),Nostoc sp. (strain ATCC 29151 / PCC 7119) (Anabaena sp.),1FTG,-,Turn,21.86,7.0,44.3,-0.24,-,3,yes,15504414.0,protein stability; protein folding; equilibrium intermediate; thermal unfolding; phi-analysis,"J MOL BIOL 344, 239-255 (2004) PMID: 15504414","Campos LA, Bueno M, Lopez-Llano J, Jimenez MA, Sancho J.",-0.24,N,98,A,7.0,44.3,21.86,0,0,0,uniprot,UP:P0A3E0,UP:P0A3E0:N98A,1943,val
18769,Apoflavodoxin,P0A3E0,Q100A (UniProt),Nostoc sp. (strain ATCC 29151 / PCC 7119) (Anabaena sp.),1FTG,-,Turn,0.0,7.0,44.3,0.49,-,3,yes,15504414.0,protein stability; protein folding; equilibrium intermediate; thermal unfolding; phi-analysis,"J MOL BIOL 344, 239-255 (2004) PMID: 15504414","Campos LA, Bueno M, Lopez-Llano J, Jimenez MA, Sancho J.",0.49,Q,100,A,7.0,44.3,0.0,0,0,0,uniprot,UP:P0A3E0,UP:P0A3E0:Q100A,1944,val
18770,Apoflavodoxin,P0A3E0,I105V (UniProt),Nostoc sp. (strain ATCC 29151 / PCC 7119) (Anabaena sp.),1FTG,-,Helix,21.08,7.0,44.3,-0.11,-,3,yes,15504414.0,protein stability; protein folding; equilibrium intermediate; thermal unfolding; phi-analysis,"J MOL BIOL 344, 239-255 (2004) PMID: 15504414","Campos LA, Bueno M, Lopez-Llano J, Jimenez MA, Sancho J.",-0.11,I,105,V,7.0,44.3,21.08,0,0,0,uniprot,UP:P0A3E0,UP:P0A3E0:I105V,1945,val
18771,Apoflavodoxin,P0A3E0,S111A (UniProt),Nostoc sp. (strain ATCC 29151 / PCC 7119) (Anabaena sp.),1FTG,-,Coil,38.4,7.0,44.3,-0.34,-,3,yes,15504414.0,protein stability; protein folding; equilibrium intermediate; thermal unfolding; phi-analysis,"J MOL BIOL 344, 239-255 (2004) PMID: 15504414","Campos LA, Bueno M, Lopez-Llano J, Jimenez MA, Sancho J.",-0.34,S,111,A,7.0,44.3,38.4,0,0,0,uniprot,UP:P0A3E0,UP:P0A3E0:S111A,1946,val
18772,Apoflavodoxin,P0A3E0,V118A (UniProt),Nostoc sp. (strain ATCC 29151 / PCC 7119) (Anabaena sp.),1FTG,-,Coil,8.46,7.0,44.3,-1.32,-,3,yes,15504414.0,protein stability; protein folding; equilibrium intermediate; thermal unfolding; phi-analysis,"J MOL BIOL 344, 239-255 (2004) PMID: 15504414","Campos LA, Bueno M, Lopez-Llano J, Jimenez MA, Sancho J.",-1.32,V,118,A,7.0,44.3,8.46,0,0,0,uniprot,UP:P0A3E0,UP:P0A3E0:V118A,1947,val
18773,Apoflavodoxin,P0A3E0,T123S (UniProt),Nostoc sp. (strain ATCC 29151 / PCC 7119) (Anabaena sp.),1FTG,-,Turn,24.51,7.0,44.3,0.11,-,3,yes,15504414.0,protein stability; protein folding; equilibrium intermediate; thermal unfolding; phi-analysis,"J MOL BIOL 344, 239-255 (2004) PMID: 15504414","Campos LA, Bueno M, Lopez-Llano J, Jimenez MA, Sancho J.",0.11,T,123,S,7.0,44.3,24.51,0,0,0,uniprot,UP:P0A3E0,UP:P0A3E0:T123S,1948,val
18774,Apoflavodoxin,P0A3E0,V140A (UniProt),Nostoc sp. (strain ATCC 29151 / PCC 7119) (Anabaena sp.),1FTG,-,Turn,0.0,7.0,44.3,-0.29,-,3,yes,15504414.0,protein stability; protein folding; equilibrium intermediate; thermal unfolding; phi-analysis,"J MOL BIOL 344, 239-255 (2004) PMID: 15504414","Campos LA, Bueno M, Lopez-Llano J, Jimenez MA, Sancho J.",-0.29,V,140,A,7.0,44.3,0.0,0,0,0,uniprot,UP:P0A3E0,UP:P0A3E0:V140A,1949,val
18775,Apoflavodoxin,P0A3E0,L144A (UniProt),Nostoc sp. (strain ATCC 29151 / PCC 7119) (Anabaena sp.),1FTG,-,Sheet,0.55,7.0,44.3,-0.11,-,3,yes,15504414.0,protein stability; protein folding; equilibrium intermediate; thermal unfolding; phi-analysis,"J MOL BIOL 344, 239-255 (2004) PMID: 15504414","Campos LA, Bueno M, Lopez-Llano J, Jimenez MA, Sancho J.",-0.11,L,144,A,7.0,44.3,0.55,0,0,0,uniprot,UP:P0A3E0,UP:P0A3E0:L144A,1950,val
18776,Apoflavodoxin,P0A3E0,I157V (UniProt),Nostoc sp. (strain ATCC 29151 / PCC 7119) (Anabaena sp.),1FTG,-,Helix,1.08,7.0,44.3,-1.6,-,3,yes,15504414.0,protein stability; protein folding; equilibrium intermediate; thermal unfolding; phi-analysis,"J MOL BIOL 344, 239-255 (2004) PMID: 15504414","Campos LA, Bueno M, Lopez-Llano J, Jimenez MA, Sancho J.",-1.6,I,157,V,7.0,44.3,1.08,0,0,0,uniprot,UP:P0A3E0,UP:P0A3E0:I157V,1951,val
18777,Apoflavodoxin,P0A3E0,V161A (UniProt),Nostoc sp. (strain ATCC 29151 / PCC 7119) (Anabaena sp.),1FTG,-,Helix,0.0,7.0,44.3,-1.1,-,3,yes,15504414.0,protein stability; protein folding; equilibrium intermediate; thermal unfolding; phi-analysis,"J MOL BIOL 344, 239-255 (2004) PMID: 15504414","Campos LA, Bueno M, Lopez-Llano J, Jimenez MA, Sancho J.",-1.1,V,161,A,7.0,44.3,0.0,0,0,0,uniprot,UP:P0A3E0,UP:P0A3E0:V161A,1952,val
18778,Flavodoxin,P0A3D9,V19I (UniProt),Nostoc sp. (strain PCC 7120 / SAG 25.82 / UTEX 2576),1FLV,-,Helix,0.0,7.0,44.3,0.08,-,3,Yes,16563433.0,protein cavity; protein stability; protein intermediate; protein folding; van der Waals,"J MOL BIOL 358, 701-712 (2006) PMID: 16563433","Bueno M, Cremades N, Neira JL, Sancho J.",0.08,V,19,I,7.0,44.3,0.0,0,0,0,uniprot,UP:P0A3D9,UP:P0A3D9:V19I,1953,train
18779,Flavodoxin,P0A3D9,V19L (UniProt),Nostoc sp. (strain PCC 7120 / SAG 25.82 / UTEX 2576),1FLV,-,Helix,0.0,7.0,44.3,0.04,-,3,Yes,16563433.0,protein cavity; protein stability; protein intermediate; protein folding; van der Waals,"J MOL BIOL 358, 701-712 (2006) PMID: 16563433","Bueno M, Cremades N, Neira JL, Sancho J.",0.04,V,19,L,7.0,44.3,0.0,0,0,0,uniprot,UP:P0A3D9,UP:P0A3D9:V19L,1954,train
18780,Flavodoxin,P0A3D9,V84I (UniProt),Nostoc sp. (strain PCC 7120 / SAG 25.82 / UTEX 2576),1FLV,-,Sheet,0.0,7.0,44.3,0.03,-,3,Yes,16563433.0,protein cavity; protein stability; protein intermediate; protein folding; van der Waals,"J MOL BIOL 358, 701-712 (2006) PMID: 16563433","Bueno M, Cremades N, Neira JL, Sancho J.",0.03,V,84,I,7.0,44.3,0.0,0,0,0,uniprot,UP:P0A3D9,UP:P0A3D9:V84I,1955,train
18781,Flavodoxin,P0A3D9,V19I (UniProt),Nostoc sp. (strain PCC 7120 / SAG 25.82 / UTEX 2576),1FLV,-,Helix,0.0,7.0,44.3,0.44,-,3,Yes,16563433.0,protein cavity; protein stability; protein intermediate; protein folding; van der Waals,"J MOL BIOL 358, 701-712 (2006) PMID: 16563433","Bueno M, Cremades N, Neira JL, Sancho J.",0.44,V,19,I,7.0,44.3,0.0,0,0,0,uniprot,UP:P0A3D9,UP:P0A3D9:V19I,1956,train
18782,Flavodoxin,P0A3D9,V19L (UniProt),Nostoc sp. (strain PCC 7120 / SAG 25.82 / UTEX 2576),1FLV,-,Helix,0.0,7.0,44.3,0.04,-,3,Yes,16563433.0,protein cavity; protein stability; protein intermediate; protein folding; van der Waals,"J MOL BIOL 358, 701-712 (2006) PMID: 16563433","Bueno M, Cremades N, Neira JL, Sancho J.",0.04,V,19,L,7.0,44.3,0.0,0,0,0,uniprot,UP:P0A3D9,UP:P0A3D9:V19L,1957,train
18783,Flavodoxin,P0A3D9,V84I (UniProt),Nostoc sp. (strain PCC 7120 / SAG 25.82 / UTEX 2576),1FLV,-,Sheet,0.0,7.0,44.3,-0.01,-,3,Yes,16563433.0,protein cavity; protein stability; protein intermediate; protein folding; van der Waals,"J MOL BIOL 358, 701-712 (2006) PMID: 16563433","Bueno M, Cremades N, Neira JL, Sancho J.",-0.01,V,84,I,7.0,44.3,0.0,0,0,0,uniprot,UP:P0A3D9,UP:P0A3D9:V84I,1958,train
18784,Flavodoxin,P0A3D9,V19I (UniProt),Nostoc sp. (strain PCC 7120 / SAG 25.82 / UTEX 2576),1FLV,-,Helix,0.0,7.0,44.3,0.52,-,-,Yes,16563433.0,protein cavity; protein stability; protein intermediate; protein folding; van der Waals,"J MOL BIOL 358, 701-712 (2006) PMID: 16563433","Bueno M, Cremades N, Neira JL, Sancho J.",0.52,V,19,I,7.0,44.3,0.0,0,0,0,uniprot,UP:P0A3D9,UP:P0A3D9:V19I,1959,train
18785,Flavodoxin,P0A3D9,V19L (UniProt),Nostoc sp. (strain PCC 7120 / SAG 25.82 / UTEX 2576),1FLV,-,Helix,0.0,7.0,44.3,0.09,-,-,Yes,16563433.0,protein cavity; protein stability; protein intermediate; protein folding; van der Waals,"J MOL BIOL 358, 701-712 (2006) PMID: 16563433","Bueno M, Cremades N, Neira JL, Sancho J.",0.09,V,19,L,7.0,44.3,0.0,0,0,0,uniprot,UP:P0A3D9,UP:P0A3D9:V19L,1960,train
18786,Flavodoxin,P0A3D9,V84I (UniProt),Nostoc sp. (strain PCC 7120 / SAG 25.82 / UTEX 2576),1FLV,-,Sheet,0.0,7.0,44.3,-0.03,-,-,Yes,16563433.0,protein cavity; protein stability; protein intermediate; protein folding; van der Waals,"J MOL BIOL 358, 701-712 (2006) PMID: 16563433","Bueno M, Cremades N, Neira JL, Sancho J.",-0.03,V,84,I,7.0,44.3,0.0,0,0,0,uniprot,UP:P0A3D9,UP:P0A3D9:V84I,1961,train
18787,Flavodoxin,P0A3D9,G88A (UniProt),Nostoc sp. (strain PCC 7120 / SAG 25.82 / UTEX 2576),1FLV,-,Helix,0.0,7.0,44.3,-0.09,-,2,Yes,16563433.0,protein cavity; protein stability; protein intermediate; protein folding; van der Waals,"J MOL BIOL 358, 701-712 (2006) PMID: 16563433","Bueno M, Cremades N, Neira JL, Sancho J.",-0.09,G,88,A,7.0,44.3,0.0,0,0,0,uniprot,UP:P0A3D9,UP:P0A3D9:G88A,1962,train
18788,Flavodoxin,P0A3D9,G88V (UniProt),Nostoc sp. (strain PCC 7120 / SAG 25.82 / UTEX 2576),1FLV,-,Helix,0.0,7.0,44.3,0.12,-,2,Yes,16563433.0,protein cavity; protein stability; protein intermediate; protein folding; van der Waals,"J MOL BIOL 358, 701-712 (2006) PMID: 16563433","Bueno M, Cremades N, Neira JL, Sancho J.",0.12,G,88,V,7.0,44.3,0.0,0,0,0,uniprot,UP:P0A3D9,UP:P0A3D9:G88V,1963,train
18789,Flavodoxin,P0A3D9,G88L (UniProt),Nostoc sp. (strain PCC 7120 / SAG 25.82 / UTEX 2576),1FLV,-,Helix,0.0,7.0,44.3,-0.21,-,2,Yes,16563433.0,protein cavity; protein stability; protein intermediate; protein folding; van der Waals,"J MOL BIOL 358, 701-712 (2006) PMID: 16563433","Bueno M, Cremades N, Neira JL, Sancho J.",-0.21,G,88,L,7.0,44.3,0.0,0,0,0,uniprot,UP:P0A3D9,UP:P0A3D9:G88L,1964,train
18790,Flavodoxin,P0A3D9,A102V (UniProt),Nostoc sp. (strain PCC 7120 / SAG 25.82 / UTEX 2576),1FLV,-,Helix,0.0,7.0,44.3,-0.69,-,2,Yes,16563433.0,protein cavity; protein stability; protein intermediate; protein folding; van der Waals,"J MOL BIOL 358, 701-712 (2006) PMID: 16563433","Bueno M, Cremades N, Neira JL, Sancho J.",-0.69,A,102,V,7.0,44.3,0.0,0,0,0,uniprot,UP:P0A3D9,UP:P0A3D9:A102V,1965,train
18791,Flavodoxin,P0A3D9,A102L (UniProt),Nostoc sp. (strain PCC 7120 / SAG 25.82 / UTEX 2576),1FLV,-,Helix,0.0,7.0,44.3,-0.53,-,2,Yes,16563433.0,protein cavity; protein stability; protein intermediate; protein folding; van der Waals,"J MOL BIOL 358, 701-712 (2006) PMID: 16563433","Bueno M, Cremades N, Neira JL, Sancho J.",-0.53,A,102,L,7.0,44.3,0.0,0,0,0,uniprot,UP:P0A3D9,UP:P0A3D9:A102L,1966,train
18793,Alpha-parvalbumin,P02625,A21P (PDB: A21P),Rattus norvegicus (Rat),1RTP,A21P,Turn,76.23,7.4,44.2,0.95,-,-,Unknown,12974622.0,tertiary interaction; Ca2+ affinity; proline; conformational entropy,"BIOCHEMISTRY 42, 10886-10895 (2003) PMID: 12974622","Agah S, Larson JD, Henzl MT",0.95,A,21,P,7.4,44.2,76.23,0,0,0,pdb,UP:P02625,UP:P02625:A21P,1967,val
18795,Lysozyme,P00720,R96K (PDB: R96K),Enterobacteria phage T4 (Bacteriophage T4),2LZM,R96K,Helix,34.06,3.05,44,-0.5,-,-,Unknown,19384988.0,Bacteriophage T4 lysozyme; electrostatics; strain; temperature-sensitive mutant,"PROTEIN SCI 18, 871-880 (2009) PMID: 19384988","Mooers BH, Baase WA, Wray JW, Matthews BW.",-0.5,R,96,K,3.05,44.0,34.06,0,0,0,pdb,UP:P00720,UP:P00720:R96K,1968,train
18796,Lysozyme,P00720,R96Q (PDB: R96Q),Enterobacteria phage T4 (Bacteriophage T4),2LZM,R96Q,Helix,34.06,3.05,44,-0.7,-,-,Unknown,19384988.0,Bacteriophage T4 lysozyme; electrostatics; strain; temperature-sensitive mutant,"PROTEIN SCI 18, 871-880 (2009) PMID: 19384988","Mooers BH, Baase WA, Wray JW, Matthews BW.",-0.7,R,96,Q,3.05,44.0,34.06,0,0,0,pdb,UP:P00720,UP:P00720:R96Q,1969,train
18797,Lysozyme,P00720,R96A (PDB: R96A),Enterobacteria phage T4 (Bacteriophage T4),2LZM,R96A,Helix,34.06,3.05,44,-2,-,-,Unknown,19384988.0,Bacteriophage T4 lysozyme; electrostatics; strain; temperature-sensitive mutant,"PROTEIN SCI 18, 871-880 (2009) PMID: 19384988","Mooers BH, Baase WA, Wray JW, Matthews BW.",-2.0,R,96,A,3.05,44.0,34.06,0,0,0,pdb,UP:P00720,UP:P00720:R96A,1970,train
18798,Lysozyme,P00720,R96V (PDB: R96V),Enterobacteria phage T4 (Bacteriophage T4),2LZM,R96V,Helix,34.06,3.05,44,-2.5,-,-,Unknown,19384988.0,Bacteriophage T4 lysozyme; electrostatics; strain; temperature-sensitive mutant,"PROTEIN SCI 18, 871-880 (2009) PMID: 19384988","Mooers BH, Baase WA, Wray JW, Matthews BW.",-2.5,R,96,V,3.05,44.0,34.06,0,0,0,pdb,UP:P00720,UP:P00720:R96V,1971,train
18799,Lysozyme,P00720,R96S (PDB: R96S),Enterobacteria phage T4 (Bacteriophage T4),2LZM,R96S,Helix,34.06,3.05,44,-2.8,-,-,Unknown,19384988.0,Bacteriophage T4 lysozyme; electrostatics; strain; temperature-sensitive mutant,"PROTEIN SCI 18, 871-880 (2009) PMID: 19384988","Mooers BH, Baase WA, Wray JW, Matthews BW.",-2.8,R,96,S,3.05,44.0,34.06,0,0,0,pdb,UP:P00720,UP:P00720:R96S,1972,train
18800,Lysozyme,P00720,R96E (PDB: R96E),Enterobacteria phage T4 (Bacteriophage T4),2LZM,R96E,Helix,34.06,3.05,44,-1.9,-,-,Unknown,19384988.0,Bacteriophage T4 lysozyme; electrostatics; strain; temperature-sensitive mutant,"PROTEIN SCI 18, 871-880 (2009) PMID: 19384988","Mooers BH, Baase WA, Wray JW, Matthews BW.",-1.9,R,96,E,3.05,44.0,34.06,0,0,0,pdb,UP:P00720,UP:P00720:R96E,1973,train
18801,Lysozyme,P00720,R96G (PDB: R96G),Enterobacteria phage T4 (Bacteriophage T4),2LZM,R96G,Helix,34.06,3.05,44,-3.2,-,-,Unknown,19384988.0,Bacteriophage T4 lysozyme; electrostatics; strain; temperature-sensitive mutant,"PROTEIN SCI 18, 871-880 (2009) PMID: 19384988","Mooers BH, Baase WA, Wray JW, Matthews BW.",-3.2,R,96,G,3.05,44.0,34.06,0,0,0,pdb,UP:P00720,UP:P00720:R96G,1974,train
18802,Lysozyme,P00720,R96M (PDB: R96M),Enterobacteria phage T4 (Bacteriophage T4),2LZM,R96M,Helix,34.06,3.05,44,-2.5,-,-,Unknown,19384988.0,Bacteriophage T4 lysozyme; electrostatics; strain; temperature-sensitive mutant,"PROTEIN SCI 18, 871-880 (2009) PMID: 19384988","Mooers BH, Baase WA, Wray JW, Matthews BW.",-2.5,R,96,M,3.05,44.0,34.06,0,0,0,pdb,UP:P00720,UP:P00720:R96M,1975,train
18803,Lysozyme,P00720,R96T (PDB: R96T),Enterobacteria phage T4 (Bacteriophage T4),2LZM,R96T,Helix,34.06,3.05,44,-3.1,-,-,Unknown,19384988.0,Bacteriophage T4 lysozyme; electrostatics; strain; temperature-sensitive mutant,"PROTEIN SCI 18, 871-880 (2009) PMID: 19384988","Mooers BH, Baase WA, Wray JW, Matthews BW.",-3.1,R,96,T,3.05,44.0,34.06,0,0,0,pdb,UP:P00720,UP:P00720:R96T,1976,train
18804,Lysozyme,P00720,R96C (PDB: R96C),Enterobacteria phage T4 (Bacteriophage T4),2LZM,R96C,Helix,34.06,3.05,44,-2.9,-,-,Unknown,19384988.0,Bacteriophage T4 lysozyme; electrostatics; strain; temperature-sensitive mutant,"PROTEIN SCI 18, 871-880 (2009) PMID: 19384988","Mooers BH, Baase WA, Wray JW, Matthews BW.",-2.9,R,96,C,3.05,44.0,34.06,0,0,0,pdb,UP:P00720,UP:P00720:R96C,1977,train
18805,Lysozyme,P00720,R96I (PDB: R96I),Enterobacteria phage T4 (Bacteriophage T4),2LZM,R96I,Helix,34.06,3.05,44,-2.8,-,-,Unknown,19384988.0,Bacteriophage T4 lysozyme; electrostatics; strain; temperature-sensitive mutant,"PROTEIN SCI 18, 871-880 (2009) PMID: 19384988","Mooers BH, Baase WA, Wray JW, Matthews BW.",-2.8,R,96,I,3.05,44.0,34.06,0,0,0,pdb,UP:P00720,UP:P00720:R96I,1978,train
18806,Lysozyme,P00720,R96N (PDB: R96N),Enterobacteria phage T4 (Bacteriophage T4),2LZM,R96N,Helix,34.06,3.05,44,-3.3,-,-,Unknown,19384988.0,Bacteriophage T4 lysozyme; electrostatics; strain; temperature-sensitive mutant,"PROTEIN SCI 18, 871-880 (2009) PMID: 19384988","Mooers BH, Baase WA, Wray JW, Matthews BW.",-3.3,R,96,N,3.05,44.0,34.06,0,0,0,pdb,UP:P00720,UP:P00720:R96N,1979,train
18807,Lysozyme,P00720,R96H (PDB: R96H),Enterobacteria phage T4 (Bacteriophage T4),2LZM,R96H,Helix,34.06,3.05,44,-3.8,-,-,Unknown,19384988.0,Bacteriophage T4 lysozyme; electrostatics; strain; temperature-sensitive mutant,"PROTEIN SCI 18, 871-880 (2009) PMID: 19384988","Mooers BH, Baase WA, Wray JW, Matthews BW.",-3.8,R,96,H,3.05,44.0,34.06,0,0,0,pdb,UP:P00720,UP:P00720:R96H,1980,train
18808,Lysozyme,P00720,R96L (PDB: R96L),Enterobacteria phage T4 (Bacteriophage T4),2LZM,R96L,Helix,34.06,3.05,44,-3.2,-,-,Unknown,19384988.0,Bacteriophage T4 lysozyme; electrostatics; strain; temperature-sensitive mutant,"PROTEIN SCI 18, 871-880 (2009) PMID: 19384988","Mooers BH, Baase WA, Wray JW, Matthews BW.",-3.2,R,96,L,3.05,44.0,34.06,0,0,0,pdb,UP:P00720,UP:P00720:R96L,1981,train
18809,Lysozyme,P00720,R96D (PDB: R96D),Enterobacteria phage T4 (Bacteriophage T4),2LZM,R96D,Helix,34.06,3.05,44,-2.3,-,-,Unknown,19384988.0,Bacteriophage T4 lysozyme; electrostatics; strain; temperature-sensitive mutant,"PROTEIN SCI 18, 871-880 (2009) PMID: 19384988","Mooers BH, Baase WA, Wray JW, Matthews BW.",-2.3,R,96,D,3.05,44.0,34.06,0,0,0,pdb,UP:P00720,UP:P00720:R96D,1982,train
18810,Lysozyme,P00720,R96F (PDB: R96F),Enterobacteria phage T4 (Bacteriophage T4),2LZM,R96F,Helix,34.06,3.05,44,-4.2,-,-,Unknown,19384988.0,Bacteriophage T4 lysozyme; electrostatics; strain; temperature-sensitive mutant,"PROTEIN SCI 18, 871-880 (2009) PMID: 19384988","Mooers BH, Baase WA, Wray JW, Matthews BW.",-4.2,R,96,F,3.05,44.0,34.06,0,0,0,pdb,UP:P00720,UP:P00720:R96F,1983,train
18811,Lysozyme,P00720,R96W (PDB: R96W),Enterobacteria phage T4 (Bacteriophage T4),2LZM,R96W,Helix,34.06,3.05,44,-4.2,-,-,Unknown,19384988.0,Bacteriophage T4 lysozyme; electrostatics; strain; temperature-sensitive mutant,"PROTEIN SCI 18, 871-880 (2009) PMID: 19384988","Mooers BH, Baase WA, Wray JW, Matthews BW.",-4.2,R,96,W,3.05,44.0,34.06,0,0,0,pdb,UP:P00720,UP:P00720:R96W,1984,train
18812,Lysozyme,P00720,R96Y (PDB: R96Y),Enterobacteria phage T4 (Bacteriophage T4),2LZM,R96Y,Helix,34.06,3.05,44,-4.5,-,-,Unknown,19384988.0,Bacteriophage T4 lysozyme; electrostatics; strain; temperature-sensitive mutant,"PROTEIN SCI 18, 871-880 (2009) PMID: 19384988","Mooers BH, Baase WA, Wray JW, Matthews BW.",-4.5,R,96,Y,3.05,44.0,34.06,0,0,0,pdb,UP:P00720,UP:P00720:R96Y,1985,train
18813,Lysozyme,P00720,R96P (PDB: R96P),Enterobacteria phage T4 (Bacteriophage T4),2LZM,R96P,Helix,34.06,3.05,44,-6,-,-,Unknown,19384988.0,Bacteriophage T4 lysozyme; electrostatics; strain; temperature-sensitive mutant,"PROTEIN SCI 18, 871-880 (2009) PMID: 19384988","Mooers BH, Baase WA, Wray JW, Matthews BW.",-6.0,R,96,P,3.05,44.0,34.06,0,0,0,pdb,UP:P00720,UP:P00720:R96P,1986,train
18814,Lysozyme,P00720,K85A (PDB: K85A),Enterobacteria phage T4 (Bacteriophage T4),2LZM,K85A,Helix,39.38,3.05,44,0.1,-,-,Unknown,19384988.0,Bacteriophage T4 lysozyme; electrostatics; strain; temperature-sensitive mutant,"PROTEIN SCI 18, 871-880 (2009) PMID: 19384988","Mooers BH, Baase WA, Wray JW, Matthews BW.",0.1,K,85,A,3.05,44.0,39.38,0,0,0,pdb,UP:P00720,UP:P00720:K85A,1987,train
18815,Lysozyme,P00720,D89A (PDB: D89A),Enterobacteria phage T4 (Bacteriophage T4),2LZM,D89A,Helix,53.44,3.05,44,-0.7,-,-,Unknown,19384988.0,Bacteriophage T4 lysozyme; electrostatics; strain; temperature-sensitive mutant,"PROTEIN SCI 18, 871-880 (2009) PMID: 19384988","Mooers BH, Baase WA, Wray JW, Matthews BW.",-0.7,D,89,A,3.05,44.0,53.44,0,0,0,pdb,UP:P00720,UP:P00720:D89A,1988,train
18818,Apoflavodoxin,P0A3E0,V19I (UniProt),Nostoc sp. (strain PCC 7120 / SAG 25.82 / UTEX 2576),1FTG,-,Helix,2.6,7.0,43.4,0.19,-,-,Yes,16364364.0,molten globule; protein fragment; equilibrium phi analysis; protein stability; protein folding,"J MOL BIOL 356, 354-366 (2006) PMID: 16364364","Lopez-Llano J, Campos LA, Bueno M, Sancho J.",0.19,V,19,I,7.0,43.4,2.6,0,0,0,uniprot,UP:P0A3E0,UP:P0A3E0:V19I,1989,val
18819,Apoflavodoxin,P0A3E0,E21K (UniProt),Nostoc sp. (strain PCC 7120 / SAG 25.82 / UTEX 2576),1FTG,-,Sheet,46.94,7.0,43.4,0.27,-,-,Yes,16364364.0,molten globule; protein fragment; equilibrium phi analysis; protein stability; protein folding,"J MOL BIOL 356, 354-366 (2006) PMID: 16364364","Lopez-Llano J, Campos LA, Bueno M, Sancho J.",0.27,E,21,K,7.0,43.4,46.94,0,0,0,uniprot,UP:P0A3E0,UP:P0A3E0:E21K,1990,val
18820,Apoflavodoxin,P0A3E0,I22A (UniProt),Nostoc sp. (strain PCC 7120 / SAG 25.82 / UTEX 2576),1FTG,-,Helix,0.0,7.0,43.4,-0.02,-,-,Yes,16364364.0,molten globule; protein fragment; equilibrium phi analysis; protein stability; protein folding,"J MOL BIOL 356, 354-366 (2006) PMID: 16364364","Lopez-Llano J, Campos LA, Bueno M, Sancho J.",-0.02,I,22,A,7.0,43.4,0.0,0,0,0,uniprot,UP:P0A3E0,UP:P0A3E0:I22A,1991,val
18821,Apoflavodoxin,P0A3E0,I22G (UniProt),Nostoc sp. (strain PCC 7120 / SAG 25.82 / UTEX 2576),1FTG,-,Helix,0.0,7.0,43.4,0.17,-,-,Yes,16364364.0,molten globule; protein fragment; equilibrium phi analysis; protein stability; protein folding,"J MOL BIOL 356, 354-366 (2006) PMID: 16364364","Lopez-Llano J, Campos LA, Bueno M, Sancho J.",0.17,I,22,G,7.0,43.4,0.0,0,0,0,uniprot,UP:P0A3E0,UP:P0A3E0:I22G,1992,val
18822,Apoflavodoxin,P0A3E0,E41K (UniProt),Nostoc sp. (strain PCC 7120 / SAG 25.82 / UTEX 2576),1FTG,-,Sheet,72.12,7.0,43.4,0.17,-,-,Yes,16364364.0,molten globule; protein fragment; equilibrium phi analysis; protein stability; protein folding,"J MOL BIOL 356, 354-366 (2006) PMID: 16364364","Lopez-Llano J, Campos LA, Bueno M, Sancho J.",0.17,E,41,K,7.0,43.4,72.12,0,0,0,uniprot,UP:P0A3E0,UP:P0A3E0:E41K,1993,val
18823,Apoflavodoxin,P0A3E0,L51A (UniProt),Nostoc sp. (strain PCC 7120 / SAG 25.82 / UTEX 2576),1FTG,-,Sheet,0.0,7.0,43.4,0.02,-,-,Yes,16364364.0,molten globule; protein fragment; equilibrium phi analysis; protein stability; protein folding,"J MOL BIOL 356, 354-366 (2006) PMID: 16364364","Lopez-Llano J, Campos LA, Bueno M, Sancho J",0.02,L,51,A,7.0,43.4,0.0,0,0,0,uniprot,UP:P0A3E0,UP:P0A3E0:L51A,1994,val
18824,Apoflavodoxin,P0A3E0,G69A (UniProt),Nostoc sp. (strain PCC 7120 / SAG 25.82 / UTEX 2576),1FTG,-,Helix,55.91,7.0,43.4,0.38,-,-,Yes,16364364.0,molten globule; protein fragment; equilibrium phi analysis; protein stability; protein folding,"J MOL BIOL 356, 354-366 (2006) PMID: 16364364","Lopez-Llano J, Campos LA, Bueno M, Sancho J.",0.38,G,69,A,7.0,43.4,55.91,0,0,0,uniprot,UP:P0A3E0,UP:P0A3E0:G69A,1995,val
18825,Apoflavodoxin,P0A3E0,E73K (UniProt),Nostoc sp. (strain PCC 7120 / SAG 25.82 / UTEX 2576),1FTG,-,Sheet,49.8,7.0,43.4,0.33,-,-,Yes,16364364.0,molten globule; protein fragment; equilibrium phi analysis; protein stability; protein folding,"J MOL BIOL 356, 354-366 (2006) PMID: 16364364","Lopez-Llano J, Campos LA, Bueno M, Sancho J.",0.33,E,73,K,7.0,43.4,49.8,0,0,0,uniprot,UP:P0A3E0,UP:P0A3E0:E73K,1996,val
18826,Apoflavodoxin,P0A3E0,D76K (PDB: D76K),Nostoc sp. (strain PCC 7120 / SAG 25.82 / UTEX 2576),1FTG,D76K,Helix,83.97,7.0,43.4,0.4,-,-,Yes,16364364.0,molten globule; protein fragment; equilibrium phi analysis; protein stability; protein folding,"J MOL BIOL 356, 354-366 (2006) PMID: 16364364","Lopez-Llano J, Campos LA, Bueno M, Sancho J.",0.4,D,76,K,7.0,43.4,83.97,0,0,0,pdb,UP:P0A3E0,UP:P0A3E0:D76K,1997,val
18827,Apoflavodoxin,P0A3E0,V84I (UniProt),Nostoc sp. (strain PCC 7120 / SAG 25.82 / UTEX 2576),1FTG,-,Sheet,0.0,7.0,43.4,0.05,-,-,Yes,16364364.0,molten globule; protein fragment; equilibrium phi analysis; protein stability; protein folding,"J MOL BIOL 356, 354-366 (2006) PMID: 16364364","Lopez-Llano J, Campos LA, Bueno M, Sancho J.",0.05,V,84,I,7.0,43.4,0.0,0,0,0,uniprot,UP:P0A3E0,UP:P0A3E0:V84I,1998,val
18828,Apoflavodoxin,P0A3E0,Q100A (UniProt),Nostoc sp. (strain PCC 7120 / SAG 25.82 / UTEX 2576),1FTG,-,Turn,0.0,7.0,43.4,0.43,-,-,Yes,16364364.0,molten globule; protein fragment; equilibrium phi analysis; protein stability; protein folding,"J MOL BIOL 356, 354-366 (2006) PMID: 16364364","Lopez-Llano J, Campos LA, Bueno M, Sancho J.",0.43,Q,100,A,7.0,43.4,0.0,0,0,0,uniprot,UP:P0A3E0,UP:P0A3E0:Q100A,1999,val
18829,Apoflavodoxin,P0A3E0,A102V (UniProt),Nostoc sp. (strain PCC 7120 / SAG 25.82 / UTEX 2576),1FTG,-,Helix,2.72,7.0,43.4,0.16,-,-,Yes,16364364.0,molten globule; protein fragment; equilibrium phi analysis; protein stability; protein folding,"J MOL BIOL 356, 354-366 (2006) PMID: 16364364","Lopez-Llano J, Campos LA, Bueno M, Sancho J.",0.16,A,102,V,7.0,43.4,2.72,0,0,0,uniprot,UP:P0A3E0,UP:P0A3E0:A102V,2000,val
18830,Apoflavodoxin,P0A3E0,E108A (UniProt),Nostoc sp. (strain PCC 7120 / SAG 25.82 / UTEX 2576),1FTG,-,Sheet,69.83,7.0,43.4,0.15,-,-,Yes,16364364.0,molten globule; protein fragment; equilibrium phi analysis; protein stability; protein folding,"J MOL BIOL 356, 354-366 (2006) PMID: 16364364","Lopez-Llano J, Campos LA, Bueno M, Sancho J.",0.15,E,108,A,7.0,43.4,69.83,0,0,0,uniprot,UP:P0A3E0,UP:P0A3E0:E108A,2001,val
18831,Apoflavodoxin,P0A3E0,Q112G (UniProt),Nostoc sp. (strain PCC 7120 / SAG 25.82 / UTEX 2576),1FTG,-,Helix,67.75,7.0,43.4,0.22,-,-,Yes,16364364.0,molten globule; protein fragment; equilibrium phi analysis; protein stability; protein folding,"J MOL BIOL 356, 354-366 (2006) PMID: 16364364","Lopez-Llano J, Campos LA, Bueno M, Sancho J.",0.22,Q,112,G,7.0,43.4,67.75,0,0,0,uniprot,UP:P0A3E0,UP:P0A3E0:Q112G,2002,val
18833,Chitosanase,P33665,W141F (PDB: W101F),Streptomyces sp. (strain N174),1CHK,W101F,Helix,0.0,7.0,43.2,-4.27,-,-,yes(77%),9989221.0,chitosanase; tryptophan residue; site-directed mutagenesis;,"BIOCHIM BIOPHYS ACTA 1429, 365-376 (1999); doi:10.1016/S0167-4838(98)00243-X","Honda Y, Fukamizo T, Okajima T, Goto S, Boucher I, Brzezinski R",-4.27,W,141,F,7.0,43.2,0.0,0,0,0,pdb,UP:P33665,UP:P33665:W141F,2003,val
18834,Chitosanase,P33665,W68F (PDB: W28F),Streptomyces sp. (strain N174),1CHK,W28F,Helix,11.23,7.0,43.2,-4.43,-,-,yes(75%),9989221.0,chitosanase; tryptophan residue; site-directed mutagenesis;,"BIOCHIM BIOPHYS ACTA 1429, 365-376 (1999); doi:10.1016/S0167-4838(98)00243-X PMID: 9989221","Honda Y, Fukamizo T, Okajima T, Goto S, Boucher I, Brzezinski R",-4.43,W,68,F,7.0,43.2,11.23,0,0,0,pdb,UP:P33665,UP:P33665:W68F,2004,val
18835,Chitosanase,P33665,W267F (PDB: W227F),Streptomyces sp. (strain N174),1CHK,W227F,Sheet,0.0,7.0,43.2,-2.51,-,-,yes(81%),9989221.0,chitosanase; tryptophan residue; site-directed mutagenesis;,"BIOCHIM BIOPHYS ACTA 1429, 365-376 (1999); doi:10.1016/S0167-4838(98)00243-X PMID: 9989221","Honda Y, Fukamizo T, Okajima T, Goto S, Boucher I, Brzezinski R",-2.51,W,267,F,7.0,43.2,0.0,0,0,0,pdb,UP:P33665,UP:P33665:W267F,2005,val
18837,Chitosanase,P33665,W68F (PDB: W28F),Streptomyces sp. (strain N174),1CHK,W28F,Helix,11.23,7.0,42.7,-3.56,-,3,yes(77%),9989221.0,chitosanase; tryptophan residue; site-directed mutagenesis;,"BIOCHIM BIOPHYS ACTA 1429, 365-376 (1999); doi:10.1016/S0167-4838(98)00243-X PMID: 9989221","Honda Y, Fukamizo T, Okajima T, Goto S, Boucher I, Brzezinski R",-3.56,W,68,F,7.0,42.7,11.23,0,0,0,pdb,UP:P33665,UP:P33665:W68F,2006,val
18838,Chitosanase,P33665,W141F (PDB: W101F),Streptomyces sp. (strain N174),1CHK,W101F,Helix,0.0,7.0,42.7,-3.91,-,3,yes(79%),9989221.0,chitosanase; tryptophan residue; site-directed mutagenesis;,"BIOCHIM BIOPHYS ACTA 1429, 365-376 (1999); doi:10.1016/S0167-4838(98)00243-X PMID: 9989221","Honda Y, Fukamizo T, Okajima T, Goto S, Boucher I, Brzezinski R",-3.91,W,141,F,7.0,42.7,0.0,0,0,0,pdb,UP:P33665,UP:P33665:W141F,2007,val
18839,Chitosanase,P33665,W267F (PDB: W227F),Streptomyces sp. (strain N174),1CHK,W227F,Sheet,0.0,7.0,42.7,-2.97,-,3,yes(79%),9989221.0,chitosanase; tryptophan residue; site-directed mutagenesis;,"BIOCHIM BIOPHYS ACTA 1429, 365-376 (1999); doi:10.1016/S0167-4838(98)00243-X PMID: 9989221","Honda Y, Fukamizo T, Okajima T, Goto S, Boucher I, Brzezinski R",-2.97,W,267,F,7.0,42.7,0.0,0,0,0,pdb,UP:P33665,UP:P33665:W267F,2008,val
18841,Lysozyme,P00720,Q105A (PDB: Q105A),Enterobacteria phage T4 (Bacteriophage T4),2LZM,Q105A,Helix,33.03,2.1,42,-0.9,-,-,yes,8460110.0,tryptophan; fluorescence; phosphorescence,"PROTEINS 15, 401-412 (1993) PMID: 8460110","Pjura P., McIntosh L.P., Wozniak J.A. & Matthews B.W.",-0.9,Q,105,A,2.1,42.0,33.03,0,0,0,pdb,UP:P00720,UP:P00720:Q105A,2009,train
18842,Lysozyme,P00720,Q105E (PDB: Q105E),Enterobacteria phage T4 (Bacteriophage T4),2LZM,Q105E,Helix,33.03,2.1,42,-0.5,-,-,yes,8460110.0,tryptophan; fluorescence; phosphorescence,"PROTEINS 15, 401-412 (1993) PMID: 8460110","Pjura P., McIntosh L.P., Wozniak J.A. & Matthews B.W.",-0.5,Q,105,E,2.1,42.0,33.03,0,0,0,pdb,UP:P00720,UP:P00720:Q105E,2010,train
18843,Lysozyme,P00720,Q105G (PDB: Q105G),Enterobacteria phage T4 (Bacteriophage T4),2LZM,Q105G,Helix,33.03,2.1,42,-1.7,-,-,yes,8460110.0,tryptophan; fluorescence; phosphorescence,"PROTEINS 15, 401-412 (1993) PMID: 8460110","Pjura P., McIntosh L.P., Wozniak J.A. & Matthews B.W.",-1.7,Q,105,G,2.1,42.0,33.03,0,0,0,pdb,UP:P00720,UP:P00720:Q105G,2011,train
18844,Lysozyme,P00720,T157N (PDB: T157N),Enterobacteria phage T4 (Bacteriophage T4),2LZM,T157N,Turn,35.33,2.0,42,-0.45,-,-,yes,3118211.0,T4 lysozyme; activity; thermal stability; structure,"NATURE 330, 41-46 (1987) PMID: 3118211","Alber T., Dao-Pin S., Wilson K., Wozniak J.A., Cook S.P.",-0.45,T,157,N,2.0,42.0,35.33,0,0,0,pdb,UP:P00720,UP:P00720:T157N,2012,train
18845,Lysozyme,P00720,T157S (PDB: T157S),Enterobacteria phage T4 (Bacteriophage T4),2LZM,T157S,Turn,35.33,2.0,42,-0.66,-,-,yes,3118211.0,T4 lysozyme; activity; thermal stability; structure,"NATURE 330, 41-46 (1987) PMID: 3118211","Alber T., Dao-Pin S., Wilson K., Wozniak J.A., Cook S.P.",-0.66,T,157,S,2.0,42.0,35.33,0,0,0,pdb,UP:P00720,UP:P00720:T157S,2013,train
18846,Lysozyme,P00720,T157D (PDB: T157D),Enterobacteria phage T4 (Bacteriophage T4),2LZM,T157D,Turn,35.33,2.0,42,-1.1,-,-,yes,3118211.0,T4 lysozyme; activity; thermal stability; structure,"NATURE 330, 41-46 (1987) PMID: 3118211","Alber T., Dao-Pin S., Wilson K., Wozniak J.A., Cook S.P.",-1.1,T,157,D,2.0,42.0,35.33,0,0,0,pdb,UP:P00720,UP:P00720:T157D,2014,train
18847,Lysozyme,P00720,T157G (PDB: T157G),Enterobacteria phage T4 (Bacteriophage T4),2LZM,T157G,Turn,35.33,2.0,42,-1.1,-,-,yes,3118211.0,T4 lysozyme; activity; thermal stability; structure,"NATURE 330, 41-46 (1987) PMID: 3118211","Alber T., Dao-Pin S., Wilson K., Wozniak J.A., Cook S.P.",-1.1,T,157,G,2.0,42.0,35.33,0,0,0,pdb,UP:P00720,UP:P00720:T157G,2015,train
18848,Lysozyme,P00720,T157C (PDB: T157C),Enterobacteria phage T4 (Bacteriophage T4),2LZM,T157C,Turn,35.33,2.0,42,-1.3,-,-,yes,3118211.0,T4 lysozyme; activity; thermal stability; structure,"NATURE 330, 41-46 (1987) PMID: 3118211","Alber T., Dao-Pin S., Wilson K., Wozniak J.A., Cook S.P.",-1.3,T,157,C,2.0,42.0,35.33,0,0,0,pdb,UP:P00720,UP:P00720:T157C,2016,train
18849,Lysozyme,P00720,T157L (PDB: T157L),Enterobacteria phage T4 (Bacteriophage T4),2LZM,T157L,Turn,35.33,2.0,42,-1.3,-,-,yes,3118211.0,T4 lysozyme; activity; thermal stability; structure,"NATURE 330, 41-46 (1987) PMID: 3118211","Alber T., Dao-Pin S., Wilson K., Wozniak J.A., Cook S.P.",-1.3,T,157,L,2.0,42.0,35.33,0,0,0,pdb,UP:P00720,UP:P00720:T157L,2017,train
18850,Lysozyme,P00720,T157R (PDB: T157R),Enterobacteria phage T4 (Bacteriophage T4),2LZM,T157R,Turn,35.33,2.0,42,-1.3,-,-,yes,3118211.0,T4 lysozyme; activity; thermal stability; structure,"NATURE 330, 41-46 (1987) PMID: 3118211","Alber T., Dao-Pin S., Wilson K., Wozniak J.A., Cook S.P.",-1.3,T,157,R,2.0,42.0,35.33,0,0,0,pdb,UP:P00720,UP:P00720:T157R,2018,train
18851,Lysozyme,P00720,T157A (PDB: T157A),Enterobacteria phage T4 (Bacteriophage T4),2LZM,T157A,Turn,35.33,2.0,42,-1.4,-,-,yes,3118211.0,T4 lysozyme; activity; thermal stability; structure,"NATURE 330, 41-46 (1987) PMID: 3118211","Alber T., Dao-Pin S., Wilson K., Wozniak J.A., Cook S.P.",-1.4,T,157,A,2.0,42.0,35.33,0,0,0,pdb,UP:P00720,UP:P00720:T157A,2019,train
18852,Lysozyme,P00720,T157E (PDB: T157E),Enterobacteria phage T4 (Bacteriophage T4),2LZM,T157E,Turn,35.33,2.0,42,-1.5,-,-,yes,3118211.0,T4 lysozyme; activity; thermal stability; structure,"NATURE 330, 41-46 (1987) PMID: 3118211","Alber T., Dao-Pin S., Wilson K., Wozniak J.A., Cook S.P.",-1.5,T,157,E,2.0,42.0,35.33,0,0,0,pdb,UP:P00720,UP:P00720:T157E,2020,train
18853,Lysozyme,P00720,T157V (PDB: T157V),Enterobacteria phage T4 (Bacteriophage T4),2LZM,T157V,Turn,35.33,2.0,42,-1.6,-,-,yes,3118211.0,T4 lysozyme; activity; thermal stability; structure,"NATURE 330, 41-46 (1987) PMID: 3118211","Alber T., Dao-Pin S., Wilson K., Wozniak J.A., Cook S.P.",-1.6,T,157,V,2.0,42.0,35.33,0,0,0,pdb,UP:P00720,UP:P00720:T157V,2021,train
18854,Lysozyme,P00720,T157H (PDB: T157H),Enterobacteria phage T4 (Bacteriophage T4),2LZM,T157H,Turn,35.33,2.0,42,-2.1,-,-,yes,3118211.0,T4 lysozyme; activity; thermal stability; structure,"NATURE 330, 41-46 (1987) PMID: 3118211","Alber T., Dao-Pin S., Wilson K., Wozniak J.A., Cook S.P.",-2.1,T,157,H,2.0,42.0,35.33,0,0,0,pdb,UP:P00720,UP:P00720:T157H,2022,train
18855,Lysozyme,P00720,T157F (PDB: T157F),Enterobacteria phage T4 (Bacteriophage T4),2LZM,T157F,Turn,35.33,2.0,42,-2.4,-,-,yes,3118211.0,T4 lysozyme; activity; thermal stability; structure,"NATURE 330, 41-46 (1987) PMID: 3118211","Alber T., Dao-Pin S., Wilson K., Wozniak J.A., Cook S.P.",-2.4,T,157,F,2.0,42.0,35.33,0,0,0,pdb,UP:P00720,UP:P00720:T157F,2023,train
18856,Lysozyme,P00720,T157I (PDB: T157I),Enterobacteria phage T4 (Bacteriophage T4),2LZM,T157I,Turn,35.33,2.0,42,-2.9,-,-,yes,3118211.0,T4 lysozyme; activity; thermal stability; structure,"NATURE 330, 41-46 (1987) PMID: 3118211","Alber T., Dao-Pin S., Wilson K., Wozniak J.A., Cook S.P.",-2.9,T,157,I,2.0,42.0,35.33,0,0,0,pdb,UP:P00720,UP:P00720:T157I,2024,train
18861,Lysozyme,P00720,G77A (PDB: G77A),Enterobacteria phage T4 (Bacteriophage T4),2LZM,G77A,Helix,3.81,2.0,41.9,-0.4,-,-,yes,3477797.0,lysozyme; protein structure; protein design; proline;,"PROC NATL ACAD SCI U S A 84, 6663-6667 (1987) PMID: 3477797","Matthews B.W., Nicholson H. & Becktel W.J.",-0.4,G,77,A,2.0,41.9,3.81,0,0,0,pdb,UP:P00720,UP:P00720:G77A,2025,train
18862,Lysozyme,P00720,A82P (PDB: A82P),Enterobacteria phage T4 (Bacteriophage T4),2LZM,A82P,Helix,78.95,2.0,41.9,0.3,-,-,yes,3477797.0,lysozyme; protein structure; protein design; proline;,"PROC NATL ACAD SCI U S A 84, 6663-6667 (1987) PMID: 3477797","Matthews B.W., Nicholson H. & Becktel W.J.",0.3,A,82,P,2.0,41.9,78.95,0,0,0,pdb,UP:P00720,UP:P00720:A82P,2026,train
18863,Lysozyme,P00720,N55G (PDB: N55G),Enterobacteria phage T4 (Bacteriophage T4),2LZM,N55G,Turn,83.33,2.0,41.9,-0.5,-,-,yes,2511328.0,T4 lysozyme; thermodynamic stability; conformational energy;,"J MOL BIOL 210, 181-193 (1989) PMID: 2511328","Nicholson H, Soderlind E, Tronrud DE, Matthews B",-0.5,N,55,G,2.0,41.9,83.33,0,0,0,pdb,UP:P00720,UP:P00720:N55G,2027,train
18864,Lysozyme,P00720,K124G (PDB: K124G),Enterobacteria phage T4 (Bacteriophage T4),2LZM,K124G,Coil,46.67,2.0,41.9,0,-,-,yes,2511328.0,T4 lysozyme; thermodynamic stability; conformational energy;,"J MOL BIOL 210, 181-193 (1989) PMID: 2511328","Nicholson H, Soderlind E, Tronrud DE, Matthews B",0.0,K,124,G,2.0,41.9,46.67,0,0,0,pdb,UP:P00720,UP:P00720:K124G,2028,train
18865,Lysozyme,P00720,I3Y (PDB: I3Y),Enterobacteria phage T4 (Bacteriophage T4),2LZM,I3Y,Helix,10.81,2.0,41.9,-2.7,-,-,yes,3405287.0,bacteriophage T4; hydrophobicity; protein folding;,"NATURE 334, 406-410 (1988) PMID: 3405287","Matsumura M., Becktel W.J. & Matthews B.W.",-2.7,I,3,Y,2.0,41.9,10.81,0,0,0,pdb,UP:P00720,UP:P00720:I3Y,2029,train
18866,Lysozyme,P00720,I3F (PDB: I3F),Enterobacteria phage T4 (Bacteriophage T4),2LZM,I3F,Helix,10.81,2.0,41.9,-1,-,-,yes,3405287.0,bacteriophage T4; hydrophobicity; protein folding;,"NATURE 334, 406-410 (1988) PMID: 3405287","Matsumura M., Becktel W.J. & Matthews B.W.",-1.0,I,3,F,2.0,41.9,10.81,0,0,0,pdb,UP:P00720,UP:P00720:I3F,2030,train
18867,Lysozyme,P00720,I3L (PDB: I3L),Enterobacteria phage T4 (Bacteriophage T4),2LZM,I3L,Helix,10.81,2.0,41.9,0.9,-,-,yes,3405287.0,bacteriophage T4; hydrophobicity; protein folding;,"NATURE 334, 406-410 (1988) PMID: 3405287","Matsumura M., Becktel W.J. & Matthews B.W.",0.9,I,3,L,2.0,41.9,10.81,0,0,0,pdb,UP:P00720,UP:P00720:I3L,2031,train
18868,Lysozyme,P00720,I3V (PDB: I3V),Enterobacteria phage T4 (Bacteriophage T4),2LZM,I3V,Helix,10.81,2.0,41.9,-0.6,-,-,yes,3405287.0,bacteriophage T4; hydrophobicity; protein folding;,"NATURE 334, 406-410 (1988) PMID: 3405287","Matsumura M., Becktel W.J. & Matthews B.W.",-0.6,I,3,V,2.0,41.9,10.81,0,0,0,pdb,UP:P00720,UP:P00720:I3V,2032,train
18869,Lysozyme,P00720,I3M (PDB: I3M),Enterobacteria phage T4 (Bacteriophage T4),2LZM,I3M,Helix,10.81,2.0,41.9,-0.3,-,-,yes,3405287.0,bacteriophage T4; hydrophobicity; protein folding;,"NATURE 334, 406-410 (1988) PMID: 3405287","Matsumura M., Becktel W.J. & Matthews B.W.",-0.3,I,3,M,2.0,41.9,10.81,0,0,0,pdb,UP:P00720,UP:P00720:I3M,2033,train
18870,Lysozyme,P00720,I3C (PDB: I3C),Enterobacteria phage T4 (Bacteriophage T4),2LZM,I3C,Helix,10.81,2.0,41.9,-0.4,-,-,yes,3405287.0,bacteriophage T4; hydrophobicity; protein folding;,"NATURE 334, 406-410 (1988) PMID: 3405287","Matsumura M., Becktel W.J. & Matthews B.W.",-0.4,I,3,C,2.0,41.9,10.81,0,0,0,pdb,UP:P00720,UP:P00720:I3C,2034,train
18871,Lysozyme,P00720,I3C (PDB: I3C),Enterobacteria phage T4 (Bacteriophage T4),2LZM,I3C,Helix,10.81,2.0,41.9,1,-,-,yes,3405287.0,bacteriophage T4; hydrophobicity; protein folding;,"NATURE 334, 406-410 (1988) PMID: 3405287","Matsumura M., Becktel W.J. & Matthews B.W.",1.0,I,3,C,2.0,41.9,10.81,0,0,0,pdb,UP:P00720,UP:P00720:I3C,2035,train
18872,Lysozyme,P00720,I3A (PDB: I3A),Enterobacteria phage T4 (Bacteriophage T4),2LZM,I3A,Helix,10.81,2.0,41.9,-1.1,-,-,yes,3405287.0,bacteriophage T4; hydrophobicity; protein folding;,"NATURE 334, 406-410 (1988) PMID: 3405287","Matsumura M., Becktel W.J. & Matthews B.W.",-1.1,I,3,A,2.0,41.9,10.81,0,0,0,pdb,UP:P00720,UP:P00720:I3A,2036,train
18873,Lysozyme,P00720,I3T (PDB: I3T),Enterobacteria phage T4 (Bacteriophage T4),2LZM,I3T,Helix,10.81,2.0,41.9,-1.7,-,-,yes,3405287.0,bacteriophage T4; hydrophobicity; protein folding;,"NATURE 334, 406-410 (1988) PMID: 3405287","Matsumura M., Becktel W.J. & Matthews B.W.",-1.7,I,3,T,2.0,41.9,10.81,0,0,0,pdb,UP:P00720,UP:P00720:I3T,2037,train
18874,Lysozyme,P00720,I3S (PDB: I3S),Enterobacteria phage T4 (Bacteriophage T4),2LZM,I3S,Helix,10.81,2.0,41.9,-1.9,-,-,yes,3405287.0,bacteriophage T4; hydrophobicity; protein folding;,"NATURE 334, 406-410 (1988) PMID: 3405287","Matsumura M., Becktel W.J. & Matthews B.W.",-1.9,I,3,S,2.0,41.9,10.81,0,0,0,pdb,UP:P00720,UP:P00720:I3S,2038,train
18875,Lysozyme,P00720,I3G (PDB: I3G),Enterobacteria phage T4 (Bacteriophage T4),2LZM,I3G,Helix,10.81,2.0,41.9,-1.8,-,-,yes,3405287.0,bacteriophage T4; hydrophobicity; protein folding;,"NATURE 334, 406-410 (1988) PMID: 3405287","Matsumura M., Becktel W.J. & Matthews B.W.",-1.8,I,3,G,2.0,41.9,10.81,0,0,0,pdb,UP:P00720,UP:P00720:I3G,2039,train
18876,Lysozyme,P00720,I3E (PDB: I3E),Enterobacteria phage T4 (Bacteriophage T4),2LZM,I3E,Helix,10.81,2.0,41.9,-1.1,-,-,yes,3405287.0,bacteriophage T4; hydrophobicity; protein folding;,"NATURE 334, 406-410 (1988) PMID: 3405287","Matsumura M., Becktel W.J. & Matthews B.W.",-1.1,I,3,E,2.0,41.9,10.81,0,0,0,pdb,UP:P00720,UP:P00720:I3E,2040,train
18877,Lysozyme,P00720,I3D (PDB: I3D),Enterobacteria phage T4 (Bacteriophage T4),2LZM,I3D,Helix,10.81,2.0,41.9,-1.8,-,-,yes,3405287.0,bacteriophage T4; hydrophobicity; protein folding;,"NATURE 334, 406-410 (1988) PMID: 3405287","Matsumura M., Becktel W.J. & Matthews B.W.",-1.8,I,3,D,2.0,41.9,10.81,0,0,0,pdb,UP:P00720,UP:P00720:I3D,2041,train
18878,Lysozyme,P00720,K60P (PDB: K60P),Enterobacteria phage T4 (Bacteriophage T4),2LZM,K60P,Helix,52.02,2.0,41.9,0.1,-,-,yes,1457724.0,phage T4 lysozyme; thermostability; alpha-helix;,"BIOPOLYMERS 32, 1431-1441 (1992) PMID: 1457724","Nicholson H., Tronrud D.E., Becktel W.J. & Matthews B.W.",0.1,K,60,P,2.0,41.9,52.02,0,0,0,pdb,UP:P00720,UP:P00720:K60P,2042,train
18879,Lysozyme,P00720,G77A (PDB: G77A),Enterobacteria phage T4 (Bacteriophage T4),2LZM,G77A,Helix,3.81,2.0,41.9,-0.4,-,-,yes,1457724.0,phage T4 lysozyme; thermostability; alpha-helix;,"BIOPOLYMERS 32, 1431-1441 (1992) PMID: 1457724","Nicholson H., Tronrud D.E., Becktel W.J. & Matthews B.W.",-0.4,G,77,A,2.0,41.9,3.81,0,0,0,pdb,UP:P00720,UP:P00720:G77A,2043,train
18880,Lysozyme,P00720,A82P (PDB: A82P),Enterobacteria phage T4 (Bacteriophage T4),2LZM,A82P,Helix,78.95,2.0,41.9,0.3,-,-,yes,1457724.0,phage T4 lysozyme; thermostability; alpha-helix;,"BIOPOLYMERS 32, 1431-1441 (1992) PMID: 1457724","Nicholson H., Tronrud D.E., Becktel W.J. & Matthews B.W.",0.3,A,82,P,2.0,41.9,78.95,0,0,0,pdb,UP:P00720,UP:P00720:A82P,2044,train
18881,Lysozyme,P00720,A93P (PDB: A93P),Enterobacteria phage T4 (Bacteriophage T4),2LZM,A93P,Helix,66.24,2.0,41.9,0.1,-,-,yes,1457724.0,phage T4 lysozyme; thermostability; alpha-helix;,"BIOPOLYMERS 32, 1431-1441 (1992) PMID: 1457724","Nicholson H., Tronrud D.E., Becktel W.J. & Matthews B.W.",0.1,A,93,P,2.0,41.9,66.24,0,0,0,pdb,UP:P00720,UP:P00720:A93P,2045,train
18882,Lysozyme,P00720,G113A (PDB: G113A),Enterobacteria phage T4 (Bacteriophage T4),2LZM,G113A,Helix,68.61,2.0,41.9,0.1,-,-,yes,1457724.0,phage T4 lysozyme; thermostability; alpha-helix;,"BIOPOLYMERS 32, 1431-1441 (1992) PMID: 1457724","Nicholson H., Tronrud D.E., Becktel W.J. & Matthews B.W.",0.1,G,113,A,2.0,41.9,68.61,0,0,0,pdb,UP:P00720,UP:P00720:G113A,2046,train
18883,Lysozyme,P00720,G156D (PDB: G156D),Enterobacteria phage T4 (Bacteriophage T4),2LZM,G156D,Helix,21.6,2.0,41.9,-1.4,-,-,yes,3680274.0,T4 lysozyme; temperature-sensitive; crystallographic refinement;,"J BIOL CHEM 262, 16858-16864 (1987) PMID: 3680274",Gray T.M. & Matthews B.W.,-1.4,G,156,D,2.0,41.9,21.6,0,0,0,pdb,UP:P00720,UP:P00720:G156D,2047,train
18884,Lysozyme,P00720,V131A (PDB: V131A),Enterobacteria phage T4 (Bacteriophage T4),2LZM,V131A,Helix,58.56,2.03,41.47,0.15,-,-,Unknown,2326253.0,protein stability; protein design; strain,"PROTEINS 7, 198-204 (1990) PMID: 2326253","Dao-Pin S., Baase W.A. & Matthews B.W.",0.15,V,131,A,2.03,41.47,58.56,0,0,0,pdb,UP:P00720,UP:P00720:V131A,2048,train
18885,Lysozyme,P00720,V131T (PDB: V131T),Enterobacteria phage T4 (Bacteriophage T4),2LZM,V131T,Helix,58.56,2.03,41.47,-0.11,-,-,Unknown,2326253.0,protein stability; protein design; strain,"PROTEINS 7, 198-204 (1990) PMID: 2326253","Dao-Pin S., Baase W.A. & Matthews B.W.",-0.11,V,131,T,2.03,41.47,58.56,0,0,0,pdb,UP:P00720,UP:P00720:V131T,2049,train
18886,Lysozyme,P00720,A41V (PDB: A41V),Enterobacteria phage T4 (Bacteriophage T4),2LZM,A41V,Helix,29.95,2.03,41.47,0.42,-,-,Unknown,2326253.0,protein stability; protein design; strain,"PROTEINS 7, 198-204 (1990) PMID: 2326253","Dao-Pin S., Baase W.A. & Matthews B.W.",0.42,A,41,V,2.03,41.47,29.95,0,0,0,pdb,UP:P00720,UP:P00720:A41V,2050,train
18888,Lysozyme,P00720,L133F (PDB: L133F),Enterobacteria phage T4 (Bacteriophage T4),2LZM,L133F,Helix,0.55,1.99,41.4,-0.2,-,-,yes,2682639.0,bacteriophage T4; hydrophobicity; protein folding;,"PROC NATL ACAD SCI U S A 86, 8237-8241 (1989) PMID: 2682639","Karpusas M., Baase W.A., Matsumura M. & Matthews B.W.",-0.2,L,133,F,1.99,41.4,0.55,0,0,0,pdb,UP:P00720,UP:P00720:L133F,2051,train
18889,Lysozyme,P00720,A129V (PDB: A129V),Enterobacteria phage T4 (Bacteriophage T4),2LZM,A129V,Helix,0.0,1.99,41.4,-0.8,-,-,yes,2682639.0,bacteriophage T4; hydrophobicity; protein folding;,"PROC NATL ACAD SCI U S A 86, 8237-8241 (1989) PMID: 2682639","Karpusas M., Baase W.A., Matsumura M. & Matthews B.W.",-0.8,A,129,V,1.99,41.4,0.0,0,0,0,pdb,UP:P00720,UP:P00720:A129V,2052,train
18891,Lysozyme,P00720,T59N (PDB: T59N),Enterobacteria phage T4 (Bacteriophage T4),2LZM,T59N,Turn,47.58,2.0,41,-0.6,-,-,yes,1567817.0,T4 lysozyme; threonine; helix capping; structural;,"BIOCHEMISTRY 31, 3590-3596 (1992) PMID: 1567817","Bell J.A., Becktel W.J., Sauer U., Baase W.A. & Matthews B.W.",-0.6,T,59,N,2.0,41.0,47.58,0,0,0,pdb,UP:P00720,UP:P00720:T59N,2053,train
18892,Lysozyme,P00720,T59S (PDB: T59S),Enterobacteria phage T4 (Bacteriophage T4),2LZM,T59S,Turn,47.58,2.0,41,-0.7,-,-,yes,1567817.0,T4 lysozyme; threonine; helix capping; structural;,"BIOCHEMISTRY 31, 3590-3596 (1992) PMID: 1567817","Bell J.A., Becktel W.J., Sauer U., Baase W.A. & Matthews B.W.",-0.7,T,59,S,2.0,41.0,47.58,0,0,0,pdb,UP:P00720,UP:P00720:T59S,2054,train
18893,Lysozyme,P00720,T59D (PDB: T59D),Enterobacteria phage T4 (Bacteriophage T4),2LZM,T59D,Turn,47.58,2.0,41,-0.9,-,-,yes,1567817.0,T4 lysozyme; threonine; helix capping; structural;,"BIOCHEMISTRY 31, 3590-3596 (1992) PMID: 1567817","Bell J.A., Becktel W.J., Sauer U., Baase W.A. & Matthews B.W.",-0.9,T,59,D,2.0,41.0,47.58,0,0,0,pdb,UP:P00720,UP:P00720:T59D,2055,train
18894,Lysozyme,P00720,T59G (PDB: T59G),Enterobacteria phage T4 (Bacteriophage T4),2LZM,T59G,Turn,47.58,2.0,41,-2.2,-,-,yes,1567817.0,T4 lysozyme; threonine; helix capping; structural;,"BIOCHEMISTRY 31, 3590-3596 (1992) PMID: 1567817","Bell J.A., Becktel W.J., Sauer U., Baase W.A. & Matthews B.W.",-2.2,T,59,G,2.0,41.0,47.58,0,0,0,pdb,UP:P00720,UP:P00720:T59G,2056,train
18895,Lysozyme,P00720,T59V (PDB: T59V),Enterobacteria phage T4 (Bacteriophage T4),2LZM,T59V,Turn,47.58,2.0,41,-2.8,-,-,yes,1567817.0,T4 lysozyme; threonine; helix capping; structural;,"BIOCHEMISTRY 31, 3590-3596 (1992) PMID: 1567817","Bell J.A., Becktel W.J., Sauer U., Baase W.A. & Matthews B.W.",-2.8,T,59,V,2.0,41.0,47.58,0,0,0,pdb,UP:P00720,UP:P00720:T59V,2057,train
18896,Lysozyme,P00720,T59A (PDB: T59A),Enterobacteria phage T4 (Bacteriophage T4),2LZM,T59A,Turn,47.58,2.0,41,-2.8,-,-,yes,1567817.0,T4 lysozyme; threonine; helix capping; structural;,"BIOCHEMISTRY 31, 3590-3596 (1992) PMID: 1567817","Bell J.A., Becktel W.J., Sauer U., Baase W.A. & Matthews B.W.",-2.8,T,59,A,2.0,41.0,47.58,0,0,0,pdb,UP:P00720,UP:P00720:T59A,2058,train
18898,Lysozyme,P00720,S38D (PDB: S38D),Enterobacteria phage T4 (Bacteriophage T4),2LZM,S38D,Coil,46.08,2.0,40.9,-0.1,-,-,yes,1911773.0,T4 lysozyme; thermostability; alpha-helix dipole;,"BIOCHEMISTRY 30, 9816-9828 (1991) PMID: 1911773","Nicholson H., Anderson D.E., Dao-pin S. & Matthews B.W.",-0.1,S,38,D,2.0,40.9,46.08,0,0,0,pdb,UP:P00720,UP:P00720:S38D,2059,train
18899,Lysozyme,P00720,T115E (PDB: T115E),Enterobacteria phage T4 (Bacteriophage T4),2LZM,T115E,Turn,63.45,2.0,40.9,-0.5,-,-,yes,1911773.0,T4 lysozyme; thermostability; alpha-helix dipole;,"BIOCHEMISTRY 30, 9816-9828 (1991) PMID: 1911773","Nicholson H., Anderson D.E., Dao-pin S. & Matthews B.W.",-0.5,T,115,E,2.0,40.9,63.45,0,0,0,pdb,UP:P00720,UP:P00720:T115E,2060,train
18900,Lysozyme,P00720,N116D (PDB: N116D),Enterobacteria phage T4 (Bacteriophage T4),2LZM,N116D,Helix,60.11,2.0,40.9,-0.1,-,-,yes,1911773.0,T4 lysozyme; thermostability; alpha-helix dipole;,"BIOCHEMISTRY 30, 9816-9828 (1991) PMID: 1911773","Nicholson H., Anderson D.E., Dao-pin S. & Matthews B.W.",-0.1,N,116,D,2.0,40.9,60.11,0,0,0,pdb,UP:P00720,UP:P00720:N116D,2061,train
18901,Lysozyme,P00720,R119M (PDB: R119M),Enterobacteria phage T4 (Bacteriophage T4),2LZM,R119M,Helix,49.78,2.0,40.9,-0.3,-,-,yes,1911773.0,T4 lysozyme; thermostability; alpha-helix dipole;,"BIOCHEMISTRY 30, 9816-9828 (1991) PMID: 1911773","Nicholson H., Anderson D.E., Dao-pin S. & Matthews B.W.",-0.3,R,119,M,2.0,40.9,49.78,0,0,0,pdb,UP:P00720,UP:P00720:R119M,2062,train
18902,Lysozyme,P00720,N144D (PDB: N144D),Enterobacteria phage T4 (Bacteriophage T4),2LZM,N144D,Helix,75.14,2.0,40.9,-0.1,-,-,yes,1911773.0,T4 lysozyme; thermostability; alpha-helix dipole;,"BIOCHEMISTRY 30, 9816-9828 (1991) PMID: 1911773","Nicholson H., Anderson D.E., Dao-pin S. & Matthews B.W.",-0.1,N,144,D,2.0,40.9,75.14,0,0,0,pdb,UP:P00720,UP:P00720:N144D,2063,train
18904,Lysozyme,P00720,E128A (PDB: E128A),Enterobacteria phage T4 (Bacteriophage T4),2LZM,E128A,Sheet,54.95,2.0,40.8,0.16,-,-,yes,1998663.0,alanine; alpha-helix; hydrophobic core; solvent exposed,"BIOCHEMISTRY 30, 2012-2017 (1991) PMID: 1998663","Zhang XJ, Baase WA, Matthews BW",0.16,E,128,A,2.0,40.8,54.95,0,0,0,pdb,UP:P00720,UP:P00720:E128A,2064,train
18905,Lysozyme,P00720,V131A (PDB: V131A),Enterobacteria phage T4 (Bacteriophage T4),2LZM,V131A,Helix,58.56,2.0,40.8,0.26,-,-,yes,1998663.0,alanine; alpha-helix; hydrophobic core; solvent exposed,"BIOCHEMISTRY 30, 2012-2017 (1991) PMID: 1998663","Zhang XJ, Baase WA, Matthews BW",0.26,V,131,A,2.0,40.8,58.56,0,0,0,pdb,UP:P00720,UP:P00720:V131A,2065,train
18909,Lysozyme,P00720,E128A (PDB: E128A),Enterobacteria phage T4 (Bacteriophage T4),2LZM,E128A,Sheet,54.95,2.02,40.75,0.16,-,-,yes,1304917.0,lysozyme; protein folding; protein structure; alanine;,"PROTEIN SCI 1, 761-776 (1992) PMID: 1304917","Zhang X.-J., Baase W.A. & Matthews B.W.",0.16,E,128,A,2.02,40.75,54.95,0,0,0,pdb,UP:P00720,UP:P00720:E128A,2066,train
18910,Lysozyme,P00720,V131A (PDB: V131A),Enterobacteria phage T4 (Bacteriophage T4),2LZM,V131A,Helix,58.56,2.02,40.75,0.27,-,-,yes,1304917.0,lysozyme; protein folding; protein structure; alanine;,"PROTEIN SCI 1, 761-776 (1992) PMID: 1304917","Zhang X.-J., Baase W.A. & Matthews B.W.",0.27,V,131,A,2.02,40.75,58.56,0,0,0,pdb,UP:P00720,UP:P00720:V131A,2067,train
18911,Lysozyme,P00720,L133A (PDB: L133A),Enterobacteria phage T4 (Bacteriophage T4),2LZM,L133A,Helix,0.55,2.02,40.75,-4.19,-,-,yes,1304917.0,lysozyme; protein folding; protein structure; alanine;,"PROTEIN SCI 1, 761-776 (1992) PMID: 1304917","Zhang X.-J., Baase W.A. & Matthews B.W.",-4.19,L,133,A,2.02,40.75,0.55,0,0,0,pdb,UP:P00720,UP:P00720:L133A,2068,train
18919,Acidic fibroblast growth factor,P05230,H36Y (UniProt),Homo sapiens (Human),2AFG,-,Helix,4.4,7.3,40.7,0.39,-,-,Yes,15469994.0,DNA synthesis; fibroblast growth factor; MAP kinase activation; protein engineering; stability,"PROTEIN ENG DES SEL 17, 603-611 (2004) PMID: 15469994","Zakrzewska M, Krowarsch D, Wiedlocha A, Otlewski J",0.39,H,36,Y,7.3,40.7,4.4,0,0,0,uniprot,UP:P05230,UP:P05230:H36Y,2069,train
18920,Acidic fibroblast growth factor,P05230,L59F (UniProt),Homo sapiens (Human),2AFG,-,Sheet,0.0,7.3,40.7,0.47,-,-,Yes,15469994.0,DNA synthesis; fibroblast growth factor; MAP kinase activation; protein engineering; stability,"PROTEIN ENG DES SEL 17, 603-611 (2004) PMID: 15469994","Zakrzewska M, Krowarsch D, Wiedlocha A, Otlewski J",0.47,L,59,F,7.3,40.7,0.0,0,0,0,uniprot,UP:P05230,UP:P05230:L59F,2070,train
18921,Acidic fibroblast growth factor,P05230,H117Y (UniProt),Homo sapiens (Human),2AFG,-,Helix,8.8,7.3,40.7,0.1,-,-,Yes,15469994.0,DNA synthesis; fibroblast growth factor; MAP kinase activation; protein engineering; stability,"PROTEIN ENG DES SEL 17, 603-611 (2004) PMID: 15469994","Zakrzewska M, Krowarsch D, Wiedlocha A, Otlewski J",0.1,H,117,Y,7.3,40.7,8.8,0,0,0,uniprot,UP:P05230,UP:P05230:H117Y,2071,train
18922,Acidic fibroblast growth factor,P05230,F123Y (UniProt),Homo sapiens (Human),2AFG,-,Sheet,4.48,7.3,40.7,0.33,-,-,Yes,15469994.0,DNA synthesis; fibroblast growth factor; MAP kinase activation; protein engineering; stability,"PROTEIN ENG DES SEL 17, 603-611 (2004) PMID: 15469994","Zakrzewska M, Krowarsch D, Wiedlocha A, Otlewski J",0.33,F,123,Y,7.3,40.7,4.48,0,0,0,uniprot,UP:P05230,UP:P05230:F123Y,2072,train
18923,Acidic fibroblast growth factor,P05230,V124I (UniProt),Homo sapiens (Human),2AFG,-,Coil,0.65,7.3,40.7,-0.11,-,-,Yes,15469994.0,DNA synthesis; fibroblast growth factor; MAP kinase activation; protein engineering; stability,"PROTEIN ENG DES SEL 17, 603-611 (2004) PMID: 15469994","Zakrzewska M, Krowarsch D, Wiedlocha A, Otlewski J",-0.11,V,124,I,7.3,40.7,0.65,0,0,0,uniprot,UP:P05230,UP:P05230:V124I,2073,train
18934,Lysozyme,P00720,T115E (PDB: T115E),Enterobacteria phage T4 (Bacteriophage T4),2LZM,T115E,Turn,63.45,2.0,40.4,-0.5,-,-,yes,1854726.0,salt bridges; T4 lysozyme; electrostatic interactions;,"BIOCHEMISTRY 30, 7142-7153 (1991) PMID: 1854726","Dao-pin S., Sauer U., Nicholson H. & Matthews B.W.",-0.5,T,115,E,2.0,40.4,63.45,0,0,0,pdb,UP:P00720,UP:P00720:T115E,2074,train
18935,Lysozyme,P00720,Q123E (PDB: Q123E),Enterobacteria phage T4 (Bacteriophage T4),2LZM,Q123E,Helix,55.43,2.0,40.4,0.3,-,-,yes,1854726.0,salt bridges; T4 lysozyme; electrostatic interactions;,"BIOCHEMISTRY 30, 7142-7153 (1991) PMID: 1854726","Dao-pin S., Sauer U., Nicholson H. & Matthews B.W.",0.3,Q,123,E,2.0,40.4,55.43,0,0,0,pdb,UP:P00720,UP:P00720:Q123E,2075,train
18936,Lysozyme,P00720,N144E (PDB: N144E),Enterobacteria phage T4 (Bacteriophage T4),2LZM,N144E,Helix,75.14,2.0,40.4,0.2,-,-,yes,1854726.0,salt bridges; T4 lysozyme; electrostatic interactions;,"BIOCHEMISTRY 30, 7142-7153 (1991) PMID: 1854726","Dao-pin S., Sauer U., Nicholson H. & Matthews B.W.",0.2,N,144,E,2.0,40.4,75.14,0,0,0,pdb,UP:P00720,UP:P00720:N144E,2076,train
18938,Fibroblast growth factor-1,P05230,L59P (UniProt),Homo sapiens (Human),2AFG,-,Sheet,0.0,6.6,40.2,0.69,-,-,yes,11266617.0,beta-trefoil; fibroblast growth factor; core-packing; protein engineering;,PROTEIN SCI 10 2587-2899 (2001) PMID: 11266617,"Brych SR, Blaber SI, Logan TM, Blaber M",0.69,L,59,P,6.6,40.2,0.0,0,0,0,uniprot,UP:P05230,UP:P05230:L59P,2077,train
18939,Fibroblast growth factor-1,P05230,L88V (UniProt),Homo sapiens (Human),2AFG,-,Sheet,1.64,6.6,40.2,-1.46,-,-,yes,11266617.0,beta-trefoil; fibroblast growth factor; core-packing; protein engineering;,PROTEIN SCI 10 2587-2899 (2001) PMID: 11266617,"Brych SR, Blaber SI, Logan TM, Blaber M",-1.46,L,88,V,6.6,40.2,1.64,0,0,0,uniprot,UP:P05230,UP:P05230:L88V,2078,train
18940,Fibroblast growth factor-1,P05230,V124L (UniProt),Homo sapiens (Human),2AFG,-,Coil,0.65,6.6,40.2,-0.57,-,-,yes,11266617.0,beta-trefoil; fibroblast growth factor; core-packing; protein engineering;,PROTEIN SCI 10 2587-2899 (2001) PMID: 11266617,"Brych SR, Blaber SI, Logan TM, Blaber M",-0.57,V,124,L,6.6,40.2,0.65,0,0,0,uniprot,UP:P05230,UP:P05230:V124L,2079,train
18956,Staphylococcal nuclease,P00644,L89F (UniProt),Staphylococcus aureus,1STN,-,Coil,14.2,5.38,40,-1.2,-,-,yes,2372535.0,cis/trans isomerization; kinetic assays; enzymatic activities;,"BIOCHEMISTRY 29, 4516-4525 (1990) PMID: 2372535","Alexandrescu AT, Hinck AP, Markley JL",-1.2,L,89,F,5.38,40.0,14.2,0,0,0,uniprot,UP:P00644,UP:P00644:L89F,2080,train
18958,Staphylococcal nuclease,P00644,H128Y (UniProt),Staphylococcus aureus,1STN,-,Helix,23.09,5.38,40,0,-,-,yes,2372535.0,cis/trans isomerization; kinetic assays; enzymatic activities;,"BIOCHEMISTRY 29, 4516-4525 (1990) PMID: 2372535","Alexandrescu AT, Hinck AP, Markley JL",0.0,H,128,Y,5.38,40.0,23.09,0,0,0,uniprot,UP:P00644,UP:P00644:H128Y,2081,train
18959,Staphylococcal nuclease,P00644,I100M (UniProt),Staphylococcus aureus,1STN,-,Helix,23.24,5.42,40,-0.2,-,-,yes,2372535.0,cis/trans isomerization; kinetic assays; enzymatic activities;,"BIOCHEMISTRY 29, 4516-4525 (1990) PMID: 2372535","Alexandrescu AT, Hinck AP, Markley JL",-0.2,I,100,M,5.42,40.0,23.24,0,0,0,uniprot,UP:P00644,UP:P00644:I100M,2082,train
18960,Staphylococcal nuclease,P00644,H206L (UniProt),Staphylococcus aureus,1STN,-,Helix,52.23,5.2,40,0.7,-,-,yes,2372535.0,cis/trans isomerization; kinetic assays; enzymatic activities;,"BIOCHEMISTRY 29, 4516-4525 (1990) PMID: 2372535","Alexandrescu AT, Hinck AP, Markley JL",0.7,H,206,L,5.2,40.0,52.23,0,0,0,uniprot,UP:P00644,UP:P00644:H206L,2083,train
18961,Lysozyme,P00720,A98V (PDB: A98V),Enterobacteria phage T4 (Bacteriophage T4),2LZM,A98V,Helix,0.0,3.0,40,-4.9,-,-,yes,1920439.0,hydrophobicity; helix packing; lysozyme; protein stability;,"J MOL BIOL 221, 647-667 (1991) PMID: 1920439","Daopin S, Alber T, Baase WA, Wozniak JA, Matthews BW",-4.9,A,98,V,3.0,40.0,0.0,0,0,0,pdb,UP:P00720,UP:P00720:A98V,2084,train
18965,Lysozyme,P00720,T152S (PDB: T152S),Enterobacteria phage T4 (Bacteriophage T4),2LZM,T152S,Turn,0.0,3.0,40,-2.6,-,-,yes,1920439.0,hydrophobicity; helix packing; lysozyme; protein stability;,"J MOL BIOL 221, 647-667 (1991) PMID: 1920439","Daopin S, Alber T, Baase WA, Wozniak JA, Matthews BW",-2.6,T,152,S,3.0,40.0,0.0,0,0,0,pdb,UP:P00720,UP:P00720:T152S,2085,train
18966,Lysozyme,P00720,V149C (PDB: V149C),Enterobacteria phage T4 (Bacteriophage T4),2LZM,V149C,Helix,0.0,3.0,40,-2.2,-,-,yes,1920439.0,hydrophobicity; helix packing; lysozyme; protein stability;,"J MOL BIOL 221, 647-667 (1991) PMID: 1920439","Daopin S, Alber T, Baase WA, Wozniak JA, Matthews BW",-2.2,V,149,C,3.0,40.0,0.0,0,0,0,pdb,UP:P00720,UP:P00720:V149C,2086,train
18971,Staphylococcal nuclease,P00644,S141A (UniProt),Staphylococcus aureus,1STN,-,Coil,89.59,7.0,40,-0.12,-,-,Unknown,12211005.0,deletion mutant; site-directed mutagenesis; circular dichroism; solution X-ray scattering; inhibitor-induced folding; DNA hydrolysis,"PROTEINS 49, 255-265 (2002) PMID: 12211005","Hirano S, Mihara K, Yamazaki Y, Kamikubo H, Imamoto Y, Kataoka M.",-0.12,S,141,A,7.0,40.0,89.59,0,0,0,uniprot,UP:P00644,UP:P00644:S141A,2087,train
18990,Ribonuclease pancreatic,P61823,V73A (PDB: V47A),Bos taurus (Bovine),1RTB,V47A,Sheet,0.0,5.0,40,-3.8,-,-,Yes,16542150.0,hydrophobic interactions; packing interactions; pressure denaturation; ribonuclease A; temperature denaturation; UV spectroscopy,"BIOL CHEM 387, 285-296 (2006); doi:10.1515/BC.2006.038 PMID: 16542150","Font J, Benito A, Torrent J, Lange R, Ribo M, Vilanova M.",-3.8,V,73,A,5.0,40.0,0.0,0,0,0,pdb,UP:P61823,UP:P61823:V73A,2088,train
18991,Ribonuclease pancreatic,P61823,V80A (PDB: V54A),Bos taurus (Bovine),1RTB,V54A,Helix,0.0,5.0,40,-2.58,-,-,Yes,16542150.0,hydrophobic interactions; packing interactions; pressure denaturation; ribonuclease A; temperature denaturation; UV spectroscopy,"BIOL CHEM 387, 285-296 (2006); doi:10.1515/BC.2006.038 PMID: 16542150","Font J, Benito A, Torrent J, Lange R, Ribo M, Vilanova M.",-2.58,V,80,A,5.0,40.0,0.0,0,0,0,pdb,UP:P61823,UP:P61823:V80A,2089,train
18992,Ribonuclease pancreatic,P61823,V80G (PDB: V54G),Bos taurus (Bovine),1RTB,V54G,Helix,0.0,5.0,40,-4.87,-,-,Yes,16542150.0,hydrophobic interactions; packing interactions; pressure denaturation; ribonuclease A; temperature denaturation; UV spectroscopy,"BIOL CHEM 387, 285-296 (2006); doi:10.1515/BC.2006.038 PMID: 16542150","Font J, Benito A, Torrent J, Lange R, Ribo M, Vilanova M.",-4.87,V,80,G,5.0,40.0,0.0,0,0,0,pdb,UP:P61823,UP:P61823:V80G,2090,train
18993,Ribonuclease pancreatic,P61823,V83A (PDB: V57A),Bos taurus (Bovine),1RTB,V57A,Helix,0.0,5.0,40,-2.85,-,-,Yes,16542150.0,hydrophobic interactions; packing interactions; pressure denaturation; ribonuclease A; temperature denaturation; UV spectroscopy,"BIOL CHEM 387, 285-296 (2006); doi:10.1515/BC.2006.038 PMID: 16542150","Font J, Benito A, Torrent J, Lange R, Ribo M, Vilanova M.",-2.85,V,83,A,5.0,40.0,0.0,0,0,0,pdb,UP:P61823,UP:P61823:V83A,2091,train
18994,Ribonuclease pancreatic,P61823,V89A (PDB: V63A),Bos taurus (Bovine),1RTB,V63A,Sheet,29.93,5.0,40,-2.02,-,-,Yes,16542150.0,hydrophobic interactions; packing interactions; pressure denaturation; ribonuclease A; temperature denaturation; UV spectroscopy,"BIOL CHEM 387, 285-296 (2006); doi:10.1515/BC.2006.038 PMID: 16542150","Font J, Benito A, Torrent J, Lange R, Ribo M, Vilanova M.",-2.02,V,89,A,5.0,40.0,29.93,0,0,0,pdb,UP:P61823,UP:P61823:V89A,2092,train
18995,Ribonuclease pancreatic,P61823,V89G (PDB: V63G),Bos taurus (Bovine),1RTB,V63G,Sheet,29.93,5.0,40,-3.5,-,-,Yes,16542150.0,hydrophobic interactions; packing interactions; pressure denaturation; ribonuclease A; temperature denaturation; UV spectroscopy,"BIOL CHEM 387, 285-296 (2006); doi:10.1515/BC.2006.038 PMID: 16542150","Font J, Benito A, Torrent J, Lange R, Ribo M, Vilanova M.",-3.5,V,89,G,5.0,40.0,29.93,0,0,0,pdb,UP:P61823,UP:P61823:V89G,2093,train
18996,Ribonuclease pancreatic,P61823,A90G (PDB: A64G),Bos taurus (Bovine),1RTB,A64G,Coil,64.43,5.0,40,-0.43,-,-,Yes,16542150.0,hydrophobic interactions; packing interactions; pressure denaturation; ribonuclease A; temperature denaturation; UV spectroscopy,"BIOL CHEM 387, 285-296 (2006); doi:10.1515/BC.2006.038 PMID: 16542150","Font J, Benito A, Torrent J, Lange R, Ribo M, Vilanova M.",-0.43,A,90,G,5.0,40.0,64.43,0,0,0,pdb,UP:P61823,UP:P61823:A90G,2094,train
18997,Ribonuclease pancreatic,P61823,I107V (PDB: I81V),Bos taurus (Bovine),1RTB,I81V,Helix,0.0,5.0,40,-0.43,-,-,Yes,16542150.0,hydrophobic interactions; packing interactions; pressure denaturation; ribonuclease A; temperature denaturation; UV spectroscopy,"BIOL CHEM 387, 285-296 (2006); doi:10.1515/BC.2006.038 PMID: 16542150","Font J, Benito A, Torrent J, Lange R, Ribo M, Vilanova M.",-0.43,I,107,V,5.0,40.0,0.0,0,0,0,pdb,UP:P61823,UP:P61823:I107V,2095,train
18998,Ribonuclease pancreatic,P61823,I107A (PDB: I81A),Bos taurus (Bovine),1RTB,I81A,Helix,0.0,5.0,40,-2.99,-,-,Yes,16542150.0,hydrophobic interactions; packing interactions; pressure denaturation; ribonuclease A; temperature denaturation; UV spectroscopy,"BIOL CHEM 387, 285-296 (2006); doi:10.1515/BC.2006.038 PMID: 16542150","Font J, Benito A, Torrent J, Lange R, Ribo M, Vilanova M.",-2.99,I,107,A,5.0,40.0,0.0,0,0,0,pdb,UP:P61823,UP:P61823:I107A,2096,train
18999,Ribonuclease pancreatic,P61823,I107G (PDB: I81G),Bos taurus (Bovine),1RTB,I81G,Helix,0.0,5.0,40,-4.8,-,-,Yes,16542150.0,hydrophobic interactions; packing interactions; pressure denaturation; ribonuclease A; temperature denaturation; UV spectroscopy,"BIOL CHEM 387, 285-296 (2006); doi:10.1515/BC.2006.038 PMID: 16542150","Font J, Benito A, Torrent J, Lange R, Ribo M, Vilanova M.",-4.8,I,107,G,5.0,40.0,0.0,0,0,0,pdb,UP:P61823,UP:P61823:I107G,2097,train
19000,Ribonuclease pancreatic,P61823,I132V (PDB: I106V),Bos taurus (Bovine),1RTB,I106V,Helix,0.0,5.0,40,-0.8,-,-,Yes,16542150.0,hydrophobic interactions; packing interactions; pressure denaturation; ribonuclease A; temperature denaturation; UV spectroscopy,"BIOL CHEM 387, 285-296 (2006); doi:10.1515/BC.2006.038 PMID: 16542150","Font J, Benito A, Torrent J, Lange R, Ribo M, Vilanova M.",-0.8,I,132,V,5.0,40.0,0.0,0,0,0,pdb,UP:P61823,UP:P61823:I132V,2098,train
19001,Ribonuclease pancreatic,P61823,I132A (PDB: I106A),Bos taurus (Bovine),1RTB,I106A,Helix,0.0,5.0,40,-4.37,-,-,Yes,16542150.0,hydrophobic interactions; packing interactions; pressure denaturation; ribonuclease A; temperature denaturation; UV spectroscopy,"BIOL CHEM 387, 285-296 (2006); doi:10.1515/BC.2006.038 PMID: 16542150","Font J, Benito A, Torrent J, Lange R, Ribo M, Vilanova M.",-4.37,I,132,A,5.0,40.0,0.0,0,0,0,pdb,UP:P61823,UP:P61823:I132A,2099,train
19002,Ribonuclease pancreatic,P61823,I107V (PDB: I107V),Bos taurus (Bovine),1RTB,I107V,Helix,4.32,5.0,40,-0.08,-,-,Yes,16542150.0,hydrophobic interactions; packing interactions; pressure denaturation; ribonuclease A; temperature denaturation; UV spectroscopy,"BIOL CHEM 387, 285-296 (2006); doi:10.1515/BC.2006.038 PMID: 16542150","Font J, Benito A, Torrent J, Lange R, Ribo M, Vilanova M.",-0.08,I,107,V,5.0,40.0,4.32,0,0,0,pdb,UP:P61823,UP:P61823:I107V,2100,train
19003,Ribonuclease pancreatic,P61823,I107A (PDB: I107A),Bos taurus (Bovine),1RTB,I107A,Helix,4.32,5.0,40,-2.84,-,-,Yes,16542150.0,hydrophobic interactions; packing interactions; pressure denaturation; ribonuclease A; temperature denaturation; UV spectroscopy,"BIOL CHEM 387, 285-296 (2006); doi:10.1515/BC.2006.038 PMID: 16542150","Font J, Benito A, Torrent J, Lange R, Ribo M, Vilanova M.",-2.84,I,107,A,5.0,40.0,4.32,0,0,0,pdb,UP:P61823,UP:P61823:I107A,2101,train
19004,Ribonuclease pancreatic,P61823,V134A (PDB: V108A),Bos taurus (Bovine),1RTB,V108A,Sheet,0.0,5.0,40,-4.2,-,-,Yes,16542150.0,hydrophobic interactions; packing interactions; pressure denaturation; ribonuclease A; temperature denaturation; UV spectroscopy,"BIOL CHEM 387, 285-296 (2006); doi:10.1515/BC.2006.038 PMID: 16542150","Font J, Benito A, Torrent J, Lange R, Ribo M, Vilanova M.",-4.2,V,134,A,5.0,40.0,0.0,0,0,0,pdb,UP:P61823,UP:P61823:V134A,2102,train
19005,Ribonuclease pancreatic,P61823,A135G (PDB: A109G),Bos taurus (Bovine),1RTB,A109G,Sheet,4.54,5.0,40,-0.43,-,-,Yes,16542150.0,hydrophobic interactions; packing interactions; pressure denaturation; ribonuclease A; temperature denaturation; UV spectroscopy,"BIOL CHEM 387, 285-296 (2006); doi:10.1515/BC.2006.038 PMID: 16542150","Font J, Benito A, Torrent J, Lange R, Ribo M, Vilanova M.",-0.43,A,135,G,5.0,40.0,4.54,0,0,0,pdb,UP:P61823,UP:P61823:A135G,2103,train
19006,Ribonuclease pancreatic,P61823,V142A (PDB: V116A),Bos taurus (Bovine),1RTB,V116A,Sheet,11.06,5.0,40,-0.66,-,-,Yes,16542150.0,hydrophobic interactions; packing interactions; pressure denaturation; ribonuclease A; temperature denaturation; UV spectroscopy,"BIOL CHEM 387, 285-296 (2006); doi:10.1515/BC.2006.038 PMID: 16542150","Font J, Benito A, Torrent J, Lange R, Ribo M, Vilanova M.",-0.66,V,142,A,5.0,40.0,11.06,0,0,0,pdb,UP:P61823,UP:P61823:V142A,2104,train
19007,Ribonuclease pancreatic,P61823,V142G (PDB: V116G),Bos taurus (Bovine),1RTB,V116G,Sheet,11.06,5.0,40,-1.18,-,-,Yes,16542150.0,hydrophobic interactions; packing interactions; pressure denaturation; ribonuclease A; temperature denaturation; UV spectroscopy,"BIOL CHEM 387, 285-296 (2006); doi:10.1515/BC.2006.038 PMID: 16542150","Font J, Benito A, Torrent J, Lange R, Ribo M, Vilanova M.",-1.18,V,142,G,5.0,40.0,11.06,0,0,0,pdb,UP:P61823,UP:P61823:V142G,2105,train
19008,Ribonuclease pancreatic,P61823,V144A (PDB: V118A),Bos taurus (Bovine),1RTB,V118A,Sheet,19.52,5.0,40,-1.92,-,-,Yes,16542150.0,hydrophobic interactions; packing interactions; pressure denaturation; ribonuclease A; temperature denaturation; UV spectroscopy,"BIOL CHEM 387, 285-296 (2006); doi:10.1515/BC.2006.038 PMID: 16542150","Font J, Benito A, Torrent J, Lange R, Ribo M, Vilanova M.",-1.92,V,144,A,5.0,40.0,19.52,0,0,0,pdb,UP:P61823,UP:P61823:V144A,2106,train
19009,Ribonuclease pancreatic,P61823,V144G (PDB: V118G),Bos taurus (Bovine),1RTB,V118G,Sheet,19.52,5.0,40,-2.77,-,-,Yes,16542150.0,hydrophobic interactions; packing interactions; pressure denaturation; ribonuclease A; temperature denaturation; UV spectroscopy,"BIOL CHEM 387, 285-296 (2006); doi:10.1515/BC.2006.038 PMID: 16542150","Font J, Benito A, Torrent J, Lange R, Ribo M, Vilanova M.",-2.77,V,144,G,5.0,40.0,19.52,0,0,0,pdb,UP:P61823,UP:P61823:V144G,2107,train
19010,Ribonuclease pancreatic,P61823,I132L (PDB: I106L),Bos taurus (Bovine),1RTB,I106L,Helix,0.0,5.0,40,-1.79,-,-,Yes,16542150.0,hydrophobic interactions; packing interactions; pressure denaturation; ribonuclease A; temperature denaturation; UV spectroscopy,"BIOL CHEM 387, 285-296 (2006); doi:10.1515/BC.2006.038 PMID: 16542150","Font J, Benito A, Torrent J, Lange R, Ribo M, Vilanova M.",-1.79,I,132,L,5.0,40.0,0.0,0,0,0,pdb,UP:P61823,UP:P61823:I132L,2108,train
19011,Ribonuclease pancreatic,P61823,I107L (PDB: I107L),Bos taurus (Bovine),1RTB,I107L,Helix,4.32,5.0,40,-2.19,-,-,Yes,16542150.0,hydrophobic interactions; packing interactions; pressure denaturation; ribonuclease A; temperature denaturation; UV spectroscopy,"BIOL CHEM 387, 285-296 (2006); doi:10.1515/BC.2006.038 PMID: 16542150","Font J, Benito A, Torrent J, Lange R, Ribo M, Vilanova M.",-2.19,I,107,L,5.0,40.0,4.32,0,0,0,pdb,UP:P61823,UP:P61823:I107L,2109,train
19012,Ribonuclease pancreatic,P61823,V80L (PDB: V54L),Bos taurus (Bovine),1RTB,V54L,Helix,0.0,5.0,40,-1.09,-,-,Yes,16542150.0,hydrophobic interactions; packing interactions; pressure denaturation; ribonuclease A; temperature denaturation; UV spectroscopy,"BIOL CHEM 387, 285-296 (2006); doi:10.1515/BC.2006.038 PMID: 16542150","Font J, Benito A, Torrent J, Lange R, Ribo M, Vilanova M.",-1.09,V,80,L,5.0,40.0,0.0,0,0,0,pdb,UP:P61823,UP:P61823:V80L,2110,train
19013,Ribonuclease pancreatic,P61823,V80I (PDB: V54I),Bos taurus (Bovine),1RTB,V54I,Helix,0.0,5.0,40,-1.95,-,-,Yes,16542150.0,hydrophobic interactions; packing interactions; pressure denaturation; ribonuclease A; temperature denaturation; UV spectroscopy,"BIOL CHEM 387, 285-296 (2006); doi:10.1515/BC.2006.038 PMID: 16542150","Font J, Benito A, Torrent J, Lange R, Ribo M, Vilanova M.",-1.95,V,80,I,5.0,40.0,0.0,0,0,0,pdb,UP:P61823,UP:P61823:V80I,2111,train
19014,Ribonuclease pancreatic,P61823,V83L (PDB: V57L),Bos taurus (Bovine),1RTB,V57L,Helix,0.0,5.0,40,-2.37,-,-,Yes,16542150.0,hydrophobic interactions; packing interactions; pressure denaturation; ribonuclease A; temperature denaturation; UV spectroscopy,"BIOL CHEM 387, 285-296 (2006); doi:10.1515/BC.2006.038 PMID: 16542150","Font J, Benito A, Torrent J, Lange R, Ribo M, Vilanova M.",-2.37,V,83,L,5.0,40.0,0.0,0,0,0,pdb,UP:P61823,UP:P61823:V83L,2112,train
19015,Ribonuclease pancreatic,P61823,V83I (PDB: V57I),Bos taurus (Bovine),1RTB,V57I,Helix,0.0,5.0,40,-1.3,-,-,Yes,16542150.0,hydrophobic interactions; packing interactions; pressure denaturation; ribonuclease A; temperature denaturation; UV spectroscopy,"BIOL CHEM 387, 285-296 (2006); doi:10.1515/BC.2006.038 PMID: 16542150","Font J, Benito A, Torrent J, Lange R, Ribo M, Vilanova M.",-1.3,V,83,I,5.0,40.0,0.0,0,0,0,pdb,UP:P61823,UP:P61823:V83I,2113,train
19016,Ribonuclease pancreatic,P61823,V134L (PDB: V108L),Bos taurus (Bovine),1RTB,V108L,Sheet,0.0,5.0,40,-0.7,-,-,Yes,16542150.0,hydrophobic interactions; packing interactions; pressure denaturation; ribonuclease A; temperature denaturation; UV spectroscopy,"BIOL CHEM 387, 285-296 (2006); doi:10.1515/BC.2006.038 PMID: 16542150","Font J, Benito A, Torrent J, Lange R, Ribo M, Vilanova M.",-0.7,V,134,L,5.0,40.0,0.0,0,0,0,pdb,UP:P61823,UP:P61823:V134L,2114,train
19017,Ribonuclease pancreatic,P61823,V134I (PDB: V108I),Bos taurus (Bovine),1RTB,V108I,Sheet,0.0,5.0,40,-0.43,-,-,Yes,16542150.0,hydrophobic interactions; packing interactions; pressure denaturation; ribonuclease A; temperature denaturation; UV spectroscopy,"BIOL CHEM 387, 285-296 (2006); doi:10.1515/BC.2006.038 PMID: 16542150","Font J, Benito A, Torrent J, Lange R, Ribo M, Vilanova M.",-0.43,V,134,I,5.0,40.0,0.0,0,0,0,pdb,UP:P61823,UP:P61823:V134I,2115,train
19023,Pin1 WW domain (Trp-Trp),Q13526,K6A (PDB: K6A),Homo sapiens (Human),1PIN,K6A,Coil,79.73,7.0,40,0.15,-,-,Unknown,19565466.0,WW domain; Ala scanning; Gly scanning; side chain mutagenesis; protein stability; protein folding; beta-sheet,"PROTEIN SCI 18, 1806-1813 (2009) PMID: 19565466","Jager M, Dendle M, Kelly JW.",0.15,K,6,A,7.0,40.0,79.73,0,0,0,pdb,UP:Q13526,UP:Q13526:K6A,2116,train
19024,Pin1 WW domain (Trp-Trp),Q13526,L7I (PDB: L7I),Homo sapiens (Human),1PIN,L7I,Coil,21.3,7.0,40,-0.85,-,-,Unknown,19565466.0,WW domain; Ala scanning; Gly scanning; side chain mutagenesis; protein stability; protein folding; beta-sheet,"PROTEIN SCI 18, 1806-1813 (2009) PMID: 19565466","Jager M, Dendle M, Kelly JW.",-0.85,L,7,I,7.0,40.0,21.3,0,0,0,pdb,UP:Q13526,UP:Q13526:L7I,2117,train
19025,Pin1 WW domain (Trp-Trp),Q13526,L7V (PDB: L7V),Homo sapiens (Human),1PIN,L7V,Coil,21.3,7.0,40,-1.26,-,-,Unknown,19565466.0,WW domain; Ala scanning; Gly scanning; side chain mutagenesis; protein stability; protein folding; beta-sheet,"PROTEIN SCI 18, 1806-1813 (2009) PMID: 19565466","Jager M, Dendle M, Kelly JW.",-1.26,L,7,V,7.0,40.0,21.3,0,0,0,pdb,UP:Q13526,UP:Q13526:L7V,2118,train
19026,Pin1 WW domain (Trp-Trp),Q13526,L7N (PDB: L7N),Homo sapiens (Human),1PIN,L7N,Coil,21.3,7.0,40,-0.9,-,-,Unknown,19565466.0,WW domain; Ala scanning; Gly scanning; side chain mutagenesis; protein stability; protein folding; beta-sheet,"PROTEIN SCI 18, 1806-1813 (2009) PMID: 19565466","Jager M, Dendle M, Kelly JW.",-0.9,L,7,N,7.0,40.0,21.3,0,0,0,pdb,UP:Q13526,UP:Q13526:L7N,2119,train
19027,Pin1 WW domain (Trp-Trp),Q13526,P8A (PDB: P8A),Homo sapiens (Human),1PIN,P8A,Turn,16.91,7.0,40,-0.97,-,-,Unknown,19565466.0,WW domain; Ala scanning; Gly scanning; side chain mutagenesis; protein stability; protein folding; beta-sheet,"PROTEIN SCI 18, 1806-1813 (2009) PMID: 19565466","Jager M, Dendle M, Kelly JW.",-0.97,P,8,A,7.0,40.0,16.91,0,0,0,pdb,UP:Q13526,UP:Q13526:P8A,2120,train
19028,Pin1 WW domain (Trp-Trp),Q13526,P8G (PDB: P8G),Homo sapiens (Human),1PIN,P8G,Turn,16.91,7.0,40,-0.92,-,-,Unknown,19565466.0,WW domain; Ala scanning; Gly scanning; side chain mutagenesis; protein stability; protein folding; beta-sheet,"PROTEIN SCI 18, 1806-1813 (2009) PMID: 19565466","Jager M, Dendle M, Kelly JW.",-0.92,P,8,G,7.0,40.0,16.91,0,0,0,pdb,UP:Q13526,UP:Q13526:P8G,2121,train
19029,Pin1 WW domain (Trp-Trp),Q13526,P9A (PDB: P9A),Homo sapiens (Human),1PIN,P9A,Turn,68.36,7.0,40,-0.19,-,-,Unknown,19565466.0,WW domain; Ala scanning; Gly scanning; side chain mutagenesis; protein stability; protein folding; beta-sheet,"PROTEIN SCI 18, 1806-1813 (2009) PMID: 19565466","Jager M, Dendle M, Kelly JW.",-0.19,P,9,A,7.0,40.0,68.36,0,0,0,pdb,UP:Q13526,UP:Q13526:P9A,2122,train
19030,Pin1 WW domain (Trp-Trp),Q13526,P9G (PDB: P9G),Homo sapiens (Human),1PIN,P9G,Turn,68.36,7.0,40,-0.49,-,-,Unknown,19565466.0,WW domain; Ala scanning; Gly scanning; side chain mutagenesis; protein stability; protein folding; beta-sheet,"PROTEIN SCI 18, 1806-1813 (2009) PMID: 19565466","Jager M, Dendle M, Kelly JW.",-0.49,P,9,G,7.0,40.0,68.36,0,0,0,pdb,UP:Q13526,UP:Q13526:P9G,2123,train
19031,Pin1 WW domain (Trp-Trp),Q13526,G10A (PDB: G10A),Homo sapiens (Human),1PIN,G10A,Helix,34.31,7.0,40,-0.85,-,-,Unknown,19565466.0,WW domain; Ala scanning; Gly scanning; side chain mutagenesis; protein stability; protein folding; beta-sheet,"PROTEIN SCI 18, 1806-1813 (2009) PMID: 19565466","Jager M, Dendle M, Kelly JW.",-0.85,G,10,A,7.0,40.0,34.31,0,0,0,pdb,UP:Q13526,UP:Q13526:G10A,2124,train
19032,Pin1 WW domain (Trp-Trp),Q13526,E12A (PDB: E12A),Homo sapiens (Human),1PIN,E12A,Sheet,47.51,7.0,40,-0.48,-,-,Unknown,19565466.0,WW domain; Ala scanning; Gly scanning; side chain mutagenesis; protein stability; protein folding; beta-sheet,"PROTEIN SCI 18, 1806-1813 (2009) PMID: 19565466","Jager M, Dendle M, Kelly JW.",-0.48,E,12,A,7.0,40.0,47.51,0,0,0,pdb,UP:Q13526,UP:Q13526:E12A,2125,train
19033,Pin1 WW domain (Trp-Trp),Q13526,K13A (PDB: K13A),Homo sapiens (Human),1PIN,K13A,Sheet,61.74,7.0,40,-0.02,-,-,Unknown,19565466.0,WW domain; Ala scanning; Gly scanning; side chain mutagenesis; protein stability; protein folding; beta-sheet,"PROTEIN SCI 18, 1806-1813 (2009) PMID: 19565466","Jager M, Dendle M, Kelly JW.",-0.02,K,13,A,7.0,40.0,61.74,0,0,0,pdb,UP:Q13526,UP:Q13526:K13A,2126,train
19034,Pin1 WW domain (Trp-Trp),Q13526,M15A (PDB: M15A),Homo sapiens (Human),1PIN,M15A,Sheet,48.98,7.0,40,-0.59,-,-,Unknown,19565466.0,WW domain; Ala scanning; Gly scanning; side chain mutagenesis; protein stability; protein folding; beta-sheet,"PROTEIN SCI 18, 1806-1813 (2009) PMID: 19565466","Jager M, Dendle M, Kelly JW.",-0.59,M,15,A,7.0,40.0,48.98,0,0,0,pdb,UP:Q13526,UP:Q13526:M15A,2127,train
19035,Pin1 WW domain (Trp-Trp),Q13526,S16A (PDB: S16A),Homo sapiens (Human),1PIN,S16A,Coil,35.84,7.0,40,-0.44,-,-,Unknown,19565466.0,WW domain; Ala scanning; Gly scanning; side chain mutagenesis; protein stability; protein folding; beta-sheet,"PROTEIN SCI 18, 1806-1813 (2009) PMID: 19565466","Jager M, Dendle M, Kelly JW.",-0.44,S,16,A,7.0,40.0,35.84,0,0,0,pdb,UP:Q13526,UP:Q13526:S16A,2128,train
19036,Pin1 WW domain (Trp-Trp),Q13526,S16G (PDB: S16G),Homo sapiens (Human),1PIN,S16G,Coil,35.84,7.0,40,-0.92,-,-,Unknown,19565466.0,WW domain; Ala scanning; Gly scanning; side chain mutagenesis; protein stability; protein folding; beta-sheet,"PROTEIN SCI 18, 1806-1813 (2009) PMID: 19565466","Jager M, Dendle M, Kelly JW.",-0.92,S,16,G,7.0,40.0,35.84,0,0,0,pdb,UP:Q13526,UP:Q13526:S16G,2129,train
19037,Pin1 WW domain (Trp-Trp),Q13526,R17A (PDB: R17A),Homo sapiens (Human),1PIN,R17A,Turn,100.44,7.0,40,0,-,-,Unknown,19565466.0,WW domain; Ala scanning; Gly scanning; side chain mutagenesis; protein stability; protein folding; beta-sheet,"PROTEIN SCI 18, 1806-1813 (2009) PMID: 19565466","Jager M, Dendle M, Kelly JW.",0.0,R,17,A,7.0,40.0,100.44,0,0,0,pdb,UP:Q13526,UP:Q13526:R17A,2130,train
19038,Pin1 WW domain (Trp-Trp),Q13526,R17G (PDB: R17G),Homo sapiens (Human),1PIN,R17G,Turn,100.44,7.0,40,-0.22,-,-,Unknown,19565466.0,WW domain; Ala scanning; Gly scanning; side chain mutagenesis; protein stability; protein folding; beta-sheet,"PROTEIN SCI 18, 1806-1813 (2009) PMID: 19565466","Jager M, Dendle M, Kelly JW.",-0.22,R,17,G,7.0,40.0,100.44,0,0,0,pdb,UP:Q13526,UP:Q13526:R17G,2131,train
19039,Pin1 WW domain (Trp-Trp),Q13526,S18A (PDB: S18A),Homo sapiens (Human),1PIN,S18A,Coil,114.33,7.0,40,0.03,-,-,Unknown,19565466.0,WW domain; Ala scanning; Gly scanning; side chain mutagenesis; protein stability; protein folding; beta-sheet,"PROTEIN SCI 18, 1806-1813 (2009) PMID: 19565466","Jager M, Dendle M, Kelly JW.",0.03,S,18,A,7.0,40.0,114.33,0,0,0,pdb,UP:Q13526,UP:Q13526:S18A,2132,train
19040,Pin1 WW domain (Trp-Trp),Q13526,S18G (PDB: S18G),Homo sapiens (Human),1PIN,S18G,Coil,114.33,7.0,40,0.02,-,-,Unknown,19565466.0,WW domain; Ala scanning; Gly scanning; side chain mutagenesis; protein stability; protein folding; beta-sheet,"PROTEIN SCI 18, 1806-1813 (2009) PMID: 19565466","Jager M, Dendle M, Kelly JW.",0.02,S,18,G,7.0,40.0,114.33,0,0,0,pdb,UP:Q13526,UP:Q13526:S18G,2133,train
19041,Pin1 WW domain (Trp-Trp),Q13526,S19A (PDB: S19A),Homo sapiens (Human),1PIN,S19A,Coil,38.4,7.0,40,-0.14,-,-,Unknown,19565466.0,WW domain; Ala scanning; Gly scanning; side chain mutagenesis; protein stability; protein folding; beta-sheet,"PROTEIN SCI 18, 1806-1813 (2009) PMID: 19565466","Jager M, Dendle M, Kelly JW.1806-13.",-0.14,S,19,A,7.0,40.0,38.4,0,0,0,pdb,UP:Q13526,UP:Q13526:S19A,2134,train
19042,Pin1 WW domain (Trp-Trp),Q13526,S19G (PDB: S19G),Homo sapiens (Human),1PIN,S19G,Coil,38.4,7.0,40,0.01,-,-,Unknown,19565466.0,WW domain; Ala scanning; Gly scanning; side chain mutagenesis; protein stability; protein folding; beta-sheet,"PROTEIN SCI 18, 1806-1813 (2009) PMID: 19565466","Jager M, Dendle M, Kelly JW.",0.01,S,19,G,7.0,40.0,38.4,0,0,0,pdb,UP:Q13526,UP:Q13526:S19G,2135,train
19043,Pin1 WW domain (Trp-Trp),Q13526,G20A (PDB: G20A),Homo sapiens (Human),1PIN,G20A,Helix,72.43,7.0,40,-0.86,-,-,Unknown,19565466.0,WW domain; Ala scanning; Gly scanning; side chain mutagenesis; protein stability; protein folding; beta-sheet,"PROTEIN SCI 18, 1806-1813 (2009) PMID: 19565466","Jager M, Dendle M, Kelly JW.",-0.86,G,20,A,7.0,40.0,72.43,0,0,0,pdb,UP:Q13526,UP:Q13526:G20A,2136,train
19044,Pin1 WW domain (Trp-Trp),Q13526,R21A (PDB: R21A),Homo sapiens (Human),1PIN,R21A,Coil,69.43,7.0,40,-0.65,-,-,Unknown,19565466.0,WW domain; Ala scanning; Gly scanning; side chain mutagenesis; protein stability; protein folding; beta-sheet,"PROTEIN SCI 18, 1806-1813 (2009) PMID: 19565466","Jager M, Dendle M, Kelly JW.",-0.65,R,21,A,7.0,40.0,69.43,0,0,0,pdb,UP:Q13526,UP:Q13526:R21A,2137,train
19045,Pin1 WW domain (Trp-Trp),Q13526,R21G (PDB: R21G),Homo sapiens (Human),1PIN,R21G,Coil,69.43,7.0,40,-0.67,-,-,Unknown,19565466.0,WW domain; Ala scanning; Gly scanning; side chain mutagenesis; protein stability; protein folding; beta-sheet,"PROTEIN SCI 18, 1806-1813 (2009) PMID: 19565466","Jager M, Dendle M, Kelly JW.",-0.67,R,21,G,7.0,40.0,69.43,0,0,0,pdb,UP:Q13526,UP:Q13526:R21G,2138,train
19046,Pin1 WW domain (Trp-Trp),Q13526,V22A (PDB: V22A),Homo sapiens (Human),1PIN,V22A,Sheet,43.59,7.0,40,-0.26,-,-,Unknown,19565466.0,WW domain; Ala scanning; Gly scanning; side chain mutagenesis; protein stability; protein folding; beta-sheet,"PROTEIN SCI 18, 1806-1813 (2009) PMID: 19565466","Jager M, Dendle M, Kelly JW.",-0.26,V,22,A,7.0,40.0,43.59,0,0,0,pdb,UP:Q13526,UP:Q13526:V22A,2139,train
19047,Pin1 WW domain (Trp-Trp),Q13526,Y23L (PDB: Y23L),Homo sapiens (Human),1PIN,Y23L,Sheet,21.99,7.0,40,-1.18,-,-,Unknown,19565466.0,WW domain; Ala scanning; Gly scanning; side chain mutagenesis; protein stability; protein folding; beta-sheet,"PROTEIN SCI 18, 1806-1813 (2009) PMID: 19565466","Jager M, Dendle M, Kelly JW.",-1.18,Y,23,L,7.0,40.0,21.99,0,0,0,pdb,UP:Q13526,UP:Q13526:Y23L,2140,train
19048,Pin1 WW domain (Trp-Trp),Q13526,Y23F (PDB: Y23F),Homo sapiens (Human),1PIN,Y23F,Sheet,21.99,7.0,40,-0.52,-,-,Unknown,19565466.0,WW domain; Ala scanning; Gly scanning; side chain mutagenesis; protein stability; protein folding; beta-sheet,"PROTEIN SCI 18, 1806-1813 (2009) PMID: 19565466","Jager M, Dendle M, Kelly JW.",-0.52,Y,23,F,7.0,40.0,21.99,0,0,0,pdb,UP:Q13526,UP:Q13526:Y23F,2141,train
19049,Pin1 WW domain (Trp-Trp),Q13526,Y24F (PDB: Y24F),Homo sapiens (Human),1PIN,Y24F,Sheet,14.97,7.0,40,-0.66,-,-,Unknown,19565466.0,WW domain; Ala scanning; Gly scanning; side chain mutagenesis; protein stability; protein folding; beta-sheet,"PROTEIN SCI 18, 1806-1813 (2009) PMID: 19565466","Jager M, Dendle M, Kelly JW.",-0.66,Y,24,F,7.0,40.0,14.97,0,0,0,pdb,UP:Q13526,UP:Q13526:Y24F,2142,train
19050,Pin1 WW domain (Trp-Trp),Q13526,Y24W (PDB: Y24W),Homo sapiens (Human),1PIN,Y24W,Sheet,14.97,7.0,40,-0.56,-,-,Unknown,19565466.0,WW domain; Ala scanning; Gly scanning; side chain mutagenesis; protein stability; protein folding; beta-sheet,"PROTEIN SCI 18, 1806-1813 (2009) PMID: 19565466","Jager M, Dendle M, Kelly JW.",-0.56,Y,24,W,7.0,40.0,14.97,0,0,0,pdb,UP:Q13526,UP:Q13526:Y24W,2143,train
19051,Pin1 WW domain (Trp-Trp),Q13526,F25L (PDB: F25L),Homo sapiens (Human),1PIN,F25L,Sheet,19.93,7.0,40,-1.37,-,-,Unknown,19565466.0,WW domain; Ala scanning; Gly scanning; side chain mutagenesis; protein stability; protein folding; beta-sheet,"PROTEIN SCI 18, 1806-1813 (2009) PMID: 19565466","Jager M, Dendle M, Kelly JW.",-1.37,F,25,L,7.0,40.0,19.93,0,0,0,pdb,UP:Q13526,UP:Q13526:F25L,2144,train
19052,Pin1 WW domain (Trp-Trp),Q13526,F25Y (PDB: F25Y),Homo sapiens (Human),1PIN,F25Y,Sheet,19.93,7.0,40,0.22,-,-,Unknown,19565466.0,WW domain; Ala scanning; Gly scanning; side chain mutagenesis; protein stability; protein folding; beta-sheet,"PROTEIN SCI 18, 1806-1813 (2009) PMID: 19565466","Jager M, Dendle M, Kelly JW.",0.22,F,25,Y,7.0,40.0,19.93,0,0,0,pdb,UP:Q13526,UP:Q13526:F25Y,2145,train
19053,Pin1 WW domain (Trp-Trp),Q13526,H27A (PDB: H27A),Homo sapiens (Human),1PIN,H27A,Helix,50.03,7.0,40,-0.12,-,-,Unknown,19565466.0,WW domain; Ala scanning; Gly scanning; side chain mutagenesis; protein stability; protein folding; beta-sheet,"PROTEIN SCI 18, 1806-1813 (2009) PMID: 19565466","Jager M, Dendle M, Kelly JW.",-0.12,H,27,A,7.0,40.0,50.03,0,0,0,pdb,UP:Q13526,UP:Q13526:H27A,2146,train
19054,Pin1 WW domain (Trp-Trp),Q13526,H27G (PDB: H27G),Homo sapiens (Human),1PIN,H27G,Helix,50.03,7.0,40,-0.68,-,-,Unknown,19565466.0,WW domain; Ala scanning; Gly scanning; side chain mutagenesis; protein stability; protein folding; beta-sheet,"PROTEIN SCI 18, 1806-1813 (2009) PMID: 19565466","Jager M, Dendle M, Kelly JW.",-0.68,H,27,G,7.0,40.0,50.03,0,0,0,pdb,UP:Q13526,UP:Q13526:H27G,2147,train
19055,Pin1 WW domain (Trp-Trp),Q13526,I28A (PDB: I28A),Homo sapiens (Human),1PIN,I28A,Helix,35.68,7.0,40,-0.36,-,-,Unknown,19565466.0,WW domain; Ala scanning; Gly scanning; side chain mutagenesis; protein stability; protein folding; beta-sheet,"PROTEIN SCI 18, 1806-1813 (2009) PMID: 19565466","Jager M, Dendle M, Kelly JW.",-0.36,I,28,A,7.0,40.0,35.68,0,0,0,pdb,UP:Q13526,UP:Q13526:I28A,2148,train
19056,Pin1 WW domain (Trp-Trp),Q13526,I28G (PDB: I28G),Homo sapiens (Human),1PIN,I28G,Helix,35.68,7.0,40,-0.48,-,-,Unknown,19565466.0,WW domain; Ala scanning; Gly scanning; side chain mutagenesis; protein stability; protein folding; beta-sheet,"PROTEIN SCI 18, 1806-1813 (2009) PMID: 19565466","Jager M, Dendle M, Kelly JW.",-0.48,I,28,G,7.0,40.0,35.68,0,0,0,pdb,UP:Q13526,UP:Q13526:I28G,2149,train
19057,Pin1 WW domain (Trp-Trp),Q13526,T29A (PDB: T29A),Homo sapiens (Human),1PIN,T29A,Turn,0.72,7.0,40,-1.25,-,-,Unknown,19565466.0,WW domain; Ala scanning; Gly scanning; side chain mutagenesis; protein stability; protein folding; beta-sheet,"PROTEIN SCI 18, 1806-1813 (2009) PMID: 19565466","Jager M, Dendle M, Kelly JW.",-1.25,T,29,A,7.0,40.0,0.72,0,0,0,pdb,UP:Q13526,UP:Q13526:T29A,2150,train
19058,Pin1 WW domain (Trp-Trp),Q13526,T29S (PDB: T29S),Homo sapiens (Human),1PIN,T29S,Turn,0.72,7.0,40,-0.65,-,-,Unknown,19565466.0,WW domain; Ala scanning; Gly scanning; side chain mutagenesis; protein stability; protein folding; beta-sheet,"PROTEIN SCI 18, 1806-1813 (2009) PMID: 19565466","Jager M, Dendle M, Kelly JW.",-0.65,T,29,S,7.0,40.0,0.72,0,0,0,pdb,UP:Q13526,UP:Q13526:T29S,2151,train
19059,Pin1 WW domain (Trp-Trp),Q13526,T29D (PDB: T29D),Homo sapiens (Human),1PIN,T29D,Turn,0.72,7.0,40,-1.33,-,-,Unknown,19565466.0,WW domain; Ala scanning; Gly scanning; side chain mutagenesis; protein stability; protein folding; beta-sheet,"PROTEIN SCI 18, 1806-1813 (2009) PMID: 19565466","Jager M, Dendle M, Kelly JW.",-1.33,T,29,D,7.0,40.0,0.72,0,0,0,pdb,UP:Q13526,UP:Q13526:T29D,2152,train
19060,Pin1 WW domain (Trp-Trp),Q13526,N30A (PDB: N30A),Homo sapiens (Human),1PIN,N30A,Turn,34.15,7.0,40,-0.47,-,-,Unknown,19565466.0,WW domain; Ala scanning; Gly scanning; side chain mutagenesis; protein stability; protein folding; beta-sheet,"PROTEIN SCI 18, 1806-1813 (2009) PMID: 19565466","Jager M, Dendle M, Kelly JW.",-0.47,N,30,A,7.0,40.0,34.15,0,0,0,pdb,UP:Q13526,UP:Q13526:N30A,2153,train
19061,Pin1 WW domain (Trp-Trp),Q13526,N30G (PDB: N30G),Homo sapiens (Human),1PIN,N30G,Turn,34.15,7.0,40,0.53,-,-,Unknown,19565466.0,WW domain; Ala scanning; Gly scanning; side chain mutagenesis; protein stability; protein folding; beta-sheet,"PROTEIN SCI 18, 1806-1813 (2009) PMID: 19565466","Jager M, Dendle M, Kelly JW.",0.53,N,30,G,7.0,40.0,34.15,0,0,0,pdb,UP:Q13526,UP:Q13526:N30G,2154,train
19062,Pin1 WW domain (Trp-Trp),Q13526,A31G (PDB: A31G),Homo sapiens (Human),1PIN,A31G,Coil,6.35,7.0,40,-1.49,-,-,Unknown,19565466.0,WW domain; Ala scanning; Gly scanning; side chain mutagenesis; protein stability; protein folding; beta-sheet,"PROTEIN SCI 18, 1806-1813 (2009) PMID: 19565466","Jager M, Dendle M, Kelly JW.",-1.49,A,31,G,7.0,40.0,6.35,0,0,0,pdb,UP:Q13526,UP:Q13526:A31G,2155,train
19063,Pin1 WW domain (Trp-Trp),Q13526,S32A (PDB: S32A),Homo sapiens (Human),1PIN,S32A,Coil,36.69,7.0,40,-0.26,-,-,Unknown,19565466.0,WW domain; Ala scanning; Gly scanning; side chain mutagenesis; protein stability; protein folding; beta-sheet,"PROTEIN SCI 18, 1806-1813 (2009) PMID: 19565466","Jager M, Dendle M, Kelly JW.",-0.26,S,32,A,7.0,40.0,36.69,0,0,0,pdb,UP:Q13526,UP:Q13526:S32A,2156,train
19064,Pin1 WW domain (Trp-Trp),Q13526,S32G (PDB: S32G),Homo sapiens (Human),1PIN,S32G,Coil,36.69,7.0,40,-0.81,-,-,Unknown,19565466.0,WW domain; Ala scanning; Gly scanning; side chain mutagenesis; protein stability; protein folding; beta-sheet,"PROTEIN SCI 18, 1806-1813 (2009) PMID: 19565466","Jager M, Dendle M, Kelly JW.",-0.81,S,32,G,7.0,40.0,36.69,0,0,0,pdb,UP:Q13526,UP:Q13526:S32G,2157,train
19065,Pin1 WW domain (Trp-Trp),Q13526,Q33A (PDB: Q33A),Homo sapiens (Human),1PIN,Q33A,Sheet,28.0,7.0,40,-0.57,-,-,Unknown,19565466.0,WW domain; Ala scanning; Gly scanning; side chain mutagenesis; protein stability; protein folding; beta-sheet,"PROTEIN SCI 18, 1806-1813 (2009) PMID: 19565466","Jager M, Dendle M, Kelly JW.",-0.57,Q,33,A,7.0,40.0,28.0,0,0,0,pdb,UP:Q13526,UP:Q13526:Q33A,2158,train
19066,Pin1 WW domain (Trp-Trp),Q13526,W34A (PDB: W34A),Homo sapiens (Human),1PIN,W34A,Coil,65.28,7.0,40,-0.4,-,-,Unknown,19565466.0,WW domain; Ala scanning; Gly scanning; side chain mutagenesis; protein stability; protein folding; beta-sheet,"PROTEIN SCI 18, 1806-1813 (2009) PMID: 19565466","Jager M, Dendle M, Kelly JW.",-0.4,W,34,A,7.0,40.0,65.28,0,0,0,pdb,UP:Q13526,UP:Q13526:W34A,2159,train
19067,Pin1 WW domain (Trp-Trp),Q13526,W34F (PDB: W34F),Homo sapiens (Human),1PIN,W34F,Coil,65.28,7.0,40,-0.1,-,-,Unknown,19565466.0,WW domain; Ala scanning; Gly scanning; side chain mutagenesis; protein stability; protein folding; beta-sheet,"PROTEIN SCI 18, 1806-1813 (2009) PMID: 19565466","Jager M, Dendle M, Kelly JW.",-0.1,W,34,F,7.0,40.0,65.28,0,0,0,pdb,UP:Q13526,UP:Q13526:W34F,2160,train
19068,Pin1 WW domain (Trp-Trp),Q13526,E35A (PDB: E35A),Homo sapiens (Human),1PIN,E35A,Sheet,72.12,7.0,40,-0.73,-,-,Unknown,19565466.0,WW domain; Ala scanning; Gly scanning; side chain mutagenesis; protein stability; protein folding; beta-sheet,"PROTEIN SCI 18, 1806-1813 (2009) PMID: 19565466","Jager M, Dendle M, Kelly JW.",-0.73,E,35,A,7.0,40.0,72.12,0,0,0,pdb,UP:Q13526,UP:Q13526:E35A,2161,train
19069,Pin1 WW domain (Trp-Trp),Q13526,R36A (PDB: R36A),Homo sapiens (Human),1PIN,R36A,Coil,45.85,7.0,40,-0.29,-,-,Unknown,19565466.0,WW domain; Ala scanning; Gly scanning; side chain mutagenesis; protein stability; protein folding; beta-sheet,"PROTEIN SCI 18, 1806-1813 (2009) PMID: 19565466","Jager M, Dendle M, Kelly JW.",-0.29,R,36,A,7.0,40.0,45.85,0,0,0,pdb,UP:Q13526,UP:Q13526:R36A,2162,train
19070,Pin1 WW domain (Trp-Trp),Q13526,S38A (PDB: S38A),Homo sapiens (Human),1PIN,S38A,Coil,26.45,7.0,40,0.05,-,-,Unknown,19565466.0,WW domain; Ala scanning; Gly scanning; side chain mutagenesis; protein stability; protein folding; beta-sheet,"PROTEIN SCI 18, 1806-1813 (2009) PMID: 19565466","Jager M, Dendle M, Kelly JW.",0.05,S,38,A,7.0,40.0,26.45,0,0,0,pdb,UP:Q13526,UP:Q13526:S38A,2163,train
19071,Pin1 WW domain (Trp-Trp),Q13526,S38G (PDB: S38G),Homo sapiens (Human),1PIN,S38G,Coil,26.45,7.0,40,-0.08,-,-,Unknown,19565466.0,WW domain; Ala scanning; Gly scanning; side chain mutagenesis; protein stability; protein folding; beta-sheet,"PROTEIN SCI 18, 1806-1813 (2009) PMID: 19565466","Jager M, Dendle M, Kelly JW.",-0.08,S,38,G,7.0,40.0,26.45,0,0,0,pdb,UP:Q13526,UP:Q13526:S38G,2164,train
19150,Acidic fibroblast growth factor,P05230,H36Y (UniProt),Homo sapiens (Human),2AFG,-,Helix,4.4,7.3,39.8,0.75,-,-,Yes,15469994.0,DNA synthesis; fibroblast growth factor; MAP kinase activation; protein engineering; stability,"PROTEIN ENG DES SEL 17, 603-611 (2004) PMID: 15469994","Zakrzewska M, Krowarsch D, Wiedlocha A, Otlewski J",0.75,H,36,Y,7.3,39.8,4.4,0,0,0,uniprot,UP:P05230,UP:P05230:H36Y,2165,train
19151,Acidic fibroblast growth factor,P05230,L59F (UniProt),Homo sapiens (Human),2AFG,-,Sheet,0.0,7.3,39.8,0.31,-,-,Yes,15469994.0,DNA synthesis; fibroblast growth factor; MAP kinase activation; protein engineering; stability,"PROTEIN ENG DES SEL 17, 603-611 (2004) PMID: 15469994","Zakrzewska M, Krowarsch D, Wiedlocha A, Otlewski J",0.31,L,59,F,7.3,39.8,0.0,0,0,0,uniprot,UP:P05230,UP:P05230:L59F,2166,train
19152,Acidic fibroblast growth factor,P05230,H117Y (UniProt),Homo sapiens (Human),2AFG,-,Helix,8.8,7.3,39.8,0.4,-,-,Yes,15469994.0,DNA synthesis; fibroblast growth factor; MAP kinase activation; protein engineering; stability,"PROTEIN ENG DES SEL 17, 603-611 (2004) PMID: 15469994","Zakrzewska M, Krowarsch D, Wiedlocha A, Otlewski J",0.4,H,117,Y,7.3,39.8,8.8,0,0,0,uniprot,UP:P05230,UP:P05230:H117Y,2167,train
19153,Acidic fibroblast growth factor,P05230,F123Y (UniProt),Homo sapiens (Human),2AFG,-,Sheet,4.48,7.3,39.8,0.33,-,-,Yes,15469994.0,DNA synthesis; fibroblast growth factor; MAP kinase activation; protein engineering; stability,"PROTEIN ENG DES SEL 17, 603-611 (2004) PMID: 15469994","Zakrzewska M, Krowarsch D, Wiedlocha A, Otlewski J",0.33,F,123,Y,7.3,39.8,4.48,0,0,0,uniprot,UP:P05230,UP:P05230:F123Y,2168,train
19154,Acidic fibroblast growth factor,P05230,V124I (UniProt),Homo sapiens (Human),2AFG,-,Coil,0.65,7.3,39.8,-0.08,-,-,Yes,15469994.0,DNA synthesis; fibroblast growth factor; MAP kinase activation; protein engineering; stability,"PROTEIN ENG DES SEL 17, 603-611 (2004) PMID: 15469994","Zakrzewska M, Krowarsch D, Wiedlocha A, Otlewski J",-0.08,V,124,I,7.3,39.8,0.65,0,0,0,uniprot,UP:P05230,UP:P05230:V124I,2169,train
19167,Acidic fibroblast growth factor,P05230,C132S (UniProt),Homo sapiens (Human),2AFG,-,Coil,12.82,6.6,39.6,-0.26,-,-,yes,10852713.0,thermal stability; specific activity; sulfhydryl chemistry;,"BIOCHEMISTRY 39, 7153-7158 (2000) PMID: 10852713","Culajay JF, Blaber SI, Khurana A, Blaber M",-0.26,C,132,S,6.6,39.6,12.82,0,0,0,uniprot,UP:P05230,UP:P05230:C132S,2170,train
19168,Acidic fibroblast growth factor,P05230,H108G (PDB: H93G),Homo sapiens (Human),2AFG,H93G,Helix,85.21,6.6,39.6,1.6,-,-,yes,10852713.0,thermal stability; specific activity; sulfhydryl chemistry;,"BIOCHEMISTRY 39, 7153-7158 (2000) PMID: 10852713","Culajay JF, Blaber SI, Khurana A, Blaber M",1.6,H,108,G,6.6,39.6,85.21,0,0,0,pdb,UP:P05230,UP:P05230:H108G,2171,train
19170,Lysozyme,P00720,S38N (PDB: S38N),Enterobacteria phage T4 (Bacteriophage T4),2LZM,S38N,Coil,46.08,2.0,39.5,-0.1,-,-,yes,1911773.0,T4 lysozyme; thermostability; alpha-helix dipole;,"BIOCHEMISTRY 30, 9816-9828 (1991) PMID: 1911773","Nicholson H., Anderson D.E., Dao-pin S. & Matthews B.W.",-0.1,S,38,N,2.0,39.5,46.08,0,0,0,pdb,UP:P00720,UP:P00720:S38N,2172,train
19171,Lysozyme,P00720,D92N (PDB: D92N),Enterobacteria phage T4 (Bacteriophage T4),2LZM,D92N,Coil,38.86,2.0,39.5,-0.1,-,-,yes,1911773.0,T4 lysozyme; thermostability; alpha-helix dipole;,"BIOCHEMISTRY 30, 9816-9828 (1991) PMID: 1911773","Nicholson H., Anderson D.E., Dao-pin S. & Matthews B.W.",-0.1,D,92,N,2.0,39.5,38.86,0,0,0,pdb,UP:P00720,UP:P00720:D92N,2173,train
19172,Lysozyme,P00720,T109D (PDB: T109D),Enterobacteria phage T4 (Bacteriophage T4),2LZM,T109D,Turn,84.35,2.0,39.5,-0.3,-,-,yes,1911773.0,T4 lysozyme; thermostability; alpha-helix dipole;,"BIOCHEMISTRY 30, 9816-9828 (1991) PMID: 1911773","Nicholson H., Anderson D.E., Dao-pin S. & Matthews B.W.",-0.3,T,109,D,2.0,39.5,84.35,0,0,0,pdb,UP:P00720,UP:P00720:T109D,2174,train
19173,Lysozyme,P00720,T109N (PDB: T109N),Enterobacteria phage T4 (Bacteriophage T4),2LZM,T109N,Turn,84.35,2.0,39.5,0,-,-,yes,1911773.0,T4 lysozyme; thermostability; alpha-helix dipole;,"BIOCHEMISTRY 30, 9816-9828 (1991) PMID: 1911773","Nicholson H., Anderson D.E., Dao-pin S. & Matthews B.W.",0.0,T,109,N,2.0,39.5,84.35,0,0,0,pdb,UP:P00720,UP:P00720:T109N,2175,train
19174,Lysozyme,P00720,N144H (PDB: N144H),Enterobacteria phage T4 (Bacteriophage T4),2LZM,N144H,Helix,75.14,2.0,39.5,-0.6,-,-,yes,1911773.0,T4 lysozyme; thermostability; alpha-helix dipole;,"BIOCHEMISTRY 30, 9816-9828 (1991) PMID: 1911773","Nicholson H., Anderson D.E., Dao-pin S. & Matthews B.W.",-0.6,N,144,H,2.0,39.5,75.14,0,0,0,pdb,UP:P00720,UP:P00720:N144H,2176,train
19175,Trypsin inhibitor,P00974,R36A (PDB: R1A),Bos taurus (Bovine),1BPI,R1A,Coil,67.69,7.0,39,-0.5,-,-,Unknown,7540212.0,BPTI; protein folding; protein stability,"J MOL BIOL 249, 388-397 (1995) PMID: 7540212","Yu MH, Weissman JS, Kim PS",-0.5,R,36,A,7.0,39.0,67.69,0,0,0,pdb,UP:P00974,UP:P00974:R36A,2177,train
19176,Trypsin inhibitor,P00974,P37A (PDB: P2A),Bos taurus (Bovine),1BPI,P2A,Helix,42.28,7.0,39,-1.3,-,-,Unknown,7540212.0,BPTI; protein folding; protein stability,"J MOL BIOL 249, 388-397 (1995) PMID: 7540212","Yu MH, Weissman JS, Kim PS",-1.3,P,37,A,7.0,39.0,42.28,0,0,0,pdb,UP:P00974,UP:P00974:P37A,2178,train
19177,Trypsin inhibitor,P00974,D38A (PDB: D3A),Bos taurus (Bovine),1BPI,D3A,Helix,88.83,7.0,39,0.2,-,-,Unknown,7540212.0,BPTI; protein folding; protein stability,"J MOL BIOL 249, 388-397 (1995) PMID: 7540212","Yu MH, Weissman JS, Kim PS",0.2,D,38,A,7.0,39.0,88.83,0,0,0,pdb,UP:P00974,UP:P00974:D38A,2179,train
19178,Trypsin inhibitor,P00974,F39A (PDB: F4A),Bos taurus (Bovine),1BPI,F4A,Helix,8.47,7.0,39,-3,-,-,Unknown,7540212.0,BPTI; protein folding; protein stability,"J MOL BIOL 249, 388-397 (1995) PMID: 7540212","Yu MH, Weissman JS, Kim PS",-3.0,F,39,A,7.0,39.0,8.47,0,0,0,pdb,UP:P00974,UP:P00974:F39A,2180,train
19179,Trypsin inhibitor,P00974,L6A (PDB: L6A),Bos taurus (Bovine),1BPI,L6A,Helix,59.53,7.0,39,-0.6,-,-,Unknown,7540212.0,BPTI; protein folding; protein stability,"J MOL BIOL 249, 388-397 (1995) PMID: 7540212","Yu MH, Weissman JS, Kim PS",-0.6,L,6,A,7.0,39.0,59.53,0,0,0,pdb,UP:P00974,UP:P00974:L6A,2181,train
19180,Trypsin inhibitor,P00974,E42A (PDB: E7A),Bos taurus (Bovine),1BPI,E7A,Sheet,31.48,7.0,39,-1.5,-,-,Unknown,7540212.0,BPTI; protein folding; protein stability,"J MOL BIOL 249, 388-397 (1995) PMID: 7540212","Yu MH, Weissman JS, Kim PS",-1.5,E,42,A,7.0,39.0,31.48,0,0,0,pdb,UP:P00974,UP:P00974:E42A,2182,train
19181,Trypsin inhibitor,P00974,P43A (PDB: P8A),Bos taurus (Bovine),1BPI,P8A,Coil,71.18,7.0,39,-0.3,-,-,Unknown,7540212.0,BPTI; protein folding; protein stability,"J MOL BIOL 249, 388-397 (1995) PMID: 7540212","Yu MH, Weissman JS, Kim PS",-0.3,P,43,A,7.0,39.0,71.18,0,0,0,pdb,UP:P00974,UP:P00974:P43A,2183,train
19182,Trypsin inhibitor,P00974,P44A (PDB: P9A),Bos taurus (Bovine),1BPI,P9A,Coil,33.12,7.0,39,-0.8,-,-,Unknown,7540212.0,BPTI; protein folding; protein stability,"J MOL BIOL 249, 388-397 (1995) PMID: 7540212","Yu MH, Weissman JS, Kim PS",-0.8,P,44,A,7.0,39.0,33.12,0,0,0,pdb,UP:P00974,UP:P00974:P44A,2184,train
19183,Trypsin inhibitor,P00974,Y45A (PDB: Y10A),Bos taurus (Bovine),1BPI,Y10A,Coil,41.65,7.0,39,-1.2,-,-,Unknown,7540212.0,BPTI; protein folding; protein stability,"J MOL BIOL 249, 388-397 (1995) PMID: 7540212","Yu MH, Weissman JS, Kim PS",-1.2,Y,45,A,7.0,39.0,41.65,0,0,0,pdb,UP:P00974,UP:P00974:Y45A,2185,train
19184,Trypsin inhibitor,P00974,T46A (PDB: T11A),Bos taurus (Bovine),1BPI,T11A,Turn,49.03,7.0,39,0,-,-,Unknown,7540212.0,BPTI; protein folding; protein stability,"J MOL BIOL 249, 388-397 (1995) PMID: 7540212","Yu MH, Weissman JS, Kim PS",0.0,T,46,A,7.0,39.0,49.03,0,0,0,pdb,UP:P00974,UP:P00974:T46A,2186,train
19185,Trypsin inhibitor,P00974,G47A (PDB: G12A),Bos taurus (Bovine),1BPI,G12A,Helix,22.87,7.0,39,-1.8,-,-,Unknown,7540212.0,BPTI; protein folding; protein stability,"J MOL BIOL 249, 388-397 (1995) PMID: 7540212","Yu MH, Weissman JS, Kim PS",-1.8,G,47,A,7.0,39.0,22.87,0,0,0,pdb,UP:P00974,UP:P00974:G47A,2187,train
19186,Trypsin inhibitor,P00974,P48A (PDB: P13A),Bos taurus (Bovine),1BPI,P13A,Coil,45.81,7.0,39,-1.2,-,-,Unknown,7540212.0,BPTI; protein folding; protein stability,"J MOL BIOL 249, 388-397 (1995) PMID: 7540212","Yu MH, Weissman JS, Kim PS",-1.2,P,48,A,7.0,39.0,45.81,0,0,0,pdb,UP:P00974,UP:P00974:P48A,2188,train
19187,Trypsin inhibitor,P00974,K50A (PDB: K15A),Bos taurus (Bovine),1BPI,K15A,Coil,90.42,7.0,39,-0.4,-,-,Unknown,7540212.0,BPTI; protein folding; protein stability,"J MOL BIOL 249, 388-397 (1995) PMID: 7540212","Yu MH, Weissman JS, Kim PS",-0.4,K,50,A,7.0,39.0,90.42,0,0,0,pdb,UP:P00974,UP:P00974:K50A,2189,train
19188,Trypsin inhibitor,P00974,R52A (PDB: R17A),Bos taurus (Bovine),1BPI,R17A,Coil,98.69,7.0,39,-0.3,-,-,Unknown,7540212.0,BPTI; protein folding; protein stability,"J MOL BIOL 249, 388-397 (1995) PMID: 7540212","Yu MH, Weissman JS, Kim PS",-0.3,R,52,A,7.0,39.0,98.69,0,0,0,pdb,UP:P00974,UP:P00974:R52A,2190,train
19189,Trypsin inhibitor,P00974,I53A (PDB: I18A),Bos taurus (Bovine),1BPI,I18A,Helix,32.43,7.0,39,-1.5,-,-,Unknown,7540212.0,BPTI; protein folding; protein stability,"J MOL BIOL 249, 388-397 (1995) PMID: 7540212","Yu MH, Weissman JS, Kim PS",-1.5,I,53,A,7.0,39.0,32.43,0,0,0,pdb,UP:P00974,UP:P00974:I53A,2191,train
19190,Trypsin inhibitor,P00974,I54A (PDB: I19A),Bos taurus (Bovine),1BPI,I19A,Helix,55.68,7.0,39,-2.1,-,-,Unknown,7540212.0,BPTI; protein folding; protein stability,"J MOL BIOL 249, 388-397 (1995) PMID: 7540212","Yu MH, Weissman JS, Kim PS",-2.1,I,54,A,7.0,39.0,55.68,0,0,0,pdb,UP:P00974,UP:P00974:I54A,2192,train
19191,Trypsin inhibitor,P00974,R55A (PDB: R20A),Bos taurus (Bovine),1BPI,R20A,Sheet,19.21,7.0,39,-1.8,-,-,Unknown,7540212.0,BPTI; protein folding; protein stability,"J MOL BIOL 249, 388-397 (1995) PMID: 7540212","Yu MH, Weissman JS, Kim PS",-1.8,R,55,A,7.0,39.0,19.21,0,0,0,pdb,UP:P00974,UP:P00974:R55A,2193,train
19192,Trypsin inhibitor,P00974,F57A (PDB: F22A),Bos taurus (Bovine),1BPI,F22A,Sheet,12.95,7.0,39,-2,-,-,Unknown,7540212.0,BPTI; protein folding; protein stability,"J MOL BIOL 249, 388-397 (1995) PMID: 7540212","Yu MH, Weissman JS, Kim PS",-2.0,F,57,A,7.0,39.0,12.95,0,0,0,pdb,UP:P00974,UP:P00974:F57A,2194,train
19193,Trypsin inhibitor,P00974,N59A (PDB: N24A),Bos taurus (Bovine),1BPI,N24A,Sheet,28.01,7.0,39,-2.2,-,-,Unknown,7540212.0,BPTI; protein folding; protein stability,"J MOL BIOL 249, 388-397 (1995) PMID: 7540212","Yu MH, Weissman JS, Kim PS",-2.2,N,59,A,7.0,39.0,28.01,0,0,0,pdb,UP:P00974,UP:P00974:N59A,2195,train
19194,Trypsin inhibitor,P00974,K61A (PDB: K26A),Bos taurus (Bovine),1BPI,K26A,Coil,102.09,7.0,39,0,-,-,Unknown,7540212.0,BPTI; protein folding; protein stability,"J MOL BIOL 249, 388-397 (1995) PMID: 7540212","Yu MH, Weissman JS, Kim PS",0.0,K,61,A,7.0,39.0,102.09,0,0,0,pdb,UP:P00974,UP:P00974:K61A,2196,train
19195,Trypsin inhibitor,P00974,G63A (PDB: G28A),Bos taurus (Bovine),1BPI,G28A,Helix,48.28,7.0,39,-1,-,-,Unknown,7540212.0,BPTI; protein folding; protein stability,"J MOL BIOL 249, 388-397 (1995) PMID: 7540212","Yu MH, Weissman JS, Kim PS",-1.0,G,63,A,7.0,39.0,48.28,0,0,0,pdb,UP:P00974,UP:P00974:G63A,2197,train
19196,Trypsin inhibitor,P00974,L64A (PDB: L29A),Bos taurus (Bovine),1BPI,L29A,Sheet,54.07,7.0,39,0,-,-,Unknown,7540212.0,BPTI; protein folding; protein stability,"J MOL BIOL 249, 388-397 (1995) PMID: 7540212","Yu MH, Weissman JS, Kim PS",0.0,L,64,A,7.0,39.0,54.07,0,0,0,pdb,UP:P00974,UP:P00974:L64A,2198,train
19197,Trypsin inhibitor,P00974,Q31A (PDB: Q31A),Bos taurus (Bovine),1BPI,Q31A,Sheet,39.75,7.0,39,-1,-,-,Unknown,7540212.0,BPTI; protein folding; protein stability,"J MOL BIOL 249, 388-397 (1995) PMID: 7540212","Yu MH, Weissman JS, Kim PS",-1.0,Q,31,A,7.0,39.0,39.75,0,0,0,pdb,UP:P00974,UP:P00974:Q31A,2199,train
19198,Trypsin inhibitor,P00974,T67A (PDB: T32A),Bos taurus (Bovine),1BPI,T32A,Turn,62.73,7.0,39,-0.1,-,-,Unknown,7540212.0,BPTI; protein folding; protein stability,"J MOL BIOL 249, 388-397 (1995) PMID: 7540212","Yu MH, Weissman JS, Kim PS",-0.1,T,67,A,7.0,39.0,62.73,0,0,0,pdb,UP:P00974,UP:P00974:T67A,2200,train
19199,Trypsin inhibitor,P00974,V69A (PDB: V34A),Bos taurus (Bovine),1BPI,V34A,Sheet,39.69,7.0,39,-1.2,-,-,Unknown,7540212.0,BPTI; protein folding; protein stability,"J MOL BIOL 249, 388-397 (1995) PMID: 7540212","Yu MH, Weissman JS, Kim PS",-1.2,V,69,A,7.0,39.0,39.69,0,0,0,pdb,UP:P00974,UP:P00974:V69A,2201,train
19200,Trypsin inhibitor,P00974,Y70A (PDB: Y35A),Bos taurus (Bovine),1BPI,Y35A,Sheet,8.89,7.0,39,-1.1,-,-,Unknown,7540212.0,BPTI; protein folding; protein stability,"J MOL BIOL 249, 388-397 (1995) PMID: 7540212","Yu MH, Weissman JS, Kim PS",-1.1,Y,70,A,7.0,39.0,8.89,0,0,0,pdb,UP:P00974,UP:P00974:Y70A,2202,train
19201,Trypsin inhibitor,P00974,G71A (PDB: G36A),Bos taurus (Bovine),1BPI,G36A,Helix,1.27,7.0,39,-2.1,-,-,Unknown,7540212.0,BPTI; protein folding; protein stability,"J MOL BIOL 249, 388-397 (1995) PMID: 7540212","Yu MH, Weissman JS, Kim PS",-2.1,G,71,A,7.0,39.0,1.27,0,0,0,pdb,UP:P00974,UP:P00974:G71A,2203,train
19202,Trypsin inhibitor,P00974,G72A (PDB: G37A),Bos taurus (Bovine),1BPI,G37A,Helix,47.01,7.0,39,-2.3,-,-,Unknown,7540212.0,BPTI; protein folding; protein stability,"J MOL BIOL 249, 388-397 (1995) PMID: 7540212","Yu MH, Weissman JS, Kim PS",-2.3,G,72,A,7.0,39.0,47.01,0,0,0,pdb,UP:P00974,UP:P00974:G72A,2204,train
19203,Trypsin inhibitor,P00974,R74A (PDB: R39A),Bos taurus (Bovine),1BPI,R39A,Coil,86.46,7.0,39,0,-,-,Unknown,7540212.0,BPTI; protein folding; protein stability,"J MOL BIOL 249, 388-397 (1995) PMID: 7540212","Yu MH, Weissman JS, Kim PS",0.0,R,74,A,7.0,39.0,86.46,0,0,0,pdb,UP:P00974,UP:P00974:R74A,2205,train
19204,Trypsin inhibitor,P00974,K76A (PDB: K41A),Bos taurus (Bovine),1BPI,K41A,Coil,50.56,7.0,39,-0.4,-,-,Unknown,7540212.0,BPTI; protein folding; protein stability,"J MOL BIOL 249, 388-397 (1995) PMID: 7540212","Yu MH, Weissman JS, Kim PS",-0.4,K,76,A,7.0,39.0,50.56,0,0,0,pdb,UP:P00974,UP:P00974:K76A,2206,train
19205,Trypsin inhibitor,P00974,R77A (PDB: R42A),Bos taurus (Bovine),1BPI,R42A,Coil,72.49,7.0,39,-0.5,-,-,Unknown,7540212.0,BPTI; protein folding; protein stability,"J MOL BIOL 249, 388-397 (1995) PMID: 7540212","Yu MH, Weissman JS, Kim PS",-0.5,R,77,A,7.0,39.0,72.49,0,0,0,pdb,UP:P00974,UP:P00974:R77A,2207,train
19206,Trypsin inhibitor,P00974,N79A (PDB: N44A),Bos taurus (Bovine),1BPI,N44A,Coil,14.34,7.0,39,-3.3,-,-,Unknown,7540212.0,BPTI; protein folding; protein stability,"J MOL BIOL 249, 388-397 (1995) PMID: 7540212","Yu MH, Weissman JS, Kim PS",-3.3,N,79,A,7.0,39.0,14.34,0,0,0,pdb,UP:P00974,UP:P00974:N79A,2208,train
19207,Trypsin inhibitor,P00974,K81A (PDB: K46A),Bos taurus (Bovine),1BPI,K46A,Coil,80.7,7.0,39,0.1,-,-,Unknown,7540212.0,BPTI; protein folding; protein stability,"J MOL BIOL 249, 388-397 (1995) PMID: 7540212","Yu MH, Weissman JS, Kim PS",0.1,K,81,A,7.0,39.0,80.7,0,0,0,pdb,UP:P00974,UP:P00974:K81A,2209,train
19208,Trypsin inhibitor,P00974,S82A (PDB: S47A),Bos taurus (Bovine),1BPI,S47A,Coil,23.89,7.0,39,-1.6,-,-,Unknown,7540212.0,BPTI; protein folding; protein stability,"J MOL BIOL 249, 388-397 (1995) PMID: 7540212","Yu MH, Weissman JS, Kim PS",-1.6,S,82,A,7.0,39.0,23.89,0,0,0,pdb,UP:P00974,UP:P00974:S82A,2210,train
19209,Trypsin inhibitor,P00974,E84A (PDB: E49A),Bos taurus (Bovine),1BPI,E49A,Sheet,71.55,7.0,39,-0.2,-,-,Unknown,7540212.0,BPTI; protein folding; protein stability,"J MOL BIOL 249, 388-397 (1995) PMID: 7540212","Yu MH, Weissman JS, Kim PS",-0.2,E,84,A,7.0,39.0,71.55,0,0,0,pdb,UP:P00974,UP:P00974:E84A,2211,train
19210,Trypsin inhibitor,P00974,D85A (PDB: D50A),Bos taurus (Bovine),1BPI,D50A,Helix,41.64,7.0,39,-0.4,-,-,Unknown,7540212.0,BPTI; protein folding; protein stability,"J MOL BIOL 249, 388-397 (1995) PMID: 7540212","Yu MH, Weissman JS, Kim PS",-0.4,D,85,A,7.0,39.0,41.64,0,0,0,pdb,UP:P00974,UP:P00974:D85A,2212,train
19211,Trypsin inhibitor,P00974,M87A (PDB: M52A),Bos taurus (Bovine),1BPI,M52A,Helix,59.97,7.0,39,-1.7,-,-,Unknown,7540212.0,BPTI; protein folding; protein stability,"J MOL BIOL 249, 388-397 (1995) PMID: 7540212","Yu MH, Weissman JS, Kim PS",-1.7,M,87,A,7.0,39.0,59.97,0,0,0,pdb,UP:P00974,UP:P00974:M87A,2213,train
19212,Trypsin inhibitor,P00974,R88A (PDB: R53A),Bos taurus (Bovine),1BPI,R53A,Helix,75.11,7.0,39,-0.1,-,-,Unknown,7540212.0,BPTI; protein folding; protein stability,"J MOL BIOL 249, 388-397 (1995) PMID: 7540212","Yu MH, Weissman JS, Kim PS",-0.1,R,88,A,7.0,39.0,75.11,0,0,0,pdb,UP:P00974,UP:P00974:R88A,2214,train
19213,Trypsin inhibitor,P00974,T89A (PDB: T54A),Bos taurus (Bovine),1BPI,T54A,Turn,38.93,7.0,39,-0.1,-,-,Unknown,7540212.0,BPTI; protein folding; protein stability,"J MOL BIOL 249, 388-397 (1995) PMID: 7540212","Yu MH, Weissman JS, Kim PS",-0.1,T,89,A,7.0,39.0,38.93,0,0,0,pdb,UP:P00974,UP:P00974:T89A,2215,train
19214,Trypsin inhibitor,P00974,G91A (PDB: G56A),Bos taurus (Bovine),1BPI,G56A,Helix,22.87,7.0,39,-0.2,-,-,Unknown,7540212.0,BPTI; protein folding; protein stability,"J MOL BIOL 249, 388-397 (1995) PMID: 7540212","Yu MH, Weissman JS, Kim PS",-0.2,G,91,A,7.0,39.0,22.87,0,0,0,pdb,UP:P00974,UP:P00974:G91A,2216,train
19215,Trypsin inhibitor,P00974,G92A (PDB: G57A),Bos taurus (Bovine),1BPI,G57A,Helix,49.56,7.0,39,-0.2,-,-,Unknown,7540212.0,BPTI; protein folding; protein stability,"J MOL BIOL 249, 388-397 (1995) PMID: 7540212","Yu MH, Weissman JS, Kim PS",-0.2,G,92,A,7.0,39.0,49.56,0,0,0,pdb,UP:P00974,UP:P00974:G92A,2217,train
19221,Lysozyme,P00720,T157A (PDB: T157A),Enterobacteria phage T4 (Bacteriophage T4),2LZM,T157A,Turn,35.33,2.0,38.8,-1.1,-,-,yes,1993203.0,T4 lysozyme; thermal unfolding; threonine; free energy;,"BIOCHEMISTRY 30, 1887-1891 (1991) PMID: 1993203","Connelly P, Ghosaini L, Hu CQ, Kitamura S, Tanaka A, Sturtevant JM",-1.1,T,157,A,2.0,38.8,35.33,0,0,0,pdb,UP:P00720,UP:P00720:T157A,2218,train
19222,Lysozyme,P00720,T157E (PDB: T157E),Enterobacteria phage T4 (Bacteriophage T4),2LZM,T157E,Turn,35.33,2.0,38.8,-1.5,-,-,yes,1993203.0,T4 lysozyme; thermal unfolding; threonine; free energy;,"BIOCHEMISTRY 30, 1887-1891 (1991) PMID: 1993203","Connelly P, Ghosaini L, Hu CQ, Kitamura S, Tanaka A, Sturtevant JM",-1.5,T,157,E,2.0,38.8,35.33,0,0,0,pdb,UP:P00720,UP:P00720:T157E,2219,train
19223,Lysozyme,P00720,T157I (PDB: T157I),Enterobacteria phage T4 (Bacteriophage T4),2LZM,T157I,Turn,35.33,2.0,38.8,-2.1,-,-,yes,1993203.0,T4 lysozyme; thermal unfolding; threonine; free energy;,"BIOCHEMISTRY 30, 1887-1891 (1991) PMID: 1993203","Connelly P, Ghosaini L, Hu CQ, Kitamura S, Tanaka A, Sturtevant JM",-2.1,T,157,I,2.0,38.8,35.33,0,0,0,pdb,UP:P00720,UP:P00720:T157I,2220,train
19224,Lysozyme,P00720,T157L (PDB: T157L),Enterobacteria phage T4 (Bacteriophage T4),2LZM,T157L,Turn,35.33,2.0,38.8,-1.7,-,-,yes,1993203.0,T4 lysozyme; thermal unfolding; threonine; free energy;,"BIOCHEMISTRY 30, 1887-1891 (1991) PMID: 1993203","Connelly P, Ghosaini L, Hu CQ, Kitamura S, Tanaka A, Sturtevant JM",-1.7,T,157,L,2.0,38.8,35.33,0,0,0,pdb,UP:P00720,UP:P00720:T157L,2221,train
19225,Lysozyme,P00720,T157N (PDB: T157N),Enterobacteria phage T4 (Bacteriophage T4),2LZM,T157N,Turn,35.33,2.0,38.8,-1,-,-,yes,1993203.0,T4 lysozyme; thermal unfolding; threonine; free energy;,"BIOCHEMISTRY 30, 1887-1891 (1991) PMID: 1993203","Connelly P, Ghosaini L, Hu CQ, Kitamura S, Tanaka A, Sturtevant JM",-1.0,T,157,N,2.0,38.8,35.33,0,0,0,pdb,UP:P00720,UP:P00720:T157N,2222,train
19226,Lysozyme,P00720,T157R (PDB: T157R),Enterobacteria phage T4 (Bacteriophage T4),2LZM,T157R,Turn,35.33,2.0,38.8,-1.1,-,-,yes,1993203.0,T4 lysozyme; thermal unfolding; threonine; free energy;,"BIOCHEMISTRY 30, 1887-1891 (1991) PMID: 1993203","Connelly P, Ghosaini L, Hu CQ, Kitamura S, Tanaka A, Sturtevant JM",-1.1,T,157,R,2.0,38.8,35.33,0,0,0,pdb,UP:P00720,UP:P00720:T157R,2223,train
19227,Lysozyme,P00720,T157V (PDB: T157V),Enterobacteria phage T4 (Bacteriophage T4),2LZM,T157V,Turn,35.33,2.0,38.8,-1.7,-,-,yes,1993203.0,T4 lysozyme; thermal unfolding; threonine; free energy;,"BIOCHEMISTRY 30, 1887-1891 (1991) PMID: 1993203","Connelly P, Ghosaini L, Hu CQ, Kitamura S, Tanaka A, Sturtevant JM",-1.7,T,157,V,2.0,38.8,35.33,0,0,0,pdb,UP:P00720,UP:P00720:T157V,2224,train
19228,Lysozyme,P00720,A82P (PDB: A82P),Enterobacteria phage T4 (Bacteriophage T4),2LZM,A82P,Helix,78.95,2.0,38.8,-0.07,-,-,yes,1737020.0,T4 lysozyme; thermal unfolding; free energy;,"BIOCHEMISTRY 31, 1643-1647 (1992) PMID: 1737020","Hu CQ, Kitamura S, Tanaka A, Sturtevant JM",-0.07,A,82,P,2.0,38.8,78.95,0,0,0,pdb,UP:P00720,UP:P00720:A82P,2225,train
19229,Lysozyme,P00720,A93P (PDB: A93P),Enterobacteria phage T4 (Bacteriophage T4),2LZM,A93P,Helix,66.24,2.0,38.8,0.03,-,-,yes,1737020.0,T4 lysozyme; thermal unfolding; free energy;,"BIOCHEMISTRY 31, 1643-1647 (1992) PMID: 1737020","Hu CQ, Kitamura S, Tanaka A, Sturtevant JM",0.03,A,93,P,2.0,38.8,66.24,0,0,0,pdb,UP:P00720,UP:P00720:A93P,2226,train
19230,Lysozyme,P00720,G113A (PDB: G113A),Enterobacteria phage T4 (Bacteriophage T4),2LZM,G113A,Helix,68.61,2.0,38.8,0.5,-,-,yes,1737020.0,T4 lysozyme; thermal unfolding; free energy;,"BIOCHEMISTRY 31, 1643-1647 (1992) PMID: 1737020","Hu CQ, Kitamura S, Tanaka A, Sturtevant JM",0.5,G,113,A,2.0,38.8,68.61,0,0,0,pdb,UP:P00720,UP:P00720:G113A,2227,train
19232,Lysozyme,P00720,I3E (PDB: I3E),Enterobacteria phage T4 (Bacteriophage T4),2LZM,I3E,Helix,10.81,2.0,38.75,-1.77,-,-,yes,1420185.0,T4 lysozyme; thermal unfolding; isoleucine; free energy;,"BIOCHEMISTRY 31, 10699-10702 (1992) PMID: 1420185","Ladbury J.E., Hu C.-Q. & Sturtevant J.M.",-1.77,I,3,E,2.0,38.75,10.81,0,0,0,pdb,UP:P00720,UP:P00720:I3E,2228,train
19233,Lysozyme,P00720,I3F (PDB: I3F),Enterobacteria phage T4 (Bacteriophage T4),2LZM,I3F,Helix,10.81,2.0,38.75,-1.49,-,-,yes,1420185.0,T4 lysozyme; thermal unfolding; isoleucine; free energy;,"BIOCHEMISTRY 31, 10699-10702 (1992) PMID: 1420185","Ladbury J.E., Hu C.-Q. & Sturtevant J.M.",-1.49,I,3,F,2.0,38.75,10.81,0,0,0,pdb,UP:P00720,UP:P00720:I3F,2229,train
19234,Lysozyme,P00720,I3L (PDB: I3L),Enterobacteria phage T4 (Bacteriophage T4),2LZM,I3L,Helix,10.81,2.0,38.75,0.85,-,-,yes,1420185.0,T4 lysozyme; thermal unfolding; isoleucine; free energy;,"BIOCHEMISTRY 31, 10699-10702 (1992) PMID: 1420185","Ladbury J.E., Hu C.-Q. & Sturtevant J.M.",0.85,I,3,L,2.0,38.75,10.81,0,0,0,pdb,UP:P00720,UP:P00720:I3L,2230,train
19235,Lysozyme,P00720,I3P (PDB: I3P),Enterobacteria phage T4 (Bacteriophage T4),2LZM,I3P,Helix,10.81,2.0,38.75,-2.96,-,-,yes,1420185.0,T4 lysozyme; thermal unfolding; isoleucine; free energy;,"BIOCHEMISTRY 31, 10699-10702 (1992) PMID: 1420185","Ladbury J.E., Hu C.-Q. & Sturtevant J.M.",-2.96,I,3,P,2.0,38.75,10.81,0,0,0,pdb,UP:P00720,UP:P00720:I3P,2231,train
19236,Lysozyme,P00720,I3T (PDB: I3T),Enterobacteria phage T4 (Bacteriophage T4),2LZM,I3T,Helix,10.81,2.0,38.75,-2.45,-,-,yes,1420185.0,T4 lysozyme; thermal unfolding; isoleucine; free energy;,"BIOCHEMISTRY 31, 10699-10702 (1992) PMID: 1420185","Ladbury J.E., Hu C.-Q. & Sturtevant J.M.",-2.45,I,3,T,2.0,38.75,10.81,0,0,0,pdb,UP:P00720,UP:P00720:I3T,2232,train
19237,Ribonuclease Sa,P05798,D79N (PDB: D79N),Kitasatospora aureofaciens (Streptomyces aureofaciens),1RGG,D79N,Sheet,11.1,3.0,38.6,-1.2,-,-,Unknown,16288913.0,protein stability; buried carboxyl group; pK; hydrogen bonds; ion pair,"J MOL BIOL 354, 967-978 (2005) PMID: 16288913","Trevino SR, Gokulan K, Newsom S, Thurlkill RL, Shaw KL, Mitkevich VA, Makarov AA, Sacchettini JC, Scholtz JM, Pace CN.",-1.2,D,79,N,3.0,38.6,11.1,0,0,0,pdb,UP:P05798,UP:P05798:D79N,2233,train
19238,Ribonuclease Sa,P05798,D79A (PDB: D79A),Kitasatospora aureofaciens (Streptomyces aureofaciens),1RGG,D79A,Sheet,11.1,3.0,38.6,-0.3,-,-,Unknown,16288913.0,protein stability; buried carboxyl group; pK; hydrogen bonds; ion pair,"J MOL BIOL 354, 967-978 (2005) PMID: 16288913","Trevino SR, Gokulan K, Newsom S, Thurlkill RL, Shaw KL, Mitkevich VA, Makarov AA, Sacchettini JC, Scholtz JM, Pace CN.",-0.3,D,79,A,3.0,38.6,11.1,0,0,0,pdb,UP:P05798,UP:P05798:D79A,2234,train
19239,Ribonuclease Sa,P05798,D79F (PDB: D79F),Kitasatospora aureofaciens (Streptomyces aureofaciens),1RGG,D79F,Sheet,11.1,3.0,38.6,-0.3,-,-,Unknown,16288913.0,protein stability; buried carboxyl group; pK; hydrogen bonds; ion pair,"J MOL BIOL 354, 967-978 (2005) PMID: 16288913","Trevino SR, Gokulan K, Newsom S, Thurlkill RL, Shaw KL, Mitkevich VA, Makarov AA, Sacchettini JC, Scholtz JM, Pace CN.",-0.3,D,79,F,3.0,38.6,11.1,0,0,0,pdb,UP:P05798,UP:P05798:D79F,2235,train
19240,Ribonuclease Sa,P05798,Q94K (PDB: Q94K),Kitasatospora aureofaciens (Streptomyces aureofaciens),1RGG,Q94K,Coil,39.75,3.0,38.6,0.2,-,-,Unknown,16288913.0,protein stability; buried carboxyl group; pK; hydrogen bonds; ion pair,"J MOL BIOL 354, 967-978 (2005) PMID: 16288913","Trevino SR, Gokulan K, Newsom S, Thurlkill RL, Shaw KL, Mitkevich VA, Makarov AA, Sacchettini JC, Scholtz JM, Pace CN.",0.2,Q,94,K,3.0,38.6,39.75,0,0,0,pdb,UP:P05798,UP:P05798:Q94K,2236,train
19241,Lysozyme,P00720,Q69P (PDB: Q69P),Enterobacteria phage T4 (Bacteriophage T4),2LZM,Q69P,Helix,54.31,2.0,38.5,-3.3,-,-,yes,1733941.0,T4 lysozyme; proline; alpha-helix; amino acid substitution;,"J BIOL CHEM 267, 2393-2399 (1992) PMID: 1733941","Sauer U.H., Dao-pin S. & Matthews B.W.",-3.3,Q,69,P,2.0,38.5,54.31,0,0,0,pdb,UP:P00720,UP:P00720:Q69P,2237,train
19242,Lysozyme,P00720,D72P (PDB: D72P),Enterobacteria phage T4 (Bacteriophage T4),2LZM,D72P,Helix,57.6,2.0,38.5,-2.6,-,-,yes,1733941.0,T4 lysozyme; proline; alpha-helix; amino acid substitution;,"J BIOL CHEM 267, 2393-2399 (1992) PMID: 1733941","Sauer U.H., Dao-pin S. & Matthews B.W.",-2.6,D,72,P,2.0,38.5,57.6,0,0,0,pdb,UP:P00720,UP:P00720:D72P,2238,train
19284,Cytochrome c,P00044,N58I (UniProt),Saccharomyces cerevisiae (strain ATCC 204508 / S288c) (Baker's yeast),1YCC,-,Helix,8.88,4.6,37,3.14,-,-,yes,,side chain size; hydrophobicity; specific activity; additivity,"BIOCHEMISTRY 34, 7103-7110 (1995)","Linske-O'Connell LI, Sherman F, McLendon G",3.14,N,58,I,4.6,37.0,8.88,0,0,0,uniprot,UP:P00044,UP:P00044:N58I,2239,train
19301,Adrenodoxin,P00257,H114Q (UniProt),Bos taurus (Bovine),1AYF,-,Helix,3.85,8.5,37,-1.66,-,-,Unknown,8880913.0,ferredoxin; iron-sulfur protein; mutants; protein unfolding;,"PROTEIN SCI 5, 1890-1897 (1996) PMID: 8880913","Burova TV, Beckert V, Uhlmann H, Ristau O, Bernhardt R,",-1.66,H,114,Q,8.5,37.0,3.85,0,0,0,uniprot,UP:P00257,UP:P00257:H114Q,2240,train
19302,Adrenodoxin,P00257,H114T (UniProt),Bos taurus (Bovine),1AYF,-,Helix,3.85,8.5,37,-1.19,-,-,Unknown,8880913.0,ferredoxin; iron-sulfur protein; mutants; protein unfolding;,"PROTEIN SCI 5, 1890-1897 (1996) PMID: 8880913","Burova TV, Beckert V, Uhlmann H, Ristau O, Bernhardt R,",-1.19,H,114,T,8.5,37.0,3.85,0,0,0,uniprot,UP:P00257,UP:P00257:H114T,2241,train
19303,Adrenodoxin,P00257,H114R (UniProt),Bos taurus (Bovine),1AYF,-,Helix,3.85,8.5,37,-1.16,-,-,Unknown,8880913.0,ferredoxin; iron-sulfur protein; mutants; protein unfolding;,"PROTEIN SCI 5, 1890-1897 (1996) PMID: 8880913","Burova TV, Beckert V, Uhlmann H, Ristau O, Bernhardt R,",-1.16,H,114,R,8.5,37.0,3.85,0,0,0,uniprot,UP:P00257,UP:P00257:H114R,2242,train
19304,Adrenodoxin,P00257,T112S (UniProt),Bos taurus (Bovine),1AYF,-,Turn,17.3,8.5,37,0.05,-,-,Unknown,8880913.0,ferredoxin; iron-sulfur protein; mutants; protein unfolding;,"PROTEIN SCI 5, 1890-1897 (1996) PMID: 8880913","Burova TV, Beckert V, Uhlmann H, Ristau O, Bernhardt R,",0.05,T,112,S,8.5,37.0,17.3,0,0,0,uniprot,UP:P00257,UP:P00257:T112S,2243,train
19305,Adrenodoxin,P00257,T112A (UniProt),Bos taurus (Bovine),1AYF,-,Turn,17.3,8.5,37,-1.31,-,-,Unknown,8880913.0,ferredoxin; iron-sulfur protein; mutants; protein unfolding;,"PROTEIN SCI 5, 1890-1897 (1996) PMID: 8880913","Burova TV, Beckert V, Uhlmann H, Ristau O, Bernhardt R,",-1.31,T,112,A,8.5,37.0,17.3,0,0,0,uniprot,UP:P00257,UP:P00257:T112A,2244,train
19306,Adrenodoxin,P00257,Y140S (UniProt),Bos taurus (Bovine),1AYF,-,Coil,86.57,8.5,37,-0.33,-,-,Unknown,8880913.0,ferredoxin; iron-sulfur protein; mutants; protein unfolding;,"PROTEIN SCI 5, 1890-1897 (1996) PMID: 8880913","Burova TV, Beckert V, Uhlmann H, Ristau O, Bernhardt R,",-0.33,Y,140,S,8.5,37.0,86.57,0,0,0,uniprot,UP:P00257,UP:P00257:Y140S,2245,train
19307,Adrenodoxin,P00257,Y140L (UniProt),Bos taurus (Bovine),1AYF,-,Coil,86.57,8.5,37,-0.36,-,-,Unknown,8880913.0,ferredoxin; iron-sulfur protein; mutants; protein unfolding;,"PROTEIN SCI 5, 1890-1897 (1996) PMID: 8880913","Burova TV, Beckert V, Uhlmann H, Ristau O, Bernhardt R,",-0.36,Y,140,L,8.5,37.0,86.57,0,0,0,uniprot,UP:P00257,UP:P00257:Y140L,2246,train
19308,Adrenodoxin,P00257,Y140F (UniProt),Bos taurus (Bovine),1AYF,-,Coil,86.57,8.5,37,-0.01,-,-,Unknown,8880913.0,ferredoxin; iron-sulfur protein; mutants; protein unfolding;,"PROTEIN SCI 5, 1890-1897 (1996) PMID: 8880913","Burova TV, Beckert V, Uhlmann H, Ristau O, Bernhardt R,",-0.01,Y,140,F,8.5,37.0,86.57,0,0,0,uniprot,UP:P00257,UP:P00257:Y140F,2247,train
19309,Adrenodoxin,P00257,Y140W (UniProt),Bos taurus (Bovine),1AYF,-,Coil,86.57,8.5,37,-0.21,-,-,Unknown,8880913.0,ferredoxin; iron-sulfur protein; mutants; protein unfolding;,"PROTEIN SCI 5, 1890-1897 (1996) PMID: 8880913","Burova TV, Beckert V, Uhlmann H, Ristau O, Bernhardt R,",-0.21,Y,140,W,8.5,37.0,86.57,0,0,0,uniprot,UP:P00257,UP:P00257:Y140W,2248,train
19310,Adrenodoxin,P00257,C153S (UniProt),Bos taurus (Bovine),1AYF,-,Coil,51.28,8.5,37,0.96,-,-,Unknown,8880913.0,ferredoxin; iron-sulfur protein; mutants; protein unfolding;,"PROTEIN SCI 5, 1890-1897 (1996) PMID: 8880913","Burova TV, Beckert V, Uhlmann H, Ristau O, Bernhardt R,",0.96,C,153,S,8.5,37.0,51.28,0,0,0,uniprot,UP:P00257,UP:P00257:C153S,2249,train
19311,Adrenodoxin,P00257,D134E (UniProt),Bos taurus (Bovine),1AYF,-,Helix,48.58,8.5,37,0.45,-,-,Unknown,8880913.0,ferredoxin; iron-sulfur protein; mutants; protein unfolding;,"PROTEIN SCI 5, 1890-1897 (1996) PMID: 8880913","Burova TV, Beckert V, Uhlmann H, Ristau O, Bernhardt R,",0.45,D,134,E,8.5,37.0,48.58,0,0,0,uniprot,UP:P00257,UP:P00257:D134E,2250,train
19696,Phosphocarrier protein - HPr protein,P0AA04,S46D (PDB: S46D),Escherichia coli (strain K12),1POH,S46D,Coil,23.04,7.0,30,1.4,-,-,Unknown,8784180.0,Escherichia coli HPr; conformational stability; free energy;,"BIOCHEMISTRY 35, 11268-11277 (1996) PMID: 8784180","Thapar R, Nicholson EM, Rajagopal P, Waygood EB, Scholtz JM, Klevit RE",1.4,S,46,D,7.0,30.0,23.04,0,0,0,pdb,UP:P0AA04,UP:P0AA04:S46D,2251,train
19697,Phosphocarrier protein - HPr protein,P0AA04,S46N (PDB: S46N),Escherichia coli (strain K12),1POH,S46N,Coil,23.04,7.0,30,0.3,-,-,Unknown,8784180.0,Escherichia coli HPr; conformational stability; free energy;,"BIOCHEMISTRY 35, 11268-11277 (1996) PMID: 8784180","Thapar R, Nicholson EM, Rajagopal P, Waygood EB, Scholtz JM, Klevit RE",0.3,S,46,N,7.0,30.0,23.04,0,0,0,pdb,UP:P0AA04,UP:P0AA04:S46N,2252,train
19698,Phosphocarrier protein - HPr protein,P0AA04,S46A (PDB: S46A),Escherichia coli (strain K12),1POH,S46A,Coil,23.04,7.0,30,-1.1,-,-,Unknown,8784180.0,Escherichia coli HPr; conformational stability; free energy;,"BIOCHEMISTRY 35, 11268-11277 (1996) PMID: 8784180","Thapar R, Nicholson EM, Rajagopal P, Waygood EB, Scholtz JM, Klevit RE",-1.1,S,46,A,7.0,30.0,23.04,0,0,0,pdb,UP:P0AA04,UP:P0AA04:S46A,2253,train
19702,Thiol:disulfide interchange protein DsbA,P0AEG4,H51Y (PDB: H32Y),Escherichia coli (strain K12),1A23,H32Y,Helix,31.89,7.0,30,6.8,-,-,yes,9300489.0,DsbA; mutagenesis; oxidoreductase; protein crystallography;,"PROTEIN SCI 6, 1893-1900 (1997) PMID: 9300489","Guddat LW, Bardwell JC, Glockshuber R, Huber-Wunderlich M,",6.8,H,51,Y,7.0,30.0,31.89,0,0,0,pdb,UP:P0AEG4,UP:P0AEG4:H51Y,2254,test
19703,Thiol:disulfide interchange protein DsbA,P0AEG4,H51L (PDB: H32L),Escherichia coli (strain K12),1A23,H32L,Helix,31.89,7.0,30,5.3,-,-,yes,9300489.0,DsbA; mutagenesis; oxidoreductase; protein crystallography;,"PROTEIN SCI 6, 1893-1900 (1997) PMID: 9300489","Guddat LW, Bardwell JC, Glockshuber R, Huber-Wunderlich M,",5.3,H,51,L,7.0,30.0,31.89,0,0,0,pdb,UP:P0AEG4,UP:P0AEG4:H51L,2255,test
19704,Thiol:disulfide interchange protein DsbA,P0AEG4,H51S (PDB: H32S),Escherichia coli (strain K12),1A23,H32S,Helix,31.89,7.0,30,5.2,-,-,yes,9300489.0,DsbA; mutagenesis; oxidoreductase; protein crystallography;,"PROTEIN SCI 6, 1893-1900 (1997) PMID: 9300489","Guddat LW, Bardwell JC, Glockshuber R, Huber-Wunderlich M,",5.2,H,51,S,7.0,30.0,31.89,0,0,0,pdb,UP:P0AEG4,UP:P0AEG4:H51S,2256,test
19706,Thiol:disulfide interchange protein DsbA,P0AEG4,H51Y (PDB: H32Y),Escherichia coli (strain K12),1A23,H32Y,Helix,31.89,7.0,30,0.5,-,-,yes,9300489.0,DsbA; mutagenesis; oxidoreductase; protein crystallography;,"PROTEIN SCI 6, 1893-1900 (1997) PMID: 9300489","Guddat LW, Bardwell JC, Glockshuber R, Huber-Wunderlich M,",0.5,H,51,Y,7.0,30.0,31.89,0,0,0,pdb,UP:P0AEG4,UP:P0AEG4:H51Y,2257,test
19707,Thiol:disulfide interchange protein DsbA,P0AEG4,H51L (PDB: H32L),Escherichia coli (strain K12),1A23,H32L,Helix,31.89,7.0,30,4.6,-,-,yes,9300489.0,DsbA; mutagenesis; oxidoreductase; protein crystallography;,"PROTEIN SCI 6, 1893-1900 (1997) PMID: 9300489","Guddat LW, Bardwell JC, Glockshuber R, Huber-Wunderlich M,",4.6,H,51,L,7.0,30.0,31.89,0,0,0,pdb,UP:P0AEG4,UP:P0AEG4:H51L,2258,test
19708,Thiol:disulfide interchange protein DsbA,P0AEG4,H51S (PDB: H32S),Escherichia coli (strain K12),1A23,H32S,Helix,31.89,7.0,30,3.6,-,-,yes,9300489.0,DsbA; mutagenesis; oxidoreductase; protein crystallography;,"PROTEIN SCI 6, 1893-1900 (1997) PMID: 9300489","Guddat LW, Bardwell JC, Glockshuber R, Huber-Wunderlich M,",3.6,H,51,S,7.0,30.0,31.89,0,0,0,pdb,UP:P0AEG4,UP:P0AEG4:H51S,2259,test
19924,Thiol:disulfide interchange protein DsbA,P0AEG4,H51Y (PDB: H32Y),Escherichia coli (strain K12),1A23,H32Y,Helix,31.89,7.0,30,6.8,-,-,yes,9300489.0,DsbA; mutagenesis; oxidoreductase; protein crystallography;,"PROTEIN SCI 6, 1893-1900 (1997) PMID: 9300489","Guddat LW, Bardwell JC, Glockshuber R, Huber-Wunderlich M,",6.8,H,51,Y,7.0,30.0,31.89,0,0,0,pdb,UP:P0AEG4,UP:P0AEG4:H51Y,2260,test
19949,Lysozyme,P00720,K60H (PDB: K60H),Enterobacteria phage T4 (Bacteriophage T4),2LZM,K60H,Helix,52.02,2.0,28.5,-0.8,-,-,yes,1854726.0,salt bridges; T4 lysozyme; electrostatic interactions;,"BIOCHEMISTRY 30, 7142-7153 (1991) PMID: 1854726","Dao-pin S., Sauer U., Nicholson H. & Matthews B.W.",-0.8,K,60,H,2.0,28.5,52.02,0,0,0,pdb,UP:P00720,UP:P00720:K60H,2261,train
19950,Lysozyme,P00720,S90H (PDB: S90H),Enterobacteria phage T4 (Bacteriophage T4),2LZM,S90H,Coil,30.72,2.0,28.5,-1,-,-,yes,1854726.0,salt bridges; T4 lysozyme; electrostatic interactions;,"BIOCHEMISTRY 30, 7142-7153 (1991) PMID: 1854726","Dao-pin S., Sauer U., Nicholson H. & Matthews B.W.",-1.0,S,90,H,2.0,28.5,30.72,0,0,0,pdb,UP:P00720,UP:P00720:S90H,2262,train
19951,Lysozyme,P00720,K83H (PDB: K83H),Enterobacteria phage T4 (Bacteriophage T4),2LZM,K83H,Helix,66.6,2.0,28.5,-0.5,-,-,yes,1854726.0,salt bridges; T4 lysozyme; electrostatic interactions;,"BIOCHEMISTRY 30, 7142-7153 (1991) PMID: 1854726","Dao-pin S., Sauer U., Nicholson H. & Matthews B.W.",-0.5,K,83,H,2.0,28.5,66.6,0,0,0,pdb,UP:P00720,UP:P00720:K83H,2263,train
19998,Iso-1 cytochrome c,P00044,N58Q (UniProt),Saccharomyces cerevisiae (strain ATCC 204508 / S288c) (Baker's yeast),1YCC,-,Helix,8.88,4.6,27,-0.08,-,-,yes,7766619.0,molecular basis; global suppressor; cellular protein levels;,"BIOCHEMISTRY 34, 7094-7102 (1995); doi:10.1021/bi00021a022","Linske-O'Connell LI, Sherman F, McLendon G",-0.08,N,58,Q,4.6,27.0,8.88,0,0,0,uniprot,UP:P00044,UP:P00044:N58Q,2264,train
19999,Iso-1 cytochrome c,P00044,N58S (UniProt),Saccharomyces cerevisiae (strain ATCC 204508 / S288c) (Baker's yeast),1YCC,-,Helix,8.88,5.0,27,-1.29,-,-,yes,7766619.0,molecular basis; global suppressor; cellular protein levels;,"BIOCHEMISTRY 34, 7094-7102 (1995); doi:10.1021/bi00021a022","Linske-O'Connell LI, Sherman F, McLendon G",-1.29,N,58,S,5.0,27.0,8.88,0,0,0,uniprot,UP:P00044,UP:P00044:N58S,2265,train
20000,Iso-1 cytochrome c,P00044,N58S (UniProt),Saccharomyces cerevisiae (strain ATCC 204508 / S288c) (Baker's yeast),1YCC,-,Helix,8.88,4.6,27,-0.05,-,-,yes,7766619.0,molecular basis; global suppressor; cellular protein levels;,"BIOCHEMISTRY 34, 7094-7102 (1995); doi:10.1021/bi00021a022","Linske-O'Connell LI, Sherman F, McLendon G",-0.05,N,58,S,4.6,27.0,8.88,0,0,0,uniprot,UP:P00044,UP:P00044:N58S,2266,train
20001,Iso-1 cytochrome c,P00044,N58S (UniProt),Saccharomyces cerevisiae (strain ATCC 204508 / S288c) (Baker's yeast),1YCC,-,Helix,8.88,4.0,27,0.74,-,-,yes,7766619.0,molecular basis; global suppressor; cellular protein levels;,"BIOCHEMISTRY 34, 7094-7102 (1995); doi:10.1021/bi00021a022","Linske-O'Connell LI, Sherman F, McLendon G",0.74,N,58,S,4.0,27.0,8.88,0,0,0,uniprot,UP:P00044,UP:P00044:N58S,2267,train
20002,Iso-1 cytochrome c,P00044,N58H (UniProt),Saccharomyces cerevisiae (strain ATCC 204508 / S288c) (Baker's yeast),1YCC,-,Helix,8.88,4.6,27,-1.27,-,-,yes,7766619.0,molecular basis; global suppressor; cellular protein levels;,"BIOCHEMISTRY 34, 7094-7102 (1995); doi:10.1021/bi00021a022","Linske-O'Connell LI, Sherman F, McLendon G",-1.27,N,58,H,4.6,27.0,8.88,0,0,0,uniprot,UP:P00044,UP:P00044:N58H,2268,train
20003,Iso-1 cytochrome c,P00044,N58T (UniProt),Saccharomyces cerevisiae (strain ATCC 204508 / S288c) (Baker's yeast),1YCC,-,Helix,8.88,5.0,27,-0.53,-,-,yes,7766619.0,molecular basis; global suppressor; cellular protein levels;,"BIOCHEMISTRY 34, 7094-7102 (1995); doi:10.1021/bi00021a022","Linske-O'Connell LI, Sherman F, McLendon G",-0.53,N,58,T,5.0,27.0,8.88,0,0,0,uniprot,UP:P00044,UP:P00044:N58T,2269,train
20004,Iso-1 cytochrome c,P00044,N58T (UniProt),Saccharomyces cerevisiae (strain ATCC 204508 / S288c) (Baker's yeast),1YCC,-,Helix,8.88,4.6,27,0.59,-,-,yes,7766619.0,molecular basis; global suppressor; cellular protein levels;,"BIOCHEMISTRY 34, 7094-7102 (1995); doi:10.1021/bi00021a022","Linske-O'Connell LI, Sherman F, McLendon G",0.59,N,58,T,4.6,27.0,8.88,0,0,0,uniprot,UP:P00044,UP:P00044:N58T,2270,train
20005,Iso-1 cytochrome c,P00044,N58T (UniProt),Saccharomyces cerevisiae (strain ATCC 204508 / S288c) (Baker's yeast),1YCC,-,Helix,8.88,4.0,27,1.01,-,-,yes,7766619.0,molecular basis; global suppressor; cellular protein levels;,"BIOCHEMISTRY 34, 7094-7102 (1995); doi:10.1021/bi00021a022","Linske-O'Connell LI, Sherman F, McLendon G",1.01,N,58,T,4.0,27.0,8.88,0,0,0,uniprot,UP:P00044,UP:P00044:N58T,2271,train
20006,Iso-1 cytochrome c,P00044,N58T (UniProt),Saccharomyces cerevisiae (strain ATCC 204508 / S288c) (Baker's yeast),1YCC,-,Helix,8.88,3.5,27,0.98,-,-,yes,7766619.0,molecular basis; global suppressor; cellular protein levels;,"BIOCHEMISTRY 34, 7094-7102 (1995); doi:10.1021/bi00021a022","Linske-O'Connell LI, Sherman F, McLendon G",0.98,N,58,T,3.5,27.0,8.88,0,0,0,uniprot,UP:P00044,UP:P00044:N58T,2272,train
20007,Iso-1 cytochrome c,P00044,N58A (UniProt),Saccharomyces cerevisiae (strain ATCC 204508 / S288c) (Baker's yeast),1YCC,-,Helix,8.88,4.6,27,0.63,-,-,yes,7766619.0,molecular basis; global suppressor; cellular protein levels;,"BIOCHEMISTRY 34, 7094-7102 (1995); doi:10.1021/bi00021a022","Linske-O'Connell LI, Sherman F, McLendon G",0.63,N,58,A,4.6,27.0,8.88,0,0,0,uniprot,UP:P00044,UP:P00044:N58A,2273,train
20008,Iso-1 cytochrome c,P00044,N58V (UniProt),Saccharomyces cerevisiae (strain ATCC 204508 / S288c) (Baker's yeast),1YCC,-,Helix,8.88,4.6,27,1.67,-,-,yes,7766619.0,molecular basis; global suppressor; cellular protein levels;,"BIOCHEMISTRY 34, 7094-7102 (1995); doi:10.1021/bi00021a022","Linske-O'Connell LI, Sherman F, McLendon G",1.67,N,58,V,4.6,27.0,8.88,0,0,0,uniprot,UP:P00044,UP:P00044:N58V,2274,train
20009,Iso-1 cytochrome c,P00044,N58V (UniProt),Saccharomyces cerevisiae (strain ATCC 204508 / S288c) (Baker's yeast),1YCC,-,Helix,8.88,4.0,27,2.44,-,-,yes,7766619.0,molecular basis; global suppressor; cellular protein levels;,"BIOCHEMISTRY 34, 7094-7102 (1995); doi:10.1021/bi00021a022","Linske-O'Connell LI, Sherman F, McLendon G",2.44,N,58,V,4.0,27.0,8.88,0,0,0,uniprot,UP:P00044,UP:P00044:N58V,2275,train
20010,Iso-1 cytochrome c,P00044,N58M (UniProt),Saccharomyces cerevisiae (strain ATCC 204508 / S288c) (Baker's yeast),1YCC,-,Helix,8.88,4.6,27,2.25,-,-,yes,7766619.0,molecular basis; global suppressor; cellular protein levels;,"BIOCHEMISTRY 34, 7094-7102 (1995); doi:10.1021/bi00021a022","Linske-O'Connell LI, Sherman F, McLendon G",2.25,N,58,M,4.6,27.0,8.88,0,0,0,uniprot,UP:P00044,UP:P00044:N58M,2276,train
20011,Iso-1 cytochrome c,P00044,N58M (UniProt),Saccharomyces cerevisiae (strain ATCC 204508 / S288c) (Baker's yeast),1YCC,-,Helix,8.88,4.0,27,2.91,-,-,yes,7766619.0,molecular basis; global suppressor; cellular protein levels;,"BIOCHEMISTRY 34, 7094-7102 (1995); doi:10.1021/bi00021a022","Linske-O'Connell LI, Sherman F, McLendon G",2.91,N,58,M,4.0,27.0,8.88,0,0,0,uniprot,UP:P00044,UP:P00044:N58M,2277,train
20012,Iso-1 cytochrome c,P00044,N58L (UniProt),Saccharomyces cerevisiae (strain ATCC 204508 / S288c) (Baker's yeast),1YCC,-,Helix,8.88,4.6,27,2.56,-,-,yes,7766619.0,molecular basis; global suppressor; cellular protein levels;,"BIOCHEMISTRY 34, 7094-7102 (1995); doi:10.1021/bi00021a022","Linske-O'Connell LI, Sherman F, McLendon G",2.56,N,58,L,4.6,27.0,8.88,0,0,0,uniprot,UP:P00044,UP:P00044:N58L,2278,train
20013,Iso-1 cytochrome c,P00044,N58I (UniProt),Saccharomyces cerevisiae (strain ATCC 204508 / S288c) (Baker's yeast),1YCC,-,Helix,8.88,5.0,27,2.02,-,-,yes,7766619.0,molecular basis; global suppressor; cellular protein levels;,"BIOCHEMISTRY 34, 7094-7102 (1995); doi:10.1021/bi00021a022","Linske-O'Connell LI, Sherman F, McLendon G",2.02,N,58,I,5.0,27.0,8.88,0,0,0,uniprot,UP:P00044,UP:P00044:N58I,2279,train
20014,Iso-1 cytochrome c,P00044,N58I (UniProt),Saccharomyces cerevisiae (strain ATCC 204508 / S288c) (Baker's yeast),1YCC,-,Helix,8.88,4.6,27,3.14,-,-,yes,7766619.0,molecular basis; global suppressor; cellular protein levels;,"BIOCHEMISTRY 34, 7094-7102 (1995); doi:10.1021/bi00021a022","Linske-O'Connell LI, Sherman F, McLendon G",3.14,N,58,I,4.6,27.0,8.88,0,0,0,uniprot,UP:P00044,UP:P00044:N58I,2280,train
20015,Iso-1 cytochrome c,P00044,N58I (UniProt),Saccharomyces cerevisiae (strain ATCC 204508 / S288c) (Baker's yeast),1YCC,-,Helix,8.88,4.0,27,3.03,-,-,yes,7766619.0,molecular basis; global suppressor; cellular protein levels;,"BIOCHEMISTRY 34, 7094-7102 (1995); doi:10.1021/bi00021a022","Linske-O'Connell LI, Sherman F, McLendon G",3.03,N,58,I,4.0,27.0,8.88,0,0,0,uniprot,UP:P00044,UP:P00044:N58I,2281,train
20016,Iso-1 cytochrome c,P00044,N58I (UniProt),Saccharomyces cerevisiae (strain ATCC 204508 / S288c) (Baker's yeast),1YCC,-,Helix,8.88,3.5,27,2.62,-,-,yes,7766619.0,molecular basis; global suppressor; cellular protein levels;,"BIOCHEMISTRY 34, 7094-7102 (1995); doi:10.1021/bi00021a022","Linske-O'Connell LI, Sherman F, McLendon G",2.62,N,58,I,3.5,27.0,8.88,0,0,0,uniprot,UP:P00044,UP:P00044:N58I,2282,train
20177,Ribonuclease T1,P00651,W85Y (PDB: W59Y),Aspergillus oryzae (strain ATCC 42149 / RIB 40) (Yellow koji mold),1RN1,W59Y,Sheet,1.66,6.0,25,-0.93,-,-,yes,8125111.0,alfa-helix; active-site geometry; inhibitor conformation;,"EUR J BIOCHEM 220, 527-534 (1994) PMID: 8125111","Schubert WD, Schluckebier G, Backmann J, Granzin J,",-0.93,W,85,Y,6.0,25.0,1.66,0,0,0,pdb,UP:P00651,UP:P00651:W85Y,2283,val
20178,Ribonuclease T1,P00651,Y50W (PDB: Y24W),Aspergillus oryzae (strain ATCC 42149 / RIB 40) (Yellow koji mold),1RN1,Y24W,Helix,18.25,6.0,25,1.24,-,-,yes,8125111.0,alfa-helix; active-site geometry; inhibitor conformation;,"EUR J BIOCHEM 220, 527-534 (1994) PMID: 8125111","Schubert WD, Schluckebier G, Backmann J, Granzin J,",1.24,Y,50,W,6.0,25.0,18.25,0,0,0,pdb,UP:P00651,UP:P00651:Y50W,2284,val
20180,Ribonuclease T1,P00651,Y68W (PDB: Y42W),Aspergillus oryzae (strain ATCC 42149 / RIB 40) (Yellow koji mold),1RN1,Y42W,Sheet,4.68,6.0,25,-0.14,-,-,yes,8125111.0,alfa-helix; active-site geometry; inhibitor conformation;,"EUR J BIOCHEM 220, 527-534 (1994) PMID: 8125111","Schubert WD, Schluckebier G, Backmann J, Granzin J,",-0.14,Y,68,W,6.0,25.0,4.68,0,0,0,pdb,UP:P00651,UP:P00651:Y68W,2285,val
20182,Ribonuclease T1,P00651,Y71W (PDB: Y45W),Aspergillus oryzae (strain ATCC 42149 / RIB 40) (Yellow koji mold),1RN1,Y45W,Turn,58.03,6.0,25,0.74,-,-,yes,8125111.0,alfa-helix; active-site geometry; inhibitor conformation;,"EUR J BIOCHEM 220, 527-534 (1994) PMID: 8125111","Schubert WD, Schluckebier G, Backmann J, Granzin J,",0.74,Y,71,W,6.0,25.0,58.03,0,0,0,pdb,UP:P00651,UP:P00651:Y71W,2286,val
20184,Ribonuclease T1,P00651,H66T (PDB: H40T),Aspergillus oryzae (strain ATCC 42149 / RIB 40) (Yellow koji mold),1RN1,H40T,Helix,34.08,6.0,25,-0.26,-,-,yes,8125111.0,alfa-helix; active-site geometry; inhibitor conformation;,"EUR J BIOCHEM 220, 527-534 (1994) PMID: 8125111","Schubert WD, Schluckebier G, Backmann J, Granzin J,",-0.26,H,66,T,6.0,25.0,34.08,0,0,0,pdb,UP:P00651,UP:P00651:H66T,2287,val
20186,Ribonuclease T1,P00651,H118A (PDB: H92A),Aspergillus oryzae (strain ATCC 42149 / RIB 40) (Yellow koji mold),1RN1,H92A,Helix,19.79,6.0,25,-0.62,-,-,yes,8125111.0,alfa-helix; active-site geometry; inhibitor conformation;,"EUR J BIOCHEM 220, 527-534 (1994) PMID: 8125111","Schubert WD, Schluckebier G, Backmann J, Granzin J,",-0.62,H,118,A,6.0,25.0,19.79,0,0,0,pdb,UP:P00651,UP:P00651:H118A,2288,val
20352,Barstar,P11540,C83A (PDB: C82A),Bacillus amyloliquefaciens (Bacillus velezensis),1BTA,C82A,Coil,26.35,7.4,25,0.48,-,-,yes,9336842.0,aggregation prevention; barstar wild-type; DSC;,"PROTEIN SCI 6, 2196-2202 (1997); doi:10.1002/pro.5560061014","Schoppe A, Hinz HJ, Agashe VR, Ramachandran S, Udgaonkar JB",0.48,C,83,A,7.4,25.0,26.35,0,0,0,pdb,UP:P11540,UP:P11540:C83A,2289,train
20358,Iso-1 cytochrome c,P00044,P82L (PDB: P76L),Saccharomyces cerevisiae (strain ATCC 204508 / S288c) (Baker's yeast),1YCC,P76L,Coil,67.65,4.6,25,-3.44,-,-,yes,9485396.0,iso-1-cytochrome c; proline; glycine; melting temperature;,"BIOCHEMISTRY 37, 2477-2487 (1998); doi:10.1021/bi972279a","Fetrow JS, Spitzer JS, Gilden BM, Mellender SJ, Begley TJ,",-3.44,P,82,L,4.6,25.0,67.65,0,0,0,pdb,UP:P00044,UP:P00044:P82L,2290,train
20359,Iso-1 cytochrome c,P00044,P82G (PDB: P76G),Saccharomyces cerevisiae (strain ATCC 204508 / S288c) (Baker's yeast),1YCC,P76G,Coil,67.65,4.6,25,-0.78,-,-,yes,9485396.0,iso-1-cytochrome c; proline; glycine; melting temperature;,"BIOCHEMISTRY 37, 2477-2487 (1998); doi:10.1021/bi972279a","Fetrow JS, Spitzer JS, Gilden BM, Mellender SJ, Begley TJ,",-0.78,P,82,G,4.6,25.0,67.65,0,0,0,pdb,UP:P00044,UP:P00044:P82G,2291,train
20360,Iso-1 cytochrome c,P00044,P82V (PDB: P76V),Saccharomyces cerevisiae (strain ATCC 204508 / S288c) (Baker's yeast),1YCC,P76V,Coil,67.65,4.6,25,-1.07,-,-,yes,9485396.0,iso-1-cytochrome c; proline; glycine; melting temperature;,"BIOCHEMISTRY 37, 2477-2487 (1998); doi:10.1021/bi972279a","Fetrow JS, Spitzer JS, Gilden BM, Mellender SJ, Begley TJ,",-1.07,P,82,V,4.6,25.0,67.65,0,0,0,pdb,UP:P00044,UP:P00044:P82V,2292,train
20361,Iso-1 cytochrome c,P00044,P82R (PDB: P76R),Saccharomyces cerevisiae (strain ATCC 204508 / S288c) (Baker's yeast),1YCC,P76R,Coil,67.65,4.6,25,-0.97,-,-,yes,9485396.0,iso-1-cytochrome c; proline; glycine; melting temperature;,"BIOCHEMISTRY 37, 2477-2487 (1998); doi:10.1021/bi972279a","Fetrow JS, Spitzer JS, Gilden BM, Mellender SJ, Begley TJ,",-0.97,P,82,R,4.6,25.0,67.65,0,0,0,pdb,UP:P00044,UP:P00044:P82R,2293,train
20362,Iso-1 cytochrome c,P00044,P82S (PDB: P76S),Saccharomyces cerevisiae (strain ATCC 204508 / S288c) (Baker's yeast),1YCC,P76S,Coil,67.65,4.6,25,-1.89,-,-,yes,9485396.0,iso-1-cytochrome c; proline; glycine; melting temperature;,"BIOCHEMISTRY 37, 2477-2487 (1998); doi:10.1021/bi972279a","Fetrow JS, Spitzer JS, Gilden BM, Mellender SJ, Begley TJ,",-1.89,P,82,S,4.6,25.0,67.65,0,0,0,pdb,UP:P00044,UP:P00044:P82S,2294,train
20363,Iso-1 cytochrome c,P00044,P82Y (PDB: P76Y),Saccharomyces cerevisiae (strain ATCC 204508 / S288c) (Baker's yeast),1YCC,P76Y,Coil,67.65,4.6,25,-2.07,-,-,yes,9485396.0,iso-1-cytochrome c; proline; glycine; melting temperature;,"BIOCHEMISTRY 37, 2477-2487 (1998); doi:10.1021/bi972279a","Fetrow JS, Spitzer JS, Gilden BM, Mellender SJ, Begley TJ,",-2.07,P,82,Y,4.6,25.0,67.65,0,0,0,pdb,UP:P00044,UP:P00044:P82Y,2295,train
20364,Iso-1 cytochrome c,P00044,P82W (PDB: P76W),Saccharomyces cerevisiae (strain ATCC 204508 / S288c) (Baker's yeast),1YCC,P76W,Coil,67.65,4.6,25,-2.38,-,-,yes,9485396.0,iso-1-cytochrome c; proline; glycine; melting temperature;,"BIOCHEMISTRY 37, 2477-2487 (1998); doi:10.1021/bi972279a","Fetrow JS, Spitzer JS, Gilden BM, Mellender SJ, Begley TJ,",-2.38,P,82,W,4.6,25.0,67.65,0,0,0,pdb,UP:P00044,UP:P00044:P82W,2296,train
20519,Ribose-binding protein,P02925,L62C (PDB: L62C),Escherichia coli (strain K12),2DRI,L62C,Coil,0.0,7.6,25,-2.7,-,-,Unknown,20194783.0,"conformational stability, thermal stability, ligand-binding affinity, linkage analysis, thiol protection","PROC NATL ACAD SCI U S A 107, 4908-4913 (2010); doi:10.1073/pnas.0910421107","Isom DG, Vardy E, Oas TG, Hellinga HW.",-2.7,L,62,C,7.6,25.0,0.0,0,0,0,pdb,UP:P02925,UP:P02925:L62C,2297,train
20520,Ribose-binding protein,P02925,A213C (PDB: A188C),Escherichia coli (strain K12),2DRI,A188C,Coil,0.0,7.6,25,-1.8,-,-,Unknown,20194783.0,"conformational stability, thermal stability, ligand-binding affinity, linkage analysis, thiol protection","PROC NATL ACAD SCI U S A 107, 4908-4913 (2010); doi:10.1073/pnas.0910421107","Isom DG, Vardy E, Oas TG, Hellinga HW.",-1.8,A,213,C,7.6,25.0,0.0,0,0,0,pdb,UP:P02925,UP:P02925:A213C,2298,train
20650,Ribonuclease Sa,P05798,Y30F (PDB: Y30F),Kitasatospora aureofaciens (Streptomyces aureofaciens),1RGG,Y30F,Coil,32.29,7.0,25,0.4,-,-,yes(>95 %),11554795.0,protein folding; protein stability; hydrogen bonding;,J MOL BIOL 312 393-404 (2001) PMID: 11554795,"Pace CN, Horn G, Hebert EJ, Bechert J, Shaw K,",0.4,Y,30,F,7.0,25.0,32.29,0,0,0,pdb,UP:P05798,UP:P05798:Y30F,2299,train
20651,Ribonuclease Sa,P05798,Y49F (PDB: Y49F),Kitasatospora aureofaciens (Streptomyces aureofaciens),1RGG,Y49F,Coil,79.55,7.0,25,-0.2,-,-,yes(>95 %),11554795.0,protein folding; protein stability; hydrogen bonding;,J MOL BIOL 312 393-404 (2001) PMID: 11554795,"Pace CN, Horn G, Hebert EJ, Bechert J, Shaw K,",-0.2,Y,49,F,7.0,25.0,79.55,0,0,0,pdb,UP:P05798,UP:P05798:Y49F,2300,train
20652,Ribonuclease Sa,P05798,Y51F (PDB: Y51F),Kitasatospora aureofaciens (Streptomyces aureofaciens),1RGG,Y51F,Coil,15.44,7.0,25,-2.3,-,-,yes(>95 %),11554795.0,protein folding; protein stability; hydrogen bonding;,J MOL BIOL 312 393-404 (2001) PMID: 11554795,"Pace CN, Horn G, Hebert EJ, Bechert J, Shaw K,",-2.3,Y,51,F,7.0,25.0,15.44,0,0,0,pdb,UP:P05798,UP:P05798:Y51F,2301,train
20653,Ribonuclease Sa,P05798,Y52F (PDB: Y52F),Kitasatospora aureofaciens (Streptomyces aureofaciens),1RGG,Y52F,Coil,2.34,7.0,25,-3.6,-,-,yes(>95 %),11554795.0,protein folding; protein stability; hydrogen bonding;,J MOL BIOL 312 393-404 (2001) PMID: 11554795,"Pace CN, Horn G, Hebert EJ, Bechert J, Shaw K,",-3.6,Y,52,F,7.0,25.0,2.34,0,0,0,pdb,UP:P05798,UP:P05798:Y52F,2302,train
20654,Ribonuclease Sa,P05798,Y55F (PDB: Y55F),Kitasatospora aureofaciens (Streptomyces aureofaciens),1RGG,Y55F,Coil,9.83,7.0,25,-0.6,-,-,yes(>95 %),11554795.0,protein folding; protein stability; hydrogen bonding;,J MOL BIOL 312 393-404 (2001) PMID: 11554795,"Pace CN, Horn G, Hebert EJ, Bechert J, Shaw K,",-0.6,Y,55,F,7.0,25.0,9.83,0,0,0,pdb,UP:P05798,UP:P05798:Y55F,2303,train
20655,Ribonuclease Sa,P05798,Y80F (PDB: Y80F),Kitasatospora aureofaciens (Streptomyces aureofaciens),1RGG,Y80F,Coil,7.49,7.0,25,-1.5,-,-,yes(>95 %),11554795.0,protein folding; protein stability; hydrogen bonding;,J MOL BIOL 312 393-404 (2001) PMID: 11554795,"Pace CN, Horn G, Hebert EJ, Bechert J, Shaw K,",-1.5,Y,80,F,7.0,25.0,7.49,0,0,0,pdb,UP:P05798,UP:P05798:Y80F,2304,train
20656,Ribonuclease Sa,P05798,Y81F (PDB: Y81F),Kitasatospora aureofaciens (Streptomyces aureofaciens),1RGG,Y81F,Coil,12.17,7.0,25,-1.2,-,-,yes(>95 %),11554795.0,protein folding; protein stability; hydrogen bonding;,J MOL BIOL 312 393-404 (2001) PMID: 11554795,"Pace CN, Horn G, Hebert EJ, Bechert J, Shaw K,",-1.2,Y,81,F,7.0,25.0,12.17,0,0,0,pdb,UP:P05798,UP:P05798:Y81F,2305,train
20657,Ribonuclease Sa,P05798,Y86F (PDB: Y86F),Kitasatospora aureofaciens (Streptomyces aureofaciens),1RGG,Y86F,Coil,22.46,7.0,25,-0.3,-,-,yes(>95 %),11554795.0,protein folding; protein stability; hydrogen bonding;,J MOL BIOL 312 393-404 (2001) PMID: 11554795,"Pace CN, Horn G, Hebert EJ, Bechert J, Shaw K,",-0.3,Y,86,F,7.0,25.0,22.46,0,0,0,pdb,UP:P05798,UP:P05798:Y86F,2306,train
20658,Ribonuclease Sa3,P30289,Y53F (UniProt),Kitasatospora aureofaciens (Streptomyces aureofaciens),1MGR,-,Coil,33.69,7.0,25,-0.6,-,-,yes(>95 %),11554795.0,protein folding; protein stability; hydrogen bonding;,J MOL BIOL 312 393-404 (2001) PMID: 11554795,"Pace CN, Horn G, Hebert EJ, Bechert J, Shaw K,",-0.6,Y,53,F,7.0,25.0,33.69,0,0,0,uniprot,UP:P30289,UP:P30289:Y53F,2307,train
20659,Ribonuclease Sa3,P30289,Y75F (UniProt),Kitasatospora aureofaciens (Streptomyces aureofaciens),1MGR,-,Coil,39.78,7.0,25,0.5,-,-,yes(>95 %),11554795.0,protein folding; protein stability; hydrogen bonding;,J MOL BIOL 312 393-404 (2001) PMID: 11554795,"Pace CN, Horn G, Hebert EJ, Bechert J, Shaw K,",0.5,Y,75,F,7.0,25.0,39.78,0,0,0,uniprot,UP:P30289,UP:P30289:Y75F,2308,train
20660,Ribonuclease Sa3,P30289,Y96F (UniProt),Kitasatospora aureofaciens (Streptomyces aureofaciens),1MGR,-,Coil,7.49,7.0,25,-2.6,-,-,yes(>95 %),11554795.0,protein folding; protein stability; hydrogen bonding;,J MOL BIOL 312 393-404 (2001) PMID: 11554795,"Pace CN, Horn G, Hebert EJ, Bechert J, Shaw K,",-2.6,Y,96,F,7.0,25.0,7.49,0,0,0,uniprot,UP:P30289,UP:P30289:Y96F,2309,train
20661,Ribonuclease Sa3,P30289,Y97F (UniProt),Kitasatospora aureofaciens (Streptomyces aureofaciens),1MGR,-,Coil,2.81,7.0,25,-2.1,-,-,yes(>95 %),11554795.0,protein folding; protein stability; hydrogen bonding;,J MOL BIOL 312 393-404 (2001) PMID: 11554795,"Pace CN, Horn G, Hebert EJ, Bechert J, Shaw K,",-2.1,Y,97,F,7.0,25.0,2.81,0,0,0,uniprot,UP:P30289,UP:P30289:Y97F,2310,train
20662,Ribonuclease Sa3,P30289,Y100F (UniProt),Kitasatospora aureofaciens (Streptomyces aureofaciens),1MGR,-,Coil,14.04,7.0,25,-0.7,-,-,yes(>95 %),11554795.0,protein folding; protein stability; hydrogen bonding;,J MOL BIOL 312 393-404 (2001) PMID: 11554795,"Pace CN, Horn G, Hebert EJ, Bechert J, Shaw K,",-0.7,Y,100,F,7.0,25.0,14.04,0,0,0,uniprot,UP:P30289,UP:P30289:Y100F,2311,train
20663,Ribonuclease Sa3,P30289,Y125F (UniProt),Kitasatospora aureofaciens (Streptomyces aureofaciens),1MGR,-,Coil,5.62,7.0,25,-1.5,-,-,yes(>95 %),11554795.0,protein folding; protein stability; hydrogen bonding;,J MOL BIOL 312 393-404 (2001) PMID: 11554795,"Pace CN, Horn G, Hebert EJ, Bechert J, Shaw K,",-1.5,Y,125,F,7.0,25.0,5.62,0,0,0,uniprot,UP:P30289,UP:P30289:Y125F,2312,train
20664,Ribonuclease Sa3,P30289,Y126F (UniProt),Kitasatospora aureofaciens (Streptomyces aureofaciens),1MGR,-,Coil,5.15,7.0,25,-1,-,-,yes(>95 %),11554795.0,protein folding; protein stability; hydrogen bonding;,J MOL BIOL 312 393-404 (2001) PMID: 11554795,"Pace CN, Horn G, Hebert EJ, Bechert J, Shaw K,",-1.0,Y,126,F,7.0,25.0,5.15,0,0,0,uniprot,UP:P30289,UP:P30289:Y126F,2313,train
20665,Ribonuclease Sa3,P30289,Y131F (UniProt),Kitasatospora aureofaciens (Streptomyces aureofaciens),1MGR,-,Coil,11.23,7.0,25,0,-,-,yes(>95 %),11554795.0,protein folding; protein stability; hydrogen bonding;,J MOL BIOL 312 393-404 (2001) PMID: 11554795,"Pace CN, Horn G, Hebert EJ, Bechert J, Shaw K,",0.0,Y,131,F,7.0,25.0,11.23,0,0,0,uniprot,UP:P30289,UP:P30289:Y131F,2314,train
20707,Alpha-lactalbumin,P00712,T48V (PDB: T29V),Capra hircus (Goat),1HFY,T29V,Turn,0.0,7.0,25,1.86,-,-,Unknown,11536356.0,protein stability; X-ray crystallography; free energy calculation;,PROTEINS 45 16-29 (2001) PMID: 11536356,"Horii K, Saito M, Yoda T, Tsumoto K, Matsushima M, Kuwajima K, Kumagai I",1.86,T,48,V,7.0,25.0,0.0,0,0,0,pdb,UP:P00712,UP:P00712:T48V,2315,train
20708,Alpha-lactalbumin,P00712,T48I (PDB: T29I),Capra hircus (Goat),1HFY,T29I,Turn,0.0,7.0,25,1.37,-,-,Unknown,11536356.0,protein stability; X-ray crystallography; free energy calculation;,PROTEINS 45 16-29 (2001) PMID: 11536356,"Horii K, Saito M, Yoda T, Tsumoto K, Matsushima M, Kuwajima K, Kumagai I",1.37,T,48,I,7.0,25.0,0.0,0,0,0,pdb,UP:P00712,UP:P00712:T48I,2316,train
20720,Ribonuclease T1,P00651,V42A (PDB: V16A),Aspergillus oryzae (strain ATCC 42149 / RIB 40) (Yellow koji mold),1RN1,V16A,Coil,1.95,7.0,25,-2.19,-,-,yes(0.98),11513591.0,cavity; hydrophobic core; sulfhydryl group; hydroxyl; methyl groups,BIOCHEMISTRY 40 10140-10149 (2001) PMID: 11513591,"De Vos S, Backmann J, Prevost M, Steyaert J, Loris R",-2.19,V,42,A,7.0,25.0,1.95,0,0,0,pdb,UP:P00651,UP:P00651:V42A,2317,val
20721,Ribonuclease T1,P00651,V42S (PDB: V16S),Aspergillus oryzae (strain ATCC 42149 / RIB 40) (Yellow koji mold),1RN1,V16S,Coil,1.95,7.0,25,-4.71,-,-,yes(1.03),11513591.0,cavity; hydrophobic core; sulfhydryl group; hydroxyl; methyl groups,BIOCHEMISTRY 40 10140-10149 (2001) PMID: 11513591,"De Vos S, Backmann J, Prevost M, Steyaert J, Loris R",-4.71,V,42,S,7.0,25.0,1.95,0,0,0,pdb,UP:P00651,UP:P00651:V42S,2318,val
20722,Ribonuclease T1,P00651,V42T (PDB: V16T),Aspergillus oryzae (strain ATCC 42149 / RIB 40) (Yellow koji mold),1RN1,V16T,Coil,1.95,7.0,25,-4.1,-,-,yes(1.04),11513591.0,cavity; hydrophobic core; sulfhydryl group; hydroxyl; methyl groups,BIOCHEMISTRY 40 10140-10149 (2001) PMID: 11513591,"De Vos S, Backmann J, Prevost M, Steyaert J, Loris R",-4.1,V,42,T,7.0,25.0,1.95,0,0,0,pdb,UP:P00651,UP:P00651:V42T,2319,val
20723,Ribonuclease T1,P00651,V42C (PDB: V16C),Aspergillus oryzae (strain ATCC 42149 / RIB 40) (Yellow koji mold),1RN1,V16C,Coil,1.95,7.0,25,-4.68,-,-,yes(0.18),11513591.0,cavity; hydrophobic core; sulfhydryl group; hydroxyl; methyl groups,BIOCHEMISTRY 40 10140-10149 (2001) PMID: 11513591,"De Vos S, Backmann J, Prevost M, Steyaert J, Loris R",-4.68,V,42,C,7.0,25.0,1.95,0,0,0,pdb,UP:P00651,UP:P00651:V42C,2320,val
20724,Ribonuclease T1,P00651,V78T (PDB: V78T),Aspergillus oryzae (strain ATCC 42149 / RIB 40) (Yellow koji mold),1RN1,V78T,Coil,0.0,7.0,25,-3.1,-,-,yes(0.98),11513591.0,cavity; hydrophobic core; sulfhydryl group; hydroxyl; methyl groups,BIOCHEMISTRY 40 10140-10149 (2001) PMID: 11513591,"De Vos S, Backmann J, Prevost M, Steyaert J, Loris R",-3.1,V,78,T,7.0,25.0,0.0,0,0,0,pdb,UP:P00651,UP:P00651:V78T,2321,val
20745,Trypsin inhibitor (BPTI),P00974,Y70G (PDB: Y35G),Bos taurus (Bovine),1BPI,Y35G,Sheet,8.89,2.0,25,-5,-,-,Unknown,7690587.0,protein folding; BPTI; calorimetry; hydrogen exchange kinetics;,"BIOCHEMISTRY 32, 9600-9608 (1993) PMID: 7690587","Kim K.-S., Fuchs J.A. & Woodward C.K.",-5.0,Y,70,G,2.0,25.0,8.89,0,0,0,pdb,UP:P00974,UP:P00974:Y70G,2322,train
20746,Trypsin inhibitor (BPTI),P00974,G72A (PDB: G37A),Bos taurus (Bovine),1BPI,G37A,Helix,47.01,2.0,25,-4.9,-,-,Unknown,7690587.0,protein folding; BPTI; calorimetry; hydrogen exchange kinetics;,"BIOCHEMISTRY 32, 9600-9608 (1993) PMID: 7690587","Kim K.-S., Fuchs J.A. & Woodward C.K.",-4.9,G,72,A,2.0,25.0,47.01,0,0,0,pdb,UP:P00974,UP:P00974:G72A,2323,train
20747,Trypsin inhibitor (BPTI),P00974,N78G (PDB: N43G),Bos taurus (Bovine),1BPI,N43G,Coil,1.37,2.0,25,-5.7,-,-,Unknown,7690587.0,protein folding; BPTI; calorimetry; hydrogen exchange kinetics;,"BIOCHEMISTRY 32, 9600-9608 (1993) PMID: 7690587","Kim K.-S., Fuchs J.A. & Woodward C.K.",-5.7,N,78,G,2.0,25.0,1.37,0,0,0,pdb,UP:P00974,UP:P00974:N78G,2324,train
20748,Trypsin inhibitor (BPTI),P00974,N79G (PDB: N44G),Bos taurus (Bovine),1BPI,N44G,Coil,14.34,2.0,25,-4.7,-,-,Unknown,7690587.0,protein folding; BPTI; calorimetry; hydrogen exchange kinetics;,"BIOCHEMISTRY 32, 9600-9608 (1993) PMID: 7690587","Kim K.-S., Fuchs J.A. & Woodward C.K.",-4.7,N,79,G,2.0,25.0,14.34,0,0,0,pdb,UP:P00974,UP:P00974:N79G,2325,train
20750,Ribonuclease,P00648,S138A (UniProt),Bacillus amyloliquefaciens (Bacillus velezensis),1BNI,-,Coil,1.71,4.4,25,-1.38,-,-,yes (>95%),7831279.0,calorimetry; protein folding; urea,"PROTEIN ENG 7, 1089-1095 (1994) PMID: 7831279","Matouschek A, Matthews JM, Johnson CM, Fersht AR",-1.38,S,138,A,4.4,25.0,1.71,0,0,0,uniprot,UP:P00648,UP:P00648:S138A,2326,test
20751,Ribonuclease,P00648,S138A (UniProt),Bacillus amyloliquefaciens (Bacillus velezensis),1BNI,-,Coil,1.71,4.4,25,-1.16,-,-,yes (>95%),7831279.0,calorimetry; protein folding; urea,"PROTEIN ENG 7, 1089-1095 (1994) PMID: 7831279","Matouschek A, Matthews JM, Johnson CM, Fersht AR",-1.16,S,138,A,4.4,25.0,1.71,0,0,0,uniprot,UP:P00648,UP:P00648:S138A,2327,test
20752,Ribonuclease,P00648,I135V (UniProt),Bacillus amyloliquefaciens (Bacillus velezensis),1BNI,-,Helix,0.0,4.4,25,-1.47,-,-,yes (>95%),7831279.0,calorimetry; protein folding; urea,"PROTEIN ENG 7, 1089-1095 (1994) PMID: 7831279","Matouschek A, Matthews JM, Johnson CM, Fersht AR",-1.47,I,135,V,4.4,25.0,0.0,0,0,0,uniprot,UP:P00648,UP:P00648:I135V,2328,test
20753,Ribonuclease,P00648,I143V (UniProt),Bacillus amyloliquefaciens (Bacillus velezensis),1BNI,-,Helix,0.0,4.4,25,-1.18,-,-,yes (>95%),7831279.0,calorimetry; protein folding; urea,"PROTEIN ENG 7, 1089-1095 (1994) PMID: 7831279","Matouschek A, Matthews JM, Johnson CM, Fersht AR",-1.18,I,143,V,4.4,25.0,0.0,0,0,0,uniprot,UP:P00648,UP:P00648:I143V,2329,test
20754,Ribonuclease,P00648,I143V (UniProt),Bacillus amyloliquefaciens (Bacillus velezensis),1BNI,-,Helix,0.0,4.4,25,-1.17,-,-,yes (>95%),7831279.0,calorimetry; protein folding; urea,"PROTEIN ENG 7, 1089-1095 (1994) PMID: 7831279","Matouschek A, Matthews JM, Johnson CM, Fersht AR",-1.17,I,143,V,4.4,25.0,0.0,0,0,0,uniprot,UP:P00648,UP:P00648:I143V,2330,test
20755,Ribonuclease,P00648,I51V (UniProt),Bacillus amyloliquefaciens (Bacillus velezensis),1BNI,-,Helix,1.08,4.4,25,-1.86,-,-,yes (>95%),7831279.0,calorimetry; protein folding; urea,"PROTEIN ENG 7, 1089-1095 (1994) PMID: 7831279","Matouschek A, Matthews JM, Johnson CM, Fersht AR",-1.86,I,51,V,4.4,25.0,1.08,0,0,0,uniprot,UP:P00648,UP:P00648:I51V,2331,test
20757,Ribonuclease,P00648,T63R (UniProt),Bacillus amyloliquefaciens (Bacillus velezensis),1BNI,-,Turn,69.94,4.4,25,0.2,-,-,yes (>95%),7831279.0,calorimetry; protein folding; urea,"PROTEIN ENG 7, 1089-1095 (1994) PMID: 7831279","Matouschek A, Matthews JM, Johnson CM, Fersht AR",0.2,T,63,R,4.4,25.0,69.94,0,0,0,uniprot,UP:P00648,UP:P00648:T63R,2332,test
20758,Ribonuclease,P00648,T73G (UniProt),Bacillus amyloliquefaciens (Bacillus velezensis),1BNI,-,Turn,22.35,4.4,25,-2.08,-,-,yes (>95%),7831279.0,calorimetry; protein folding; urea,"PROTEIN ENG 7, 1089-1095 (1994) PMID: 7831279","Matouschek A, Matthews JM, Johnson CM, Fersht AR",-2.08,T,73,G,4.4,25.0,22.35,0,0,0,uniprot,UP:P00648,UP:P00648:T73G,2333,test
20759,Ribonuclease,P00648,S139A (UniProt),Bacillus amyloliquefaciens (Bacillus velezensis),1BNI,-,Coil,45.22,4.4,25,-2.83,-,-,yes (>95%),7831279.0,calorimetry; protein folding; urea,"PROTEIN ENG 7, 1089-1095 (1994) PMID: 7831279","Matouschek A, Matthews JM, Johnson CM, Fersht AR",-2.83,S,139,A,4.4,25.0,45.22,0,0,0,uniprot,UP:P00648,UP:P00648:S139A,2334,test
20760,Ribonuclease,P00648,R130Q (UniProt),Bacillus amyloliquefaciens (Bacillus velezensis),1BNI,-,Coil,26.64,4.4,25,-1.58,-,-,yes (>95%),7831279.0,calorimetry; protein folding; urea,"PROTEIN ENG 7, 1089-1095 (1994) PMID: 7831279","Matouschek A, Matthews JM, Johnson CM, Fersht AR",-1.58,R,130,Q,4.4,25.0,26.64,0,0,0,uniprot,UP:P00648,UP:P00648:R130Q,2335,test
20761,Ribonuclease,P00648,R116M (UniProt),Bacillus amyloliquefaciens (Bacillus velezensis),1BNI,-,Coil,18.34,4.4,25,-2.86,-,-,yes (>95%),7831279.0,calorimetry; protein folding; urea,"PROTEIN ENG 7, 1089-1095 (1994) PMID: 7831279","Matouschek A, Matthews JM, Johnson CM, Fersht AR",-2.86,R,116,M,4.4,25.0,18.34,0,0,0,uniprot,UP:P00648,UP:P00648:R116M,2336,test
20762,Ribonuclease,P00648,D101N (UniProt),Bacillus amyloliquefaciens (Bacillus velezensis),1BNI,-,Sheet,27.76,4.4,25,-2.46,-,-,yes (>95%),7831279.0,calorimetry; protein folding; urea,"PROTEIN ENG 7, 1089-1095 (1994) PMID: 7831279","Matouschek A, Matthews JM, Johnson CM, Fersht AR",-2.46,D,101,N,4.4,25.0,27.76,0,0,0,uniprot,UP:P00648,UP:P00648:D101N,2337,test
20763,Ribonuclease,P00648,D101N (UniProt),Bacillus amyloliquefaciens (Bacillus velezensis),1BNI,-,Sheet,27.76,4.4,25,-2.66,-,-,yes (>95%),7831279.0,calorimetry; protein folding; urea,"PROTEIN ENG 7, 1089-1095 (1994) PMID: 7831279","Matouschek A, Matthews JM, Johnson CM, Fersht AR",-2.66,D,101,N,4.4,25.0,27.76,0,0,0,uniprot,UP:P00648,UP:P00648:D101N,2338,test
20764,Ribonuclease,P00648,D69M (UniProt),Bacillus amyloliquefaciens (Bacillus velezensis),1BNI,-,Coil,97.85,4.4,25,-0.27,-,-,yes (>95%),7831279.0,calorimetry; protein folding; urea,"PROTEIN ENG 7, 1089-1095 (1994) PMID: 7831279","Matouschek A, Matthews JM, Johnson CM, Fersht AR",-0.27,D,69,M,4.4,25.0,97.85,0,0,0,uniprot,UP:P00648,UP:P00648:D69M,2339,test
20765,Ribonuclease,P00648,D59G (UniProt),Bacillus amyloliquefaciens (Bacillus velezensis),1BNI,-,Helix,54.13,4.4,25,-0.78,-,-,yes (>95%),7831279.0,calorimetry; protein folding; urea,"PROTEIN ENG 7, 1089-1095 (1994) PMID: 7831279","Matouschek A, Matthews JM, Johnson CM, Fersht AR",-0.78,D,59,G,4.4,25.0,54.13,0,0,0,uniprot,UP:P00648,UP:P00648:D59G,2340,test
20766,Ribonuclease,P00648,D55A (UniProt),Bacillus amyloliquefaciens (Bacillus velezensis),1BNI,-,Helix,66.62,4.4,25,-0.69,-,-,yes (>95%),7831279.0,calorimetry; protein folding; urea,"PROTEIN ENG 7, 1089-1095 (1994) PMID: 7831279","Matouschek A, Matthews JM, Johnson CM, Fersht AR",-0.69,D,55,A,4.4,25.0,66.62,0,0,0,uniprot,UP:P00648,UP:P00648:D55A,2341,test
20778,Iso-1 cytochrome c,P00044,N58I (UniProt),Saccharomyces cerevisiae (strain ATCC 204508 / S288c) (Baker's yeast),1YCC,-,Helix,8.88,6.0,25,4.2,-,-,yes,2536164.0,protein structure; Saccharomyces cerevisiae; cytochrome c;,"PROC NATL ACAD SCI U S A 86, 496-499 (1989) PMID: 2536164","Das G., Hickey D.R., McLendon D., McLendon G. & Sherman F.",4.2,N,58,I,6.0,25.0,8.88,0,0,0,uniprot,UP:P00044,UP:P00044:N58I,2342,train
20796,Regulatory protein rop (RNA one modulator) (ROM),P03051,L41V (PDB: L41V),Escherichia coli,1ROP,L41V,Helix,45.33,6.0,25,-2.53,-,-,yes,8539253.0,protein stability; 4-alpha-helix bundle; ROP protein;,"PROTEINS 23, 83-96 (1995) PMID: 8539253","Steif C, Hinz HJ, Cesareni G",-2.53,L,41,V,6.0,25.0,45.33,0,0,0,pdb,UP:P03051,UP:P03051:L41V,2343,train
20797,Regulatory protein rop (RNA one modulator) (ROM),P03051,L41A (PDB: L41A),Escherichia coli,1ROP,L41A,Helix,45.33,6.0,25,-6.12,-,-,yes,8539253.0,protein stability; 4-alpha-helix bundle; ROP protein;,"PROTEINS 23, 83-96 (1995) PMID: 8539253","Steif C, Hinz HJ, Cesareni G",-6.12,L,41,A,6.0,25.0,45.33,0,0,0,pdb,UP:P03051,UP:P03051:L41A,2344,train
21016,Chymotrypsin inhibitor,P01053,L28A (UniProt),Hordeum vulgare (Barley),2CI2,-,Turn,0.55,3.0,25,-2.66,-,-,yes,8218191.0,chymotrypsin inhibitor 2; cavity-creating mutations;,"BIOCHEMISTRY 32, 11259-11269 (1993) PMID: 8218191","Jackson S.E., Moracci M., ElMasry N., Johnson C.M. & Fersht A.R.",-2.66,L,28,A,3.0,25.0,0.55,0,0,0,uniprot,UP:P01053,UP:P01053:L28A,2345,test
21017,Chymotrypsin inhibitor,P01053,V39A (UniProt),Hordeum vulgare (Barley),2CI2,-,Helix,31.88,3.0,25,-0.46,-,-,yes,8218191.0,chymotrypsin inhibitor 2; cavity-creating mutations;,"BIOCHEMISTRY 32, 11259-11269 (1993) PMID: 8218191","Jackson S.E., Moracci M., ElMasry N., Johnson C.M. & Fersht A.R.",-0.46,V,39,A,3.0,25.0,31.88,0,0,0,uniprot,UP:P01053,UP:P01053:V39A,2346,test
21018,Chymotrypsin inhibitor,P01053,I40V (UniProt),Hordeum vulgare (Barley),2CI2,-,Helix,0.0,3.0,25,-1.2,-,-,yes,8218191.0,chymotrypsin inhibitor 2; cavity-creating mutations;,"BIOCHEMISTRY 32, 11259-11269 (1993) PMID: 8218191","Jackson S.E., Moracci M., ElMasry N., Johnson C.M. & Fersht A.R.",-1.2,I,40,V,3.0,25.0,0.0,0,0,0,uniprot,UP:P01053,UP:P01053:I40V,2347,test
21019,Chymotrypsin inhibitor,P01053,I40V (UniProt),Hordeum vulgare (Barley),2CI2,-,Helix,0.0,3.5,25,-1.16,-,-,yes,8218191.0,chymotrypsin inhibitor 2; cavity-creating mutations;,"BIOCHEMISTRY 32, 11259-11269 (1993) PMID: 8218191","Jackson S.E., Moracci M., ElMasry N., Johnson C.M. & Fersht A.R.",-1.16,I,40,V,3.5,25.0,0.0,0,0,0,uniprot,UP:P01053,UP:P01053:I40V,2348,test
21020,Chymotrypsin inhibitor,P01053,I49V (UniProt),Hordeum vulgare (Barley),2CI2,-,Helix,21.08,3.5,25,-0.92,-,-,yes,8218191.0,chymotrypsin inhibitor 2; cavity-creating mutations;,"BIOCHEMISTRY 32, 11259-11269 (1993) PMID: 8218191","Jackson S.E., Moracci M., ElMasry N., Johnson C.M. & Fersht A.R.",-0.92,I,49,V,3.5,25.0,21.08,0,0,0,uniprot,UP:P01053,UP:P01053:I49V,2349,test
21021,Chymotrypsin inhibitor,P01053,I49A (UniProt),Hordeum vulgare (Barley),2CI2,-,Helix,21.08,3.5,25,-3.89,-,-,yes,8218191.0,chymotrypsin inhibitor 2; cavity-creating mutations;,"BIOCHEMISTRY 32, 11259-11269 (1993) PMID: 8218191","Jackson S.E., Moracci M., ElMasry N., Johnson C.M. & Fersht A.R.",-3.89,I,49,A,3.5,25.0,21.08,0,0,0,uniprot,UP:P01053,UP:P01053:I49A,2350,test
21022,Chymotrypsin inhibitor,P01053,V67A (UniProt),Hordeum vulgare (Barley),2CI2,-,Sheet,0.0,3.5,25,-4.91,-,-,yes,8218191.0,chymotrypsin inhibitor 2; cavity-creating mutations;,"BIOCHEMISTRY 32, 11259-11269 (1993) PMID: 8218191","Jackson S.E., Moracci M., ElMasry N., Johnson C.M. & Fersht A.R.",-4.91,V,67,A,3.5,25.0,0.0,0,0,0,uniprot,UP:P01053,UP:P01053:V67A,2351,test
21023,Chymotrypsin inhibitor,P01053,L69A (UniProt),Hordeum vulgare (Barley),2CI2,-,Sheet,0.0,3.5,25,-3.74,-,-,yes,8218191.0,chymotrypsin inhibitor 2; cavity-creating mutations;,"BIOCHEMISTRY 32, 11259-11269 (1993) PMID: 8218191","Jackson S.E., Moracci M., ElMasry N., Johnson C.M. & Fersht A.R.",-3.74,L,69,A,3.5,25.0,0.0,0,0,0,uniprot,UP:P01053,UP:P01053:L69A,2352,test
21024,Chymotrypsin inhibitor,P01053,V71A (UniProt),Hordeum vulgare (Barley),2CI2,-,Sheet,7.16,3.0,25,-2.17,-,-,yes,8218191.0,chymotrypsin inhibitor 2; cavity-creating mutations;,"BIOCHEMISTRY 32, 11259-11269 (1993) PMID: 8218191","Jackson S.E., Moracci M., ElMasry N., Johnson C.M. & Fersht A.R.",-2.17,V,71,A,3.0,25.0,7.16,0,0,0,uniprot,UP:P01053,UP:P01053:V71A,2353,test
21025,Chymotrypsin inhibitor,P01053,I77V (UniProt),Hordeum vulgare (Barley),2CI2,-,Helix,1.08,3.0,25,0.09,-,-,yes,8218191.0,chymotrypsin inhibitor 2; cavity-creating mutations;,"BIOCHEMISTRY 32, 11259-11269 (1993) PMID: 8218191","Jackson S.E., Moracci M., ElMasry N., Johnson C.M. & Fersht A.R.",0.09,I,77,V,3.0,25.0,1.08,0,0,0,uniprot,UP:P01053,UP:P01053:I77V,2354,test
21026,Chymotrypsin inhibitor,P01053,I77A (UniProt),Hordeum vulgare (Barley),2CI2,-,Helix,1.08,3.0,25,-4.23,-,-,yes,8218191.0,chymotrypsin inhibitor 2; cavity-creating mutations;,"BIOCHEMISTRY 32, 11259-11269 (1993) PMID: 8218191","Jackson S.E., Moracci M., ElMasry N., Johnson C.M. & Fersht A.R.",-4.23,I,77,A,3.0,25.0,1.08,0,0,0,uniprot,UP:P01053,UP:P01053:I77A,2355,test
21027,Chymotrypsin inhibitor,P01053,I77A (UniProt),Hordeum vulgare (Barley),2CI2,-,Helix,1.08,3.5,25,-4.34,-,-,yes,8218191.0,chymotrypsin inhibitor 2; cavity-creating mutations;,"BIOCHEMISTRY 32, 11259-11269 (1993) PMID: 8218191","Jackson S.E., Moracci M., ElMasry N., Johnson C.M. & Fersht A.R.",-4.34,I,77,A,3.5,25.0,1.08,0,0,0,uniprot,UP:P01053,UP:P01053:I77A,2356,test
21102,Lysozyme,P03706,H31D (PDB: H31D),Escherichia phage lambda (Bacteriophage lambda),1AM7,H31D,Helix,24.74,7.0,25,-1.6,-,-,yes,10556513.0,lysozyme; diethyl pyrocarbonate; functional motion,"FEBS LETT 460, 442-446 (1999) PMID: 10556513","Evrard C, Fastrez J, Soumillion P",-1.6,H,31,D,7.0,25.0,24.74,0,0,0,pdb,UP:P03706,UP:P03706:H31D,2357,train
21104,Lysozyme,P03706,H48N (PDB: H48N),Escherichia phage lambda (Bacteriophage lambda),1AM7,H48N,Helix,2.2,7.0,25,-5,-,-,yes,10556513.0,lysozyme; diethyl pyrocarbonate; functional motion,"FEBS LETT 460, 442-446 (1999) PMID: 10556513","Evrard C, Fastrez J, Soumillion P",-5.0,H,48,N,7.0,25.0,2.2,0,0,0,pdb,UP:P03706,UP:P03706:H48N,2358,train
21114,Protein G,P06654,T279Y (PDB: T53Y),Streptococcus sp. group G,1PGA,T53Y,Turn,26.68,5.2,25,4.1,-,-,Unknown,10574793.0,beta sheet; protein design; protein stability; sidechain interactions; strand register,"STRUCTURE FOLD DES 7, 1333-1343 (1999) PMID: 10574793","Merkel JS, Sturtevant JM, Regan L",4.1,T,279,Y,5.2,25.0,26.68,0,0,0,pdb,UP:P06654,UP:P06654:T279Y,2359,val
21115,Protein G,P06654,T279F (PDB: T53F),Streptococcus sp. group G,1PGA,T53F,Turn,26.68,5.2,25,4.61,-,-,Unknown,10574793.0,beta sheet; protein design; protein stability; sidechain interactions; strand register,"STRUCTURE FOLD DES 7, 1333-1343 (1999) PMID: 10574793","Merkel JS, Sturtevant JM, Regan L",4.61,T,279,F,5.2,25.0,26.68,0,0,0,pdb,UP:P06654,UP:P06654:T279F,2360,val
21116,Protein G,P06654,T279I (PDB: T53I),Streptococcus sp. group G,1PGA,T53I,Turn,26.68,5.2,25,3.3,-,-,Unknown,10574793.0,beta sheet; protein design; protein stability; sidechain interactions; strand register,"STRUCTURE FOLD DES 7, 1333-1343 (1999) PMID: 10574793","Merkel JS, Sturtevant JM, Regan L",3.3,T,279,I,5.2,25.0,26.68,0,0,0,pdb,UP:P06654,UP:P06654:T279I,2361,val
21119,Protein G,P06654,T279V (PDB: T53V),Streptococcus sp. group G,1PGA,T53V,Turn,26.68,5.2,25,2.8,-,-,Unknown,10574793.0,beta sheet; protein design; protein stability; sidechain interactions; strand register,"STRUCTURE FOLD DES 7, 1333-1343 (1999) PMID: 10574793","Merkel JS, Sturtevant JM, Regan L",2.8,T,279,V,5.2,25.0,26.68,0,0,0,pdb,UP:P06654,UP:P06654:T279V,2362,val
21128,Protein G,P06654,I232N (PDB: I6N),Streptococcus sp. group G,1PGA,I6N,Helix,32.43,5.2,25,2.07,-,-,Unknown,10574793.0,beta sheet; protein design; protein stability; sidechain interactions; strand register,"STRUCTURE FOLD DES 7, 1333-1343 (1999) PMID: 10574793","Merkel JS, Sturtevant JM, Regan L",2.07,I,232,N,5.2,25.0,32.43,0,0,0,pdb,UP:P06654,UP:P06654:I232N,2363,val
21129,Protein G,P06654,I232T (PDB: I6T),Streptococcus sp. group G,1PGA,I6T,Helix,32.43,5.2,25,2,-,-,Unknown,10574793.0,beta sheet; protein design; protein stability; sidechain interactions; strand register,"STRUCTURE FOLD DES 7, 1333-1343 (1999) PMID: 10574793","Merkel JS, Sturtevant JM, Regan L",2.0,I,232,T,5.2,25.0,32.43,0,0,0,pdb,UP:P06654,UP:P06654:I232T,2364,val
21358,Phosphocarrier protein HPr (Histidine-containing protein),P0AA04,K49R (PDB: K49R),Escherichia coli,1CM2,K49R,Helix,44.53,7.0,25,-0.2,-,-,yes,12144791.0,hydrogen bonds; hydrophobic effect; protein stability; protein folding,"J MOL BIOL 321, 355-362 (2002) PMID: 12144791","Nicholson EM, Peterson RW, Scholtz JM.",-0.2,K,49,R,7.0,25.0,44.53,0,0,0,pdb,UP:P0AA04,UP:P0AA04:K49R,2365,train
21359,Phosphocarrier protein HPr (Histidine-containing protein),P0AA04,K49N (PDB: K49N),Escherichia coli,1CM2,K49N,Helix,44.53,7.0,25,0.4,-,-,yes,12144791.0,hydrogen bonds; hydrophobic effect; protein stability; protein folding,"J MOL BIOL 321, 355-362 (2002) PMID: 12144791","Nicholson EM, Peterson RW, Scholtz JM.",0.4,K,49,N,7.0,25.0,44.53,0,0,0,pdb,UP:P0AA04,UP:P0AA04:K49N,2366,train
21360,Phosphocarrier protein HPr (Histidine-containing protein),P0AA04,K49S (PDB: K49S),Escherichia coli,1CM2,K49S,Helix,44.53,7.0,25,1.2,-,-,yes,12144791.0,hydrogen bonds; hydrophobic effect; protein stability; protein folding,"J MOL BIOL 321, 355-362 (2002) PMID: 12144791","Nicholson EM, Peterson RW, Scholtz JM.",1.2,K,49,S,7.0,25.0,44.53,0,0,0,pdb,UP:P0AA04,UP:P0AA04:K49S,2367,train
21361,Phosphocarrier protein HPr (Histidine-containing protein),P0AA04,K49D (PDB: K49D),Escherichia coli,1CM2,K49D,Helix,44.53,7.0,25,1.8,-,-,yes,12144791.0,hydrogen bonds; hydrophobic effect; protein stability; protein folding,"J MOL BIOL 321, 355-362 (2002) PMID: 12144791","Nicholson EM, Peterson RW, Scholtz JM.",1.8,K,49,D,7.0,25.0,44.53,0,0,0,pdb,UP:P0AA04,UP:P0AA04:K49D,2368,train
21362,Phosphocarrier protein HPr (Histidine-containing protein),P0AA04,K49Q (PDB: K49Q),Escherichia coli,1CM2,K49Q,Helix,44.53,7.0,25,1.5,-,-,yes,12144791.0,hydrogen bonds; hydrophobic effect; protein stability; protein folding,"J MOL BIOL 321, 355-362 (2002) PMID: 12144791","Nicholson EM, Peterson RW, Scholtz JM.",1.5,K,49,Q,7.0,25.0,44.53,0,0,0,pdb,UP:P0AA04,UP:P0AA04:K49Q,2369,train
21363,Phosphocarrier protein HPr (Histidine-containing protein),P0AA04,K49E (PDB: K49E),Escherichia coli,1CM2,K49E,Helix,44.53,7.0,25,2.1,-,-,yes,12144791.0,hydrogen bonds; hydrophobic effect; protein stability; protein folding,"J MOL BIOL 321, 355-362 (2002) PMID: 12144791","Nicholson EM, Peterson RW, Scholtz JM.",2.1,K,49,E,7.0,25.0,44.53,0,0,0,pdb,UP:P0AA04,UP:P0AA04:K49E,2370,train
21364,Phosphocarrier protein HPr (Histidine-containing protein),P0AA04,K49M (PDB: K49M),Escherichia coli,1CM2,K49M,Helix,44.53,7.0,25,1,-,-,yes,12144791.0,hydrogen bonds; hydrophobic effect; protein stability; protein folding,"J MOL BIOL 321, 355-362 (2002) PMID: 12144791","Nicholson EM, Peterson RW, Scholtz JM.",1.0,K,49,M,7.0,25.0,44.53,0,0,0,pdb,UP:P0AA04,UP:P0AA04:K49M,2371,train
21365,Phosphocarrier protein HPr (Histidine-containing protein),P0AA04,K49G (PDB: K49G),Escherichia coli,1CM2,K49G,Helix,44.53,7.0,25,1.2,-,-,yes,12144791.0,hydrogen bonds; hydrophobic effect; protein stability; protein folding,"J MOL BIOL 321, 355-362 (2002) PMID: 12144791","Nicholson EM, Peterson RW, Scholtz JM.",1.2,K,49,G,7.0,25.0,44.53,0,0,0,pdb,UP:P0AA04,UP:P0AA04:K49G,2372,train
21366,Phosphocarrier protein HPr (Histidine-containing protein),P0AA04,K49A (PDB: K49A),Escherichia coli,1CM2,K49A,Helix,44.53,7.0,25,1.6,-,-,yes,12144791.0,hydrogen bonds; hydrophobic effect; protein stability; protein folding,"J MOL BIOL 321, 355-362 (2002) PMID: 12144791","Nicholson EM, Peterson RW, Scholtz JM.",1.6,K,49,A,7.0,25.0,44.53,0,0,0,pdb,UP:P0AA04,UP:P0AA04:K49A,2373,train
21367,Phosphocarrier protein HPr (Histidine-containing protein),P08877,G49K (PDB: G49K),Bacillus subtilis,1KKM,G49K,Helix,23.76,7.0,25,-1,-,-,yes,12144791.0,hydrogen bonds; hydrophobic effect; protein stability; protein folding,"J MOL BIOL 321, 355-362 (2002) PMID: 12144791","Nicholson EM, Peterson RW, Scholtz JM.",-1.0,G,49,K,7.0,25.0,23.76,0,0,0,pdb,UP:P08877,UP:P08877:G49K,2374,test
21368,Phosphocarrier protein HPr (Histidine-containing protein),P08877,G49E (PDB: G49E),Bacillus subtilis,1KKM,G49E,Helix,23.76,7.0,25,1.4,-,-,yes,12144791.0,hydrogen bonds; hydrophobic effect; protein stability; protein folding,"J MOL BIOL 321, 355-362 (2002) PMID: 12144791","Nicholson EM, Peterson RW, Scholtz JM.",1.4,G,49,E,7.0,25.0,23.76,0,0,0,pdb,UP:P08877,UP:P08877:G49E,2375,test
21369,Phosphocarrier protein HPr (Histidine-containing protein),P08877,G49A (PDB: G49A),Bacillus subtilis,1KKM,G49A,Helix,23.76,7.0,25,0.8,-,-,yes,12144791.0,hydrogen bonds; hydrophobic effect; protein stability; protein folding,"J MOL BIOL 321, 355-362 (2002) PMID: 12144791","Nicholson EM, Peterson RW, Scholtz JM.",0.8,G,49,A,7.0,25.0,23.76,0,0,0,pdb,UP:P08877,UP:P08877:G49A,2376,test
21664,Alpha-spectrin,P07751,D1011G (UniProt),Gallus gallus (Chicken),1SHG,-,Turn,78.42,2.0,25,0.98,-,-,yes,12684010.0,SH3 domain; folding; transition state; hydrophobic core packing; protein design,"J MOL BIOL 328, 221-233 (2003) PMID: 12684010","Cobos ES, Filimonov VV, Vega MC, Mateo PL, Serrano L, Martinez JC.",0.98,D,1011,G,2.0,25.0,78.42,0,0,0,uniprot,UP:P07751,UP:P07751:D1011G,2377,train
21667,Alpha-spectrin,P07751,D1011G (UniProt),Gallus gallus (Chicken),1SHG,-,Turn,78.42,2.5,25,0.69,-,-,yes,12684010.0,SH3 domain; folding; transition state; hydrophobic core packing; protein design,"J MOL BIOL 328, 221-233 (2003) PMID: 12684010","Cobos ES, Filimonov VV, Vega MC, Mateo PL, Serrano L, Martinez JC.",0.69,D,1011,G,2.5,25.0,78.42,0,0,0,uniprot,UP:P07751,UP:P07751:D1011G,2378,train
21670,Alpha-spectrin,P07751,D1011G (UniProt),Gallus gallus (Chicken),1SHG,-,Turn,78.42,3.0,25,0.57,-,-,yes,12684010.0,SH3 domain; folding; transition state; hydrophobic core packing; protein design,"J MOL BIOL 328, 221-233 (2003) PMID: 12684010","Cobos ES, Filimonov VV, Vega MC, Mateo PL, Serrano L, Martinez JC.",0.57,D,1011,G,3.0,25.0,78.42,0,0,0,uniprot,UP:P07751,UP:P07751:D1011G,2379,train
21673,Alpha-spectrin,P07751,D1011G (UniProt),Gallus gallus (Chicken),1SHG,-,Turn,78.42,3.5,25,1.05,-,-,yes,12684010.0,SH3 domain; folding; transition state; hydrophobic core packing; protein design,"J MOL BIOL 328, 221-233 (2003) PMID: 12684010","Cobos ES, Filimonov VV, Vega MC, Mateo PL, Serrano L, Martinez JC.",1.05,D,1011,G,3.5,25.0,78.42,0,0,0,uniprot,UP:P07751,UP:P07751:D1011G,2380,train
21684,Ribonuclease pancreatic,P61823,F72L (PDB: F46L),Bos taurus (Bovine),1RTB,F46L,Sheet,0.0,6.0,25,-3.2,-,-,Unknown,12962489.0,hydrophobic core; folding kinetics; active site; cavity volume,"BIOCHEMISTRY 42, 10651-10658 (2003) PMID: 12962489","Kadonosono T, Chatani E, Hayashi R, Moriyama H, Ueki T.",-3.2,F,72,L,6.0,25.0,0.0,0,0,0,pdb,UP:P61823,UP:P61823:F72L,2381,train
21685,Ribonuclease pancreatic,P61823,F72V (PDB: F46V),Bos taurus (Bovine),1RTB,F46V,Sheet,0.0,6.0,25,-4.54,-,-,Unknown,12962489.0,hydrophobic core; folding kinetics; active site; cavity volume,"BIOCHEMISTRY 42, 10651-10658 (2003) PMID: 12962489","Kadonosono T, Chatani E, Hayashi R, Moriyama H, Ueki T.",-4.54,F,72,V,6.0,25.0,0.0,0,0,0,pdb,UP:P61823,UP:P61823:F72V,2382,train
21686,Ribonuclease pancreatic,P61823,F72A (PDB: F46A),Bos taurus (Bovine),1RTB,F46A,Sheet,0.0,6.0,25,-6.36,-,-,Unknown,12962489.0,hydrophobic core; folding kinetics; active site; cavity volume,"BIOCHEMISTRY 42, 10651-10658 (2003) PMID: 12962489","Kadonosono T, Chatani E, Hayashi R, Moriyama H, Ueki T.",-6.36,F,72,A,6.0,25.0,0.0,0,0,0,pdb,UP:P61823,UP:P61823:F72A,2383,train
21816,Ribonuclease,P00648,D59G (UniProt),Bacillus amyloliquefaciens (Bacillus velezensis),1BNI,-,Helix,54.13,6.3,25,-1.2,-,-,Unknown,15035606.0,folding pathway; transition state; secondary structure; hidden intermediates,"BIOCHEMISTRY 43, 3346-3356 (2004) PMID: 15035606","Vu ND, Feng H, Bai Y.",-1.2,D,59,G,6.3,25.0,54.13,0,0,0,uniprot,UP:P00648,UP:P00648:D59G,2384,test
21817,Ribonuclease,P00648,D59A (UniProt),Bacillus amyloliquefaciens (Bacillus velezensis),1BNI,-,Helix,54.13,6.3,25,1.1,-,-,Unknown,15035606.0,folding pathway; transition state; secondary structure; hidden intermediates,"BIOCHEMISTRY 43, 3346-3356 (2004) PMID: 15035606","Vu ND, Feng H, Bai Y.",1.1,D,59,A,6.3,25.0,54.13,0,0,0,uniprot,UP:P00648,UP:P00648:D59A,2385,test
21818,Ribonuclease,P00648,Y60G (UniProt),Bacillus amyloliquefaciens (Bacillus velezensis),1BNI,-,Helix,15.91,6.3,25,-6.4,-,-,Unknown,15035606.0,folding pathway; transition state; secondary structure; hidden intermediates,"BIOCHEMISTRY 43, 3346-3356 (2004) PMID: 15035606","Vu ND, Feng H, Bai Y.",-6.4,Y,60,G,6.3,25.0,15.91,0,0,0,uniprot,UP:P00648,UP:P00648:Y60G,2386,test
21819,Ribonuclease,P00648,Q62G (UniProt),Bacillus amyloliquefaciens (Bacillus velezensis),1BNI,-,Helix,43.67,6.3,25,-1.6,-,-,Unknown,15035606.0,folding pathway; transition state; secondary structure; hidden intermediates,"BIOCHEMISTRY 43, 3346-3356 (2004) PMID: 15035606","Vu ND, Feng H, Bai Y.",-1.6,Q,62,G,6.3,25.0,43.67,0,0,0,uniprot,UP:P00648,UP:P00648:Q62G,2387,test
21820,Ribonuclease,P00648,Q62A (UniProt),Bacillus amyloliquefaciens (Bacillus velezensis),1BNI,-,Helix,43.67,6.3,25,-0.2,-,-,Unknown,15035606.0,folding pathway; transition state; secondary structure; hidden intermediates,"BIOCHEMISTRY 43, 3346-3356 (2004) PMID: 15035606","Vu ND, Feng H, Bai Y.",-0.2,Q,62,A,6.3,25.0,43.67,0,0,0,uniprot,UP:P00648,UP:P00648:Q62A,2388,test
21821,Ribonuclease,P00648,Y64G (UniProt),Bacillus amyloliquefaciens (Bacillus velezensis),1BNI,-,Turn,58.49,6.3,25,-4.9,-,-,Unknown,15035606.0,folding pathway; transition state; secondary structure; hidden intermediates,"BIOCHEMISTRY 43, 3346-3356 (2004) PMID: 15035606","Vu ND, Feng H, Bai Y.",-4.9,Y,64,G,6.3,25.0,58.49,0,0,0,uniprot,UP:P00648,UP:P00648:Y64G,2389,test
21822,Ribonuclease,P00648,I102G (UniProt),Bacillus amyloliquefaciens (Bacillus velezensis),1BNI,-,Helix,47.57,6.3,25,-3.1,-,-,Unknown,15035606.0,folding pathway; transition state; secondary structure; hidden intermediates,"BIOCHEMISTRY 43, 3346-3356 (2004) PMID: 15035606","Vu ND, Feng H, Bai Y.",-3.1,I,102,G,6.3,25.0,47.57,0,0,0,uniprot,UP:P00648,UP:P00648:I102G,2390,test
21823,Ribonuclease,P00648,R119G (UniProt),Bacillus amyloliquefaciens (Bacillus velezensis),1BNI,-,Sheet,44.1,6.3,25,-2.5,-,-,Unknown,15035606.0,folding pathway; transition state; secondary structure; hidden intermediates,"BIOCHEMISTRY 43, 3346-3356 (2004) PMID: 15035606","Vu ND, Feng H, Bai Y.",-2.5,R,119,G,6.3,25.0,44.1,0,0,0,uniprot,UP:P00648,UP:P00648:R119G,2391,test
21824,Ribonuclease,P00648,E120G (UniProt),Bacillus amyloliquefaciens (Bacillus velezensis),1BNI,-,Sheet,10.88,6.3,25,-5.4,-,-,Unknown,15035606.0,folding pathway; transition state; secondary structure; hidden intermediates,"BIOCHEMISTRY 43, 3346-3356 (2004) PMID: 15035606","Vu ND, Feng H, Bai Y.",-5.4,E,120,G,6.3,25.0,10.88,0,0,0,uniprot,UP:P00648,UP:P00648:E120G,2392,test
21825,Ribonuclease,P00648,I135G (UniProt),Bacillus amyloliquefaciens (Bacillus velezensis),1BNI,-,Helix,0.0,6.3,25,-7.4,-,-,Unknown,15035606.0,folding pathway; transition state; secondary structure; hidden intermediates,"BIOCHEMISTRY 43, 3346-3356 (2004) PMID: 15035606","Vu ND, Feng H, Bai Y.",-7.4,I,135,G,6.3,25.0,0.0,0,0,0,uniprot,UP:P00648,UP:P00648:I135G,2393,test
21826,Ribonuclease,P00648,L89G (UniProt),Bacillus amyloliquefaciens (Bacillus velezensis),1BNI,-,Sheet,0.0,6.3,25,-7,-,-,Unknown,15035606.0,folding pathway; transition state; secondary structure; hidden intermediates,"BIOCHEMISTRY 43, 3346-3356 (2004) PMID: 15035606","Vu ND, Feng H, Bai Y.",-7.0,L,89,G,6.3,25.0,0.0,0,0,0,uniprot,UP:P00648,UP:P00648:L89G,2394,test
21827,Ribonuclease,P00648,L142G (UniProt),Bacillus amyloliquefaciens (Bacillus velezensis),1BNI,-,Coil,18.57,6.3,25,-4.7,-,-,Unknown,15035606.0,folding pathway; transition state; secondary structure; hidden intermediates,"BIOCHEMISTRY 43, 3346-3356 (2004) PMID: 15035606","Vu ND, Feng H, Bai Y.",-4.7,L,142,G,6.3,25.0,18.57,0,0,0,uniprot,UP:P00648,UP:P00648:L142G,2395,test
21828,Ribonuclease,P00648,I143G (UniProt),Bacillus amyloliquefaciens (Bacillus velezensis),1BNI,-,Helix,0.0,6.3,25,-5.7,-,-,Unknown,15035606.0,folding pathway; transition state; secondary structure; hidden intermediates,"BIOCHEMISTRY 43, 3346-3356 (2004) PMID: 15035606","Vu ND, Feng H, Bai Y.",-5.7,I,143,G,6.3,25.0,0.0,0,0,0,uniprot,UP:P00648,UP:P00648:I143G,2396,test
21829,Ribonuclease,P00648,Y144G (UniProt),Bacillus amyloliquefaciens (Bacillus velezensis),1BNI,-,Sheet,17.78,6.3,25,-6.6,-,-,Unknown,15035606.0,folding pathway; transition state; secondary structure; hidden intermediates,"BIOCHEMISTRY 43, 3346-3356 (2004) PMID: 15035606","Vu ND, Feng H, Bai Y.",-6.6,Y,144,G,6.3,25.0,17.78,0,0,0,uniprot,UP:P00648,UP:P00648:Y144G,2397,test
21830,Ribonuclease,P00648,T147G (UniProt),Bacillus amyloliquefaciens (Bacillus velezensis),1BNI,-,Turn,56.96,6.3,25,-2.8,-,-,Unknown,15035606.0,folding pathway; transition state; secondary structure; hidden intermediates,"BIOCHEMISTRY 43, 3346-3356 (2004) PMID: 15035606","Vu ND, Feng H, Bai Y.",-2.8,T,147,G,6.3,25.0,56.96,0,0,0,uniprot,UP:P00648,UP:P00648:T147G,2398,test
21906,Cytochrome b5,P00171,P97A (UniProt),Bos taurus (Bovine),1B5M,-,Turn,44.4,7.2,25,-0.65,-,-,yes,15379561.0,long-range effects; heme binding; helical propensity; electrostatic interactions,"BIOCHEMISTRY 43, 12227-12236 (2004) PMID: 15379561","Mukhopadhyay K, Lecomte JT",-0.65,P,97,A,7.2,25.0,44.4,0,0,0,uniprot,UP:P00171,UP:P00171:P97A,2399,val
21907,Cytochrome b5,P00171,D76R (UniProt),Bos taurus (Bovine),1B5M,-,Turn,99.24,7.2,25,0.33,-,-,yes,15379561.0,long-range effects; heme binding; helical propensity; electrostatic interactions,"BIOCHEMISTRY 43, 12227-12236 (2004) PMID: 15379561","Mukhopadhyay K, Lecomte JT",0.33,D,76,R,7.2,25.0,99.24,0,0,0,uniprot,UP:P00171,UP:P00171:D76R,2400,val
21909,Cytochrome b5,P00171,P97A (UniProt),Bos taurus (Bovine),1B5M,-,Turn,44.4,7.2,25,-1.51,-,-,yes,15379561.0,long-range effects; heme binding; helical propensity; electrostatic interactions,"BIOCHEMISTRY 43, 12227-12236 (2004) PMID: 15379561","Mukhopadhyay K, Lecomte JT",-1.51,P,97,A,7.2,25.0,44.4,0,0,0,uniprot,UP:P00171,UP:P00171:P97A,2401,val
21910,Cytochrome b5,P00171,D76R (UniProt),Bos taurus (Bovine),1B5M,-,Turn,99.24,7.2,25,0.14,-,-,yes,15379561.0,long-range effects; heme binding; helical propensity; electrostatic interactions,"BIOCHEMISTRY 43, 12227-12236 (2004) PMID: 15379561","Mukhopadhyay K, Lecomte JT",0.14,D,76,R,7.2,25.0,99.24,0,0,0,uniprot,UP:P00171,UP:P00171:D76R,2402,val
21966,Trypsin inhibitor,P00974,F57A (PDB: F22A),Bos taurus (Bovine),1BPI,F22A,Sheet,12.95,2.0,25,-1.2,-,-,Unknown,7686069.0,BPTI; crystal structure; hydrogen exchange; protein folding;,"PROTEIN SCI 2, 588-596 (1993) PMID: 7686069","Kim K.S., Tao F., Fuchs J., Danishefsky A.T., Housset D.,",-1.2,F,57,A,2.0,25.0,12.95,0,0,0,pdb,UP:P00974,UP:P00974:F57A,2403,train
21967,Trypsin inhibitor,P00974,Y58A (PDB: Y23A),Bos taurus (Bovine),1BPI,Y23A,Sheet,5.15,2.0,25,-5.9,-,-,Unknown,7686069.0,BPTI; crystal structure; hydrogen exchange; protein folding;,"PROTEIN SCI 2, 588-596 (1993) PMID: 7686069","Kim K.S., Tao F., Fuchs J., Danishefsky A.T., Housset D.,",-5.9,Y,58,A,2.0,25.0,5.15,0,0,0,pdb,UP:P00974,UP:P00974:Y58A,2404,train
21968,Trypsin inhibitor,P00974,Y70G (PDB: Y35G),Bos taurus (Bovine),1BPI,Y35G,Sheet,8.89,2.0,25,-5,-,-,Unknown,7686069.0,BPTI; crystal structure; hydrogen exchange; protein folding;,"PROTEIN SCI 2, 588-596 (1993) PMID: 7686069","Kim K.S., Tao F., Fuchs J., Danishefsky A.T., Housset D.,",-5.0,Y,70,G,2.0,25.0,8.89,0,0,0,pdb,UP:P00974,UP:P00974:Y70G,2405,train
21969,Trypsin inhibitor,P00974,N78G (PDB: N43G),Bos taurus (Bovine),1BPI,N43G,Coil,1.37,2.0,25,-5.7,-,-,Unknown,7686069.0,BPTI; crystal structure; hydrogen exchange; protein folding;,"PROTEIN SCI 2, 588-596 (1993) PMID: 7686069","Kim K.S., Tao F., Fuchs J., Danishefsky A.T., Housset D.,",-5.7,N,78,G,2.0,25.0,1.37,0,0,0,pdb,UP:P00974,UP:P00974:N78G,2406,train
21970,Trypsin inhibitor,P00974,F80A (PDB: F45A),Bos taurus (Bovine),1BPI,F45A,Sheet,9.47,2.0,25,-6.9,-,-,Unknown,7686069.0,BPTI; crystal structure; hydrogen exchange; protein folding;,"PROTEIN SCI 2, 588-596 (1993) PMID: 7686069","Kim K.S., Tao F., Fuchs J., Danishefsky A.T., Housset D.,",-6.9,F,80,A,2.0,25.0,9.47,0,0,0,pdb,UP:P00974,UP:P00974:F80A,2407,train
22728,Eglin C,P01051,V14A (PDB: V14A),Hirudo medicinalis (Medicinal leech),1egl,V14A,-,,2.5,25,-1.65,-,2,Yes (>90%),16705642.0,"eglin c, protein dynamics, protein thermodynamics, heat capacity change, differential scanning calorimetry","PROTEINS 64, 295-300 (2006) PMID: 16705642","Gribenko AV, Keiffer TR, Makhatadze GI.",-1.65,V,14,A,2.5,25.0,,0,0,1,pdb,UP:P01051,UP:P01051:V14A,2408,val
22729,Eglin C,P01051,V54A (PDB: V54A),Hirudo medicinalis (Medicinal leech),1egl,V54A,-,,2.5,25,-2.1,-,2,Yes (>90%),16705642.0,"eglin c, protein dynamics, protein thermodynamics, heat capacity change, differential scanning calorimetry","PROTEINS 64, 295-300 (2006) PMID: 16705642","Gribenko AV, Keiffer TR, Makhatadze GI.",-2.1,V,54,A,2.5,25.0,,0,0,1,pdb,UP:P01051,UP:P01051:V54A,2409,val
22731,Eglin C,P01051,V14A (PDB: V14A),Hirudo medicinalis (Medicinal leech),1egl,V14A,-,,2.75,25,-1.77,-,2,Yes (>90%),16705642.0,"eglin c, protein dynamics, protein thermodynamics, heat capacity change, differential scanning calorimetry","PROTEINS 64, 295-300 (2006) PMID: 16705642","Gribenko AV, Keiffer TR, Makhatadze GI.",-1.77,V,14,A,2.75,25.0,,0,0,1,pdb,UP:P01051,UP:P01051:V14A,2410,val
22732,Eglin C,P01051,V54A (PDB: V54A),Hirudo medicinalis (Medicinal leech),1egl,V54A,-,,2.75,25,-2.2,-,2,Yes (>90%),16705642.0,"eglin c, protein dynamics, protein thermodynamics, heat capacity change, differential scanning calorimetry","PROTEINS 64, 295-300 (2006) PMID: 16705642","Gribenko AV, Keiffer TR, Makhatadze GI.",-2.2,V,54,A,2.75,25.0,,0,0,1,pdb,UP:P01051,UP:P01051:V54A,2411,val
22734,Eglin C,P01051,V14A (PDB: V14A),Hirudo medicinalis (Medicinal leech),1egl,V14A,-,,3.0,25,-1.82,-,2,Yes (>90%),16705642.0,"eglin c, protein dynamics, protein thermodynamics, heat capacity change, differential scanning calorimetry","PROTEINS 64, 295-300 (2006) PMID: 16705642","Gribenko AV, Keiffer TR, Makhatadze GI.",-1.82,V,14,A,3.0,25.0,,0,0,1,pdb,UP:P01051,UP:P01051:V14A,2412,val
22735,Eglin C,P01051,V54A (PDB: V54A),Hirudo medicinalis (Medicinal leech),1egl,V54A,-,,3.0,25,-2.25,-,2,Yes (>90%),16705642.0,"eglin c, protein dynamics, protein thermodynamics, heat capacity change, differential scanning calorimetry","PROTEINS 64, 295-300 (2006) PMID: 16705642","Gribenko AV, Keiffer TR, Makhatadze GI.",-2.25,V,54,A,3.0,25.0,,0,0,1,pdb,UP:P01051,UP:P01051:V54A,2413,val
22737,Eglin C,P01051,V14A (PDB: V14A),Hirudo medicinalis (Medicinal leech),1egl,V14A,-,,3.25,25,-1.82,-,2,Yes (>90%),16705642.0,"eglin c, protein dynamics, protein thermodynamics, heat capacity change, differential scanning calorimetry","PROTEINS 64, 295-300 (2006) PMID: 16705642","Gribenko AV, Keiffer TR, Makhatadze GI.",-1.82,V,14,A,3.25,25.0,,0,0,1,pdb,UP:P01051,UP:P01051:V14A,2414,val
22738,Eglin C,P01051,V54A (PDB: V54A),Hirudo medicinalis (Medicinal leech),1egl,V54A,-,,3.25,25,-2.32,-,2,Yes (>90%),16705642.0,"eglin c, protein dynamics, protein thermodynamics, heat capacity change, differential scanning calorimetry","PROTEINS 64, 295-300 (2006) PMID: 16705642","Gribenko AV, Keiffer TR, Makhatadze GI.",-2.32,V,54,A,3.25,25.0,,0,0,1,pdb,UP:P01051,UP:P01051:V54A,2415,val
22740,Eglin C,P01051,V14A (PDB: V14A),Hirudo medicinalis (Medicinal leech),1egl,V14A,-,,3.5,25,-1.67,-,2,Yes (>90%),16705642.0,"eglin c, protein dynamics, protein thermodynamics, heat capacity change, differential scanning calorimetry","PROTEINS 64, 295-300 (2006) PMID: 16705642","Gribenko AV, Keiffer TR, Makhatadze GI.",-1.67,V,14,A,3.5,25.0,,0,0,1,pdb,UP:P01051,UP:P01051:V14A,2416,val
22741,Eglin C,P01051,V54A (PDB: V54A),Hirudo medicinalis (Medicinal leech),1egl,V54A,-,,3.5,25,-2.2,-,2,Yes (>90%),16705642.0,"eglin c, protein dynamics, protein thermodynamics, heat capacity change, differential scanning calorimetry","PROTEINS 64, 295-300 (2006) PMID: 16705642","Gribenko AV, Keiffer TR, Makhatadze GI.",-2.2,V,54,A,3.5,25.0,,0,0,1,pdb,UP:P01051,UP:P01051:V54A,2417,val
22743,Eglin C,P01051,V14A (PDB: V14A),Hirudo medicinalis (Medicinal leech),1egl,V14A,-,,7.0,25,-1.67,-,2,Yes (>90%),16705642.0,"eglin c, protein dynamics, protein thermodynamics, heat capacity change, differential scanning calorimetry","PROTEINS 64, 295-300 (2006) PMID: 16705642","Gribenko AV, Keiffer TR, Makhatadze GI.",-1.67,V,14,A,7.0,25.0,,0,0,1,pdb,UP:P01051,UP:P01051:V14A,2418,val
22744,Eglin C,P01051,V54A (PDB: V54A),Hirudo medicinalis (Medicinal leech),1egl,V54A,-,,7.0,25,-2.37,-,2,Yes (>90%),16705642.0,"eglin c, protein dynamics, protein thermodynamics, heat capacity change, differential scanning calorimetry","PROTEINS 64, 295-300 (2006) PMID: 16705642","Gribenko AV, Keiffer TR, Makhatadze GI.",-2.37,V,54,A,7.0,25.0,,0,0,1,pdb,UP:P01051,UP:P01051:V54A,2419,val
23210,Protein G,P06654,T228P (PDB: T2P),Streptococcus sp. group G,1PGA,T2P,Turn,67.77,5.5,25,-2.7,-,-,Yes,16549401.0,proline; protein; design; protein G; protein stability,"PROTEIN ENG DES SEL 19, 285-289 (2006) PMID: 16549401","Choi EJ, Mayo SL.",-2.7,T,228,P,5.5,25.0,67.77,0,0,0,pdb,UP:P06654,UP:P06654:T228P,2420,val
23211,Protein G,P06654,G235P (PDB: G9P),Streptococcus sp. group G,1PGA,G9P,Helix,3.81,5.5,25,-2.4,-,-,Yes,16549401.0,proline; protein; design; protein G; protein stability,"PROTEIN ENG DES SEL 19, 285-289 (2006) PMID: 16549401","Choi EJ, Mayo SL.",-2.4,G,235,P,5.5,25.0,3.81,0,0,0,pdb,UP:P06654,UP:P06654:G235P,2421,val
23212,Protein G,P06654,K236P (PDB: K10P),Streptococcus sp. group G,1PGA,K10P,Turn,79.24,5.5,25,-0.2,-,-,No,16549401.0,proline; protein; design; protein G; protein stability,"PROTEIN ENG DES SEL 19, 285-289 (2006) PMID: 16549401","Choi EJ, Mayo SL.",-0.2,K,236,P,5.5,25.0,79.24,0,0,0,pdb,UP:P06654,UP:P06654:K236P,2422,val
23213,Protein G,P06654,V21P (PDB: V21P),Streptococcus sp. group G,1PGA,V21P,Coil,80.03,5.5,25,0.5,-,-,Yes,16549401.0,proline; protein; design; protein G; protein stability,"PROTEIN ENG DES SEL 19, 285-289 (2006) PMID: 16549401","Choi EJ, Mayo SL.",0.5,V,21,P,5.5,25.0,80.03,0,0,0,pdb,UP:P06654,UP:P06654:V21P,2423,val
23214,Protein G,P06654,A23P (PDB: A23P),Streptococcus sp. group G,1PGA,A23P,Helix,23.59,5.5,25,-0.3,-,-,Yes,16549401.0,proline; protein; design; protein G; protein stability,"PROTEIN ENG DES SEL 19, 285-289 (2006) PMID: 16549401","Choi EJ, Mayo SL.",-0.3,A,23,P,5.5,25.0,23.59,0,0,0,pdb,UP:P06654,UP:P06654:A23P,2424,val
23215,Protein G,P06654,A24P (PDB: A24P),Streptococcus sp. group G,1PGA,A24P,Helix,42.65,5.5,25,-0.5,-,-,Yes,16549401.0,proline; protein; design; protein G; protein stability,"PROTEIN ENG DES SEL 19, 285-289 (2006) PMID: 16549401","Choi EJ, Mayo SL.",-0.5,A,24,P,5.5,25.0,42.65,0,0,0,pdb,UP:P06654,UP:P06654:A24P,2425,val
23216,Protein G,P06654,T251P (PDB: T25P),Streptococcus sp. group G,1PGA,T25P,Turn,42.54,5.5,25,-2.8,-,-,No,16549401.0,proline; protein; design; protein G; protein stability,"PROTEIN ENG DES SEL 19, 285-289 (2006) PMID: 16549401","Choi EJ, Mayo SL.",-2.8,T,251,P,5.5,25.0,42.54,0,0,0,pdb,UP:P06654,UP:P06654:T251P,2426,val
23217,Protein G,P06654,V255P (PDB: V29P),Streptococcus sp. group G,1PGA,V29P,Helix,37.09,5.5,25,-3.5,-,-,No,16549401.0,proline; protein; design; protein G; protein stability,"PROTEIN ENG DES SEL 19, 285-289 (2006) PMID: 16549401","Choi EJ, Mayo SL.",-3.5,V,255,P,5.5,25.0,37.09,0,0,0,pdb,UP:P06654,UP:P06654:V255P,2427,val
23218,Protein G,P06654,D262P (PDB: D36P),Streptococcus sp. group G,1PGA,D36P,Helix,86.75,5.5,25,-3.1,-,-,Yes,16549401.0,proline; protein; design; protein G; protein stability,"PROTEIN ENG DES SEL 19, 285-289 (2006) PMID: 16549401","Choi EJ, Mayo SL.",-3.1,D,262,P,5.5,25.0,86.75,0,0,0,pdb,UP:P06654,UP:P06654:D262P,2428,val
23219,Protein G,P06654,A274P (PDB: A48P),Streptococcus sp. group G,1PGA,A48P,Turn,79.85,5.5,25,-0.7,-,-,Yes,16549401.0,proline; protein; design; protein G; protein stability,"PROTEIN ENG DES SEL 19, 285-289 (2006) PMID: 16549401","Choi EJ, Mayo SL.",-0.7,A,274,P,5.5,25.0,79.85,0,0,0,pdb,UP:P06654,UP:P06654:A274P,2429,val
24078,Disulfide bond formation protein D,Q9EYL5,T171V (UniProt),Staphylococcus aureus,3bci,-,-,,7.0,25,1,-,-,Yes,18077463.0,disulfide bonds; hydrophobic patch; oxidized; reduced,"J BIOL CHEM 283, 4261-4271 (2008) PMID: 18077463","Heras B, Kurz M, Jarrott R, Shouldice SR, Frei P, Robin G, Cemazar M, Thy-Meyer L, Glockshuber R, Martin JL.",1.0,T,171,V,7.0,25.0,,0,0,1,uniprot,UP:Q9EYL5,UP:Q9EYL5:T171V,2430,train
24079,Disulfide bond formation protein D,Q9EYL5,T171V (UniProt),Staphylococcus aureus,3bci,-,-,,7.0,25,1.28,-,-,Yes,18077463.0,disulfide bonds; hydrophobic patch; oxidized; reduced,"J BIOL CHEM 283, 4261-4271 (2008) PMID: 18077463","Heras B, Kurz M, Jarrott R, Shouldice SR, Frei P, Robin G, Cemazar M, Thy-Meyer L, Glockshuber R, Martin JL.",1.28,T,171,V,7.0,25.0,,0,0,1,uniprot,UP:Q9EYL5,UP:Q9EYL5:T171V,2431,train
24080,Disulfide bond formation protein D,Q9EYL5,E114Q (UniProt),Staphylococcus aureus,3bci,-,-,,7.0,25,-1.06,-,-,Yes,18077463.0,disulfide bonds; hydrophobic patch; oxidized; reduced,"J BIOL CHEM 283, 4261-4271 (2008) PMID: 18077463","Heras B, Kurz M, Jarrott R, Shouldice SR, Frei P, Robin G, Cemazar M, Thy-Meyer L, Glockshuber R, Martin JL.",-1.06,E,114,Q,7.0,25.0,,0,0,1,uniprot,UP:Q9EYL5,UP:Q9EYL5:E114Q,2432,train
24531,Iso-1 cytochrome c,P00044,K79W (UniProt),Saccharomyces cerevisiae (strain ATCC 204508 / S288c) (Baker's yeast),1YCC,-,Helix,84.59,4.5,25,-1.6,-,-,yes,9070448.0,circular dichroism; guanidine hydrochloride denaturation;,"PROTEIN SCI 6, 657-665 (1997) PMID: 9070448","Herrmann LM, Bowler BE",-1.6,K,79,W,4.5,25.0,84.59,0,0,0,uniprot,UP:P00044,UP:P00044:K79W,2433,train
24532,Iso-1 cytochrome c,P00044,K79V (UniProt),Saccharomyces cerevisiae (strain ATCC 204508 / S288c) (Baker's yeast),1YCC,-,Helix,84.59,4.5,25,0.1,-,-,yes,9070448.0,circular dichroism; guanidine hydrochloride denaturation;,"PROTEIN SCI 6, 657-665 (1997) PMID: 9070448","Herrmann LM, Bowler BE",0.1,K,79,V,4.5,25.0,84.59,0,0,0,uniprot,UP:P00044,UP:P00044:K79V,2434,train
24533,Iso-1 cytochrome c,P00044,K79I (UniProt),Saccharomyces cerevisiae (strain ATCC 204508 / S288c) (Baker's yeast),1YCC,-,Helix,84.59,4.5,25,-0.4,-,-,yes,9070448.0,circular dichroism; guanidine hydrochloride denaturation;,"PROTEIN SCI 6, 657-665 (1997) PMID: 9070448","Herrmann LM, Bowler BE",-0.4,K,79,I,4.5,25.0,84.59,0,0,0,uniprot,UP:P00044,UP:P00044:K79I,2435,train
24861,Ribonuclease,P00648,D101A (UniProt),Bacillus amyloliquefaciens (Bacillus velezensis),1BNI,-,Sheet,27.76,6.3,25,-3.3,-,-,Unknown,7626612.0,charged residues; protonation; unfolding kinetics; solvent;,"BIOCHEMISTRY 34, 9424-9433 (1995) PMID: 7626612","Oliveberg M, Arcus VL, Fersht AR",-3.3,D,101,A,6.3,25.0,27.76,0,0,0,uniprot,UP:P00648,UP:P00648:D101A,2436,test
24862,Ribonuclease,P00648,D101N (UniProt),Bacillus amyloliquefaciens (Bacillus velezensis),1BNI,-,Sheet,27.76,6.3,25,-2.6,-,-,Unknown,7626612.0,charged residues; protonation; unfolding kinetics; solvent;,"BIOCHEMISTRY 34, 9424-9433 (1995) PMID: 7626612","Oliveberg M, Arcus VL, Fersht AR",-2.6,D,101,N,6.3,25.0,27.76,0,0,0,uniprot,UP:P00648,UP:P00648:D101N,2437,test
24863,Ribonuclease,P00648,E120A (UniProt),Bacillus amyloliquefaciens (Bacillus velezensis),1BNI,-,Sheet,10.88,6.3,25,-2.5,-,-,Unknown,7626612.0,charged residues; protonation; unfolding kinetics; solvent;,"BIOCHEMISTRY 34, 9424-9433 (1995) PMID: 7626612","Oliveberg M, Arcus VL, Fersht AR",-2.5,E,120,A,6.3,25.0,10.88,0,0,0,uniprot,UP:P00648,UP:P00648:E120A,2438,test
24864,Ribonuclease,P00648,D122N (UniProt),Bacillus amyloliquefaciens (Bacillus velezensis),1BNI,-,Sheet,0.0,6.3,25,-5,-,-,Unknown,7626612.0,charged residues; protonation; unfolding kinetics; solvent;,"BIOCHEMISTRY 34, 9424-9433 (1995) PMID: 7626612","Oliveberg M, Arcus VL, Fersht AR",-5.0,D,122,N,6.3,25.0,0.0,0,0,0,uniprot,UP:P00648,UP:P00648:D122N,2439,test
25433,Iso-1 cytochrome c,P00044,F88Y (UniProt),Saccharomyces cerevisiae (strain ATCC 204508 / S288c) (Baker's yeast),1YCC,-,Coil,16.94,6.0,25,-0.7,-,-,yes,10631980.0,free energy; iso-1 cytochrome c; protein folding; yeast,"PROTEIN SCI 8, 2645-2654 (1999) PMID: 10631980","Liggins JR, Lo TP, Brayer GD, Nall BT",-0.7,F,88,Y,6.0,25.0,16.94,0,0,0,uniprot,UP:P00044,UP:P00044:F88Y,2440,train
25434,Iso-1 cytochrome c,P00044,L91A (UniProt),Saccharomyces cerevisiae (strain ATCC 204508 / S288c) (Baker's yeast),1YCC,-,Coil,2.18,6.0,25,-2.8,-,-,yes,10631980.0,free energy; iso-1 cytochrome c; protein folding; yeast,"PROTEIN SCI 8, 2645-2654 (1999) PMID: 10631980","Liggins JR, Lo TP, Brayer GD, Nall BT",-2.8,L,91,A,6.0,25.0,2.18,0,0,0,uniprot,UP:P00044,UP:P00044:L91A,2441,train
25576,Adenylate kinase,P07170,N171D (UniProt),Saccharomyces cerevisiae (strain ATCC 204508 / S288c) (Baker's yeast),2AKY,-,Coil,42.35,7.5,25,-2.15,-,-,yes,7635152.0,melting temprature; melting enthalpy; site-directed mutagenesis;,"EUR J BIOCHEM 231, 405-413 (1995) PMID: 7635152","Spuergin P, Abele U, Schulz GE",-2.15,N,171,D,7.5,25.0,42.35,0,0,0,uniprot,UP:P07170,UP:P07170:N171D,2442,train
25577,Adenylate kinase,P07170,T79H (UniProt),Saccharomyces cerevisiae (strain ATCC 204508 / S288c) (Baker's yeast),2AKY,-,Turn,72.82,7.5,25,-2.15,-,-,yes,7635152.0,melting temprature; melting enthalpy; site-directed mutagenesis;,"EUR J BIOCHEM 231, 405-413 (1995) PMID: 7635152","Spuergin P, Abele U, Schulz GE",-2.15,T,79,H,7.5,25.0,72.82,0,0,0,uniprot,UP:P07170,UP:P07170:T79H,2443,train
25581,Adenylate kinase,P07170,V10I (UniProt),Saccharomyces cerevisiae (strain ATCC 204508 / S288c) (Baker's yeast),2AKY,-,Sheet,0.0,7.5,25,-1.2,-,-,yes,7635152.0,melting temprature; melting enthalpy; site-directed mutagenesis;,"EUR J BIOCHEM 231, 405-413 (1995) PMID: 7635152","Spuergin P, Abele U, Schulz GE",-1.2,V,10,I,7.5,25.0,0.0,0,0,0,uniprot,UP:P07170,UP:P07170:V10I,2444,train
25582,Adenylate kinase,P07170,I215F (UniProt),Saccharomyces cerevisiae (strain ATCC 204508 / S288c) (Baker's yeast),2AKY,-,Helix,0.0,7.5,25,-1.91,-,-,yes,7635152.0,melting temprature; melting enthalpy; site-directed mutagenesis;,"EUR J BIOCHEM 231, 405-413 (1995) PMID: 7635152","Spuergin P, Abele U, Schulz GE",-1.91,I,215,F,7.5,25.0,0.0,0,0,0,uniprot,UP:P07170,UP:P07170:I215F,2445,train
25753,Protein G,P06654,D273A (PDB: D47A),Streptococcus sp. group G,1PGA,D47A,Turn,61.76,7.0,25,0.36,-,-,Unknown,10828973.0,beta-hairpin; cooperative folding; hydrophobic cluster; rigid,"BIOCHEMISTRY 39, 6564-6571 (2000) PMID: 10828973","Kobayashi N, Honda S, Yoshii H, Munekata M",0.36,D,273,A,7.0,25.0,61.76,0,0,0,pdb,UP:P06654,UP:P06654:D273A,2446,val
25754,Protein G,P06654,V280A (PDB: V54A),Streptococcus sp. group G,1PGA,V54A,Sheet,0.65,7.0,25,-0.1,-,-,Unknown,10828973.0,beta-hairpin; cooperative folding; hydrophobic cluster; rigid,"BIOCHEMISTRY 39, 6564-6571 (2000) PMID: 10828973","Kobayashi N, Honda S, Yoshii H, Munekata M",-0.1,V,280,A,7.0,25.0,0.65,0,0,0,pdb,UP:P06654,UP:P06654:V280A,2447,val
25755,Protein G,P06654,K276A (PDB: K50A),Streptococcus sp. group G,1PGA,K50A,Turn,27.71,7.0,25,-0.45,-,-,Unknown,10828973.0,beta-hairpin; cooperative folding; hydrophobic cluster; rigid,"BIOCHEMISTRY 39, 6564-6571 (2000) PMID: 10828973","Kobayashi N, Honda S, Yoshii H, Munekata M",-0.45,K,276,A,7.0,25.0,27.71,0,0,0,pdb,UP:P06654,UP:P06654:K276A,2448,val
25756,Protein G,P06654,T275A (PDB: T49A),Streptococcus sp. group G,1PGA,T49A,Turn,59.84,7.0,25,-0.86,-,-,Unknown,10828973.0,beta-hairpin; cooperative folding; hydrophobic cluster; rigid,"BIOCHEMISTRY 39, 6564-6571 (2000) PMID: 10828973","Kobayashi N, Honda S, Yoshii H, Munekata M",-0.86,T,275,A,7.0,25.0,59.84,0,0,0,pdb,UP:P06654,UP:P06654:T275A,2449,val
25757,Protein G,P06654,D272A (PDB: D46A),Streptococcus sp. group G,1PGA,D46A,Sheet,54.13,7.0,25,-1.36,-,-,Unknown,10828973.0,beta-hairpin; cooperative folding; hydrophobic cluster; rigid,"BIOCHEMISTRY 39, 6564-6571 (2000) PMID: 10828973","Kobayashi N, Honda S, Yoshii H, Munekata M",-1.36,D,272,A,7.0,25.0,54.13,0,0,0,pdb,UP:P06654,UP:P06654:D272A,2450,val
25765,Acidic fibroblast growth factor,P05230,C98S (UniProt),Homo sapiens (Human),2AFG,-,Turn,0.0,6.6,25,-1.91,-,-,yes,10852713.0,thermal stability; specific activity; sulfhydryl chemistry;,"BIOCHEMISTRY 39, 7153-7158 (2000) PMID: 10852713","Culajay JF, Blaber SI, Khurana A, Blaber M",-1.91,C,98,S,6.6,25.0,0.0,0,0,0,uniprot,UP:P05230,UP:P05230:C98S,2451,train
25766,Acidic fibroblast growth factor,P05230,C132S (UniProt),Homo sapiens (Human),2AFG,-,Turn,12.82,6.6,25,-0.62,-,-,yes,10852713.0,thermal stability; specific activity; sulfhydryl chemistry;,"BIOCHEMISTRY 39, 7153-7158 (2000) PMID: 10852713","Culajay JF, Blaber SI, Khurana A, Blaber M",-0.62,C,132,S,6.6,25.0,12.82,0,0,0,uniprot,UP:P05230,UP:P05230:C132S,2452,train
25768,Acidic fibroblast growth factor,P05230,H108G (PDB: H93G),Homo sapiens (Human),2AFG,H93G,Helix,85.21,6.6,25,0.55,-,-,yes,10852713.0,thermal stability; specific activity; sulfhydryl chemistry;,"BIOCHEMISTRY 39, 7153-7158 (2000) PMID: 10852713","Culajay JF, Blaber SI, Khurana A, Blaber M",0.55,H,108,G,6.6,25.0,85.21,0,0,0,pdb,UP:P05230,UP:P05230:H108G,2453,train
25797,Ribonuclease T1,P00651,D75H (PDB: D49H),Aspergillus oryzae (strain ATCC 42149 / RIB 40) (Yellow koji mold),1RN1,D49H,Coil,20.12,7.0,25,1.1,-,-,Unknown,10933506.0,denatured states; electrostatic interactions;,"PROTEIN SCI 9, 1395-1398 (2000) PMID: 10933506","Pace CN, Alston RW, Shaw KL",1.1,D,75,H,7.0,25.0,20.12,0,0,0,pdb,UP:P00651,UP:P00651:D75H,2454,val
25798,Ribonuclease Sa,P05798,D17K (PDB: D17K),Kitasatospora aureofaciens (Streptomyces aureofaciens),1RGG,D17K,Coil,48.58,7.0,25,-1.1,-,-,Unknown,10933506.0,denatured states; electrostatic interactions;,"PROTEIN SCI 9, 1395-1398 (2000) PMID: 10933506","Pace CN, Alston RW, Shaw KL",-1.1,D,17,K,7.0,25.0,48.58,0,0,0,pdb,UP:P05798,UP:P05798:D17K,2455,train
25799,Ribonuclease Sa,P05798,D25H (PDB: D25H),Kitasatospora aureofaciens (Streptomyces aureofaciens),1RGG,D25H,Coil,84.66,7.0,25,0.9,-,-,Unknown,10933506.0,denatured states; electrostatic interactions;,"PROTEIN SCI 9, 1395-1398 (2000) PMID: 10933506","Pace CN, Alston RW, Shaw KL",0.9,D,25,H,7.0,25.0,84.66,0,0,0,pdb,UP:P05798,UP:P05798:D25H,2456,train
25800,Ribonuclease Sa,P05798,E41K (PDB: E41K),Kitasatospora aureofaciens (Streptomyces aureofaciens),1RGG,E41K,Sheet,96.74,7.0,25,-1.2,-,-,Unknown,10933506.0,denatured states; electrostatic interactions;,"PROTEIN SCI 9, 1395-1398 (2000) PMID: 10933506","Pace CN, Alston RW, Shaw KL",-1.2,E,41,K,7.0,25.0,96.74,0,0,0,pdb,UP:P05798,UP:P05798:E41K,2457,train
25801,Ribonuclease Sa,P05798,E74K (PDB: E74K),Kitasatospora aureofaciens (Streptomyces aureofaciens),1RGG,E74K,Sheet,79.56,7.0,25,1.1,-,-,Unknown,10933506.0,denatured states; electrostatic interactions;,"PROTEIN SCI 9, 1395-1398 (2000) PMID: 10933506","Pace CN, Alston RW, Shaw KL",1.1,E,74,K,7.0,25.0,79.56,0,0,0,pdb,UP:P05798,UP:P05798:E74K,2458,train
25802,Lysozyme,P00720,R119E (PDB: R119E),Enterobacteria phage T4 (Bacteriophage T4),2LZM,R119E,Coil,49.78,5.3,25,0,-,-,Unknown,10933506.0,denatured states; electrostatic interactions;,"PROTEIN SCI 9, 1395-1398 (2000) PMID: 10933506","Pace CN, Alston RW, Shaw KL",0.0,R,119,E,5.3,25.0,49.78,0,0,0,pdb,UP:P00720,UP:P00720:R119E,2459,train
25803,Lysozyme,P00720,K135E (PDB: K135E),Enterobacteria phage T4 (Bacteriophage T4),2LZM,K135E,Turn,72.44,5.3,25,-1,-,-,Unknown,10933506.0,denatured states; electrostatic interactions;,"PROTEIN SCI 9, 1395-1398 (2000) PMID: 10933506","Pace CN, Alston RW, Shaw KL",-1.0,K,135,E,5.3,25.0,72.44,0,0,0,pdb,UP:P00720,UP:P00720:K135E,2460,train
25804,Lysozyme,P00720,K147E (PDB: K147E),Enterobacteria phage T4 (Bacteriophage T4),2LZM,K147E,Helix,39.86,5.3,25,-0.7,-,-,Unknown,10933506.0,denatured states; electrostatic interactions;,"PROTEIN SCI 9, 1395-1398 (2000) PMID: 10933506","Pace CN, Alston RW, Shaw KL",-0.7,K,147,E,5.3,25.0,39.86,0,0,0,pdb,UP:P00720,UP:P00720:K147E,2461,train
26019,Onconase,P22069,M23L (PDB: M23L),Lithobates pipiens (Northern leopard frog) (Rana pipiens),1ONC,M23L,Turn,0.0,2.0,25,-2.51,-,-,yes,10913282.0,antitumor activity; catalytic activity; renal toxicity; proteolysis,"BIOCHEMISTRY 39, 8711-8718 (2000) PMID: 10913282","Notomista E, Catanzano F, Graziano G, Dal Piaz F, Barone G,",-2.51,M,23,L,2.0,25.0,0.0,0,0,0,pdb,UP:P22069,UP:P22069:M23L,2462,train
26020,Onconase,P22069,M23L (PDB: M23L),Lithobates pipiens (Northern leopard frog) (Rana pipiens),1ONC,M23L,Turn,0.0,2.5,25,-2.29,-,-,yes,10913282.0,antitumor activity; catalytic activity; renal toxicity; proteolysis,"BIOCHEMISTRY 39, 8711-8718 (2000) PMID: 10913282","Notomista E, Catanzano F, Graziano G, Dal Piaz F, Barone G,",-2.29,M,23,L,2.5,25.0,0.0,0,0,0,pdb,UP:P22069,UP:P22069:M23L,2463,train
26021,Onconase,P22069,M23L (PDB: M23L),Lithobates pipiens (Northern leopard frog) (Rana pipiens),1ONC,M23L,Turn,0.0,3.0,25,-2.77,-,-,yes,10913282.0,antitumor activity; catalytic activity; renal toxicity; proteolysis,"BIOCHEMISTRY 39, 8711-8718 (2000) PMID: 10913282","Notomista E, Catanzano F, Graziano G, Dal Piaz F, Barone G,",-2.77,M,23,L,3.0,25.0,0.0,0,0,0,pdb,UP:P22069,UP:P22069:M23L,2464,train
26022,Onconase,P22069,M23L (PDB: M23L),Lithobates pipiens (Northern leopard frog) (Rana pipiens),1ONC,M23L,Turn,0.0,3.5,25,-2.89,-,-,yes,10913282.0,antitumor activity; catalytic activity; renal toxicity; proteolysis,"BIOCHEMISTRY 39, 8711-8718 (2000) PMID: 10913282","Notomista E, Catanzano F, Graziano G, Dal Piaz F, Barone G,",-2.89,M,23,L,3.5,25.0,0.0,0,0,0,pdb,UP:P22069,UP:P22069:M23L,2465,train
26023,Onconase,P22069,M23L (PDB: M23L),Lithobates pipiens (Northern leopard frog) (Rana pipiens),1ONC,M23L,Turn,0.0,4.0,25,-2.41,-,-,yes,10913282.0,antitumor activity; catalytic activity; renal toxicity; proteolysis,"BIOCHEMISTRY 39, 8711-8718 (2000) PMID: 10913282","Notomista E, Catanzano F, Graziano G, Dal Piaz F, Barone G,",-2.41,M,23,L,4.0,25.0,0.0,0,0,0,pdb,UP:P22069,UP:P22069:M23L,2466,train
26024,Onconase,P22069,M23L (PDB: M23L),Lithobates pipiens (Northern leopard frog) (Rana pipiens),1ONC,M23L,Turn,0.0,5.0,25,-2.65,-,-,yes,10913282.0,antitumor activity; catalytic activity; renal toxicity; proteolysis,"BIOCHEMISTRY 39, 8711-8718 (2000) PMID: 10913282","Notomista E, Catanzano F, Graziano G, Dal Piaz F, Barone G,",-2.65,M,23,L,5.0,25.0,0.0,0,0,0,pdb,UP:P22069,UP:P22069:M23L,2467,train
26025,Onconase,P22069,M23L (PDB: M23L),Lithobates pipiens (Northern leopard frog) (Rana pipiens),1ONC,M23L,Turn,0.0,6.0,25,-2.65,-,-,yes,10913282.0,antitumor activity; catalytic activity; renal toxicity; proteolysis,"BIOCHEMISTRY 39, 8711-8718 (2000) PMID: 10913282","Notomista E, Catanzano F, Graziano G, Dal Piaz F, Barone G,",-2.65,M,23,L,6.0,25.0,0.0,0,0,0,pdb,UP:P22069,UP:P22069:M23L,2468,train
26026,Onconase,P22069,M23L (PDB: M23L),Lithobates pipiens (Northern leopard frog) (Rana pipiens),1ONC,M23L,Turn,0.0,7.0,25,-2.22,-,-,yes,10913282.0,antitumor activity; catalytic activity; renal toxicity; proteolysis,"BIOCHEMISTRY 39, 8711-8718 (2000) PMID: 10913282","Notomista E, Catanzano F, Graziano G, Dal Piaz F, Barone G,",-2.22,M,23,L,7.0,25.0,0.0,0,0,0,pdb,UP:P22069,UP:P22069:M23L,2469,train
26027,Onconase,P22069,M23L (PDB: M23L),Lithobates pipiens (Northern leopard frog) (Rana pipiens),1ONC,M23L,Turn,0.0,8.0,25,-2.39,-,-,yes,10913282.0,antitumor activity; catalytic activity; renal toxicity; proteolysis,"BIOCHEMISTRY 39, 8711-8718 (2000) PMID: 10913282","Notomista E, Catanzano F, Graziano G, Dal Piaz F, Barone G,",-2.39,M,23,L,8.0,25.0,0.0,0,0,0,pdb,UP:P22069,UP:P22069:M23L,2470,train
26220,Ribonuclease pancreatic,P61823,D147N (PDB: D121N),Bos taurus (Bovine),1RTB,D121N,Coil,9.72,1.2,25,-0.76,-,-,Unknown,9922164.0,bovine; hydrogen bond; thermal stability;,"BIOCHEMISTRY 37, 17958-17964 (1998) PMID: 9922164","Quirk DJ, Park C, Thompson JE, Raines RT",-0.76,D,147,N,1.2,25.0,9.72,0,0,0,pdb,UP:P61823,UP:P61823:D147N,2471,train
26221,Ribonuclease pancreatic,P61823,D147A (PDB: D121A),Bos taurus (Bovine),1RTB,D121A,Coil,9.72,1.2,25,-0.72,-,-,Unknown,9922164.0,bovine; hydrogen bond; thermal stability;,"BIOCHEMISTRY 37, 17958-17964 (1998) PMID: 9922164","Quirk DJ, Park C, Thompson JE, Raines RT",-0.72,D,147,A,1.2,25.0,9.72,0,0,0,pdb,UP:P61823,UP:P61823:D147A,2472,train
26222,Ribonuclease pancreatic,P61823,H145A (PDB: H119A),Bos taurus (Bovine),1RTB,H119A,Helix,36.83,1.2,25,1.1,-,-,Unknown,9922164.0,bovine; hydrogen bond; thermal stability;,"BIOCHEMISTRY 37, 17958-17964 (1998) PMID: 9922164","Quirk DJ, Park C, Thompson JE, Raines RT",1.1,H,145,A,1.2,25.0,36.83,0,0,0,pdb,UP:P61823,UP:P61823:H145A,2473,train
26224,Ribonuclease pancreatic,P61823,D147N (PDB: D121N),Bos taurus (Bovine),1RTB,D121N,Coil,9.72,6.0,25,-1.9,-,-,Unknown,9922164.0,bovine; hydrogen bond; thermal stability;,"BIOCHEMISTRY 37, 17958-17964 (1998) PMID: 9922164","Quirk DJ, Park C, Thompson JE, Raines RT",-1.9,D,147,N,6.0,25.0,9.72,0,0,0,pdb,UP:P61823,UP:P61823:D147N,2474,train
26225,Ribonuclease pancreatic,P61823,D147A (PDB: D121A),Bos taurus (Bovine),1RTB,D121A,Coil,9.72,6.0,25,-2.2,-,-,Unknown,9922164.0,bovine; hydrogen bond; thermal stability;,"BIOCHEMISTRY 37, 17958-17964 (1998) PMID: 9922164","Quirk DJ, Park C, Thompson JE, Raines RT",-2.2,D,147,A,6.0,25.0,9.72,0,0,0,pdb,UP:P61823,UP:P61823:D147A,2475,train
26226,Ribonuclease pancreatic,P61823,H145A (PDB: H119A),Bos taurus (Bovine),1RTB,H119A,Helix,36.83,6.0,25,0.2,-,-,Unknown,9922164.0,bovine; hydrogen bond; thermal stability;,"BIOCHEMISTRY 37, 17958-17964 (1998) PMID: 9922164","Quirk DJ, Park C, Thompson JE, Raines RT",0.2,H,145,A,6.0,25.0,36.83,0,0,0,pdb,UP:P61823,UP:P61823:H145A,2476,train
26292,Chymotrypsin inhibitor,P01053,S32G (UniProt),Hordeum vulgare (Barley),2CI2,-,Coil,15.36,3.5,25,0.84,-,-,Unknown,7937708.0,helix stability; N-cap; protein folding; protein stability,"PROTEIN ENG 7, 777-782 (1994) PMID: 7937708","elMasry NF, Fersht AR",0.84,S,32,G,3.5,25.0,15.36,0,0,0,uniprot,UP:P01053,UP:P01053:S32G,2477,test
26293,Chymotrypsin inhibitor,P01053,S32A (UniProt),Hordeum vulgare (Barley),2CI2,-,Coil,15.36,3.0,25,1,-,-,Unknown,7937708.0,helix stability; N-cap; protein folding; protein stability,"PROTEIN ENG 7, 777-782 (1994) PMID: 7937708","elMasry NF, Fersht AR",1.0,S,32,A,3.0,25.0,15.36,0,0,0,uniprot,UP:P01053,UP:P01053:S32A,2478,test
28441,Thermonuclease,P00644,F116C (UniProt),Staphylococcal,1stn,-,-,,7.6,20,-2.8,-,-,Unknown,20194783.0,"conformational stability, thermal stability, ligand-binding affinity, linkage analysis, thiol protection","PROC NATL ACAD SCI U S A 107, 4908-4913 (2010); doi:10.1073/pnas.0910421107","Isom DG, Vardy E, Oas TG, Hellinga HW.",-2.8,F,116,C,7.6,20.0,,0,0,1,uniprot,UP:P00644,UP:P00644:F116C,2479,train
28442,Thermonuclease,P00644,L118C (UniProt),Staphylococcal,1stn,-,-,,7.6,20,-2.9,-,-,Unknown,20194783.0,"conformational stability, thermal stability, ligand-binding affinity, linkage analysis, thiol protection","PROC NATL ACAD SCI U S A 107, 4908-4913 (2010); doi:10.1073/pnas.0910421107","Isom DG, Vardy E, Oas TG, Hellinga HW.",-2.9,L,118,C,7.6,20.0,,0,0,1,uniprot,UP:P00644,UP:P00644:L118C,2480,train
28443,Thermonuclease,P00644,L118C (UniProt),Staphylococcal,1stn,-,-,,7.6,20,0.6,-,-,Unknown,20194783.0,"conformational stability, thermal stability, ligand-binding affinity, linkage analysis, thiol protection","PROC NATL ACAD SCI U S A 107, 4908-4913 (2010); doi:10.1073/pnas.0910421107","Isom DG, Vardy E, Oas TG, Hellinga HW.",0.6,L,118,C,7.6,20.0,,0,0,1,uniprot,UP:P00644,UP:P00644:L118C,2481,train
28444,Thermonuclease,P00644,L118C (UniProt),Staphylococcal,1stn,-,-,,7.6,20,0.7,-,-,Unknown,20194783.0,"conformational stability, thermal stability, ligand-binding affinity, linkage analysis, thiol protection","PROC NATL ACAD SCI U S A 107, 4908-4913 (2010); doi:10.1073/pnas.0910421107","Isom DG, Vardy E, Oas TG, Hellinga HW.",0.7,L,118,C,7.6,20.0,,0,0,1,uniprot,UP:P00644,UP:P00644:L118C,2482,train
28477,Lysozyme,P00698,K31D (PDB: K13D),Gallus gallus (Chicken),4LYZ,K13D,Helix,35.49,9.5,20,-6.69,-,-,Unknown,7664875.0,mutant lysozyme; anti-lysozyme mAb,FEBS LETT 371 17-20 (1995) PMID: 7664875,"Kato A, Shimizu T, Saga S.",-6.69,K,31,D,9.5,20.0,35.49,0,0,0,pdb,UP:P00698,UP:P00698:K31D,2483,train
28478,Lysozyme,P00698,G67N (PDB: G49N),Gallus gallus (Chicken),4LYZ,G49N,Helix,25.41,9.5,20,-0.96,-,-,Unknown,7664875.0,mutant lysozyme; anti-lysozyme mAb,FEBS LETT 371 17-20 (1995) PMID: 7664875,"Kato A, Shimizu T, Saga S.",-0.96,G,67,N,9.5,20.0,25.41,0,0,0,pdb,UP:P00698,UP:P00698:G67N,2484,train
28479,Lysozyme,P00698,P88N (PDB: P70N),Gallus gallus (Chicken),4LYZ,P70N,Coil,84.57,9.5,20,-2.15,-,-,Unknown,7664875.0,mutant lysozyme; anti-lysozyme mAb,FEBS LETT 371 17-20 (1995) PMID: 7664875,"Kato A, Shimizu T, Saga S.",-2.15,P,88,N,9.5,20.0,84.57,0,0,0,pdb,UP:P00698,UP:P00698:P88N,2485,train
28480,Lysozyme,P00698,C94A (PDB: C94A),Gallus gallus (Chicken),4LYZ,C94A,Helix,2.14,9.5,20,-4.78,-,-,Unknown,7664875.0,mutant lysozyme; anti-lysozyme mAb,FEBS LETT 371 17-20 (1995) PMID: 7664875,"Kato A, Shimizu T, Saga S.",-4.78,C,94,A,9.5,20.0,2.14,0,0,0,pdb,UP:P00698,UP:P00698:C94A,2486,train
28481,Lysozyme,P00698,N121D (PDB: N103D),Gallus gallus (Chicken),4LYZ,N103D,Turn,77.19,9.5,20,0.24,-,-,Unknown,7664875.0,mutant lysozyme; anti-lysozyme mAb,FEBS LETT 371 17-20 (1995) PMID: 7664875,"Kato A, Shimizu T, Saga S.",0.24,N,121,D,9.5,20.0,77.19,0,0,0,pdb,UP:P00698,UP:P00698:N121D,2487,train
28482,Lysozyme,P00698,M123T (PDB: M105T),Gallus gallus (Chicken),4LYZ,M105T,Helix,0.0,9.5,20,-0.24,-,-,Unknown,7664875.0,mutant lysozyme; anti-lysozyme mAb,FEBS LETT 371 17-20 (1995) PMID: 7664875,"Kato A, Shimizu T, Saga S.",-0.24,M,123,T,9.5,20.0,0.0,0,0,0,pdb,UP:P00698,UP:P00698:M123T,2488,train
29095,Staphylococcal nuclease,P00644,W222H (UniProt),Staphylococcus aureus,1STN,-,Helix,23.7,7.0,20,-0.4,-,-,yes,15066439.0,protein folding kinetics; stopped-flow; continuous-flow; fluorescence; ANS,"J MOL BIOL 338, 383-400 (2004) PMID: 15066439","Maki K, Cheng H, Dolgikh DA, Shastry MC, Roder H.",-0.4,W,222,H,7.0,20.0,23.7,0,0,0,uniprot,UP:P00644,UP:P00644:W222H,2489,train
29096,Staphylococcal nuclease,P00644,W222F (UniProt),Staphylococcus aureus,1STN,-,Helix,23.7,7.0,20,-0.6,-,-,yes,15066439.0,protein folding kinetics; stopped-flow; continuous-flow; fluorescence; ANS,"J MOL BIOL 338, 383-400 (2004) PMID: 15066439","Maki K, Cheng H, Dolgikh DA, Shastry MC, Roder H.",-0.6,W,222,F,7.0,20.0,23.7,0,0,0,uniprot,UP:P00644,UP:P00644:W222F,2490,train
29097,Staphylococcal nuclease,P00644,W222Y (UniProt),Staphylococcus aureus,1STN,-,Helix,23.7,7.0,20,-1.1,-,-,yes,15066439.0,protein folding kinetics; stopped-flow; continuous-flow; fluorescence; ANS,"J MOL BIOL 338, 383-400 (2004) PMID: 15066439","Maki K, Cheng H, Dolgikh DA, Shastry MC, Roder H.",-1.1,W,222,Y,7.0,20.0,23.7,0,0,0,uniprot,UP:P00644,UP:P00644:W222Y,2491,train
29098,Staphylococcal nuclease,P00644,W222L (UniProt),Staphylococcus aureus,1STN,-,Helix,23.7,7.0,20,-4.5,-,-,yes,15066439.0,protein folding kinetics; stopped-flow; continuous-flow; fluorescence; ANS,"J MOL BIOL 338, 383-400 (2004) PMID: 15066439","Maki K, Cheng H, Dolgikh DA, Shastry MC, Roder H.",-4.5,W,222,L,7.0,20.0,23.7,0,0,0,uniprot,UP:P00644,UP:P00644:W222L,2492,train
29119,High mobility group protein,P63159,S121H (UniProt),Rattus norvegicus (Rat),1HME,-,Coil,60.58,7.0,20,-1.5,-,-,Unknown,12468716.0,circular dichroism; divalent metals; DNA binding; high mobility group protein box B (rHMGB1b); protein stability,"PROTEIN ENG 15, 817-825 (2002) PMID: 12468716","Bell AJ Jr, Xin H, Taudte S, Shi Z, Kallenbach NR.",-1.5,S,121,H,7.0,20.0,60.58,0,0,0,uniprot,UP:P63159,UP:P63159:S121H,2493,train
29120,High mobility group protein,P63159,I122H (UniProt),Rattus norvegicus (Rat),1HME,-,Helix,69.73,7.0,20,0,-,-,Unknown,12468716.0,circular dichroism; divalent metals; DNA binding; high mobility group protein box B (rHMGB1b); protein stability,"PROTEIN ENG 15, 817-825 (2002) PMID: 12468716","Bell AJ Jr, Xin H, Taudte S, Shi Z, Kallenbach NR.",0.0,I,122,H,7.0,20.0,69.73,0,0,0,uniprot,UP:P63159,UP:P63159:I122H,2494,train
29121,High mobility group protein,P63159,G123H (UniProt),Rattus norvegicus (Rat),1HME,-,Helix,48.28,7.0,20,0.47,-,-,Unknown,12468716.0,circular dichroism; divalent metals; DNA binding; high mobility group protein box B (rHMGB1b); protein stability,"PROTEIN ENG 15, 817-825 (2002) PMID: 12468716","Bell AJ Jr, Xin H, Taudte S, Shi Z, Kallenbach NR.",0.47,G,123,H,7.0,20.0,48.28,0,0,0,uniprot,UP:P63159,UP:P63159:G123H,2495,train
29130,High mobility group protein,P63159,S121H (UniProt),Rattus norvegicus (Rat),1HME,-,Coil,60.58,7.0,20,-1.85,-,-,Unknown,12468716.0,circular dichroism; divalent metals; DNA binding; high mobility group protein box B (rHMGB1b); protein stability,"PROTEIN ENG 15, 817-825 (2002) PMID: 12468716","Bell AJ Jr, Xin H, Taudte S, Shi Z, Kallenbach NR.",-1.85,S,121,H,7.0,20.0,60.58,0,0,0,uniprot,UP:P63159,UP:P63159:S121H,2496,train
29131,High mobility group protein,P63159,I122H (UniProt),Rattus norvegicus (Rat),1HME,-,Helix,69.73,7.0,20,-1.23,-,-,Unknown,12468716.0,circular dichroism; divalent metals; DNA binding; high mobility group protein box B (rHMGB1b); protein stability,"PROTEIN ENG 15, 817-825 (2002) PMID: 12468716","Bell AJ Jr, Xin H, Taudte S, Shi Z, Kallenbach NR.",-1.23,I,122,H,7.0,20.0,69.73,0,0,0,uniprot,UP:P63159,UP:P63159:I122H,2497,train
29132,High mobility group protein,P63159,G123H (UniProt),Rattus norvegicus (Rat),1HME,-,Helix,48.28,7.0,20,-0.34,-,-,Unknown,12468716.0,circular dichroism; divalent metals; DNA binding; high mobility group protein box B (rHMGB1b); protein stability,"PROTEIN ENG 15, 817-825 (2002) PMID: 12468716","Bell AJ Jr, Xin H, Taudte S, Shi Z, Kallenbach NR.",-0.34,G,123,H,7.0,20.0,48.28,0,0,0,uniprot,UP:P63159,UP:P63159:G123H,2498,train
29867,Catabolite activator protein,P0ACJ8,S129A (UniProt),Escherichia coli (strain K12),1G6N,-,Coil,11.95,7.9,20,-0.26,-,-,yes,9588945.0,cyclic AMP receptor protein; Escherichia coli;,"J PROTEIN CHEM 17, 219-228 (1998) PMID: 9588945","Malecki J, Wasylewski Z",-0.26,S,129,A,7.9,20.0,11.95,0,0,0,uniprot,UP:P0ACJ8,UP:P0ACJ8:S129A,2499,test
29868,Catabolite activator protein,P0ACJ8,S129P (UniProt),Escherichia coli (strain K12),1G6N,-,Coil,11.95,7.9,20,0.14,-,-,yes,9588945.0,cyclic AMP receptor protein; Escherichia coli;,"J PROTEIN CHEM 17, 219-228 (1998) PMID: 9588945","Malecki J, Wasylewski Z",0.14,S,129,P,7.9,20.0,11.95,0,0,0,uniprot,UP:P0ACJ8,UP:P0ACJ8:S129P,2500,test
30341,Subtilisin BPN',P00782,Q70L (UniProt),Bacillus amyloliquefaciens (Bacillus velezensis),1SPB,-,-,,5.0,20,-1.1,-,-,yes,9265621.0,folding equilibrium; thermodynamic analysis; two-state behavior;,"BIOCHEMISTRY 36, 10414-10421 (1997) PMID: 9265621","Ruvinov S, Wang L, Ruan B, Almog O, Gilliland GL,",-1.1,Q,70,L,5.0,20.0,,0,0,1,uniprot,UP:P00782,UP:P00782:Q70L,2501,train
30342,Subtilisin BPN',P00782,K87E (UniProt),Bacillus amyloliquefaciens (Bacillus velezensis),1SPB,-,-,,5.0,20,-1,-,-,yes,9265621.0,folding equilibrium; thermodynamic analysis; two-state behavior;,"BIOCHEMISTRY 36, 10414-10421 (1997) PMID: 9265621","Ruvinov S, Wang L, Ruan B, Almog O, Gilliland GL,",-1.0,K,87,E,5.0,20.0,,0,0,1,uniprot,UP:P00782,UP:P00782:K87E,2502,train
30659,Chitinase,Q9REI6,G130P (UniProt),Arthrobacter sp.,1KFW,-,Helix,55.91,7.5,16,0.5,-,-,Unknown,12915727.0,chitinases; cold adaptation; mutagenesis; psychrophilic enzyme; thermostability,"PROTEIN ENG 16, 497-503 (2003) PMID: 12915727","Mavromatis K, Feller G, Kokkinidis M, Bouriotis V.",0.5,G,130,P,7.5,16.0,55.91,0,0,0,uniprot,UP:Q9REI6,UP:Q9REI6:G130P,2503,test
30660,Chitinase,Q9REI6,N235K (UniProt),Arthrobacter sp.,1KFW,-,Turn,71.72,7.5,16,0.81,-,-,Unknown,12915727.0,chitinases; cold adaptation; mutagenesis; psychrophilic enzyme; thermostability,"PROTEIN ENG 16, 497-503 (2003) PMID: 12915727","Mavromatis K, Feller G, Kokkinidis M, Bouriotis V.",0.81,N,235,K,7.5,16.0,71.72,0,0,0,uniprot,UP:Q9REI6,UP:Q9REI6:N235K,2504,test
30661,Chitinase,Q9REI6,G291P (UniProt),Arthrobacter sp.,1KFW,-,Helix,5.08,7.5,16,-0.65,-,-,Unknown,12915727.0,chitinases; cold adaptation; mutagenesis; psychrophilic enzyme; thermostability,"PROTEIN ENG 16, 497-503 (2003) PMID: 12915727","Mavromatis K, Feller G, Kokkinidis M, Bouriotis V.",-0.65,G,291,P,7.5,16.0,5.08,0,0,0,uniprot,UP:Q9REI6,UP:Q9REI6:G291P,2505,test
30662,Chitinase,Q9REI6,G443Q (UniProt),Arthrobacter sp.,1KFW,-,Helix,38.12,7.5,16,0.62,-,-,Unknown,12915727.0,chitinases; cold adaptation; mutagenesis; psychrophilic enzyme; thermostability,"PROTEIN ENG 16, 497-503 (2003) PMID: 12915727","Mavromatis K, Feller G, Kokkinidis M, Bouriotis V.",0.62,G,443,Q,7.5,16.0,38.12,0,0,0,uniprot,UP:Q9REI6,UP:Q9REI6:G443Q,2506,test
30675,Ribonuclease T1,P00651,D102N (PDB: D76N),Aspergillus oryzae (strain ATCC 42149 / RIB 40) (Yellow koji mold),1RN1,D76N,Sheet,2.78,7.0,15,-3.1,-,-,yes,10529213.0,charged; non-ion-paired; intramolecular hydrogen bond;,"BIOCHEMISTRY 38, 13379-13384 (1999) PMID: 10529213","Giletto A, Pace CN",-3.1,D,102,N,7.0,15.0,2.78,0,0,0,pdb,UP:P00651,UP:P00651:D102N,2507,val
30676,Ribonuclease T1,P00651,D102S (PDB: D76S),Aspergillus oryzae (strain ATCC 42149 / RIB 40) (Yellow koji mold),1RN1,D76S,Sheet,2.78,7.0,15,-3.1,-,-,yes,10529213.0,charged; non-ion-paired; intramolecular hydrogen bond;,"BIOCHEMISTRY 38, 13379-13384 (1999) PMID: 10529213","Giletto A, Pace CN",-3.1,D,102,S,7.0,15.0,2.78,0,0,0,pdb,UP:P00651,UP:P00651:D102S,2508,val
30677,Ribonuclease T1,P00651,D102A (PDB: D76A),Aspergillus oryzae (strain ATCC 42149 / RIB 40) (Yellow koji mold),1RN1,D76A,Sheet,2.78,7.0,15,-3.8,-,-,yes,10529213.0,charged; non-ion-paired; intramolecular hydrogen bond;,"BIOCHEMISTRY 38, 13379-13384 (1999) PMID: 10529213","Giletto A, Pace CN",-3.8,D,102,A,7.0,15.0,2.78,0,0,0,pdb,UP:P00651,UP:P00651:D102A,2509,val
31213,Tumor suppressor P53 complexed with DNA,P04637,R175H (PDB: R175H),Homo sapiens (Human),1TUP,R175H,Coil,2.62,7.2,10,-3.01,-3.01,-,yes,9405613.0,thermodynamic stability; p53 core domain; tumor suppressor;,"PROC NATL ACAD SCI U S A 94, 14338-14342 (1997) PMID: 9405613","Bullock AN, Henckel J, DeDecker BS, Johnson CM, Nikolova PV,",-3.01,R,175,H,7.2,10.0,2.62,0,0,0,pdb,UP:P04637,UP:P04637:R175H,2510,val
31214,Tumor suppressor P53 complexed with DNA,P04637,C242S (PDB: C242S),Homo sapiens (Human),1TUP,C242S,Coil,12.82,7.2,10,-2.94,-2.94,-,yes,9405613.0,thermodynamic stability; p53 core domain; tumor suppressor;,"PROC NATL ACAD SCI U S A 94, 14338-14342 (1997) PMID: 9405613","Bullock AN, Henckel J, DeDecker BS, Johnson CM, Nikolova PV,",-2.94,C,242,S,7.2,10.0,12.82,0,0,0,pdb,UP:P04637,UP:P04637:C242S,2511,val
31215,Tumor suppressor P53 complexed with DNA,P04637,R248Q (PDB: R248Q),Homo sapiens (Human),1TUP,R248Q,Coil,89.52,7.2,10,-1.94,-1.94,-,yes,9405613.0,thermodynamic stability; p53 core domain; tumor suppressor;,"PROC NATL ACAD SCI U S A 94, 14338-14342 (1997) PMID: 9405613","Bullock AN, Henckel J, DeDecker BS, Johnson CM, Nikolova PV,",-1.94,R,248,Q,7.2,10.0,89.52,0,0,0,pdb,UP:P04637,UP:P04637:R248Q,2512,val
31216,Tumor suppressor P53 complexed with DNA,P04637,R249S (PDB: R249S),Homo sapiens (Human),1TUP,R249S,Coil,8.73,7.2,10,-1.95,-1.95,-,yes,9405613.0,thermodynamic stability; p53 core domain; tumor suppressor;,"PROC NATL ACAD SCI U S A 94, 14338-14342 (1997) PMID: 9405613","Bullock AN, Henckel J, DeDecker BS, Johnson CM, Nikolova PV,",-1.95,R,249,S,7.2,10.0,8.73,0,0,0,pdb,UP:P04637,UP:P04637:R249S,2513,val
31217,Tumor suppressor P53 complexed with DNA,P04637,R273H (PDB: R273H),Homo sapiens (Human),1TUP,R273H,Sheet,34.06,7.2,10,-0.35,-0.35,-,yes,9405613.0,thermodynamic stability; p53 core domain; tumor suppressor;,"PROC NATL ACAD SCI U S A 94, 14338-14342 (1997) PMID: 9405613","Bullock AN, Henckel J, DeDecker BS, Johnson CM, Nikolova PV,",-0.35,R,273,H,7.2,10.0,34.06,0,0,0,pdb,UP:P04637,UP:P04637:R273H,2514,val
31415,Collagen; Synthetic,-,P26A (Based on Paper),Synthetic,-,-,-,,7.0,5,0.4,-,-,yes,12873129.0,collagen triple-helix; folding kinetics; folding rate; trans nucleation domain,"BIOCHEMISTRY 42, 8696-8703 (2003) PMID: 12873129","Xu Y, Hyde T, Wang X, Bhate M, Brodsky B, Baum J.",0.4,P,26,A,7.0,5.0,,0,0,1,paper,PROT:Collagen; Synthetic,PROT:Collagen; Synthetic:P26A,2515,val
